key,N,seed12345,mean,sd,median,q25,q75,min,max,sd_first,sd_second
align/align.csv/offset_x/0.000/bias_mm,64,0.294,0.275719,0.019206,0.272,0.261,0.285,0.247,0.348,0.0171113,0.021342
align/align.csv/offset_x/0.000/bias_x_mm,64,0.135,0.0487656,0.0421986,0.0415,0.02175,0.07725,-0.036,0.135,0.0397573,0.0446782
align/align.csv/offset_x/0.000/bias_y_mm,64,-0.261,-0.268078,0.0190441,-0.2645,-0.277,-0.256,-0.346,-0.222,0.0145956,0.0228846
align/align.csv/offset_x/0.000/increment_mm,64,0,0,0,0,0,0,0,0,0,0
align/align.csv/offset_x/0.000/rms_mm,64,0.556,0.562672,0.070559,0.5535,0.542,0.564,0.525,1.103,0.017765,0.0978599
align/align.csv/offset_x/0.100/bias_mm,64,0.491,0.453562,0.0291857,0.45,0.431,0.47275,0.395,0.54,0.0278272,0.0309265
align/align.csv/offset_x/0.100/bias_x_mm,64,-0.425,-0.364125,0.0303171,-0.364,-0.38675,-0.3415,-0.425,-0.298,0.0323313,0.0286588
align/align.csv/offset_x/0.100/bias_y_mm,64,-0.245,-0.269531,0.0189945,-0.2695,-0.28075,-0.25775,-0.355,-0.234,0.0171931,0.0207333
align/align.csv/offset_x/0.100/increment_mm,64,0.560229,0.413577,0.0565262,0.397273,0.367029,0.461453,0.31004,0.560229,0.057916,0.0557383
align/align.csv/offset_x/0.100/rms_mm,64,0.598,0.598375,0.0904498,0.5885,0.57875,0.59825,0.555,1.302,0.016102,0.127203
align/align.csv/offset_x/0.200/bias_mm,64,0.656,0.656703,0.0256909,0.6555,0.641,0.667,0.602,0.795,0.031889,0.0177472
align/align.csv/offset_x/0.200/bias_x_mm,64,-0.594,-0.604313,0.0250833,-0.604,-0.619,-0.586,-0.731,-0.554,0.0303676,0.017603
align/align.csv/offset_x/0.200/bias_y_mm,64,-0.278,-0.256359,0.0188396,-0.2515,-0.26225,-0.246,-0.337,-0.225,0.0162805,0.0198713
align/align.csv/offset_x/0.200/increment_mm,64,0.729198,0.653703,0.0489942,0.653383,0.622913,0.678903,0.565032,0.864709,0.0531631,0.0452978
align/align.csv/offset_x/0.200/rms_mm,64,0.697,0.716328,0.112491,0.697,0.68875,0.708,0.66,1.49,0.141098,0.0757398
align/align.csv/offset_x/0.500/bias_mm,64,1.165,1.10256,0.0286145,1.1035,1.082,1.11925,1.043,1.209,0.0267857,0.0306091
align/align.csv/offset_x/0.500/bias_x_mm,64,-1.137,-1.07517,0.0274114,-1.073,-1.09225,-1.057,-1.164,-1.016,0.0265343,0.0285402
align/align.csv/offset_x/0.500/bias_y_mm,64,-0.254,-0.243609,0.0181209,-0.243,-0.25125,-0.23375,-0.327,-0.209,0.0163135,0.0199665
align/align.csv/offset_x/0.500/increment_mm,64,1.27202,1.12448,0.0520037,1.12445,1.08692,1.16214,1.01947,1.27202,0.0551885,0.0485946
align/align.csv/offset_x/0.500/rms_mm,64,1.246,1.1773,0.0888817,1.168,1.13975,1.18925,1.097,1.806,0.046448,0.117283
align/align.csv/offset_x/1.000/bias_mm,64,2.621,2.61936,0.0113828,2.618,2.613,2.62625,2.593,2.652,0.0110493,0.0118579
align/align.csv/offset_x/1.000/bias_x_mm,64,-2.613,-2.6103,0.0114263,-2.6095,-2.61725,-2.604,-2.642,-2.577,0.011352,0.0116584
align/align.csv/offset_x/1.000/bias_y_mm,64,-0.211,-0.21825,0.0117352,-0.218,-0.22225,-0.212,-0.284,-0.198,0.0142114,0.0088041
align/align.csv/offset_x/1.000/increment_mm,64,2.74845,2.65963,0.0425976,2.659,2.63111,2.68774,2.57172,2.75474,0.0412537,0.0441894
align/align.csv/offset_x/1.000/rms_mm,64,2.629,2.62617,0.0183602,2.622,2.618,2.634,2.6,2.732,0.0221164,0.0135348
align/align.csv/offset_z/0.000/bias_mm,64,0.294,0.275719,0.019206,0.272,0.261,0.285,0.247,0.348,0.0171113,0.021342
align/align.csv/offset_z/0.000/bias_x_mm,64,0.135,0.0487656,0.0421986,0.0415,0.02175,0.07725,-0.036,0.135,0.0397573,0.0446782
align/align.csv/offset_z/0.000/bias_y_mm,64,-0.261,-0.268078,0.0190441,-0.2645,-0.277,-0.256,-0.346,-0.222,0.0145956,0.0228846
align/align.csv/offset_z/0.000/increment_mm,64,0,0,0,0,0,0,0,0,0,0
align/align.csv/offset_z/0.000/rms_mm,64,0.556,0.562672,0.070559,0.5535,0.542,0.564,0.525,1.103,0.017765,0.0978599
align/align.csv/offset_z/0.250/bias_mm,64,0.3,0.280813,0.0227609,0.278,0.267,0.2955,0.24,0.356,0.026137,0.0190957
align/align.csv/offset_z/0.250/bias_x_mm,64,0.171,0.101391,0.0379271,0.103,0.0695,0.12625,0,0.173,0.0396027,0.0367222
align/align.csv/offset_z/0.250/bias_y_mm,64,-0.247,-0.259328,0.0209308,-0.256,-0.26675,-0.247,-0.333,-0.228,0.0252596,0.0156086
align/align.csv/offset_z/0.250/increment_mm,64,0.0386264,0.0645307,0.0389534,0.055762,0.0365751,0.0913213,0.003,0.169853,0.0354823,0.0424337
align/align.csv/offset_z/0.250/rms_mm,64,0.576,0.585891,0.147214,0.5575,0.547,0.56825,0.521,1.501,0.20495,0.0172348
align/align.csv/offset_z/0.500/bias_mm,64,0.301,0.297734,0.023046,0.3005,0.283,0.315,0.253,0.343,0.0272266,0.0181203
align/align.csv/offset_z/0.500/bias_x_mm,64,0.2,0.148281,0.0415236,0.148,0.12175,0.18225,0.055,0.228,0.0480217,0.034415
align/align.csv/offset_z/0.500/bias_y_mm,64,-0.225,-0.255172,0.0187892,-0.2535,-0.265,-0.24575,-0.321,-0.216,0.0214257,0.0158511
align/align.csv/offset_z/0.500/increment_mm,64,0.0743034,0.108322,0.0507439,0.104124,0.0706647,0.140502,0.0145602,0.214965,0.0530609,0.0491673
align/align.csv/offset_z/0.500/rms_mm,64,0.569,0.590047,0.131545,0.56,0.552,0.57525,0.538,1.379,0.119388,0.144614
align/align.csv/offset_z/1.000/bias_mm,64,0.343,0.353828,0.0263014,0.352,0.33725,0.37025,0.298,0.412,0.029861,0.0225615
align/align.csv/offset_z/1.000/bias_x_mm,64,0.261,0.259109,0.0391514,0.263,0.2295,0.285,0.171,0.345,0.0457737,0.0314262
align/align.csv/offset_z/1.000/bias_y_mm,64,-0.222,-0.238719,0.0165955,-0.2385,-0.24625,-0.2285,-0.307,-0.208,0.0183724,0.0148019
align/align.csv/offset_z/1.000/increment_mm,64,0.131898,0.213761,0.0539684,0.220223,0.172392,0.258306,0.0957079,0.301,0.0497475,0.0586844
align/align.csv/offset_z/1.000/rms_mm,64,0.553,0.58475,0.0684105,0.5775,0.566,0.588,0.542,1.109,0.0957574,0.0164845
align/align.csv/offset_z/2.000/bias_mm,64,0.463,0.483328,0.0322515,0.4845,0.4605,0.50425,0.42,0.563,0.0315966,0.0333524
align/align.csv/offset_z/2.000/bias_x_mm,64,0.413,0.429281,0.036982,0.4295,0.401,0.45,0.35,0.52,0.0364021,0.0380696
align/align.csv/offset_z/2.000/bias_y_mm,64,-0.209,-0.22125,0.00958835,-0.22,-0.228,-0.215,-0.246,-0.201,0.00797975,0.0110934
align/align.csv/offset_z/2.000/increment_mm,64,0.282821,0.383991,0.0575269,0.381025,0.347184,0.422419,0.25299,0.524558,0.051449,0.063745
align/align.csv/offset_z/2.000/rms_mm,64,0.607,0.620375,0.0148703,0.62,0.612,0.6285,0.586,0.653,0.0142373,0.0157062
align/align.csv/roll_deg/0.000/bias_mm,64,0.294,0.275719,0.019206,0.272,0.261,0.285,0.247,0.348,0.0171113,0.021342
align/align.csv/roll_deg/0.000/bias_x_mm,64,0.135,0.0487656,0.0421986,0.0415,0.02175,0.07725,-0.036,0.135,0.0397573,0.0446782
align/align.csv/roll_deg/0.000/bias_y_mm,64,-0.261,-0.268078,0.0190441,-0.2645,-0.277,-0.256,-0.346,-0.222,0.0145956,0.0228846
align/align.csv/roll_deg/0.000/increment_mm,64,0,0,0,0,0,0,0,0,0,0
align/align.csv/roll_deg/0.000/rms_mm,64,0.556,0.562672,0.070559,0.5535,0.542,0.564,0.525,1.103,0.017765,0.0978599
align/align.csv/roll_deg/0.250/bias_mm,64,0.27,0.287375,0.021425,0.2845,0.27475,0.298,0.234,0.353,0.0177977,0.024766
align/align.csv/roll_deg/0.250/bias_x_mm,64,0.067,0.0550469,0.0484979,0.046,0.0225,0.0925,-0.06,0.161,0.0465934,0.0509718
align/align.csv/roll_deg/0.250/bias_y_mm,64,-0.261,-0.278016,0.0195021,-0.276,-0.29,-0.267,-0.352,-0.232,0.0135545,0.0242182
align/align.csv/roll_deg/0.250/increment_mm,64,0.068,0.0522649,0.0329807,0.047471,0.0289061,0.0717721,0.00447214,0.137317,0.035416,0.030808
align/align.csv/roll_deg/0.250/rms_mm,64,0.555,0.571063,0.0620775,0.563,0.555,0.573,0.536,1.045,0.0144254,0.0863761
align/align.csv/roll_deg/0.500/bias_mm,64,0.293,0.299547,0.0189024,0.2985,0.28625,0.308,0.27,0.363,0.0181352,0.0197059
align/align.csv/roll_deg/0.500/bias_x_mm,64,0.056,0.0418281,0.0415962,0.044,0.009,0.07875,-0.053,0.119,0.0441214,0.0385179
align/align.csv/roll_deg/0.500/bias_y_mm,64,-0.288,-0.293719,0.020078,-0.291,-0.30125,-0.28075,-0.363,-0.267,0.019415,0.0206903
align/align.csv/roll_deg/0.500/increment_mm,64,0.0834865,0.0584974,0.0273183,0.0621403,0.0378003,0.0750017,0.00360555,0.114355,0.0293126,0.0255136
align/align.csv/roll_deg/0.500/rms_mm,64,0.574,0.607563,0.14862,0.5695,0.561,0.579,0.544,1.383,0.124074,0.171493
align/align.csv/roll_deg/1.000/bias_mm,64,0.331,0.328688,0.0202499,0.33,0.31525,0.34025,0.29,0.397,0.0212632,0.0194421
align/align.csv/roll_deg/1.000/bias_x_mm,64,0.067,0.0356719,0.0410289,0.042,0.0035,0.0625,-0.066,0.124,0.0484162,0.0327347
align/align.csv/roll_deg/1.000/bias_y_mm,64,-0.324,-0.32425,0.0202782,-0.3245,-0.33425,-0.30875,-0.397,-0.285,0.0217667,0.0187767
align/align.csv/roll_deg/1.000/increment_mm,64,0.0926984,0.0755272,0.0324865,0.0755708,0.0507656,0.0941711,0.0170294,0.163954,0.0337005,0.0317442
align/align.csv/roll_deg/1.000/rms_mm,64,0.602,0.603078,0.0692221,0.595,0.58675,0.607,0.559,1.135,0.0973145,0.0149056
align/align.csv/roll_deg/2.000/bias_mm,64,0.391,0.392656,0.0260014,0.3915,0.371,0.408,0.344,0.475,0.0276933,0.0245907
align/align.csv/roll_deg/2.000/bias_x_mm,64,0.077,0.0266719,0.0393918,0.0265,0.00375,0.0495,-0.096,0.115,0.0398586,0.039299
align/align.csv/roll_deg/2.000/bias_y_mm,64,-0.383,-0.389781,0.0264512,-0.3875,-0.4045,-0.3695,-0.475,-0.341,0.0277965,0.0254203
align/align.csv/roll_deg/2.000/increment_mm,64,0.135085,0.133911,0.0313836,0.132526,0.108742,0.153717,0.0682495,0.231353,0.0299169,0.0332363
align/align.csv/roll_deg/2.000/rms_mm,64,0.675,0.652906,0.057421,0.6455,0.635,0.657,0.618,1.091,0.0799422,0.0115965
antimask/antimask.csv/bg=0 (ideal)/0.00/antimask_fail,128,0,0,0,0,0,0,0,0,0,0
antimask/antimask.csv/bg=0 (ideal)/0.00/antimask_rms_mm,128,0.306,0.309406,0.00760588,0.3085,0.30475,0.31325,0.293,0.333,0.00768011,0.00754431
antimask/antimask.csv/bg=0 (ideal)/0.00/calib_fail,128,0,0,0,0,0,0,0,0,0,0
antimask/antimask.csv/bg=0 (ideal)/0.00/calib_rms_mm,128,0.371,0.382797,0.00933907,0.383,0.37675,0.388,0.362,0.408,0.00979157,0.00893949
antimask/antimask.csv/bg=0 (ideal)/0.00/gradient,128,0,0,0,0,0,0,0,0,0,0
antimask/antimask.csv/bg=0 (ideal)/0.00/single_fail,128,0,0,0,0,0,0,0,0,0,0
antimask/antimask.csv/bg=0 (ideal)/0.00/single_rms_mm,128,0.371,0.382797,0.00933907,0.383,0.37675,0.388,0.362,0.408,0.00979157,0.00893949
antimask/antimask.csv/bg=0.5/px/0.50/antimask_fail,128,0,0,0,0,0,0,0,0,0,0
antimask/antimask.csv/bg=0.5/px/0.50/antimask_rms_mm,128,0.316,0.325422,0.0105238,0.325,0.317,0.333,0.305,0.357,0.0093605,0.011637
antimask/antimask.csv/bg=0.5/px/0.50/calib_fail,128,0,0,0,0,0,0,0,0,0,0
antimask/antimask.csv/bg=0.5/px/0.50/calib_rms_mm,128,0.375,0.397945,0.0119456,0.3975,0.389,0.407,0.371,0.425,0.0126591,0.0109302
antimask/antimask.csv/bg=0.5/px/0.50/gradient,128,0,0,0,0,0,0,0,0,0,0
antimask/antimask.csv/bg=0.5/px/0.50/single_fail,128,0,0,0,0,0,0,0,0,0,0
antimask/antimask.csv/bg=0.5/px/0.50/single_rms_mm,128,0.397,0.429,0.0137228,0.4295,0.419,0.43825,0.397,0.467,0.013048,0.0142036
antimask/antimask.csv/bg=1/px/1.00/antimask_fail,128,0,0,0,0,0,0,0,0,0,0
antimask/antimask.csv/bg=1/px/1.00/antimask_rms_mm,128,0.363,0.343367,0.0120529,0.341,0.33575,0.351,0.313,0.377,0.012062,0.0121378
antimask/antimask.csv/bg=1/px/1.00/calib_fail,128,0,0,0,0,0,0,0,0,0,0
antimask/antimask.csv/bg=1/px/1.00/calib_rms_mm,128,0.449,0.424797,0.0154611,0.4245,0.412,0.434,0.393,0.458,0.0149565,0.016066
antimask/antimask.csv/bg=1/px/1.00/gradient,128,0,0,0,0,0,0,0,0,0,0
antimask/antimask.csv/bg=1/px/1.00/single_fail,128,0,0,0,0,0,0,0,0,0,0
antimask/antimask.csv/bg=1/px/1.00/single_rms_mm,128,0.501,0.485711,0.0186151,0.485,0.471,0.501,0.446,0.526,0.0193017,0.0180407
antimask/antimask.csv/bg=2/px/2.00/antimask_fail,128,0,0,0,0,0,0,0,0,0,0
antimask/antimask.csv/bg=2/px/2.00/antimask_rms_mm,128,0.365,0.376398,0.0157797,0.374,0.365,0.387,0.344,0.421,0.0155658,0.0160944
antimask/antimask.csv/bg=2/px/2.00/calib_fail,128,0,0,0,0,0,0,0,0,0,0
antimask/antimask.csv/bg=2/px/2.00/calib_rms_mm,128,0.485,0.464883,0.0175762,0.467,0.45275,0.477,0.414,0.498,0.0188687,0.0161552
antimask/antimask.csv/bg=2/px/2.00/gradient,128,0,0,0,0,0,0,0,0,0,0
antimask/antimask.csv/bg=2/px/2.00/single_fail,128,0,0.000195313,0.000972525,0,0,0,0,0.005,0.000625,0.00121988
antimask/antimask.csv/bg=2/px/2.00/single_rms_mm,128,0.604,0.612602,0.0586674,0.604,0.5855,0.61925,0.552,1.026,0.0389607,0.0732547
antimask/antimask.csv/bg=4/px/4.00/antimask_fail,128,0,0,0,0,0,0,0,0,0,0
antimask/antimask.csv/bg=4/px/4.00/antimask_rms_mm,128,0.474,0.440094,0.0171466,0.441,0.43075,0.452,0.394,0.481,0.0163114,0.017757
antimask/antimask.csv/bg=4/px/4.00/calib_fail,128,0,0.000273438,0.00114131,0,0,0,0,0.005,0.00146892,0.000625
antimask/antimask.csv/bg=4/px/4.00/calib_rms_mm,128,0.553,0.554797,0.0708141,0.541,0.52675,0.555,0.486,0.88,0.0913126,0.0397051
antimask/antimask.csv/bg=4/px/4.00/gradient,128,0,0,0,0,0,0,0,0,0,0
antimask/antimask.csv/bg=4/px/4.00/single_fail,128,0.03,0.0204297,0.00988173,0.02,0.015,0.025,0,0.065,0.00998883,0.00985227
antimask/antimask.csv/bg=4/px/4.00/single_rms_mm,128,1.608,1.47225,0.267191,1.4685,1.32475,1.627,0.81,2.364,0.264044,0.272388
antimask/antimask.csv/bg=8/px/8.00/antimask_fail,128,0.01,0.001875,0.00300917,0,0,0.005,0,0.01,0.00316443,0.00286844
antimask/antimask.csv/bg=8/px/8.00/antimask_rms_mm,128,1.058,0.628586,0.142639,0.5645,0.538,0.67675,0.49,1.188,0.127389,0.157068
antimask/antimask.csv/bg=8/px/8.00/calib_fail,128,0.01,0.00625,0.00561214,0.005,0,0.01,0,0.02,0.00517489,0.00605806
antimask/antimask.csv/bg=8/px/8.00/calib_rms_mm,128,1.086,0.911328,0.232646,0.912,0.66925,1.067,0.594,1.56,0.223291,0.242668
antimask/antimask.csv/bg=8/px/8.00/gradient,128,0,0,0,0,0,0,0,0,0,0
antimask/antimask.csv/bg=8/px/8.00/single_fail,128,0.37,0.348398,0.0311393,0.35,0.33,0.37,0.275,0.42,0.0318166,0.0306053
antimask/antimask.csv/bg=8/px/8.00/single_rms_mm,128,5.56,5.33677,0.259215,5.3475,5.18725,5.55025,4.5,5.952,0.251757,0.266957
antimask/antimask.csv/gradient ~4/4.00/antimask_fail,128,0,3.90625e-05,0.000441942,0,0,0,0,0.005,0,0.000625
antimask/antimask.csv/gradient ~4/4.00/antimask_rms_mm,128,0.407,0.415883,0.0262083,0.4135,0.401,0.42725,0.372,0.626,0.0171398,0.0324536
antimask/antimask.csv/gradient ~4/4.00/calib_fail,128,0,0.000273438,0.00114131,0,0,0,0,0.005,0.00121988,0.00106521
antimask/antimask.csv/gradient ~4/4.00/calib_rms_mm,128,0.499,0.525867,0.0910848,0.505,0.49275,0.52025,0.453,1,0.105578,0.074398
antimask/antimask.csv/gradient ~4/4.00/gradient,128,1,1,0,1,1,1,1,1,0,0
antimask/antimask.csv/gradient ~4/4.00/single_fail,128,0.075,0.0777734,0.0188217,0.0775,0.065,0.09,0.03,0.135,0.018991,0.0183056
antimask/antimask.csv/gradient ~4/4.00/single_rms_mm,128,2.943,2.8948,0.375123,2.872,2.6485,3.164,1.723,3.782,0.379047,0.365436
antimask/max_method_gap,128,0.12,0.353328,0.19804,0.349,0.16725,0.477,0.081,0.942,0.194989,0.201018
array/16_better_than12,128,0,0.890625,0.313335,1,1,1,0,1,0.333333,0.293785
array/array.csv/12/fail_rate,128,0.008,0.0220312,0.00902135,0.02,0.016,0.028,0,0.044,0.00863157,0.00938675
array/array.csv/12/pixel_pitch_mm,128,1,1,0,1,1,1,1,1,0,0
array/array.csv/12/rms_mm,128,1.099,1.46749,0.270852,1.4775,1.2735,1.6565,0.693,2.044,0.275301,0.263765
array/array.csv/12/samples_per_cell_shadow,128,1.6,1.6,0,1.6,1.6,1.6,1.6,1.6,0,0
array/array.csv/16/fail_rate,128,0.02,0.009625,0.00629836,0.008,0.004,0.012,0,0.032,0.00694537,0.00562167
array/array.csv/16/pixel_pitch_mm,128,0.75,0.75,0,0.75,0.75,0.75,0.75,0.75,0,0
array/array.csv/16/rms_mm,128,1.314,0.955063,0.253668,0.926,0.76525,1.17925,0.512,1.644,0.257395,0.251913
array/array.csv/16/samples_per_cell_shadow,128,2.13,2.13,0,2.13,2.13,2.13,2.13,2.13,0,0
array/array.csv/20/fail_rate,128,0.008,0.0059375,0.0049688,0.004,0.004,0.008,0,0.02,0.00433471,0.00556313
array/array.csv/20/pixel_pitch_mm,128,0.6,0.6,0,0.6,0.6,0.6,0.6,0.6,0,0
array/array.csv/20/rms_mm,128,0.943,0.753453,0.249771,0.735,0.58125,0.92875,0.398,1.473,0.220659,0.277606
array/array.csv/20/samples_per_cell_shadow,128,2.67,2.67,0,2.67,2.67,2.67,2.67,2.67,0,0
array/array.csv/24/fail_rate,128,0.008,0.0071875,0.00510326,0.008,0.004,0.012,0,0.016,0.00493771,0.005296
array/array.csv/24/pixel_pitch_mm,128,0.5,0.5,0,0.5,0.5,0.5,0.5,0.5,0,0
array/array.csv/24/rms_mm,128,0.886,0.800992,0.26255,0.8255,0.6175,1.01725,0.369,1.354,0.258272,0.268801
array/array.csv/24/samples_per_cell_shadow,128,3.2,3.2,0,3.2,3.2,3.2,3.2,3.2,0,0
array/array.csv/30/fail_rate,128,0.004,0.0026875,0.00333379,0,0,0.004,0,0.016,0.00350736,0.00302372
array/array.csv/30/pixel_pitch_mm,128,0.4,0.4,0,0.4,0.4,0.4,0.4,0.4,0,0
array/array.csv/30/rms_mm,128,0.636,0.492492,0.244802,0.3335,0.292,0.65325,0.24,1.24,0.264292,0.212124
array/array.csv/30/samples_per_cell_shadow,128,4,4,0,4,4,4,4,4,0,0
array/array.csv/6/fail_rate,128,0.236,0.199937,0.0251483,0.2,0.184,0.217,0.14,0.268,0.0241621,0.0262158
array/array.csv/6/pixel_pitch_mm,128,2,2,0,2,2,2,2,2,0,0
array/array.csv/6/rms_mm,128,4.371,3.85253,0.277211,3.8515,3.71475,4.038,3.075,4.704,0.266903,0.286808
array/array.csv/6/samples_per_cell_shadow,128,0.8,0.8,0,0.8,0.8,0.8,0.8,0.8,0,0
array/array.csv/8/fail_rate,128,0.016,0.029125,0.0118886,0.028,0.02,0.036,0.008,0.068,0.0122589,0.0115757
array/array.csv/8/pixel_pitch_mm,128,1.5,1.5,0,1.5,1.5,1.5,1.5,1.5,0,0
array/array.csv/8/rms_mm,128,1.539,1.61623,0.267396,1.613,1.4455,1.7835,1.037,2.367,0.266526,0.266618
array/array.csv/8/samples_per_cell_shadow,128,1.07,1.07,0,1.07,1.07,1.07,1.07,1.07,0,0
array/rms16_over12,128,1.19563,0.681912,0.25547,0.629745,0.491827,0.821482,0.292873,1.73737,0.2717,0.238455
background/background_gradient.csv/0.000/bg_per_pixel,64,0,0,0,0,0,0,0,0,0,0
background/background_gradient.csv/0.000/bias_mm,64,0.354,0.352812,0.00113913,0.353,0.352,0.354,0.35,0.355,0.00117045,0.00111758
background/background_gradient.csv/0.000/fail_rate,64,0,0,0,0,0,0,0,0,0,0
background/background_gradient.csv/0.000/peak_snr,64,5.35,5.36453,0.0230203,5.37,5.35,5.38,5.32,5.42,0.0228247,0.0235529
background/background_gradient.csv/0.000/rms_mm,64,0.382,0.382578,0.00934999,0.3805,0.37575,0.3885,0.366,0.406,0.00857974,0.0102004
background/background_gradient.csv/0.100/bg_per_pixel,64,0.278,0.278,0,0.278,0.278,0.278,0.278,0.278,0,0
background/background_gradient.csv/0.100/bias_mm,64,0.366,0.365406,0.0012689,0.366,0.36475,0.366,0.362,0.368,0.00133047,0.00118458
background/background_gradient.csv/0.100/fail_rate,64,0,0,0,0,0,0,0,0,0,0
background/background_gradient.csv/0.100/peak_snr,64,5.14,5.17031,0.0237024,5.17,5.15,5.19,5.11,5.21,0.0238252,0.0228578
background/background_gradient.csv/0.100/rms_mm,64,0.408,0.404656,0.011882,0.402,0.397,0.411,0.385,0.448,0.0125315,0.0113365
background/background_gradient.csv/0.250/bg_per_pixel,64,0.694,0.694,0,0.694,0.694,0.694,0.694,0.694,0,0
background/background_gradient.csv/0.250/bias_mm,64,0.386,0.384625,0.00146385,0.385,0.384,0.386,0.381,0.388,0.00152102,0.00139375
background/background_gradient.csv/0.250/fail_rate,64,0,0,0,0,0,0,0,0,0,0
background/background_gradient.csv/0.250/peak_snr,64,4.89,4.89125,0.0225022,4.89,4.87,4.9,4.85,4.96,0.0199899,0.0250725
background/background_gradient.csv/0.250/rms_mm,64,0.439,0.442266,0.0142564,0.442,0.433,0.45225,0.409,0.477,0.0136706,0.0147483
background/background_gradient.csv/0.500/bg_per_pixel,64,1.389,1.389,0,1.389,1.389,1.389,1.389,1.389,0,0
background/background_gradient.csv/0.500/bias_mm,64,0.418,0.417234,0.00171587,0.417,0.416,0.418,0.413,0.421,0.00179605,0.00162609
background/background_gradient.csv/0.500/fail_rate,64,0,0,0,0,0,0,0,0,0,0
background/background_gradient.csv/0.500/peak_snr,64,4.51,4.47594,0.0216552,4.47,4.46,4.49,4.43,4.53,0.0207034,0.0212512
background/background_gradient.csv/0.500/rms_mm,64,0.491,0.493859,0.017658,0.4955,0.48175,0.50525,0.449,0.528,0.0170123,0.0180934
background/background_gradient.csv/1.000/bg_per_pixel,64,2.778,2.778,0,2.778,2.778,2.778,2.778,2.778,0,0
background/background_gradient.csv/1.000/bias_mm,64,0.475,0.4735,0.00150132,0.474,0.47275,0.47425,0.47,0.476,0.0016264,0.00134404
background/background_gradient.csv/1.000/fail_rate,64,0,0.00351563,0.00424261,0,0,0.005,0,0.015,0.0039624,0.00453481
background/background_gradient.csv/1.000/peak_snr,64,3.85,3.82313,0.0236291,3.82,3.8,3.84,3.77,3.88,0.0243628,0.0228247
background/background_gradient.csv/1.000/rms_mm,64,0.583,0.779422,0.225602,0.62,0.59675,0.8875,0.54,1.363,0.228247,0.224352
background/background_gradient.csv/2.000/bg_per_pixel,64,5.556,5.556,0,5.556,5.556,5.556,5.556,5.556,0,0
background/background_gradient.csv/2.000/bias_mm,64,0.526,0.525844,0.000929563,0.526,0.525,0.526,0.524,0.528,0.00100352,0.000822442
background/background_gradient.csv/2.000/fail_rate,64,0.215,0.207031,0.0250827,0.21,0.19,0.225,0.14,0.25,0.0255089,0.0250081
background/background_gradient.csv/2.000/peak_snr,64,3.02,3.05266,0.0168318,3.05,3.04,3.06,3.01,3.1,0.0159858,0.0178592
background/background_gradient.csv/2.000/rms_mm,64,4.453,4.48667,0.29495,4.517,4.32,4.70575,3.579,5.015,0.304615,0.288889
background/background_gradient.csv/4.000/bg_per_pixel,64,11.111,11.111,0,11.111,11.111,11.111,11.111,11.111,0,0
background/background_gradient.csv/4.000/bias_mm,64,9.383,9.38287,0.000417855,9.383,9.383,9.383,9.382,9.384,0.000447889,0.000390151
background/background_gradient.csv/4.000/fail_rate,64,0.93,0.916094,0.0178056,0.92,0.90375,0.93,0.87,0.955,0.0195901,0.016102
background/background_gradient.csv/4.000/peak_snr,64,2.71,2.71094,0.0106486,2.71,2.7,2.72,2.69,2.74,0.0109939,0.00945597
background/background_gradient.csv/4.000/rms_mm,64,9.736,9.62122,0.127415,9.6105,9.55475,9.711,9.307,9.904,0.128042,0.126522
background/background_gradient.csv/8.000/bg_per_pixel,64,22.222,22.222,0,22.222,22.222,22.222,22.222,22.222,0,0
background/background_gradient.csv/8.000/bias_mm,64,9.382,9.38214,0.000350382,9.382,9.382,9.382,9.382,9.383,0.000336011,0.000368902
background/background_gradient.csv/8.000/fail_rate,64,1,1,0,1,1,1,1,1,0,0
background/background_gradient.csv/8.000/peak_snr,64,2.66,2.66422,0.00922465,2.66,2.66,2.67,2.65,2.69,0.00979117,0.00877588
background/background_gradient.csv/8.000/rms_mm,64,10.237,10.2801,0.144609,10.2765,10.1792,10.3767,9.97,10.592,0.146137,0.145395
background/background_sweep.csv/0.000/bg_per_pixel,64,0,0,0,0,0,0,0,0,0,0
background/background_sweep.csv/0.000/bias_mm,64,0.354,0.352812,0.00113913,0.353,0.352,0.354,0.35,0.355,0.00117045,0.00111758
background/background_sweep.csv/0.000/fail_rate,64,0,0,0,0,0,0,0,0,0,0
background/background_sweep.csv/0.000/peak_snr,64,5.35,5.36453,0.0230203,5.37,5.35,5.38,5.32,5.42,0.0228247,0.0235529
background/background_sweep.csv/0.000/rms_mm,64,0.382,0.382578,0.00934999,0.3805,0.37575,0.3885,0.366,0.406,0.00857974,0.0102004
background/background_sweep.csv/0.100/bg_per_pixel,64,0.278,0.278,0,0.278,0.278,0.278,0.278,0.278,0,0
background/background_sweep.csv/0.100/bias_mm,64,0.364,0.363578,0.00123191,0.364,0.363,0.364,0.361,0.366,0.00128539,0.00114828
background/background_sweep.csv/0.100/fail_rate,64,0,0,0,0,0,0,0,0,0,0
background/background_sweep.csv/0.100/peak_snr,64,5.17,5.16516,0.0258194,5.17,5.15,5.18,5.1,5.22,0.0250161,0.0267888
background/background_sweep.csv/0.100/rms_mm,64,0.406,0.406625,0.0110905,0.406,0.399,0.414,0.38,0.429,0.0124523,0.00973168
background/background_sweep.csv/0.250/bg_per_pixel,64,0.694,0.694,0,0.694,0.694,0.694,0.694,0.694,0,0
background/background_sweep.csv/0.250/bias_mm,64,0.381,0.380016,0.00144191,0.38,0.379,0.381,0.377,0.383,0.00155251,0.00133803
background/background_sweep.csv/0.250/fail_rate,64,0,0,0,0,0,0,0,0,0,0
background/background_sweep.csv/0.250/peak_snr,64,4.88,4.89266,0.0250233,4.89,4.8775,4.91,4.84,4.96,0.0248037,0.0251126
background/background_sweep.csv/0.250/rms_mm,64,0.454,0.447734,0.0173975,0.4485,0.43675,0.459,0.408,0.487,0.0180141,0.0165447
background/background_sweep.csv/0.500/bg_per_pixel,64,1.389,1.389,0,1.389,1.389,1.389,1.389,1.389,0,0
background/background_sweep.csv/0.500/bias_mm,64,0.409,0.407969,0.0016616,0.408,0.407,0.409,0.404,0.411,0.00175489,0.00156801
background/background_sweep.csv/0.500/fail_rate,64,0,0,0,0,0,0,0,0,0,0
background/background_sweep.csv/0.500/peak_snr,64,4.52,4.51,0.021157,4.51,4.5,4.52,4.45,4.56,0.0197132,0.0224664
background/background_sweep.csv/0.500/rms_mm,64,0.527,0.527906,0.0204766,0.528,0.51675,0.543,0.483,0.571,0.0149191,0.0242067
background/background_sweep.csv/1.000/bg_per_pixel,64,2.778,2.778,0,2.778,2.778,2.778,2.778,2.778,0,0
background/background_sweep.csv/1.000/bias_mm,64,0.462,0.460859,0.0016317,0.461,0.46,0.462,0.457,0.464,0.00175259,0.00150134
background/background_sweep.csv/1.000/fail_rate,64,0,0.00140625,0.00274133,0,0,0,0,0.01,0.00235465,0.00304536
background/background_sweep.csv/1.000/peak_snr,64,3.97,3.93094,0.022447,3.93,3.91,3.94,3.89,3.98,0.0186408,0.0256193
background/background_sweep.csv/1.000/rms_mm,64,0.663,0.755234,0.126148,0.7055,0.67875,0.73875,0.647,1.162,0.117724,0.133002
background/background_sweep.csv/2.000/bg_per_pixel,64,5.556,5.556,0,5.556,5.556,5.556,5.556,5.556,0,0
background/background_sweep.csv/2.000/bias_mm,64,0.516,0.515406,0.00104985,0.515,0.515,0.516,0.513,0.517,0.00114256,0.000949851
background/background_sweep.csv/2.000/fail_rate,64,0.12,0.0955469,0.0195407,0.095,0.085,0.11,0.05,0.145,0.0196748,0.0186537
background/background_sweep.csv/2.000/peak_snr,64,3.26,3.2675,0.0169031,3.27,3.26,3.28,3.23,3.31,0.0154731,0.0175259
background/background_sweep.csv/2.000/rms_mm,64,3.269,2.89417,0.285472,2.907,2.686,3.09375,2.31,3.504,0.269927,0.287196
background/background_sweep.csv/4.000/bg_per_pixel,64,11.111,11.111,0,11.111,11.111,11.111,11.111,11.111,0,0
background/background_sweep.csv/4.000/bias_mm,64,0.925,1.12342,0.149626,1.234,0.925,1.235,0.925,1.235,0.15207,0.149412
background/background_sweep.csv/4.000/fail_rate,64,0.705,0.66375,0.0385861,0.6625,0.63375,0.69625,0.58,0.755,0.0410052,0.0366321
background/background_sweep.csv/4.000/peak_snr,64,2.85,2.84969,0.0112643,2.85,2.84,2.86,2.82,2.88,0.0113903,0.0109939
background/background_sweep.csv/4.000/rms_mm,64,7.525,7.3383,0.231008,7.3335,7.153,7.5175,6.877,7.818,0.225689,0.23968
background/background_sweep.csv/8.000/bg_per_pixel,64,22.222,22.222,0,22.222,22.222,22.222,22.222,22.222,0,0
background/background_sweep.csv/8.000/bias_mm,64,7.363,7.36364,0.00048361,7.364,7.363,7.364,7.363,7.364,0.000491869,0.000482559
background/background_sweep.csv/8.000/fail_rate,64,0.99,0.983906,0.0080902,0.985,0.98,0.99,0.965,1,0.00766617,0.00859013
background/background_sweep.csv/8.000/peak_snr,64,2.76,2.75531,0.00975392,2.755,2.75,2.76,2.73,2.78,0.00787375,0.0113192
background/background_sweep.csv/8.000/rms_mm,64,8.825,8.78491,0.103792,8.8,8.7195,8.8575,8.528,8.998,0.105816,0.102817
bias/biased,32,0.00024966,0.000249042,2.71487e-07,0.000248985,0.000248828,0.000249207,0.000248571,0.00024966,2.38016e-07,3.06334e-07
bias/counts,32,24846,24922.9,147.715,24948.5,24823.8,25046.8,24555,25245,142.38,154.722
bias/isotropic,32,0.00024846,0.000249229,1.47715e-06,0.000249485,0.000248238,0.000250467,0.00024555,0.00025245,1.4238e-06,1.54722e-06
bias/ratio,32,1.00483,0.999283,0.00615616,0.998115,0.994313,1.00393,0.986158,1.01568,0.00603508,0.00632861
cascade/cascade.csv/100.0/single_photopeak_per_decay,128,0.00015475,0.000152198,3.99601e-06,0.00015244,0.00014962,0.00015475,0.00014212,0.0001625,3.90808e-06,4.1128e-06
cascade/cascade.csv/100.0/sum_peak_per_decay,128,0,4.88281e-09,2.43131e-08,0,0,0,0,1.25e-07,2.1921e-08,2.66303e-08
cascade/cascade.csv/100.0/sum_to_single_ratio,128,0,3.24461e-05,0.000161593,0,0,0,0,0.00085179,0.000146879,0.000176027
cascade/cascade.csv/18.0/single_photopeak_per_decay,128,0.0041114,0.0040994,2.30955e-05,0.0040995,0.00408385,0.00411562,0.0040536,0.0041559,2.41138e-05,2.22117e-05
cascade/cascade.csv/18.0/sum_peak_per_decay,128,4.25e-06,4.26855e-06,7.18685e-07,4.25e-06,3.75e-06,4.78125e-06,2.375e-06,6.125e-06,6.91589e-07,7.33607e-07
cascade/cascade.csv/18.0/sum_to_single_ratio,128,0.0010337,0.0010414,0.000176119,0.00103635,0.000907315,0.00117143,0.00058156,0.001495,0.000170152,0.000179242
cascade/cascade.csv/24.0/single_photopeak_per_decay,128,0.0024655,0.00244605,1.76125e-05,0.0024468,0.00243355,0.0024571,0.0024041,0.0024961,1.443e-05,2.04184e-05
cascade/cascade.csv/24.0/sum_peak_per_decay,128,1.875e-06,1.51953e-06,4.29428e-07,1.5e-06,1.25e-06,1.75e-06,6.25e-07,2.75e-06,4.14279e-07,4.47033e-07
cascade/cascade.csv/24.0/sum_to_single_ratio,128,0.00076049,0.000621236,0.000175409,0.000610595,0.000510215,0.000717045,0.00025211,0.0011294,0.000169815,0.000182044
cascade/cascade.csv/32.0/single_photopeak_per_decay,128,0.0014386,0.00142551,1.2778e-05,0.00142585,0.00141745,0.00143212,0.001398,0.0014574,1.30318e-05,1.26132e-05
cascade/cascade.csv/32.0/sum_peak_per_decay,128,5e-07,4.82422e-07,2.43384e-07,5e-07,3.4375e-07,6.25e-07,0,1.25e-06,2.15349e-07,2.68815e-07
cascade/cascade.csv/32.0/sum_to_single_ratio,128,0.00034755,0.000338642,0.000171294,0.000347115,0.000238987,0.000438805,0,0.00087635,0.000151659,0.000189117
cascade/cascade.csv/43.0/single_photopeak_per_decay,128,0.00081863,0.000806594,1.04225e-05,0.00080719,0.000798717,0.000813533,0.00076925,0.00083475,9.34235e-06,1.10745e-05
cascade/cascade.csv/43.0/sum_peak_per_decay,128,1.25e-07,1.67969e-07,1.45839e-07,1.25e-07,1.25e-07,2.5e-07,0,7.5e-07,1.30565e-07,1.60688e-07
cascade/cascade.csv/43.0/sum_to_single_ratio,128,0.0001527,0.000208219,0.000180746,0.00015624,0.000152267,0.00030977,0,0.00092793,0.000161355,0.000199537
cascade/cascade.csv/57.0/single_photopeak_per_decay,128,0.00045963,0.00046451,7.52581e-06,0.000465185,0.00045925,0.000469282,0.00044187,0.00048625,7.8993e-06,7.12025e-06
cascade/cascade.csv/57.0/sum_peak_per_decay,128,1.25e-07,5.46875e-08,8.69853e-08,0,0,1.25e-07,0,3.75e-07,9.18078e-08,8.21861e-08
cascade/cascade.csv/57.0/sum_to_single_ratio,128,0.00027196,0.000117617,0.000186844,0,0,0.00026731,0,0.00080775,0.000197583,0.000176058
cascade/cascade.csv/76.0/single_photopeak_per_decay,128,0.00027,0.000263154,5.9851e-06,0.000262505,0.000259,0.00026737,0.0002485,0.00027788,5.99998e-06,6.01634e-06
cascade/cascade.csv/76.0/sum_peak_per_decay,128,1.25e-07,2.73437e-08,5.6422e-08,0,0,0,0,2.5e-07,5.99363e-08,5.2491e-08
cascade/cascade.csv/76.0/sum_to_single_ratio,128,0.00046296,0.000104046,0.000214397,0,0,0,0,0.00096339,0.000229464,0.000197346
cascade/nonzero_points,128,6,4.3125,0.858033,4,4,5,2,6,0.794325,0.906327
cascade/slope,128,1.41,1.71437,0.456294,1.63,1.3675,2.045,1,3.55,0.455675,0.4559
cascade/zero_points,128,1,2.6875,0.858033,3,2,3,1,5,0.794325,0.906327
compton-strip/R,64,0.469,0.468562,0.00140153,0.469,0.468,0.47,0.465,0.471,0.00145912,0.00136192
compton-strip/co-located/n0,64,31,30.5469,0.501733,31,30,31,30,31,0.507007,0.504016
compton-strip/co-located/n1,64,154,153.219,0.416667,153,153,153,153,154,0.456803,0.368902
compton-strip/co-located/n2,64,31,30.9219,0.27049,31,31,31,30,31,0.296145,0.245935
compton-strip/co-located/n3,64,403,402.078,1.64563,402,401,403.25,397,405,1.65466,1.62856
compton-strip/co-located/n4,64,1,0.75,0.436436,1,0.75,1,0,1,0.470929,0.396558
compton-strip/separated/n0,64,30,30.0938,0.293785,30,30,30,30,31,0.336011,0.245935
compton-strip/separated/n1,64,152,152.109,0.361531,152,152,152,151,153,0.396558,0.309461
compton-strip/separated/n2,64,31,31.7656,0.426956,32,32,32,31,32,0.439941,0.420013
compton-strip/separated/n3,64,403,401.531,1.69938,401,400,403,397,406,1.79577,1.62609
compton-strip/separated/n4,64,4,4.125,0.333333,4,4,4,4,5,0.336011,0.336011
compton/compton_strategies.csv/AntiCoincidence/bias_mm,64,0.352,0.345203,0.0040205,0.345,0.342,0.348,0.338,0.355,0.00389375,0.00415513
compton/compton_strategies.csv/AntiCoincidence/efficiency_rel,64,0.06,0.06,0.000436436,0.06,0.06,0.06,0.059,0.061,0.00053788,0.000309461
compton/compton_strategies.csv/AntiCoincidence/fail_rate,64,0.385,0.394062,0.0342942,0.395,0.37,0.42,0.31,0.48,0.0295378,0.0389155
compton/compton_strategies.csv/AntiCoincidence/rms_mm,64,5.224,5.41237,0.325161,5.413,5.22575,5.6185,4.644,6.117,0.270693,0.371573
compton/compton_strategies.csv/Argmax/bias_mm,64,0.37,0.367594,0.00371492,0.3675,0.36475,0.37,0.36,0.376,0.00361839,0.00375027
compton/compton_strategies.csv/Argmax/efficiency_rel,64,0.122,0.122531,0.000562555,0.1225,0.122,0.123,0.122,0.124,0.000567962,0.000564401
compton/compton_strategies.csv/Argmax/fail_rate,64,0.18,0.179688,0.028645,0.18,0.16,0.195,0.115,0.245,0.0301471,0.0275362
compton/compton_strategies.csv/Argmax/rms_mm,64,3.518,3.61463,0.323557,3.6285,3.40675,3.8135,2.699,4.255,0.338858,0.312839
compton/compton_strategies.csv/Centroid/bias_mm,64,0.412,0.402594,0.00530564,0.403,0.399,0.405,0.394,0.418,0.00447529,0.00553435
compton/compton_strategies.csv/Centroid/efficiency_rel,64,0.122,0.122531,0.000562555,0.1225,0.122,0.123,0.122,0.124,0.000567962,0.000564401
compton/compton_strategies.csv/Centroid/fail_rate,64,0.395,0.31,0.0311805,0.31,0.28375,0.33,0.26,0.395,0.0319258,0.0299714
compton/compton_strategies.csv/Centroid/rms_mm,64,5.165,4.48434,0.275399,4.4555,4.31925,4.657,3.868,5.165,0.258482,0.295336
compton/compton_strategies.csv/Ideal (no Compton)/bias_mm,64,0.354,0.352812,0.00113913,0.353,0.352,0.354,0.35,0.355,0.00117045,0.00111758
compton/compton_strategies.csv/Ideal (no Compton)/efficiency_rel,64,1,1,0,1,1,1,1,1,0,0
compton/compton_strategies.csv/Ideal (no Compton)/fail_rate,64,0,0,0,0,0,0,0,0,0,0
compton/compton_strategies.csv/Ideal (no Compton)/rms_mm,64,0.384,0.382484,0.00956679,0.384,0.375,0.38725,0.363,0.415,0.0115336,0.00727679
compton/compton_strategies.csv/PerPixelWindow/bias_mm,64,0.353,0.346703,0.00404608,0.347,0.343,0.35,0.338,0.356,0.00382216,0.00425581
compton/compton_strategies.csv/PerPixelWindow/efficiency_rel,64,0.061,0.0612188,0.000453163,0.061,0.061,0.061,0.06,0.062,0.000470929,0.000439941
compton/compton_strategies.csv/PerPixelWindow/fail_rate,64,0.415,0.403594,0.0377804,0.405,0.36875,0.435,0.335,0.49,0.03845,0.0376178
compton/compton_strategies.csv/PerPixelWindow/rms_mm,64,5.419,5.45634,0.288173,5.4335,5.21825,5.6935,4.831,6.23,0.290162,0.286136
compton/contamination_pct,64,56,55.2969,0.460493,55,55,56,55,56,0.396558,0.498991
deadtime/deadtime.csv/10000/analytic_nonpara_cps,64,9884,9905.02,23.5928,9903.5,9884.75,9922.5,9855,9958,25.0491,22.4381
deadtime/deadtime.csv/10000/analytic_para_cps,64,9884,9904.55,23.5122,9903,9884,9922.25,9854,9958,24.9625,22.3626
deadtime/deadtime.csv/10000/live_nonpara,64,0.9903,0.990138,0.000202759,0.9902,0.99,0.9903,0.9896,0.9907,0.000202778,0.000204757
deadtime/deadtime.csv/10000/live_para,64,0.9902,0.990022,0.000211171,0.99,0.9899,0.9902,0.9894,0.9906,0.000208658,0.000215316
deadtime/deadtime.csv/10000/r_tau,64,0.01,0.0100031,1.75368e-05,0.01,0.01,0.01,0.01,0.0101,1.76777e-05,1.76777e-05
deadtime/deadtime.csv/10000/rec_nonpara_cps,64,9886,9905.52,23.86,9904,9886,9924.25,9853,9957,25.4188,22.5833
deadtime/deadtime.csv/10000/rec_para_cps,64,9886,9904.3,23.7592,9903,9885,9922.25,9852,9956,25.3441,22.4558
deadtime/deadtime.csv/100000/analytic_nonpara_cps,64,90768,90943.1,198.685,90931,90771.2,91092,90519,91393,210.808,189.112
deadtime/deadtime.csv/100000/analytic_para_cps,64,90345,90517.2,195.805,90505,90348.2,90663.8,90099,90961,207.721,186.41
deadtime/deadtime.csv/100000/live_nonpara,64,0.9097,0.909434,0.000558973,0.9094,0.9091,0.9098,0.9083,0.9105,0.000536256,0.000583847
deadtime/deadtime.csv/100000/live_para,64,0.9047,0.904519,0.000606283,0.9045,0.904175,0.9049,0.9032,0.9057,0.000549156,0.000663538
deadtime/deadtime.csv/100000/r_tau,64,0.0998,0.100036,0.000239952,0.1,0.0998,0.1002,0.0995,0.1006,0.000255563,0.000227096
deadtime/deadtime.csv/100000/rec_nonpara_cps,64,90810,90981.2,210.373,90975.5,90830,91147.2,90513,91406,229.693,192.292
deadtime/deadtime.csv/100000/rec_para_cps,64,90313,90490.1,207.791,90490,90335.2,90643,90010,90928,227.956,188.718
deadtime/deadtime.csv/1000000/analytic_nonpara_cps,64,499574,500102,600.863,500066,499583,500553,498817,501461,637.569,571.866
deadtime/deadtime.csv/1000000/analytic_para_cps,64,367879,367878,1.31827,367879,367878,367879,367873,367879,1.46154,1.17604
deadtime/deadtime.csv/1000000/live_nonpara,64,0.5022,0.500953,0.000814349,0.50105,0.500475,0.501425,0.4986,0.5029,0.000632169,0.00096912
deadtime/deadtime.csv/1000000/live_para,64,0.3669,0.366234,0.00111059,0.3664,0.3655,0.367025,0.3636,0.3688,0.000881068,0.00131431
deadtime/deadtime.csv/1000000/r_tau,64,0.9983,1.00042,0.00240248,1.00025,0.9983,1.00222,0.9953,1.0059,0.0025526,0.00228289
deadtime/deadtime.csv/1000000/rec_nonpara_cps,64,501354,501151,840.631,501328,500724,501707,499192,503079,979.135,688.238
deadtime/deadtime.csv/1000000/rec_para_cps,64,366320,366383,764.391,366356,365945,366740,364739,368764,630.814,887.595
deadtime/deadtime.csv/10000000/analytic_nonpara_cps,64,908950,909125,198.548,909113,908953,909274,908699,909573,210.608,189.042
deadtime/deadtime.csv/10000000/analytic_para_cps,64,461,452.422,9.78954,453,445,461,431,474,10.4321,9.26666
deadtime/deadtime.csv/10000000/live_nonpara,64,0.0915,0.0912156,0.000196976,0.0912,0.091,0.0914,0.0908,0.0916,0.000200378,0.000195901
deadtime/deadtime.csv/10000000/live_para,64,0.0001,5.46875e-05,5.01733e-05,0.0001,0,0.0001,0,0.0001,4.98991e-05,5.08001e-05
deadtime/deadtime.csv/10000000/r_tau,64,9.983,10.0041,0.024048,10.0026,9.9833,10.0221,9.9528,10.0586,0.0255166,0.0228878
deadtime/deadtime.csv/10000000/rec_nonpara_cps,64,913191,912515,661.232,912500,912028,912984,910647,914015,748.678,562.571
deadtime/deadtime.csv/10000000/rec_para_cps,64,599,501.062,141.317,500,400,599.25,200,855,157.691,125.37
deadtime/deadtime.csv/2000000/analytic_nonpara_cps,64,666287,666758,533.962,666726,666296,667158,665614,667964,566.559,508.216
deadtime/deadtime.csv/2000000/analytic_para_cps,64,271132,270559,650.869,270599,270072,271122,269085,271948,690.62,619.472
deadtime/deadtime.csv/2000000/live_nonpara,64,0.3351,0.334136,0.000676679,0.33415,0.333675,0.3346,0.3324,0.3353,0.000662808,0.000700281
deadtime/deadtime.csv/2000000/live_para,64,0.1345,0.134033,0.00081709,0.1341,0.133475,0.1345,0.1321,0.1361,0.000917373,0.000717797
deadtime/deadtime.csv/2000000/r_tau,64,1.9966,2.00082,0.00480691,2.00055,1.99667,2.00445,1.9906,2.0117,0.00509597,0.00457997
deadtime/deadtime.csv/2000000/rec_nonpara_cps,64,669018,668553,813.752,668637,668114,669047,666694,670107,883.733,751.435
deadtime/deadtime.csv/2000000/rec_para_cps,64,268452,268172,1154.66,268214,267423,268878,265693,271775,1253.01,1067.04
deadtime/deadtime.csv/300000/analytic_nonpara_cps,64,230467,230842,426.74,230816,230473,231162,229930,231808,452.835,406.119
deadtime/deadtime.csv/300000/analytic_para_cps,64,221980,222309,373.964,222286,221986,222590,221510,223155,396.761,355.972
deadtime/deadtime.csv/300000/live_nonpara,64,0.771,0.770091,0.00082649,0.77005,0.769575,0.7708,0.7679,0.7716,0.000731327,0.000921933
deadtime/deadtime.csv/300000/live_para,64,0.7419,0.740125,0.00103233,0.7401,0.739575,0.7409,0.7378,0.7419,0.000902237,0.00116141
deadtime/deadtime.csv/300000/r_tau,64,0.2995,0.300128,0.000720553,0.3001,0.2995,0.3007,0.2986,0.3018,0.000764853,0.000685301
deadtime/deadtime.csv/300000/rec_nonpara_cps,64,230903,231122,478.958,231147,230792,231439,229833,232532,546.152,408.886
deadtime/deadtime.csv/300000/rec_para_cps,64,222192,222129,422.435,222157,221878,222371,220915,223446,483.604,358.845
deadtime/deadtime.csv/50000/analytic_nonpara_cps,64,47542,47637.7,109.003,47631,47543.5,47719.5,47405,47885,115.645,103.761
deadtime/deadtime.csv/50000/analytic_para_cps,64,47484,47580.1,108.612,47573.5,47486.5,47661.5,47348,47826,115.279,103.335
deadtime/deadtime.csv/50000/live_nonpara,64,0.9533,0.95265,0.000420883,0.9526,0.9524,0.953,0.9516,0.9535,0.000433292,0.000413482
deadtime/deadtime.csv/50000/live_para,64,0.9517,0.951127,0.00043616,0.9511,0.9508,0.9515,0.9502,0.9521,0.000460671,0.000416579
deadtime/deadtime.csv/50000/r_tau,64,0.0499,0.0500188,0.000123282,0.05,0.0499,0.0501,0.0498,0.0503,0.000128107,0.000120315
deadtime/deadtime.csv/50000/rec_nonpara_cps,64,47582,47652.1,114.256,47649,47569.5,47727.8,47391,47912,123.078,106.599
deadtime/deadtime.csv/50000/rec_para_cps,64,47506,47575.6,115.185,47570,47497.2,47652,47311,47845,124.677,106.775
deadtime/deadtime.csv/5000000/analytic_nonpara_cps,64,833096,833390,333.677,833370,833102,833640,832675,834143,354.077,317.558
deadtime/deadtime.csv/5000000/analytic_para_cps,64,33920,33635.6,323.456,33654,33392.5,33915.2,32909,34332,343.176,307.888
deadtime/deadtime.csv/5000000/live_nonpara,64,0.1678,0.167211,0.000373791,0.1672,0.167,0.167425,0.1663,0.168,0.000403962,0.000347442
deadtime/deadtime.csv/5000000/live_para,64,0.0065,0.00658281,0.000195631,0.0066,0.0064,0.0067,0.0062,0.007,0.000201781,0.000192501
deadtime/deadtime.csv/5000000/r_tau,64,4.9915,5.00207,0.0120216,5.0013,4.99165,5.01107,4.9764,5.0293,0.0127577,0.0114394
deadtime/deadtime.csv/5000000/rec_nonpara_cps,64,837670,836412,808.17,836296,835933,837074,834020,838031,807.26,819.462
deadtime/deadtime.csv/5000000/rec_para_cps,64,32569,32936.2,942.453,32881.5,32155.8,33636.2,31360,35109,926.481,972.886
deadtime/deadtime.csv/600000/analytic_nonpara_cps,64,374600,375096,563.393,375062,374609,375518,373892,376370,597.832,536.18
deadtime/deadtime.csv/600000/analytic_para_cps,64,329062,329340,316.413,329322,329067,329578,328662,330054,335.714,301.173
deadtime/deadtime.csv/600000/live_nonpara,64,0.6275,0.626095,0.000950427,0.6262,0.625375,0.6267,0.6233,0.6278,0.000851161,0.00105053
deadtime/deadtime.csv/600000/live_para,64,0.5491,0.547617,0.00113495,0.5475,0.546775,0.5485,0.5454,0.5499,0.000974385,0.00129141
deadtime/deadtime.csv/600000/r_tau,64,0.599,0.600247,0.00143825,0.60015,0.599,0.601325,0.5972,0.6035,0.00152902,0.00136553
deadtime/deadtime.csv/600000/rec_nonpara_cps,64,375864,375815,658.669,375861,375291,376279,374001,377555,744.563,571.208
deadtime/deadtime.csv/600000/rec_para_cps,64,328875,328702,593.293,328648,328367,329141,327093,330276,668.382,518.277
defects/defects.csv/0.00/dead_pct,64,0,0,0,0,0,0,0,0,0,0
defects/defects.csv/0.00/hot_pct,64,0,0,0,0,0,0,0,0,0,0
defects/defects.csv/0.00/rms_corrected_mm,64,0.488,0.475047,0.0413485,0.473,0.442,0.508,0.385,0.563,0.0446304,0.0379777
defects/defects.csv/0.00/rms_raw_mm,64,0.488,0.475047,0.0413485,0.473,0.442,0.508,0.385,0.563,0.0446304,0.0379777
defects/defects.csv/1.00/dead_pct,64,0.78,0.78,0,0.78,0.78,0.78,0.78,0.78,0,0
defects/defects.csv/1.00/hot_pct,64,0.35,0.35,0,0.35,0.35,0.35,0.35,0.35,0,0
defects/defects.csv/1.00/rms_corrected_mm,64,0.487,0.47475,0.0164539,0.474,0.463,0.484,0.44,0.538,0.0161054,0.0169276
defects/defects.csv/1.00/rms_raw_mm,64,0.56,0.557656,0.0277496,0.5545,0.54275,0.56275,0.523,0.696,0.0351853,0.016885
defects/defects.csv/2.00/dead_pct,64,1.13,1.13,0,1.13,1.13,1.13,1.13,1.13,0,0
defects/defects.csv/2.00/hot_pct,64,0.61,0.61,0,0.61,0.61,0.61,0.61,0.61,0,0
defects/defects.csv/2.00/rms_corrected_mm,64,0.486,0.478094,0.0218841,0.474,0.46775,0.486,0.451,0.616,0.0117126,0.0285502
defects/defects.csv/2.00/rms_raw_mm,64,0.753,0.654359,0.0723294,0.6135,0.596,0.69125,0.578,0.827,0.0710573,0.0744112
defects/defects.csv/4.00/dead_pct,64,2.34,2.34,0,2.34,2.34,2.34,2.34,2.34,0,0
defects/defects.csv/4.00/hot_pct,64,0.95,0.95,0,0.95,0.95,0.95,0.95,0.95,0,0
defects/defects.csv/4.00/rms_corrected_mm,64,0.495,0.482969,0.0213979,0.48,0.473,0.49125,0.454,0.612,0.012944,0.0273989
defects/defects.csv/4.00/rms_raw_mm,64,0.48,0.520734,0.0622459,0.4885,0.4645,0.573,0.44,0.671,0.058936,0.0661926
defects/defects.csv/8.00/dead_pct,64,4.6,4.6,0,4.6,4.6,4.6,4.6,4.6,0,0
defects/defects.csv/8.00/hot_pct,64,2.52,2.52,0,2.52,2.52,2.52,2.52,2.52,0,0
defects/defects.csv/8.00/rms_corrected_mm,64,0.518,0.510125,0.0286847,0.508,0.49475,0.518,0.481,0.665,0.0310932,0.0265068
defects/defects.csv/8.00/rms_raw_mm,64,1.276,1.14606,0.119239,1.1595,1.0545,1.22225,0.909,1.4,0.124721,0.115282
depth-joint/depth_joint.csv/offaxis_far/100/depth_bias_mm,64,-24.61,-30.7852,4.09639,-31.24,-33.825,-27.17,-38.58,-21.1,3.92566,4.32218
depth-joint/depth_joint.csv/offaxis_far/100/depth_rms_mm,64,40.05,45.6512,4.28899,46.4,42.6475,49.0875,36.12,53.6,4.3398,4.2516
depth-joint/depth_joint.csv/offaxis_far/100/lateral_rms_mm,64,3.626,4.71048,0.549287,4.7465,4.32925,5.02925,3.417,6.057,0.521725,0.559626
depth-joint/depth_joint.csv/offaxis_far/100/true_s_mm,64,150,150,0,150,150,150,150,150,0,0
depth-joint/depth_joint.csv/offaxis_far/100/true_x_mm,64,5,5,0,5,5,5,5,5,0,0
depth-joint/depth_joint.csv/offaxis_far/100/true_y_mm,64,0,0,0,0,0,0,0,0,0,0
depth-joint/depth_joint.csv/offaxis_far/1000/depth_bias_mm,64,-15.71,-13.9323,1.94154,-13.775,-15.425,-12.545,-19.34,-9.53,1.97155,1.8134
depth-joint/depth_joint.csv/offaxis_far/1000/depth_rms_mm,64,24.11,20.1084,3.84214,20.51,16.8275,22.8475,12.19,29.75,3.92247,3.64683
depth-joint/depth_joint.csv/offaxis_far/1000/lateral_rms_mm,64,1.293,1.07908,0.452962,0.822,0.694,1.37275,0.603,2.409,0.449421,0.462714
depth-joint/depth_joint.csv/offaxis_far/1000/true_s_mm,64,150,150,0,150,150,150,150,150,0,0
depth-joint/depth_joint.csv/offaxis_far/1000/true_x_mm,64,5,5,0,5,5,5,5,5,0,0
depth-joint/depth_joint.csv/offaxis_far/1000/true_y_mm,64,0,0,0,0,0,0,0,0,0,0
depth-joint/depth_joint.csv/offaxis_far/300/depth_bias_mm,64,-18.15,-20.9148,3.83558,-20.905,-22.9875,-18.165,-30.09,-13.75,3.95354,3.756
depth-joint/depth_joint.csv/offaxis_far/300/depth_rms_mm,64,33.68,33.7897,6.03306,33.69,29.7725,38.4,19.86,46.71,5.97221,6.0883
depth-joint/depth_joint.csv/offaxis_far/300/lateral_rms_mm,64,1.803,2.38048,0.667702,2.4315,2.0325,2.769,0.82,4.009,0.663388,0.657683
depth-joint/depth_joint.csv/offaxis_far/300/true_s_mm,64,150,150,0,150,150,150,150,150,0,0
depth-joint/depth_joint.csv/offaxis_far/300/true_x_mm,64,5,5,0,5,5,5,5,5,0,0
depth-joint/depth_joint.csv/offaxis_far/300/true_y_mm,64,0,0,0,0,0,0,0,0,0,0
depth-joint/depth_joint.csv/offaxis_far/3000/depth_bias_mm,64,-12.09,-10.7628,1.03291,-10.78,-11.31,-9.9675,-13.11,-8.65,0.977455,1.08183
depth-joint/depth_joint.csv/offaxis_far/3000/depth_rms_mm,64,14.51,12.9305,1.49617,12.95,12.0275,13.58,10.33,19.83,1.18398,1.77189
depth-joint/depth_joint.csv/offaxis_far/3000/lateral_rms_mm,64,0.654,0.614891,0.111886,0.6,0.5845,0.62,0.541,1.465,0.0295842,0.1558
depth-joint/depth_joint.csv/offaxis_far/3000/true_s_mm,64,150,150,0,150,150,150,150,150,0,0
depth-joint/depth_joint.csv/offaxis_far/3000/true_x_mm,64,5,5,0,5,5,5,5,5,0,0
depth-joint/depth_joint.csv/offaxis_far/3000/true_y_mm,64,0,0,0,0,0,0,0,0,0,0
depth-joint/depth_joint.csv/offaxis_near/100/depth_bias_mm,64,18.71,22.4961,4.1266,22.045,19.9375,24.72,14.8,35.76,3.80358,4.4877
depth-joint/depth_joint.csv/offaxis_near/100/depth_rms_mm,64,34.5,39.5036,3.62372,39.205,37.045,41.7925,32.58,49.04,3.60468,3.69385
depth-joint/depth_joint.csv/offaxis_near/100/lateral_rms_mm,64,4.282,5.75908,0.555552,5.8225,5.45975,6.1185,4.282,6.838,0.595547,0.521819
depth-joint/depth_joint.csv/offaxis_near/100/true_s_mm,64,60,60,0,60,60,60,60,60,0,0
depth-joint/depth_joint.csv/offaxis_near/100/true_x_mm,64,5,5,0,5,5,5,5,5,0,0
depth-joint/depth_joint.csv/offaxis_near/100/true_y_mm,64,0,0,0,0,0,0,0,0,0,0
depth-joint/depth_joint.csv/offaxis_near/1000/depth_bias_mm,64,4.9,4.53937,4.2481,5.235,1.095,7.56,-8.51,12.14,4.05048,4.50094
depth-joint/depth_joint.csv/offaxis_near/1000/depth_rms_mm,64,30.06,29.0931,2.03479,28.89,27.865,30.06,25,37.54,1.54674,2.39902
depth-joint/depth_joint.csv/offaxis_near/1000/lateral_rms_mm,64,3.729,3.62598,0.452528,3.6675,3.3755,3.86275,2.513,5.009,0.41951,0.484301
depth-joint/depth_joint.csv/offaxis_near/1000/true_s_mm,64,60,60,0,60,60,60,60,60,0,0
depth-joint/depth_joint.csv/offaxis_near/1000/true_x_mm,64,5,5,0,5,5,5,5,5,0,0
depth-joint/depth_joint.csv/offaxis_near/1000/true_y_mm,64,0,0,0,0,0,0,0,0,0,0
depth-joint/depth_joint.csv/offaxis_near/300/depth_bias_mm,64,9.47,9.93609,4.23135,9.78,7.5625,12.2175,-0.38,19.52,4.29246,4.21922
depth-joint/depth_joint.csv/offaxis_near/300/depth_rms_mm,64,34.69,33.8189,2.48166,33.71,32.7225,35.195,29.34,39.2,2.03245,2.89052
depth-joint/depth_joint.csv/offaxis_near/300/lateral_rms_mm,64,5.188,4.71023,0.457243,4.738,4.37525,5.11975,3.714,5.597,0.46781,0.453913
depth-joint/depth_joint.csv/offaxis_near/300/true_s_mm,64,60,60,0,60,60,60,60,60,0,0
depth-joint/depth_joint.csv/offaxis_near/300/true_x_mm,64,5,5,0,5,5,5,5,5,0,0
depth-joint/depth_joint.csv/offaxis_near/300/true_y_mm,64,0,0,0,0,0,0,0,0,0,0
depth-joint/depth_joint.csv/offaxis_near/3000/depth_bias_mm,64,-2.3,1.03984,4.03161,1.2,-1.5825,3.9,-8.56,12.05,4.0713,4.02858
depth-joint/depth_joint.csv/offaxis_near/3000/depth_rms_mm,64,22.1,25.7455,2.16231,25.735,24.5225,27.4525,21.14,29.77,2.11147,2.24582
depth-joint/depth_joint.csv/offaxis_near/3000/lateral_rms_mm,64,3.197,3.16719,0.448347,3.1235,2.914,3.443,2.1,4.281,0.444907,0.451251
depth-joint/depth_joint.csv/offaxis_near/3000/true_s_mm,64,60,60,0,60,60,60,60,60,0,0
depth-joint/depth_joint.csv/offaxis_near/3000/true_x_mm,64,5,5,0,5,5,5,5,5,0,0
depth-joint/depth_joint.csv/offaxis_near/3000/true_y_mm,64,0,0,0,0,0,0,0,0,0,0
depth-joint/depth_joint.csv/onaxis_far/100/depth_bias_mm,64,-2.31,-2.53844,4.17054,-2.25,-5.7625,0.6025,-10.74,6,3.31093,4.93338
depth-joint/depth_joint.csv/onaxis_far/100/depth_rms_mm,64,40.16,36.8777,5.09526,36.66,33.215,40.585,23.61,50.4,4.75324,5.49246
depth-joint/depth_joint.csv/onaxis_far/100/lateral_rms_mm,64,0,0,0,0,0,0,0,0,0,0
depth-joint/depth_joint.csv/onaxis_far/100/true_s_mm,64,150,150,0,150,150,150,150,150,0,0
depth-joint/depth_joint.csv/onaxis_far/100/true_x_mm,64,0,0,0,0,0,0,0,0,0,0
depth-joint/depth_joint.csv/onaxis_far/100/true_y_mm,64,0,0,0,0,0,0,0,0,0,0
depth-joint/depth_joint.csv/onaxis_far/1000/depth_bias_mm,64,-8.58,-7.7625,1.12975,-7.84,-8.585,-7.265,-9.76,-4.72,1.17774,1.09814
depth-joint/depth_joint.csv/onaxis_far/1000/depth_rms_mm,64,11.69,11.5488,0.78354,11.39,10.91,11.9625,10.31,13.8,0.78639,0.773793
depth-joint/depth_joint.csv/onaxis_far/1000/lateral_rms_mm,64,0,0,0,0,0,0,0,0,0,0
depth-joint/depth_joint.csv/onaxis_far/1000/true_s_mm,64,150,150,0,150,150,150,150,150,0,0
depth-joint/depth_joint.csv/onaxis_far/1000/true_x_mm,64,0,0,0,0,0,0,0,0,0,0
depth-joint/depth_joint.csv/onaxis_far/1000/true_y_mm,64,0,0,0,0,0,0,0,0,0,0
depth-joint/depth_joint.csv/onaxis_far/300/depth_bias_mm,64,-5.59,-4.08375,2.63586,-4.175,-6.2175,-2.3225,-11.08,2.37,2.86608,2.42943
depth-joint/depth_joint.csv/onaxis_far/300/depth_rms_mm,64,23.08,19.8417,3.90362,19.325,17.0125,21.8775,12.32,31.05,4.07904,3.75161
depth-joint/depth_joint.csv/onaxis_far/300/lateral_rms_mm,64,0,0,0,0,0,0,0,0,0,0
depth-joint/depth_joint.csv/onaxis_far/300/true_s_mm,64,150,150,0,150,150,150,150,150,0,0
depth-joint/depth_joint.csv/onaxis_far/300/true_x_mm,64,0,0,0,0,0,0,0,0,0,0
depth-joint/depth_joint.csv/onaxis_far/300/true_y_mm,64,0,0,0,0,0,0,0,0,0,0
depth-joint/depth_joint.csv/onaxis_far/3000/depth_bias_mm,64,-9.87,-9.84375,0.344344,-9.885,-10.0825,-9.6225,-10.51,-8.59,0.322024,0.36809
depth-joint/depth_joint.csv/onaxis_far/3000/depth_rms_mm,64,10.15,10.1791,0.219594,10.14,10.045,10.3225,9.66,10.65,0.199338,0.240529
depth-joint/depth_joint.csv/onaxis_far/3000/lateral_rms_mm,64,0,0,0,0,0,0,0,0,0,0
depth-joint/depth_joint.csv/onaxis_far/3000/true_s_mm,64,150,150,0,150,150,150,150,150,0,0
depth-joint/depth_joint.csv/onaxis_far/3000/true_x_mm,64,0,0,0,0,0,0,0,0,0,0
depth-joint/depth_joint.csv/onaxis_far/3000/true_y_mm,64,0,0,0,0,0,0,0,0,0,0
depth-joint/depth_joint.csv/onaxis_near/100/depth_bias_mm,64,-2.79,-2.28688,0.519147,-2.3,-2.5925,-2.0375,-3.38,-0.46,0.446202,0.509905
depth-joint/depth_joint.csv/onaxis_near/100/depth_rms_mm,64,4.69,4.52109,1.28508,4.35,3.95,4.845,2.71,13.16,0.651098,1.71229
depth-joint/depth_joint.csv/onaxis_near/100/lateral_rms_mm,64,0,0,0,0,0,0,0,0,0,0
depth-joint/depth_joint.csv/onaxis_near/100/true_s_mm,64,60,60,0,60,60,60,60,60,0,0
depth-joint/depth_joint.csv/onaxis_near/100/true_x_mm,64,0,0,0,0,0,0,0,0,0,0
depth-joint/depth_joint.csv/onaxis_near/100/true_y_mm,64,0,0,0,0,0,0,0,0,0,0
depth-joint/depth_joint.csv/onaxis_near/1000/depth_bias_mm,64,-0.44,-0.43625,0.0847311,-0.44,-0.49,-0.38,-0.65,-0.23,0.0855627,0.0851848
depth-joint/depth_joint.csv/onaxis_near/1000/depth_rms_mm,64,0.74,0.767969,0.130593,0.77,0.6875,0.8425,0.51,1.09,0.136683,0.125555
depth-joint/depth_joint.csv/onaxis_near/1000/lateral_rms_mm,64,0,0,0,0,0,0,0,0,0,0
depth-joint/depth_joint.csv/onaxis_near/1000/true_s_mm,64,60,60,0,60,60,60,60,60,0,0
depth-joint/depth_joint.csv/onaxis_near/1000/true_x_mm,64,0,0,0,0,0,0,0,0,0,0
depth-joint/depth_joint.csv/onaxis_near/1000/true_y_mm,64,0,0,0,0,0,0,0,0,0,0
depth-joint/depth_joint.csv/onaxis_near/300/depth_bias_mm,64,-1.56,-1.26328,0.214587,-1.24,-1.4,-1.125,-1.88,-0.81,0.233794,0.195925
depth-joint/depth_joint.csv/onaxis_near/300/depth_rms_mm,64,2.49,2.17047,0.322478,2.155,1.985,2.385,1.4,2.97,0.369768,0.264997
depth-joint/depth_joint.csv/onaxis_near/300/lateral_rms_mm,64,0,0,0,0,0,0,0,0,0,0
depth-joint/depth_joint.csv/onaxis_near/300/true_s_mm,64,60,60,0,60,60,60,60,60,0,0
depth-joint/depth_joint.csv/onaxis_near/300/true_x_mm,64,0,0,0,0,0,0,0,0,0,0
depth-joint/depth_joint.csv/onaxis_near/300/true_y_mm,64,0,0,0,0,0,0,0,0,0,0
depth-joint/depth_joint.csv/onaxis_near/3000/depth_bias_mm,64,-0.15,-0.180781,0.0375142,-0.18,-0.2,-0.1575,-0.3,-0.11,0.0436802,0.0305593
depth-joint/depth_joint.csv/onaxis_near/3000/depth_rms_mm,64,0.28,0.334375,0.0549711,0.33,0.2975,0.37,0.24,0.51,0.0577955,0.0523019
depth-joint/depth_joint.csv/onaxis_near/3000/lateral_rms_mm,64,0,0,0,0,0,0,0,0,0,0
depth-joint/depth_joint.csv/onaxis_near/3000/true_s_mm,64,60,60,0,60,60,60,60,60,0,0
depth-joint/depth_joint.csv/onaxis_near/3000/true_x_mm,64,0,0,0,0,0,0,0,0,0,0
depth-joint/depth_joint.csv/onaxis_near/3000/true_y_mm,64,0,0,0,0,0,0,0,0,0,0
depth/depth.csv/100.0/100.0/error_mm,64,-2.66,-2.63516,0.0347779,-2.63,-2.66,-2.61,-2.7,-2.54,0.0398675,0.0282771
depth/depth.csv/100.0/100.0/estimated_s_mm,64,97.34,97.3648,0.0347779,97.37,97.34,97.39,97.3,97.46,0.0398675,0.0282771
depth/depth.csv/100.0/100.0/focus,64,146.1,145.702,0.318973,145.7,145.5,145.9,144.9,146.4,0.32229,0.32077
depth/depth.csv/100.0/105.0/error_mm,64,-2.66,-2.63516,0.0347779,-2.63,-2.66,-2.61,-2.7,-2.54,0.0398675,0.0282771
depth/depth.csv/100.0/105.0/estimated_s_mm,64,97.34,97.3648,0.0347779,97.37,97.34,97.39,97.3,97.46,0.0398675,0.0282771
depth/depth.csv/100.0/105.0/focus,64,146.1,145.702,0.318973,145.7,145.5,145.9,144.9,146.4,0.32229,0.32077
depth/depth.csv/100.0/110.0/error_mm,64,-2.66,-2.63516,0.0347779,-2.63,-2.66,-2.61,-2.7,-2.54,0.0398675,0.0282771
depth/depth.csv/100.0/110.0/estimated_s_mm,64,97.34,97.3648,0.0347779,97.37,97.34,97.39,97.3,97.46,0.0398675,0.0282771
depth/depth.csv/100.0/110.0/focus,64,146.1,145.702,0.318973,145.7,145.5,145.9,144.9,146.4,0.32229,0.32077
depth/depth.csv/100.0/115.0/error_mm,64,-2.66,-2.63516,0.0347779,-2.63,-2.66,-2.61,-2.7,-2.54,0.0398675,0.0282771
depth/depth.csv/100.0/115.0/estimated_s_mm,64,97.34,97.3648,0.0347779,97.37,97.34,97.39,97.3,97.46,0.0398675,0.0282771
depth/depth.csv/100.0/115.0/focus,64,146.1,145.702,0.318973,145.7,145.5,145.9,144.9,146.4,0.32229,0.32077
depth/depth.csv/100.0/120.0/error_mm,64,-2.66,-2.63516,0.0347779,-2.63,-2.66,-2.61,-2.7,-2.54,0.0398675,0.0282771
depth/depth.csv/100.0/120.0/estimated_s_mm,64,97.34,97.3648,0.0347779,97.37,97.34,97.39,97.3,97.46,0.0398675,0.0282771
depth/depth.csv/100.0/120.0/focus,64,112.1,111.433,0.355034,111.45,111.2,111.625,110.8,112.2,0.359603,0.355586
depth/depth.csv/100.0/125.0/error_mm,64,-2.66,-2.63516,0.0347779,-2.63,-2.66,-2.61,-2.7,-2.54,0.0398675,0.0282771
depth/depth.csv/100.0/125.0/estimated_s_mm,64,97.34,97.3648,0.0347779,97.37,97.34,97.39,97.3,97.46,0.0398675,0.0282771
depth/depth.csv/100.0/125.0/focus,64,102.2,101.845,0.318194,101.85,101.6,102.025,100.9,102.6,0.290699,0.34821
depth/depth.csv/100.0/130.0/error_mm,64,-2.66,-2.63516,0.0347779,-2.63,-2.66,-2.61,-2.7,-2.54,0.0398675,0.0282771
depth/depth.csv/100.0/130.0/estimated_s_mm,64,97.34,97.3648,0.0347779,97.37,97.34,97.39,97.3,97.46,0.0398675,0.0282771
depth/depth.csv/100.0/130.0/focus,64,102.2,101.845,0.318194,101.85,101.6,102.025,100.9,102.6,0.290699,0.34821
depth/depth.csv/100.0/135.0/error_mm,64,-2.66,-2.63516,0.0347779,-2.63,-2.66,-2.61,-2.7,-2.54,0.0398675,0.0282771
depth/depth.csv/100.0/135.0/estimated_s_mm,64,97.34,97.3648,0.0347779,97.37,97.34,97.39,97.3,97.46,0.0398675,0.0282771
depth/depth.csv/100.0/135.0/focus,64,102.2,101.845,0.318194,101.85,101.6,102.025,100.9,102.6,0.290699,0.34821
depth/depth.csv/100.0/140.0/error_mm,64,-2.66,-2.63516,0.0347779,-2.63,-2.66,-2.61,-2.7,-2.54,0.0398675,0.0282771
depth/depth.csv/100.0/140.0/estimated_s_mm,64,97.34,97.3648,0.0347779,97.37,97.34,97.39,97.3,97.46,0.0398675,0.0282771
depth/depth.csv/100.0/140.0/focus,64,102.2,101.845,0.318194,101.85,101.6,102.025,100.9,102.6,0.290699,0.34821
depth/depth.csv/100.0/145.0/error_mm,64,-2.66,-2.63516,0.0347779,-2.63,-2.66,-2.61,-2.7,-2.54,0.0398675,0.0282771
depth/depth.csv/100.0/145.0/estimated_s_mm,64,97.34,97.3648,0.0347779,97.37,97.34,97.39,97.3,97.46,0.0398675,0.0282771
depth/depth.csv/100.0/145.0/focus,64,102.2,101.845,0.318194,101.85,101.6,102.025,100.9,102.6,0.290699,0.34821
depth/depth.csv/100.0/150.0/error_mm,64,-2.66,-2.63516,0.0347779,-2.63,-2.66,-2.61,-2.7,-2.54,0.0398675,0.0282771
depth/depth.csv/100.0/150.0/estimated_s_mm,64,97.34,97.3648,0.0347779,97.37,97.34,97.39,97.3,97.46,0.0398675,0.0282771
depth/depth.csv/100.0/150.0/focus,64,102.2,101.845,0.318194,101.85,101.6,102.025,100.9,102.6,0.290699,0.34821
depth/depth.csv/100.0/155.0/error_mm,64,-2.66,-2.63516,0.0347779,-2.63,-2.66,-2.61,-2.7,-2.54,0.0398675,0.0282771
depth/depth.csv/100.0/155.0/estimated_s_mm,64,97.34,97.3648,0.0347779,97.37,97.34,97.39,97.3,97.46,0.0398675,0.0282771
depth/depth.csv/100.0/155.0/focus,64,102.2,101.845,0.318194,101.85,101.6,102.025,100.9,102.6,0.290699,0.34821
depth/depth.csv/100.0/160.0/error_mm,64,-2.66,-2.63516,0.0347779,-2.63,-2.66,-2.61,-2.7,-2.54,0.0398675,0.0282771
depth/depth.csv/100.0/160.0/estimated_s_mm,64,97.34,97.3648,0.0347779,97.37,97.34,97.39,97.3,97.46,0.0398675,0.0282771
depth/depth.csv/100.0/160.0/focus,64,58.9,58.5547,0.339902,58.6,58.375,58.8,57.6,59.2,0.288751,0.387246
depth/depth.csv/100.0/165.0/error_mm,64,-2.66,-2.63516,0.0347779,-2.63,-2.66,-2.61,-2.7,-2.54,0.0398675,0.0282771
depth/depth.csv/100.0/165.0/estimated_s_mm,64,97.34,97.3648,0.0347779,97.37,97.34,97.39,97.3,97.46,0.0398675,0.0282771
depth/depth.csv/100.0/165.0/focus,64,40,39.7687,0.358956,39.8,39.5,40,39,40.6,0.349597,0.369775
depth/depth.csv/100.0/170.0/error_mm,64,-2.66,-2.63516,0.0347779,-2.63,-2.66,-2.61,-2.7,-2.54,0.0398675,0.0282771
depth/depth.csv/100.0/170.0/estimated_s_mm,64,97.34,97.3648,0.0347779,97.37,97.34,97.39,97.3,97.46,0.0398675,0.0282771
depth/depth.csv/100.0/170.0/focus,64,40,39.7687,0.358956,39.8,39.5,40,39,40.6,0.349597,0.369775
depth/depth.csv/100.0/175.0/error_mm,64,-2.66,-2.63516,0.0347779,-2.63,-2.66,-2.61,-2.7,-2.54,0.0398675,0.0282771
depth/depth.csv/100.0/175.0/estimated_s_mm,64,97.34,97.3648,0.0347779,97.37,97.34,97.39,97.3,97.46,0.0398675,0.0282771
depth/depth.csv/100.0/175.0/focus,64,40,39.7687,0.358956,39.8,39.5,40,39,40.6,0.349597,0.369775
depth/depth.csv/100.0/180.0/error_mm,64,-2.66,-2.63516,0.0347779,-2.63,-2.66,-2.61,-2.7,-2.54,0.0398675,0.0282771
depth/depth.csv/100.0/180.0/estimated_s_mm,64,97.34,97.3648,0.0347779,97.37,97.34,97.39,97.3,97.46,0.0398675,0.0282771
depth/depth.csv/100.0/180.0/focus,64,40,39.7687,0.358956,39.8,39.5,40,39,40.6,0.349597,0.369775
depth/depth.csv/100.0/185.0/error_mm,64,-2.66,-2.63516,0.0347779,-2.63,-2.66,-2.61,-2.7,-2.54,0.0398675,0.0282771
depth/depth.csv/100.0/185.0/estimated_s_mm,64,97.34,97.3648,0.0347779,97.37,97.34,97.39,97.3,97.46,0.0398675,0.0282771
depth/depth.csv/100.0/185.0/focus,64,40,39.7687,0.358956,39.8,39.5,40,39,40.6,0.349597,0.369775
depth/depth.csv/100.0/190.0/error_mm,64,-2.66,-2.63516,0.0347779,-2.63,-2.66,-2.61,-2.7,-2.54,0.0398675,0.0282771
depth/depth.csv/100.0/190.0/estimated_s_mm,64,97.34,97.3648,0.0347779,97.37,97.34,97.39,97.3,97.46,0.0398675,0.0282771
depth/depth.csv/100.0/190.0/focus,64,40,39.7687,0.358956,39.8,39.5,40,39,40.6,0.349597,0.369775
depth/depth.csv/100.0/195.0/error_mm,64,-2.66,-2.63516,0.0347779,-2.63,-2.66,-2.61,-2.7,-2.54,0.0398675,0.0282771
depth/depth.csv/100.0/195.0/estimated_s_mm,64,97.34,97.3648,0.0347779,97.37,97.34,97.39,97.3,97.46,0.0398675,0.0282771
depth/depth.csv/100.0/195.0/focus,64,40,39.7687,0.358956,39.8,39.5,40,39,40.6,0.349597,0.369775
depth/depth.csv/100.0/20.0/error_mm,64,-2.66,-2.63516,0.0347779,-2.63,-2.66,-2.61,-2.7,-2.54,0.0398675,0.0282771
depth/depth.csv/100.0/20.0/estimated_s_mm,64,97.34,97.3648,0.0347779,97.37,97.34,97.39,97.3,97.46,0.0398675,0.0282771
depth/depth.csv/100.0/20.0/focus,64,101.8,101.533,0.325164,101.55,101.4,101.8,100.7,102.2,0.305263,0.348832
depth/depth.csv/100.0/200.0/error_mm,64,-2.66,-2.63516,0.0347779,-2.63,-2.66,-2.61,-2.7,-2.54,0.0398675,0.0282771
depth/depth.csv/100.0/200.0/estimated_s_mm,64,97.34,97.3648,0.0347779,97.37,97.34,97.39,97.3,97.46,0.0398675,0.0282771
depth/depth.csv/100.0/200.0/focus,64,40,39.7687,0.358956,39.8,39.5,40,39,40.6,0.349597,0.369775
depth/depth.csv/100.0/205.0/error_mm,64,-2.66,-2.63516,0.0347779,-2.63,-2.66,-2.61,-2.7,-2.54,0.0398675,0.0282771
depth/depth.csv/100.0/205.0/estimated_s_mm,64,97.34,97.3648,0.0347779,97.37,97.34,97.39,97.3,97.46,0.0398675,0.0282771
depth/depth.csv/100.0/205.0/focus,64,40,39.7687,0.358956,39.8,39.5,40,39,40.6,0.349597,0.369775
depth/depth.csv/100.0/210.0/error_mm,64,-2.66,-2.63516,0.0347779,-2.63,-2.66,-2.61,-2.7,-2.54,0.0398675,0.0282771
depth/depth.csv/100.0/210.0/estimated_s_mm,64,97.34,97.3648,0.0347779,97.37,97.34,97.39,97.3,97.46,0.0398675,0.0282771
depth/depth.csv/100.0/210.0/focus,64,40,39.7687,0.358956,39.8,39.5,40,39,40.6,0.349597,0.369775
depth/depth.csv/100.0/215.0/error_mm,64,-2.66,-2.63516,0.0347779,-2.63,-2.66,-2.61,-2.7,-2.54,0.0398675,0.0282771
depth/depth.csv/100.0/215.0/estimated_s_mm,64,97.34,97.3648,0.0347779,97.37,97.34,97.39,97.3,97.46,0.0398675,0.0282771
depth/depth.csv/100.0/215.0/focus,64,40,39.7687,0.358956,39.8,39.5,40,39,40.6,0.349597,0.369775
depth/depth.csv/100.0/220.0/error_mm,64,-2.66,-2.63516,0.0347779,-2.63,-2.66,-2.61,-2.7,-2.54,0.0398675,0.0282771
depth/depth.csv/100.0/220.0/estimated_s_mm,64,97.34,97.3648,0.0347779,97.37,97.34,97.39,97.3,97.46,0.0398675,0.0282771
depth/depth.csv/100.0/220.0/focus,64,40,39.7687,0.358956,39.8,39.5,40,39,40.6,0.349597,0.369775
depth/depth.csv/100.0/225.0/error_mm,64,-2.66,-2.63516,0.0347779,-2.63,-2.66,-2.61,-2.7,-2.54,0.0398675,0.0282771
depth/depth.csv/100.0/225.0/estimated_s_mm,64,97.34,97.3648,0.0347779,97.37,97.34,97.39,97.3,97.46,0.0398675,0.0282771
depth/depth.csv/100.0/225.0/focus,64,40,39.7687,0.358956,39.8,39.5,40,39,40.6,0.349597,0.369775
depth/depth.csv/100.0/230.0/error_mm,64,-2.66,-2.63516,0.0347779,-2.63,-2.66,-2.61,-2.7,-2.54,0.0398675,0.0282771
depth/depth.csv/100.0/230.0/estimated_s_mm,64,97.34,97.3648,0.0347779,97.37,97.34,97.39,97.3,97.46,0.0398675,0.0282771
depth/depth.csv/100.0/230.0/focus,64,40,39.7687,0.358956,39.8,39.5,40,39,40.6,0.349597,0.369775
depth/depth.csv/100.0/235.0/error_mm,64,-2.66,-2.63516,0.0347779,-2.63,-2.66,-2.61,-2.7,-2.54,0.0398675,0.0282771
depth/depth.csv/100.0/235.0/estimated_s_mm,64,97.34,97.3648,0.0347779,97.37,97.34,97.39,97.3,97.46,0.0398675,0.0282771
depth/depth.csv/100.0/235.0/focus,64,40,39.7687,0.358956,39.8,39.5,40,39,40.6,0.349597,0.369775
depth/depth.csv/100.0/240.0/error_mm,64,-2.66,-2.63516,0.0347779,-2.63,-2.66,-2.61,-2.7,-2.54,0.0398675,0.0282771
depth/depth.csv/100.0/240.0/estimated_s_mm,64,97.34,97.3648,0.0347779,97.37,97.34,97.39,97.3,97.46,0.0398675,0.0282771
depth/depth.csv/100.0/240.0/focus,64,40,39.7687,0.358956,39.8,39.5,40,39,40.6,0.349597,0.369775
depth/depth.csv/100.0/245.0/error_mm,64,-2.66,-2.63516,0.0347779,-2.63,-2.66,-2.61,-2.7,-2.54,0.0398675,0.0282771
depth/depth.csv/100.0/245.0/estimated_s_mm,64,97.34,97.3648,0.0347779,97.37,97.34,97.39,97.3,97.46,0.0398675,0.0282771
depth/depth.csv/100.0/245.0/focus,64,46.2,45.6984,0.398207,45.7,45.5,46,44.8,46.5,0.392765,0.40912
depth/depth.csv/100.0/25.0/error_mm,64,-2.66,-2.63516,0.0347779,-2.63,-2.66,-2.61,-2.7,-2.54,0.0398675,0.0282771
depth/depth.csv/100.0/25.0/estimated_s_mm,64,97.34,97.3648,0.0347779,97.37,97.34,97.39,97.3,97.46,0.0398675,0.0282771
depth/depth.csv/100.0/25.0/focus,64,83.4,83.2172,0.349855,83.2,83,83.425,82.3,84,0.341826,0.363174
depth/depth.csv/100.0/250.0/error_mm,64,-2.66,-2.63516,0.0347779,-2.63,-2.66,-2.61,-2.7,-2.54,0.0398675,0.0282771
depth/depth.csv/100.0/250.0/estimated_s_mm,64,97.34,97.3648,0.0347779,97.37,97.34,97.39,97.3,97.46,0.0398675,0.0282771
depth/depth.csv/100.0/250.0/focus,64,46.2,45.6984,0.398207,45.7,45.5,46,44.8,46.5,0.392765,0.40912
depth/depth.csv/100.0/255.0/error_mm,64,-2.66,-2.63516,0.0347779,-2.63,-2.66,-2.61,-2.7,-2.54,0.0398675,0.0282771
depth/depth.csv/100.0/255.0/estimated_s_mm,64,97.34,97.3648,0.0347779,97.37,97.34,97.39,97.3,97.46,0.0398675,0.0282771
depth/depth.csv/100.0/255.0/focus,64,46.2,45.6984,0.398207,45.7,45.5,46,44.8,46.5,0.392765,0.40912
depth/depth.csv/100.0/260.0/error_mm,64,-2.66,-2.63516,0.0347779,-2.63,-2.66,-2.61,-2.7,-2.54,0.0398675,0.0282771
depth/depth.csv/100.0/260.0/estimated_s_mm,64,97.34,97.3648,0.0347779,97.37,97.34,97.39,97.3,97.46,0.0398675,0.0282771
depth/depth.csv/100.0/260.0/focus,64,46.2,45.6984,0.398207,45.7,45.5,46,44.8,46.5,0.392765,0.40912
depth/depth.csv/100.0/30.0/error_mm,64,-2.66,-2.63516,0.0347779,-2.63,-2.66,-2.61,-2.7,-2.54,0.0398675,0.0282771
depth/depth.csv/100.0/30.0/estimated_s_mm,64,97.34,97.3648,0.0347779,97.37,97.34,97.39,97.3,97.46,0.0398675,0.0282771
depth/depth.csv/100.0/30.0/focus,64,83.4,83.2172,0.349855,83.2,83,83.425,82.3,84,0.341826,0.363174
depth/depth.csv/100.0/35.0/error_mm,64,-2.66,-2.63516,0.0347779,-2.63,-2.66,-2.61,-2.7,-2.54,0.0398675,0.0282771
depth/depth.csv/100.0/35.0/estimated_s_mm,64,97.34,97.3648,0.0347779,97.37,97.34,97.39,97.3,97.46,0.0398675,0.0282771
depth/depth.csv/100.0/35.0/focus,64,56.7,56.7734,0.346521,56.8,56.6,57,56.1,57.7,0.30052,0.390203
depth/depth.csv/100.0/40.0/error_mm,64,-2.66,-2.63516,0.0347779,-2.63,-2.66,-2.61,-2.7,-2.54,0.0398675,0.0282771
depth/depth.csv/100.0/40.0/estimated_s_mm,64,97.34,97.3648,0.0347779,97.37,97.34,97.39,97.3,97.46,0.0398675,0.0282771
depth/depth.csv/100.0/40.0/focus,64,53,52.95,0.313708,52.9,52.8,53.125,52.1,53.7,0.277935,0.348021
depth/depth.csv/100.0/45.0/error_mm,64,-2.66,-2.63516,0.0347779,-2.63,-2.66,-2.61,-2.7,-2.54,0.0398675,0.0282771
depth/depth.csv/100.0/45.0/estimated_s_mm,64,97.34,97.3648,0.0347779,97.37,97.34,97.39,97.3,97.46,0.0398675,0.0282771
depth/depth.csv/100.0/45.0/focus,64,53,52.95,0.313708,52.9,52.8,53.125,52.1,53.7,0.277935,0.348021
depth/depth.csv/100.0/50.0/error_mm,64,-2.66,-2.63516,0.0347779,-2.63,-2.66,-2.61,-2.7,-2.54,0.0398675,0.0282771
depth/depth.csv/100.0/50.0/estimated_s_mm,64,97.34,97.3648,0.0347779,97.37,97.34,97.39,97.3,97.46,0.0398675,0.0282771
depth/depth.csv/100.0/50.0/focus,64,69.7,69.4062,0.30544,69.4,69.2,69.625,68.8,70.1,0.279815,0.333587
depth/depth.csv/100.0/55.0/error_mm,64,-2.66,-2.63516,0.0347779,-2.63,-2.66,-2.61,-2.7,-2.54,0.0398675,0.0282771
depth/depth.csv/100.0/55.0/estimated_s_mm,64,97.34,97.3648,0.0347779,97.37,97.34,97.39,97.3,97.46,0.0398675,0.0282771
depth/depth.csv/100.0/55.0/focus,64,69.7,69.4062,0.30544,69.4,69.2,69.625,68.8,70.1,0.279815,0.333587
depth/depth.csv/100.0/60.0/error_mm,64,-2.66,-2.63516,0.0347779,-2.63,-2.66,-2.61,-2.7,-2.54,0.0398675,0.0282771
depth/depth.csv/100.0/60.0/estimated_s_mm,64,97.34,97.3648,0.0347779,97.37,97.34,97.39,97.3,97.46,0.0398675,0.0282771
depth/depth.csv/100.0/60.0/focus,64,69.7,69.4062,0.30544,69.4,69.2,69.625,68.8,70.1,0.279815,0.333587
depth/depth.csv/100.0/65.0/error_mm,64,-2.66,-2.63516,0.0347779,-2.63,-2.66,-2.61,-2.7,-2.54,0.0398675,0.0282771
depth/depth.csv/100.0/65.0/estimated_s_mm,64,97.34,97.3648,0.0347779,97.37,97.34,97.39,97.3,97.46,0.0398675,0.0282771
depth/depth.csv/100.0/65.0/focus,64,69.7,69.4062,0.30544,69.4,69.2,69.625,68.8,70.1,0.279815,0.333587
depth/depth.csv/100.0/70.0/error_mm,64,-2.66,-2.63516,0.0347779,-2.63,-2.66,-2.61,-2.7,-2.54,0.0398675,0.0282771
depth/depth.csv/100.0/70.0/estimated_s_mm,64,97.34,97.3648,0.0347779,97.37,97.34,97.39,97.3,97.46,0.0398675,0.0282771
depth/depth.csv/100.0/70.0/focus,64,69.7,69.4062,0.30544,69.4,69.2,69.625,68.8,70.1,0.279815,0.333587
depth/depth.csv/100.0/75.0/error_mm,64,-2.66,-2.63516,0.0347779,-2.63,-2.66,-2.61,-2.7,-2.54,0.0398675,0.0282771
depth/depth.csv/100.0/75.0/estimated_s_mm,64,97.34,97.3648,0.0347779,97.37,97.34,97.39,97.3,97.46,0.0398675,0.0282771
depth/depth.csv/100.0/75.0/focus,64,129.2,128.683,0.318007,128.7,128.5,128.9,127.8,129.5,0.336969,0.297147
depth/depth.csv/100.0/80.0/error_mm,64,-2.66,-2.63516,0.0347779,-2.63,-2.66,-2.61,-2.7,-2.54,0.0398675,0.0282771
depth/depth.csv/100.0/80.0/estimated_s_mm,64,97.34,97.3648,0.0347779,97.37,97.34,97.39,97.3,97.46,0.0398675,0.0282771
depth/depth.csv/100.0/80.0/focus,64,129.2,128.683,0.318007,128.7,128.5,128.9,127.8,129.5,0.336969,0.297147
depth/depth.csv/100.0/85.0/error_mm,64,-2.66,-2.63516,0.0347779,-2.63,-2.66,-2.61,-2.7,-2.54,0.0398675,0.0282771
depth/depth.csv/100.0/85.0/estimated_s_mm,64,97.34,97.3648,0.0347779,97.37,97.34,97.39,97.3,97.46,0.0398675,0.0282771
depth/depth.csv/100.0/85.0/focus,64,146.1,145.702,0.318973,145.7,145.5,145.9,144.9,146.4,0.32229,0.32077
depth/depth.csv/100.0/90.0/error_mm,64,-2.66,-2.63516,0.0347779,-2.63,-2.66,-2.61,-2.7,-2.54,0.0398675,0.0282771
depth/depth.csv/100.0/90.0/estimated_s_mm,64,97.34,97.3648,0.0347779,97.37,97.34,97.39,97.3,97.46,0.0398675,0.0282771
depth/depth.csv/100.0/90.0/focus,64,146.1,145.702,0.318973,145.7,145.5,145.9,144.9,146.4,0.32229,0.32077
depth/depth.csv/100.0/95.0/error_mm,64,-2.66,-2.63516,0.0347779,-2.63,-2.66,-2.61,-2.7,-2.54,0.0398675,0.0282771
depth/depth.csv/100.0/95.0/estimated_s_mm,64,97.34,97.3648,0.0347779,97.37,97.34,97.39,97.3,97.46,0.0398675,0.0282771
depth/depth.csv/100.0/95.0/focus,64,146.1,145.702,0.318973,145.7,145.5,145.9,144.9,146.4,0.32229,0.32077
depth/depth.csv/150.0/100.0/error_mm,64,-10,-9.99,0.0175481,-10,-10,-9.9875,-10,-9.9,0.0199167,0.0151305
depth/depth.csv/150.0/100.0/estimated_s_mm,64,140,140.01,0.0175481,140,140,140.012,140,140.1,0.0199167,0.0151305
depth/depth.csv/150.0/100.0/focus,64,42.2,41.9422,0.189238,41.95,41.8,42.025,41.5,42.4,0.205347,0.168485
depth/depth.csv/150.0/105.0/error_mm,64,-10,-9.99,0.0175481,-10,-10,-9.9875,-10,-9.9,0.0199167,0.0151305
depth/depth.csv/150.0/105.0/estimated_s_mm,64,140,140.01,0.0175481,140,140,140.012,140,140.1,0.0199167,0.0151305
depth/depth.csv/150.0/105.0/focus,64,42.2,41.9422,0.189238,41.95,41.8,42.025,41.5,42.4,0.205347,0.168485
depth/depth.csv/150.0/110.0/error_mm,64,-10,-9.99,0.0175481,-10,-10,-9.9875,-10,-9.9,0.0199167,0.0151305
depth/depth.csv/150.0/110.0/estimated_s_mm,64,140,140.01,0.0175481,140,140,140.012,140,140.1,0.0199167,0.0151305
depth/depth.csv/150.0/110.0/focus,64,42.2,41.9422,0.189238,41.95,41.8,42.025,41.5,42.4,0.205347,0.168485
depth/depth.csv/150.0/115.0/error_mm,64,-10,-9.99,0.0175481,-10,-10,-9.9875,-10,-9.9,0.0199167,0.0151305
depth/depth.csv/150.0/115.0/estimated_s_mm,64,140,140.01,0.0175481,140,140,140.012,140,140.1,0.0199167,0.0151305
depth/depth.csv/150.0/115.0/focus,64,42.2,41.9422,0.189238,41.95,41.8,42.025,41.5,42.4,0.205347,0.168485
depth/depth.csv/150.0/120.0/error_mm,64,-10,-9.99,0.0175481,-10,-10,-9.9875,-10,-9.9,0.0199167,0.0151305
depth/depth.csv/150.0/120.0/estimated_s_mm,64,140,140.01,0.0175481,140,140,140.012,140,140.1,0.0199167,0.0151305
depth/depth.csv/150.0/120.0/focus,64,50.1,49.7203,0.207922,49.7,49.6,49.9,49.1,50.1,0.23555,0.177545
depth/depth.csv/150.0/125.0/error_mm,64,-10,-9.99,0.0175481,-10,-10,-9.9875,-10,-9.9,0.0199167,0.0151305
depth/depth.csv/150.0/125.0/estimated_s_mm,64,140,140.01,0.0175481,140,140,140.012,140,140.1,0.0199167,0.0151305
depth/depth.csv/150.0/125.0/focus,64,70,69.5953,0.178557,69.6,69.5,69.7,69.2,70,0.192501,0.163104
depth/depth.csv/150.0/130.0/error_mm,64,-10,-9.99,0.0175481,-10,-10,-9.9875,-10,-9.9,0.0199167,0.0151305
depth/depth.csv/150.0/130.0/estimated_s_mm,64,140,140.01,0.0175481,140,140,140.012,140,140.1,0.0199167,0.0151305
depth/depth.csv/150.0/130.0/focus,64,70,69.5953,0.178557,69.6,69.5,69.7,69.2,70,0.192501,0.163104
depth/depth.csv/150.0/135.0/error_mm,64,-10,-9.99,0.0175481,-10,-10,-9.9875,-10,-9.9,0.0199167,0.0151305
depth/depth.csv/150.0/135.0/estimated_s_mm,64,140,140.01,0.0175481,140,140,140.012,140,140.1,0.0199167,0.0151305
depth/depth.csv/150.0/135.0/focus,64,70,69.5953,0.178557,69.6,69.5,69.7,69.2,70,0.192501,0.163104
depth/depth.csv/150.0/140.0/error_mm,64,-10,-9.99,0.0175481,-10,-10,-9.9875,-10,-9.9,0.0199167,0.0151305
depth/depth.csv/150.0/140.0/estimated_s_mm,64,140,140.01,0.0175481,140,140,140.012,140,140.1,0.0199167,0.0151305
depth/depth.csv/150.0/140.0/focus,64,70,69.5953,0.178557,69.6,69.5,69.7,69.2,70,0.192501,0.163104
depth/depth.csv/150.0/145.0/error_mm,64,-10,-9.99,0.0175481,-10,-10,-9.9875,-10,-9.9,0.0199167,0.0151305
depth/depth.csv/150.0/145.0/estimated_s_mm,64,140,140.01,0.0175481,140,140,140.012,140,140.1,0.0199167,0.0151305
depth/depth.csv/150.0/145.0/focus,64,70,69.5953,0.178557,69.6,69.5,69.7,69.2,70,0.192501,0.163104
depth/depth.csv/150.0/150.0/error_mm,64,-10,-9.99,0.0175481,-10,-10,-9.9875,-10,-9.9,0.0199167,0.0151305
depth/depth.csv/150.0/150.0/estimated_s_mm,64,140,140.01,0.0175481,140,140,140.012,140,140.1,0.0199167,0.0151305
depth/depth.csv/150.0/150.0/focus,64,70,69.5953,0.178557,69.6,69.5,69.7,69.2,70,0.192501,0.163104
depth/depth.csv/150.0/155.0/error_mm,64,-10,-9.99,0.0175481,-10,-10,-9.9875,-10,-9.9,0.0199167,0.0151305
depth/depth.csv/150.0/155.0/estimated_s_mm,64,140,140.01,0.0175481,140,140,140.012,140,140.1,0.0199167,0.0151305
depth/depth.csv/150.0/155.0/focus,64,70,69.5953,0.178557,69.6,69.5,69.7,69.2,70,0.192501,0.163104
depth/depth.csv/150.0/160.0/error_mm,64,-10,-9.99,0.0175481,-10,-10,-9.9875,-10,-9.9,0.0199167,0.0151305
depth/depth.csv/150.0/160.0/estimated_s_mm,64,140,140.01,0.0175481,140,140,140.012,140,140.1,0.0199167,0.0151305
depth/depth.csv/150.0/160.0/focus,64,58.2,57.8563,0.191796,57.9,57.7,58,57.5,58.3,0.194169,0.189119
depth/depth.csv/150.0/165.0/error_mm,64,-10,-9.99,0.0175481,-10,-10,-9.9875,-10,-9.9,0.0199167,0.0151305
depth/depth.csv/150.0/165.0/estimated_s_mm,64,140,140.01,0.0175481,140,140,140.012,140,140.1,0.0199167,0.0151305
depth/depth.csv/150.0/165.0/focus,64,54.1,53.9844,0.181894,54,53.9,54.1,53.6,54.4,0.214024,0.144663
depth/depth.csv/150.0/170.0/error_mm,64,-10,-9.99,0.0175481,-10,-10,-9.9875,-10,-9.9,0.0199167,0.0151305
depth/depth.csv/150.0/170.0/estimated_s_mm,64,140,140.01,0.0175481,140,140,140.012,140,140.1,0.0199167,0.0151305
depth/depth.csv/150.0/170.0/focus,64,54.1,53.9844,0.181894,54,53.9,54.1,53.6,54.4,0.214024,0.144663
depth/depth.csv/150.0/175.0/error_mm,64,-10,-9.99,0.0175481,-10,-10,-9.9875,-10,-9.9,0.0199167,0.0151305
depth/depth.csv/150.0/175.0/estimated_s_mm,64,140,140.01,0.0175481,140,140,140.012,140,140.1,0.0199167,0.0151305
depth/depth.csv/150.0/175.0/focus,64,54.1,53.9844,0.181894,54,53.9,54.1,53.6,54.4,0.214024,0.144663
depth/depth.csv/150.0/180.0/error_mm,64,-10,-9.99,0.0175481,-10,-10,-9.9875,-10,-9.9,0.0199167,0.0151305
depth/depth.csv/150.0/180.0/estimated_s_mm,64,140,140.01,0.0175481,140,140,140.012,140,140.1,0.0199167,0.0151305
depth/depth.csv/150.0/180.0/focus,64,54.1,53.9844,0.181894,54,53.9,54.1,53.6,54.4,0.214024,0.144663
depth/depth.csv/150.0/185.0/error_mm,64,-10,-9.99,0.0175481,-10,-10,-9.9875,-10,-9.9,0.0199167,0.0151305
depth/depth.csv/150.0/185.0/estimated_s_mm,64,140,140.01,0.0175481,140,140,140.012,140,140.1,0.0199167,0.0151305
depth/depth.csv/150.0/185.0/focus,64,54.1,53.9844,0.181894,54,53.9,54.1,53.6,54.4,0.214024,0.144663
depth/depth.csv/150.0/190.0/error_mm,64,-10,-9.99,0.0175481,-10,-10,-9.9875,-10,-9.9,0.0199167,0.0151305
depth/depth.csv/150.0/190.0/estimated_s_mm,64,140,140.01,0.0175481,140,140,140.012,140,140.1,0.0199167,0.0151305
depth/depth.csv/150.0/190.0/focus,64,54.1,53.9844,0.181894,54,53.9,54.1,53.6,54.4,0.214024,0.144663
depth/depth.csv/150.0/195.0/error_mm,64,-10,-9.99,0.0175481,-10,-10,-9.9875,-10,-9.9,0.0199167,0.0151305
depth/depth.csv/150.0/195.0/estimated_s_mm,64,140,140.01,0.0175481,140,140,140.012,140,140.1,0.0199167,0.0151305
depth/depth.csv/150.0/195.0/focus,64,54.1,53.9844,0.181894,54,53.9,54.1,53.6,54.4,0.214024,0.144663
depth/depth.csv/150.0/20.0/error_mm,64,-10,-9.99,0.0175481,-10,-10,-9.9875,-10,-9.9,0.0199167,0.0151305
depth/depth.csv/150.0/20.0/estimated_s_mm,64,140,140.01,0.0175481,140,140,140.012,140,140.1,0.0199167,0.0151305
depth/depth.csv/150.0/20.0/focus,64,55.8,55.6313,0.167971,55.6,55.5,55.7,55.2,56.1,0.116354,0.206912
depth/depth.csv/150.0/200.0/error_mm,64,-10,-9.99,0.0175481,-10,-10,-9.9875,-10,-9.9,0.0199167,0.0151305
depth/depth.csv/150.0/200.0/estimated_s_mm,64,140,140.01,0.0175481,140,140,140.012,140,140.1,0.0199167,0.0151305
depth/depth.csv/150.0/200.0/focus,64,54.1,53.9844,0.181894,54,53.9,54.1,53.6,54.4,0.214024,0.144663
depth/depth.csv/150.0/205.0/error_mm,64,-10,-9.99,0.0175481,-10,-10,-9.9875,-10,-9.9,0.0199167,0.0151305
depth/depth.csv/150.0/205.0/estimated_s_mm,64,140,140.01,0.0175481,140,140,140.012,140,140.1,0.0199167,0.0151305
depth/depth.csv/150.0/205.0/focus,64,54.1,53.9844,0.181894,54,53.9,54.1,53.6,54.4,0.214024,0.144663
depth/depth.csv/150.0/210.0/error_mm,64,-10,-9.99,0.0175481,-10,-10,-9.9875,-10,-9.9,0.0199167,0.0151305
depth/depth.csv/150.0/210.0/estimated_s_mm,64,140,140.01,0.0175481,140,140,140.012,140,140.1,0.0199167,0.0151305
depth/depth.csv/150.0/210.0/focus,64,54.1,53.9844,0.181894,54,53.9,54.1,53.6,54.4,0.214024,0.144663
depth/depth.csv/150.0/215.0/error_mm,64,-10,-9.99,0.0175481,-10,-10,-9.9875,-10,-9.9,0.0199167,0.0151305
depth/depth.csv/150.0/215.0/estimated_s_mm,64,140,140.01,0.0175481,140,140,140.012,140,140.1,0.0199167,0.0151305
depth/depth.csv/150.0/215.0/focus,64,54.1,53.9844,0.181894,54,53.9,54.1,53.6,54.4,0.214024,0.144663
depth/depth.csv/150.0/220.0/error_mm,64,-10,-9.99,0.0175481,-10,-10,-9.9875,-10,-9.9,0.0199167,0.0151305
depth/depth.csv/150.0/220.0/estimated_s_mm,64,140,140.01,0.0175481,140,140,140.012,140,140.1,0.0199167,0.0151305
depth/depth.csv/150.0/220.0/focus,64,54.1,53.9844,0.181894,54,53.9,54.1,53.6,54.4,0.214024,0.144663
depth/depth.csv/150.0/225.0/error_mm,64,-10,-9.99,0.0175481,-10,-10,-9.9875,-10,-9.9,0.0199167,0.0151305
depth/depth.csv/150.0/225.0/estimated_s_mm,64,140,140.01,0.0175481,140,140,140.012,140,140.1,0.0199167,0.0151305
depth/depth.csv/150.0/225.0/focus,64,54.1,53.9844,0.181894,54,53.9,54.1,53.6,54.4,0.214024,0.144663
depth/depth.csv/150.0/230.0/error_mm,64,-10,-9.99,0.0175481,-10,-10,-9.9875,-10,-9.9,0.0199167,0.0151305
depth/depth.csv/150.0/230.0/estimated_s_mm,64,140,140.01,0.0175481,140,140,140.012,140,140.1,0.0199167,0.0151305
depth/depth.csv/150.0/230.0/focus,64,54.1,53.9844,0.181894,54,53.9,54.1,53.6,54.4,0.214024,0.144663
depth/depth.csv/150.0/235.0/error_mm,64,-10,-9.99,0.0175481,-10,-10,-9.9875,-10,-9.9,0.0199167,0.0151305
depth/depth.csv/150.0/235.0/estimated_s_mm,64,140,140.01,0.0175481,140,140,140.012,140,140.1,0.0199167,0.0151305
depth/depth.csv/150.0/235.0/focus,64,54.1,53.9844,0.181894,54,53.9,54.1,53.6,54.4,0.214024,0.144663
depth/depth.csv/150.0/240.0/error_mm,64,-10,-9.99,0.0175481,-10,-10,-9.9875,-10,-9.9,0.0199167,0.0151305
depth/depth.csv/150.0/240.0/estimated_s_mm,64,140,140.01,0.0175481,140,140,140.012,140,140.1,0.0199167,0.0151305
depth/depth.csv/150.0/240.0/focus,64,54.1,53.9844,0.181894,54,53.9,54.1,53.6,54.4,0.214024,0.144663
depth/depth.csv/150.0/245.0/error_mm,64,-10,-9.99,0.0175481,-10,-10,-9.9875,-10,-9.9,0.0199167,0.0151305
depth/depth.csv/150.0/245.0/estimated_s_mm,64,140,140.01,0.0175481,140,140,140.012,140,140.1,0.0199167,0.0151305
depth/depth.csv/150.0/245.0/focus,64,51,50.7375,0.210442,50.7,50.6,50.9,50.3,51.1,0.207301,0.213057
depth/depth.csv/150.0/25.0/error_mm,64,-10,-9.99,0.0175481,-10,-10,-9.9875,-10,-9.9,0.0199167,0.0151305
depth/depth.csv/150.0/25.0/estimated_s_mm,64,140,140.01,0.0175481,140,140,140.012,140,140.1,0.0199167,0.0151305
depth/depth.csv/150.0/25.0/focus,64,43.3,43.1,0.173663,43.1,43,43.2,42.7,43.5,0.138213,0.199369
depth/depth.csv/150.0/250.0/error_mm,64,-10,-9.99,0.0175481,-10,-10,-9.9875,-10,-9.9,0.0199167,0.0151305
depth/depth.csv/150.0/250.0/estimated_s_mm,64,140,140.01,0.0175481,140,140,140.012,140,140.1,0.0199167,0.0151305
depth/depth.csv/150.0/250.0/focus,64,51,50.7375,0.210442,50.7,50.6,50.9,50.3,51.1,0.207301,0.213057
depth/depth.csv/150.0/255.0/error_mm,64,-10,-9.99,0.0175481,-10,-10,-9.9875,-10,-9.9,0.0199167,0.0151305
depth/depth.csv/150.0/255.0/estimated_s_mm,64,140,140.01,0.0175481,140,140,140.012,140,140.1,0.0199167,0.0151305
depth/depth.csv/150.0/255.0/focus,64,51,50.7375,0.210442,50.7,50.6,50.9,50.3,51.1,0.207301,0.213057
depth/depth.csv/150.0/260.0/error_mm,64,-10,-9.99,0.0175481,-10,-10,-9.9875,-10,-9.9,0.0199167,0.0151305
depth/depth.csv/150.0/260.0/estimated_s_mm,64,140,140.01,0.0175481,140,140,140.012,140,140.1,0.0199167,0.0151305
depth/depth.csv/150.0/260.0/focus,64,51,50.7375,0.210442,50.7,50.6,50.9,50.3,51.1,0.207301,0.213057
depth/depth.csv/150.0/30.0/error_mm,64,-10,-9.99,0.0175481,-10,-10,-9.9875,-10,-9.9,0.0199167,0.0151305
depth/depth.csv/150.0/30.0/estimated_s_mm,64,140,140.01,0.0175481,140,140,140.012,140,140.1,0.0199167,0.0151305
depth/depth.csv/150.0/30.0/focus,64,43.3,43.1,0.173663,43.1,43,43.2,42.7,43.5,0.138213,0.199369
depth/depth.csv/150.0/35.0/error_mm,64,-10,-9.99,0.0175481,-10,-10,-9.9875,-10,-9.9,0.0199167,0.0151305
depth/depth.csv/150.0/35.0/estimated_s_mm,64,140,140.01,0.0175481,140,140,140.012,140,140.1,0.0199167,0.0151305
depth/depth.csv/150.0/35.0/focus,64,33.9,33.7859,0.174454,33.8,33.7,33.9,33.3,34.3,0.1524,0.195488
depth/depth.csv/150.0/40.0/error_mm,64,-10,-9.99,0.0175481,-10,-10,-9.9875,-10,-9.9,0.0199167,0.0151305
depth/depth.csv/150.0/40.0/estimated_s_mm,64,140,140.01,0.0175481,140,140,140.012,140,140.1,0.0199167,0.0151305
depth/depth.csv/150.0/40.0/focus,64,31.9,31.7422,0.175304,31.7,31.6,31.825,31.2,32.2,0.162609,0.189652
depth/depth.csv/150.0/45.0/error_mm,64,-10,-9.99,0.0175481,-10,-10,-9.9875,-10,-9.9,0.0199167,0.0151305
depth/depth.csv/150.0/45.0/estimated_s_mm,64,140,140.01,0.0175481,140,140,140.012,140,140.1,0.0199167,0.0151305
depth/depth.csv/150.0/45.0/focus,64,31.9,31.7422,0.175304,31.7,31.6,31.825,31.2,32.2,0.162609,0.189652
depth/depth.csv/150.0/50.0/error_mm,64,-10,-9.99,0.0175481,-10,-10,-9.9875,-10,-9.9,0.0199167,0.0151305
depth/depth.csv/150.0/50.0/estimated_s_mm,64,140,140.01,0.0175481,140,140,140.012,140,140.1,0.0199167,0.0151305
depth/depth.csv/150.0/50.0/focus,64,30.7,30.4953,0.178557,30.5,30.4,30.6,30.1,31,0.174942,0.177545
depth/depth.csv/150.0/55.0/error_mm,64,-10,-9.99,0.0175481,-10,-10,-9.9875,-10,-9.9,0.0199167,0.0151305
depth/depth.csv/150.0/55.0/estimated_s_mm,64,140,140.01,0.0175481,140,140,140.012,140,140.1,0.0199167,0.0151305
depth/depth.csv/150.0/55.0/focus,64,30.7,30.4953,0.178557,30.5,30.4,30.6,30.1,31,0.174942,0.177545
depth/depth.csv/150.0/60.0/error_mm,64,-10,-9.99,0.0175481,-10,-10,-9.9875,-10,-9.9,0.0199167,0.0151305
depth/depth.csv/150.0/60.0/estimated_s_mm,64,140,140.01,0.0175481,140,140,140.012,140,140.1,0.0199167,0.0151305
depth/depth.csv/150.0/60.0/focus,64,30.7,30.4953,0.178557,30.5,30.4,30.6,30.1,31,0.174942,0.177545
depth/depth.csv/150.0/65.0/error_mm,64,-10,-9.99,0.0175481,-10,-10,-9.9875,-10,-9.9,0.0199167,0.0151305
depth/depth.csv/150.0/65.0/estimated_s_mm,64,140,140.01,0.0175481,140,140,140.012,140,140.1,0.0199167,0.0151305
depth/depth.csv/150.0/65.0/focus,64,30.7,30.4953,0.178557,30.5,30.4,30.6,30.1,31,0.174942,0.177545
depth/depth.csv/150.0/70.0/error_mm,64,-10,-9.99,0.0175481,-10,-10,-9.9875,-10,-9.9,0.0199167,0.0151305
depth/depth.csv/150.0/70.0/estimated_s_mm,64,140,140.01,0.0175481,140,140,140.012,140,140.1,0.0199167,0.0151305
depth/depth.csv/150.0/70.0/focus,64,30.7,30.4953,0.178557,30.5,30.4,30.6,30.1,31,0.174942,0.177545
depth/depth.csv/150.0/75.0/error_mm,64,-10,-9.99,0.0175481,-10,-10,-9.9875,-10,-9.9,0.0199167,0.0151305
depth/depth.csv/150.0/75.0/estimated_s_mm,64,140,140.01,0.0175481,140,140,140.012,140,140.1,0.0199167,0.0151305
depth/depth.csv/150.0/75.0/focus,64,34.7,34.3813,0.181593,34.4,34.3,34.5,34,34.8,0.20752,0.154502
depth/depth.csv/150.0/80.0/error_mm,64,-10,-9.99,0.0175481,-10,-10,-9.9875,-10,-9.9,0.0199167,0.0151305
depth/depth.csv/150.0/80.0/estimated_s_mm,64,140,140.01,0.0175481,140,140,140.012,140,140.1,0.0199167,0.0151305
depth/depth.csv/150.0/80.0/focus,64,34.7,34.3813,0.181593,34.4,34.3,34.5,34,34.8,0.20752,0.154502
depth/depth.csv/150.0/85.0/error_mm,64,-10,-9.99,0.0175481,-10,-10,-9.9875,-10,-9.9,0.0199167,0.0151305
depth/depth.csv/150.0/85.0/estimated_s_mm,64,140,140.01,0.0175481,140,140,140.012,140,140.1,0.0199167,0.0151305
depth/depth.csv/150.0/85.0/focus,64,42.2,41.9422,0.189238,41.95,41.8,42.025,41.5,42.4,0.205347,0.168485
depth/depth.csv/150.0/90.0/error_mm,64,-10,-9.99,0.0175481,-10,-10,-9.9875,-10,-9.9,0.0199167,0.0151305
depth/depth.csv/150.0/90.0/estimated_s_mm,64,140,140.01,0.0175481,140,140,140.012,140,140.1,0.0199167,0.0151305
depth/depth.csv/150.0/90.0/focus,64,42.2,41.9422,0.189238,41.95,41.8,42.025,41.5,42.4,0.205347,0.168485
depth/depth.csv/150.0/95.0/error_mm,64,-10,-9.99,0.0175481,-10,-10,-9.9875,-10,-9.9,0.0199167,0.0151305
depth/depth.csv/150.0/95.0/estimated_s_mm,64,140,140.01,0.0175481,140,140,140.012,140,140.1,0.0199167,0.0151305
depth/depth.csv/150.0/95.0/focus,64,42.2,41.9422,0.189238,41.95,41.8,42.025,41.5,42.4,0.205347,0.168485
depth/depth.csv/200.0/100.0/error_mm,64,13.93,13.975,0.0861339,13.975,13.92,14.04,13.81,14.18,0.0957062,0.0743466
depth/depth.csv/200.0/100.0/estimated_s_mm,64,213.93,213.975,0.0861339,213.975,213.92,214.04,213.81,214.18,0.0957062,0.0743466
depth/depth.csv/200.0/100.0/focus,64,16.5,16.3266,0.132428,16.3,16.2,16.4,16.1,16.7,0.141386,0.121649
depth/depth.csv/200.0/105.0/error_mm,64,13.93,13.975,0.0861339,13.975,13.92,14.04,13.81,14.18,0.0957062,0.0743466
depth/depth.csv/200.0/105.0/estimated_s_mm,64,213.93,213.975,0.0861339,213.975,213.92,214.04,213.81,214.18,0.0957062,0.0743466
depth/depth.csv/200.0/105.0/focus,64,16.5,16.3266,0.132428,16.3,16.2,16.4,16.1,16.7,0.141386,0.121649
depth/depth.csv/200.0/110.0/error_mm,64,13.93,13.975,0.0861339,13.975,13.92,14.04,13.81,14.18,0.0957062,0.0743466
depth/depth.csv/200.0/110.0/estimated_s_mm,64,213.93,213.975,0.0861339,213.975,213.92,214.04,213.81,214.18,0.0957062,0.0743466
depth/depth.csv/200.0/110.0/focus,64,16.5,16.3266,0.132428,16.3,16.2,16.4,16.1,16.7,0.141386,0.121649
depth/depth.csv/200.0/115.0/error_mm,64,13.93,13.975,0.0861339,13.975,13.92,14.04,13.81,14.18,0.0957062,0.0743466
depth/depth.csv/200.0/115.0/estimated_s_mm,64,213.93,213.975,0.0861339,213.975,213.92,214.04,213.81,214.18,0.0957062,0.0743466
depth/depth.csv/200.0/115.0/focus,64,16.5,16.3266,0.132428,16.3,16.2,16.4,16.1,16.7,0.141386,0.121649
depth/depth.csv/200.0/120.0/error_mm,64,13.93,13.975,0.0861339,13.975,13.92,14.04,13.81,14.18,0.0957062,0.0743466
depth/depth.csv/200.0/120.0/estimated_s_mm,64,213.93,213.975,0.0861339,213.975,213.92,214.04,213.81,214.18,0.0957062,0.0743466
depth/depth.csv/200.0/120.0/focus,64,20.6,20.4656,0.117133,20.5,20.4,20.5,20.2,20.7,0.118074,0.118074
depth/depth.csv/200.0/125.0/error_mm,64,13.93,13.975,0.0861339,13.975,13.92,14.04,13.81,14.18,0.0957062,0.0743466
depth/depth.csv/200.0/125.0/estimated_s_mm,64,213.93,213.975,0.0861339,213.975,213.92,214.04,213.81,214.18,0.0957062,0.0743466
depth/depth.csv/200.0/125.0/focus,64,36.4,36.2203,0.121079,36.2,36.1,36.3,36,36.5,0.10809,0.134404
depth/depth.csv/200.0/130.0/error_mm,64,13.93,13.975,0.0861339,13.975,13.92,14.04,13.81,14.18,0.0957062,0.0743466
depth/depth.csv/200.0/130.0/estimated_s_mm,64,213.93,213.975,0.0861339,213.975,213.92,214.04,213.81,214.18,0.0957062,0.0743466
depth/depth.csv/200.0/130.0/focus,64,36.4,36.2203,0.121079,36.2,36.1,36.3,36,36.5,0.10809,0.134404
depth/depth.csv/200.0/135.0/error_mm,64,13.93,13.975,0.0861339,13.975,13.92,14.04,13.81,14.18,0.0957062,0.0743466
depth/depth.csv/200.0/135.0/estimated_s_mm,64,213.93,213.975,0.0861339,213.975,213.92,214.04,213.81,214.18,0.0957062,0.0743466
depth/depth.csv/200.0/135.0/focus,64,36.4,36.2203,0.121079,36.2,36.1,36.3,36,36.5,0.10809,0.134404
depth/depth.csv/200.0/140.0/error_mm,64,13.93,13.975,0.0861339,13.975,13.92,14.04,13.81,14.18,0.0957062,0.0743466
depth/depth.csv/200.0/140.0/estimated_s_mm,64,213.93,213.975,0.0861339,213.975,213.92,214.04,213.81,214.18,0.0957062,0.0743466
depth/depth.csv/200.0/140.0/focus,64,36.4,36.2203,0.121079,36.2,36.1,36.3,36,36.5,0.10809,0.134404
depth/depth.csv/200.0/145.0/error_mm,64,13.93,13.975,0.0861339,13.975,13.92,14.04,13.81,14.18,0.0957062,0.0743466
depth/depth.csv/200.0/145.0/estimated_s_mm,64,213.93,213.975,0.0861339,213.975,213.92,214.04,213.81,214.18,0.0957062,0.0743466
depth/depth.csv/200.0/145.0/focus,64,36.4,36.2203,0.121079,36.2,36.1,36.3,36,36.5,0.10809,0.134404
depth/depth.csv/200.0/150.0/error_mm,64,13.93,13.975,0.0861339,13.975,13.92,14.04,13.81,14.18,0.0957062,0.0743466
depth/depth.csv/200.0/150.0/estimated_s_mm,64,213.93,213.975,0.0861339,213.975,213.92,214.04,213.81,214.18,0.0957062,0.0743466
depth/depth.csv/200.0/150.0/focus,64,36.4,36.2203,0.121079,36.2,36.1,36.3,36,36.5,0.10809,0.134404
depth/depth.csv/200.0/155.0/error_mm,64,13.93,13.975,0.0861339,13.975,13.92,14.04,13.81,14.18,0.0957062,0.0743466
depth/depth.csv/200.0/155.0/estimated_s_mm,64,213.93,213.975,0.0861339,213.975,213.92,214.04,213.81,214.18,0.0957062,0.0743466
depth/depth.csv/200.0/155.0/focus,64,36.4,36.2203,0.121079,36.2,36.1,36.3,36,36.5,0.10809,0.134404
depth/depth.csv/200.0/160.0/error_mm,64,13.93,13.975,0.0861339,13.975,13.92,14.04,13.81,14.18,0.0957062,0.0743466
depth/depth.csv/200.0/160.0/estimated_s_mm,64,213.93,213.975,0.0861339,213.975,213.92,214.04,213.81,214.18,0.0957062,0.0743466
depth/depth.csv/200.0/160.0/focus,64,39.1,38.9969,0.128445,39,38.9,39.1,38.7,39.2,0.117732,0.14024
depth/depth.csv/200.0/165.0/error_mm,64,13.93,13.975,0.0861339,13.975,13.92,14.04,13.81,14.18,0.0957062,0.0743466
depth/depth.csv/200.0/165.0/estimated_s_mm,64,213.93,213.975,0.0861339,213.975,213.92,214.04,213.81,214.18,0.0957062,0.0743466
depth/depth.csv/200.0/165.0/focus,64,48.2,48.2281,0.118815,48.2,48.2,48.3,48,48.5,0.126324,0.112478
depth/depth.csv/200.0/170.0/error_mm,64,13.93,13.975,0.0861339,13.975,13.92,14.04,13.81,14.18,0.0957062,0.0743466
depth/depth.csv/200.0/170.0/estimated_s_mm,64,213.93,213.975,0.0861339,213.975,213.92,214.04,213.81,214.18,0.0957062,0.0743466
depth/depth.csv/200.0/170.0/focus,64,48.2,48.2281,0.118815,48.2,48.2,48.3,48,48.5,0.126324,0.112478
depth/depth.csv/200.0/175.0/error_mm,64,13.93,13.975,0.0861339,13.975,13.92,14.04,13.81,14.18,0.0957062,0.0743466
depth/depth.csv/200.0/175.0/estimated_s_mm,64,213.93,213.975,0.0861339,213.975,213.92,214.04,213.81,214.18,0.0957062,0.0743466
depth/depth.csv/200.0/175.0/focus,64,48.2,48.2281,0.118815,48.2,48.2,48.3,48,48.5,0.126324,0.112478
depth/depth.csv/200.0/180.0/error_mm,64,13.93,13.975,0.0861339,13.975,13.92,14.04,13.81,14.18,0.0957062,0.0743466
depth/depth.csv/200.0/180.0/estimated_s_mm,64,213.93,213.975,0.0861339,213.975,213.92,214.04,213.81,214.18,0.0957062,0.0743466
depth/depth.csv/200.0/180.0/focus,64,48.2,48.2281,0.118815,48.2,48.2,48.3,48,48.5,0.126324,0.112478
depth/depth.csv/200.0/185.0/error_mm,64,13.93,13.975,0.0861339,13.975,13.92,14.04,13.81,14.18,0.0957062,0.0743466
depth/depth.csv/200.0/185.0/estimated_s_mm,64,213.93,213.975,0.0861339,213.975,213.92,214.04,213.81,214.18,0.0957062,0.0743466
depth/depth.csv/200.0/185.0/focus,64,48.2,48.2281,0.118815,48.2,48.2,48.3,48,48.5,0.126324,0.112478
depth/depth.csv/200.0/190.0/error_mm,64,13.93,13.975,0.0861339,13.975,13.92,14.04,13.81,14.18,0.0957062,0.0743466
depth/depth.csv/200.0/190.0/estimated_s_mm,64,213.93,213.975,0.0861339,213.975,213.92,214.04,213.81,214.18,0.0957062,0.0743466
depth/depth.csv/200.0/190.0/focus,64,48.2,48.2281,0.118815,48.2,48.2,48.3,48,48.5,0.126324,0.112478
depth/depth.csv/200.0/195.0/error_mm,64,13.93,13.975,0.0861339,13.975,13.92,14.04,13.81,14.18,0.0957062,0.0743466
depth/depth.csv/200.0/195.0/estimated_s_mm,64,213.93,213.975,0.0861339,213.975,213.92,214.04,213.81,214.18,0.0957062,0.0743466
depth/depth.csv/200.0/195.0/focus,64,48.2,48.2281,0.118815,48.2,48.2,48.3,48,48.5,0.126324,0.112478
depth/depth.csv/200.0/20.0/error_mm,64,13.93,13.975,0.0861339,13.975,13.92,14.04,13.81,14.18,0.0957062,0.0743466
depth/depth.csv/200.0/20.0/estimated_s_mm,64,213.93,213.975,0.0861339,213.975,213.92,214.04,213.81,214.18,0.0957062,0.0743466
depth/depth.csv/200.0/20.0/focus,64,35,34.8547,0.145765,34.8,34.7,35,34.6,35.2,0.131982,0.157827
depth/depth.csv/200.0/200.0/error_mm,64,13.93,13.975,0.0861339,13.975,13.92,14.04,13.81,14.18,0.0957062,0.0743466
depth/depth.csv/200.0/200.0/estimated_s_mm,64,213.93,213.975,0.0861339,213.975,213.92,214.04,213.81,214.18,0.0957062,0.0743466
depth/depth.csv/200.0/200.0/focus,64,48.2,48.2281,0.118815,48.2,48.2,48.3,48,48.5,0.126324,0.112478
depth/depth.csv/200.0/205.0/error_mm,64,13.93,13.975,0.0861339,13.975,13.92,14.04,13.81,14.18,0.0957062,0.0743466
depth/depth.csv/200.0/205.0/estimated_s_mm,64,213.93,213.975,0.0861339,213.975,213.92,214.04,213.81,214.18,0.0957062,0.0743466
depth/depth.csv/200.0/205.0/focus,64,48.2,48.2281,0.118815,48.2,48.2,48.3,48,48.5,0.126324,0.112478
depth/depth.csv/200.0/210.0/error_mm,64,13.93,13.975,0.0861339,13.975,13.92,14.04,13.81,14.18,0.0957062,0.0743466
depth/depth.csv/200.0/210.0/estimated_s_mm,64,213.93,213.975,0.0861339,213.975,213.92,214.04,213.81,214.18,0.0957062,0.0743466
depth/depth.csv/200.0/210.0/focus,64,48.2,48.2281,0.118815,48.2,48.2,48.3,48,48.5,0.126324,0.112478
depth/depth.csv/200.0/215.0/error_mm,64,13.93,13.975,0.0861339,13.975,13.92,14.04,13.81,14.18,0.0957062,0.0743466
depth/depth.csv/200.0/215.0/estimated_s_mm,64,213.93,213.975,0.0861339,213.975,213.92,214.04,213.81,214.18,0.0957062,0.0743466
depth/depth.csv/200.0/215.0/focus,64,48.2,48.2281,0.118815,48.2,48.2,48.3,48,48.5,0.126324,0.112478
depth/depth.csv/200.0/220.0/error_mm,64,13.93,13.975,0.0861339,13.975,13.92,14.04,13.81,14.18,0.0957062,0.0743466
depth/depth.csv/200.0/220.0/estimated_s_mm,64,213.93,213.975,0.0861339,213.975,213.92,214.04,213.81,214.18,0.0957062,0.0743466
depth/depth.csv/200.0/220.0/focus,64,48.2,48.2281,0.118815,48.2,48.2,48.3,48,48.5,0.126324,0.112478
depth/depth.csv/200.0/225.0/error_mm,64,13.93,13.975,0.0861339,13.975,13.92,14.04,13.81,14.18,0.0957062,0.0743466
depth/depth.csv/200.0/225.0/estimated_s_mm,64,213.93,213.975,0.0861339,213.975,213.92,214.04,213.81,214.18,0.0957062,0.0743466
depth/depth.csv/200.0/225.0/focus,64,48.2,48.2281,0.118815,48.2,48.2,48.3,48,48.5,0.126324,0.112478
depth/depth.csv/200.0/230.0/error_mm,64,13.93,13.975,0.0861339,13.975,13.92,14.04,13.81,14.18,0.0957062,0.0743466
depth/depth.csv/200.0/230.0/estimated_s_mm,64,213.93,213.975,0.0861339,213.975,213.92,214.04,213.81,214.18,0.0957062,0.0743466
depth/depth.csv/200.0/230.0/focus,64,48.2,48.2281,0.118815,48.2,48.2,48.3,48,48.5,0.126324,0.112478
depth/depth.csv/200.0/235.0/error_mm,64,13.93,13.975,0.0861339,13.975,13.92,14.04,13.81,14.18,0.0957062,0.0743466
depth/depth.csv/200.0/235.0/estimated_s_mm,64,213.93,213.975,0.0861339,213.975,213.92,214.04,213.81,214.18,0.0957062,0.0743466
depth/depth.csv/200.0/235.0/focus,64,48.2,48.2281,0.118815,48.2,48.2,48.3,48,48.5,0.126324,0.112478
depth/depth.csv/200.0/240.0/error_mm,64,13.93,13.975,0.0861339,13.975,13.92,14.04,13.81,14.18,0.0957062,0.0743466
depth/depth.csv/200.0/240.0/estimated_s_mm,64,213.93,213.975,0.0861339,213.975,213.92,214.04,213.81,214.18,0.0957062,0.0743466
depth/depth.csv/200.0/240.0/focus,64,48.2,48.2281,0.118815,48.2,48.2,48.3,48,48.5,0.126324,0.112478
depth/depth.csv/200.0/245.0/error_mm,64,13.93,13.975,0.0861339,13.975,13.92,14.04,13.81,14.18,0.0957062,0.0743466
depth/depth.csv/200.0/245.0/estimated_s_mm,64,213.93,213.975,0.0861339,213.975,213.92,214.04,213.81,214.18,0.0957062,0.0743466
depth/depth.csv/200.0/245.0/focus,64,49.8,49.8469,0.105362,49.8,49.8,49.9,49.6,50.1,0.104534,0.107763
depth/depth.csv/200.0/25.0/error_mm,64,13.93,13.975,0.0861339,13.975,13.92,14.04,13.81,14.18,0.0957062,0.0743466
depth/depth.csv/200.0/25.0/estimated_s_mm,64,213.93,213.975,0.0861339,213.975,213.92,214.04,213.81,214.18,0.0957062,0.0743466
depth/depth.csv/200.0/25.0/focus,64,26.9,26.6469,0.153239,26.6,26.6,26.7,26.3,26.9,0.146876,0.158623
depth/depth.csv/200.0/250.0/error_mm,64,13.93,13.975,0.0861339,13.975,13.92,14.04,13.81,14.18,0.0957062,0.0743466
depth/depth.csv/200.0/250.0/estimated_s_mm,64,213.93,213.975,0.0861339,213.975,213.92,214.04,213.81,214.18,0.0957062,0.0743466
depth/depth.csv/200.0/250.0/focus,64,49.8,49.8469,0.105362,49.8,49.8,49.9,49.6,50.1,0.104534,0.107763
depth/depth.csv/200.0/255.0/error_mm,64,13.93,13.975,0.0861339,13.975,13.92,14.04,13.81,14.18,0.0957062,0.0743466
depth/depth.csv/200.0/255.0/estimated_s_mm,64,213.93,213.975,0.0861339,213.975,213.92,214.04,213.81,214.18,0.0957062,0.0743466
depth/depth.csv/200.0/255.0/focus,64,49.8,49.8469,0.105362,49.8,49.8,49.9,49.6,50.1,0.104534,0.107763
depth/depth.csv/200.0/260.0/error_mm,64,13.93,13.975,0.0861339,13.975,13.92,14.04,13.81,14.18,0.0957062,0.0743466
depth/depth.csv/200.0/260.0/estimated_s_mm,64,213.93,213.975,0.0861339,213.975,213.92,214.04,213.81,214.18,0.0957062,0.0743466
depth/depth.csv/200.0/260.0/focus,64,49.8,49.8469,0.105362,49.8,49.8,49.9,49.6,50.1,0.104534,0.107763
depth/depth.csv/200.0/30.0/error_mm,64,13.93,13.975,0.0861339,13.975,13.92,14.04,13.81,14.18,0.0957062,0.0743466
depth/depth.csv/200.0/30.0/estimated_s_mm,64,213.93,213.975,0.0861339,213.975,213.92,214.04,213.81,214.18,0.0957062,0.0743466
depth/depth.csv/200.0/30.0/focus,64,26.9,26.6469,0.153239,26.6,26.6,26.7,26.3,26.9,0.146876,0.158623
depth/depth.csv/200.0/35.0/error_mm,64,13.93,13.975,0.0861339,13.975,13.92,14.04,13.81,14.18,0.0957062,0.0743466
depth/depth.csv/200.0/35.0/estimated_s_mm,64,213.93,213.975,0.0861339,213.975,213.92,214.04,213.81,214.18,0.0957062,0.0743466
depth/depth.csv/200.0/35.0/focus,64,24.9,24.6672,0.136922,24.7,24.6,24.8,24.4,25,0.117732,0.146876
depth/depth.csv/200.0/40.0/error_mm,64,13.93,13.975,0.0861339,13.975,13.92,14.04,13.81,14.18,0.0957062,0.0743466
depth/depth.csv/200.0/40.0/estimated_s_mm,64,213.93,213.975,0.0861339,213.975,213.92,214.04,213.81,214.18,0.0957062,0.0743466
depth/depth.csv/200.0/40.0/focus,64,24.6,24.3609,0.137572,24.4,24.3,24.4,24.1,24.7,0.134254,0.134966
depth/depth.csv/200.0/45.0/error_mm,64,13.93,13.975,0.0861339,13.975,13.92,14.04,13.81,14.18,0.0957062,0.0743466
depth/depth.csv/200.0/45.0/estimated_s_mm,64,213.93,213.975,0.0861339,213.975,213.92,214.04,213.81,214.18,0.0957062,0.0743466
depth/depth.csv/200.0/45.0/focus,64,24.6,24.3609,0.137572,24.4,24.3,24.4,24.1,24.7,0.134254,0.134966
depth/depth.csv/200.0/50.0/error_mm,64,13.93,13.975,0.0861339,13.975,13.92,14.04,13.81,14.18,0.0957062,0.0743466
depth/depth.csv/200.0/50.0/estimated_s_mm,64,213.93,213.975,0.0861339,213.975,213.92,214.04,213.81,214.18,0.0957062,0.0743466
depth/depth.csv/200.0/50.0/focus,64,20.4,20.2641,0.138435,20.2,20.2,20.4,20,20.6,0.136636,0.135859
depth/depth.csv/200.0/55.0/error_mm,64,13.93,13.975,0.0861339,13.975,13.92,14.04,13.81,14.18,0.0957062,0.0743466
depth/depth.csv/200.0/55.0/estimated_s_mm,64,213.93,213.975,0.0861339,213.975,213.92,214.04,213.81,214.18,0.0957062,0.0743466
depth/depth.csv/200.0/55.0/focus,64,20.4,20.2641,0.138435,20.2,20.2,20.4,20,20.6,0.136636,0.135859
depth/depth.csv/200.0/60.0/error_mm,64,13.93,13.975,0.0861339,13.975,13.92,14.04,13.81,14.18,0.0957062,0.0743466
depth/depth.csv/200.0/60.0/estimated_s_mm,64,213.93,213.975,0.0861339,213.975,213.92,214.04,213.81,214.18,0.0957062,0.0743466
depth/depth.csv/200.0/60.0/focus,64,20.4,20.2641,0.138435,20.2,20.2,20.4,20,20.6,0.136636,0.135859
depth/depth.csv/200.0/65.0/error_mm,64,13.93,13.975,0.0861339,13.975,13.92,14.04,13.81,14.18,0.0957062,0.0743466
depth/depth.csv/200.0/65.0/estimated_s_mm,64,213.93,213.975,0.0861339,213.975,213.92,214.04,213.81,214.18,0.0957062,0.0743466
depth/depth.csv/200.0/65.0/focus,64,20.4,20.2641,0.138435,20.2,20.2,20.4,20,20.6,0.136636,0.135859
depth/depth.csv/200.0/70.0/error_mm,64,13.93,13.975,0.0861339,13.975,13.92,14.04,13.81,14.18,0.0957062,0.0743466
depth/depth.csv/200.0/70.0/estimated_s_mm,64,213.93,213.975,0.0861339,213.975,213.92,214.04,213.81,214.18,0.0957062,0.0743466
depth/depth.csv/200.0/70.0/focus,64,20.4,20.2641,0.138435,20.2,20.2,20.4,20,20.6,0.136636,0.135859
depth/depth.csv/200.0/75.0/error_mm,64,13.93,13.975,0.0861339,13.975,13.92,14.04,13.81,14.18,0.0957062,0.0743466
depth/depth.csv/200.0/75.0/estimated_s_mm,64,213.93,213.975,0.0861339,213.975,213.92,214.04,213.81,214.18,0.0957062,0.0743466
depth/depth.csv/200.0/75.0/focus,64,17.5,17.3859,0.133175,17.4,17.3,17.5,17.1,17.8,0.141421,0.12504
depth/depth.csv/200.0/80.0/error_mm,64,13.93,13.975,0.0861339,13.975,13.92,14.04,13.81,14.18,0.0957062,0.0743466
depth/depth.csv/200.0/80.0/estimated_s_mm,64,213.93,213.975,0.0861339,213.975,213.92,214.04,213.81,214.18,0.0957062,0.0743466
depth/depth.csv/200.0/80.0/focus,64,17.5,17.3859,0.133175,17.4,17.3,17.5,17.1,17.8,0.141421,0.12504
depth/depth.csv/200.0/85.0/error_mm,64,13.93,13.975,0.0861339,13.975,13.92,14.04,13.81,14.18,0.0957062,0.0743466
depth/depth.csv/200.0/85.0/estimated_s_mm,64,213.93,213.975,0.0861339,213.975,213.92,214.04,213.81,214.18,0.0957062,0.0743466
depth/depth.csv/200.0/85.0/focus,64,16.5,16.3266,0.132428,16.3,16.2,16.4,16.1,16.7,0.141386,0.121649
depth/depth.csv/200.0/90.0/error_mm,64,13.93,13.975,0.0861339,13.975,13.92,14.04,13.81,14.18,0.0957062,0.0743466
depth/depth.csv/200.0/90.0/estimated_s_mm,64,213.93,213.975,0.0861339,213.975,213.92,214.04,213.81,214.18,0.0957062,0.0743466
depth/depth.csv/200.0/90.0/focus,64,16.5,16.3266,0.132428,16.3,16.2,16.4,16.1,16.7,0.141386,0.121649
depth/depth.csv/200.0/95.0/error_mm,64,13.93,13.975,0.0861339,13.975,13.92,14.04,13.81,14.18,0.0957062,0.0743466
depth/depth.csv/200.0/95.0/estimated_s_mm,64,213.93,213.975,0.0861339,213.975,213.92,214.04,213.81,214.18,0.0957062,0.0743466
depth/depth.csv/200.0/95.0/focus,64,16.5,16.3266,0.132428,16.3,16.2,16.4,16.1,16.7,0.141386,0.121649
depth/depth.csv/40.0/100.0/error_mm,64,-1,-0.998906,0.119338,-1.01,-1.0725,-0.91,-1.3,-0.75,0.100089,0.136792
depth/depth.csv/40.0/100.0/estimated_s_mm,64,39,39.0011,0.119338,38.99,38.9275,39.09,38.7,39.25,0.100089,0.136792
depth/depth.csv/40.0/100.0/focus,64,145.9,144.42,0.852108,144.45,143.8,145.025,142.7,146,0.878317,0.839138
depth/depth.csv/40.0/105.0/error_mm,64,-1,-0.998906,0.119338,-1.01,-1.0725,-0.91,-1.3,-0.75,0.100089,0.136792
depth/depth.csv/40.0/105.0/estimated_s_mm,64,39,39.0011,0.119338,38.99,38.9275,39.09,38.7,39.25,0.100089,0.136792
depth/depth.csv/40.0/105.0/focus,64,145.9,144.42,0.852108,144.45,143.8,145.025,142.7,146,0.878317,0.839138
depth/depth.csv/40.0/110.0/error_mm,64,-1,-0.998906,0.119338,-1.01,-1.0725,-0.91,-1.3,-0.75,0.100089,0.136792
depth/depth.csv/40.0/110.0/estimated_s_mm,64,39,39.0011,0.119338,38.99,38.9275,39.09,38.7,39.25,0.100089,0.136792
depth/depth.csv/40.0/110.0/focus,64,145.9,144.42,0.852108,144.45,143.8,145.025,142.7,146,0.878317,0.839138
depth/depth.csv/40.0/115.0/error_mm,64,-1,-0.998906,0.119338,-1.01,-1.0725,-0.91,-1.3,-0.75,0.100089,0.136792
depth/depth.csv/40.0/115.0/estimated_s_mm,64,39,39.0011,0.119338,38.99,38.9275,39.09,38.7,39.25,0.100089,0.136792
depth/depth.csv/40.0/115.0/focus,64,145.9,144.42,0.852108,144.45,143.8,145.025,142.7,146,0.878317,0.839138
depth/depth.csv/40.0/120.0/error_mm,64,-1,-0.998906,0.119338,-1.01,-1.0725,-0.91,-1.3,-0.75,0.100089,0.136792
depth/depth.csv/40.0/120.0/estimated_s_mm,64,39,39.0011,0.119338,38.99,38.9275,39.09,38.7,39.25,0.100089,0.136792
depth/depth.csv/40.0/120.0/focus,64,62.4,61.0453,0.881544,61,60.5,61.8,58.8,62.8,0.853621,0.904196
depth/depth.csv/40.0/125.0/error_mm,64,-1,-0.998906,0.119338,-1.01,-1.0725,-0.91,-1.3,-0.75,0.100089,0.136792
depth/depth.csv/40.0/125.0/estimated_s_mm,64,39,39.0011,0.119338,38.99,38.9275,39.09,38.7,39.25,0.100089,0.136792
depth/depth.csv/40.0/125.0/focus,64,99.4,98.3688,0.896532,98.4,97.7,98.825,96.5,100.7,0.828694,0.929598
depth/depth.csv/40.0/130.0/error_mm,64,-1,-0.998906,0.119338,-1.01,-1.0725,-0.91,-1.3,-0.75,0.100089,0.136792
depth/depth.csv/40.0/130.0/estimated_s_mm,64,39,39.0011,0.119338,38.99,38.9275,39.09,38.7,39.25,0.100089,0.136792
depth/depth.csv/40.0/130.0/focus,64,99.4,98.3688,0.896532,98.4,97.7,98.825,96.5,100.7,0.828694,0.929598
depth/depth.csv/40.0/135.0/error_mm,64,-1,-0.998906,0.119338,-1.01,-1.0725,-0.91,-1.3,-0.75,0.100089,0.136792
depth/depth.csv/40.0/135.0/estimated_s_mm,64,39,39.0011,0.119338,38.99,38.9275,39.09,38.7,39.25,0.100089,0.136792
depth/depth.csv/40.0/135.0/focus,64,99.4,98.3688,0.896532,98.4,97.7,98.825,96.5,100.7,0.828694,0.929598
depth/depth.csv/40.0/140.0/error_mm,64,-1,-0.998906,0.119338,-1.01,-1.0725,-0.91,-1.3,-0.75,0.100089,0.136792
depth/depth.csv/40.0/140.0/estimated_s_mm,64,39,39.0011,0.119338,38.99,38.9275,39.09,38.7,39.25,0.100089,0.136792
depth/depth.csv/40.0/140.0/focus,64,99.4,98.3688,0.896532,98.4,97.7,98.825,96.5,100.7,0.828694,0.929598
depth/depth.csv/40.0/145.0/error_mm,64,-1,-0.998906,0.119338,-1.01,-1.0725,-0.91,-1.3,-0.75,0.100089,0.136792
depth/depth.csv/40.0/145.0/estimated_s_mm,64,39,39.0011,0.119338,38.99,38.9275,39.09,38.7,39.25,0.100089,0.136792
depth/depth.csv/40.0/145.0/focus,64,99.4,98.3688,0.896532,98.4,97.7,98.825,96.5,100.7,0.828694,0.929598
depth/depth.csv/40.0/150.0/error_mm,64,-1,-0.998906,0.119338,-1.01,-1.0725,-0.91,-1.3,-0.75,0.100089,0.136792
depth/depth.csv/40.0/150.0/estimated_s_mm,64,39,39.0011,0.119338,38.99,38.9275,39.09,38.7,39.25,0.100089,0.136792
depth/depth.csv/40.0/150.0/focus,64,99.4,98.3688,0.896532,98.4,97.7,98.825,96.5,100.7,0.828694,0.929598
depth/depth.csv/40.0/155.0/error_mm,64,-1,-0.998906,0.119338,-1.01,-1.0725,-0.91,-1.3,-0.75,0.100089,0.136792
depth/depth.csv/40.0/155.0/estimated_s_mm,64,39,39.0011,0.119338,38.99,38.9275,39.09,38.7,39.25,0.100089,0.136792
depth/depth.csv/40.0/155.0/focus,64,99.4,98.3688,0.896532,98.4,97.7,98.825,96.5,100.7,0.828694,0.929598
depth/depth.csv/40.0/160.0/error_mm,64,-1,-0.998906,0.119338,-1.01,-1.0725,-0.91,-1.3,-0.75,0.100089,0.136792
depth/depth.csv/40.0/160.0/estimated_s_mm,64,39,39.0011,0.119338,38.99,38.9275,39.09,38.7,39.25,0.100089,0.136792
depth/depth.csv/40.0/160.0/focus,64,99.8,98.5844,0.976261,98.6,98,99.2,96.2,101.1,0.877904,1.05818
depth/depth.csv/40.0/165.0/error_mm,64,-1,-0.998906,0.119338,-1.01,-1.0725,-0.91,-1.3,-0.75,0.100089,0.136792
depth/depth.csv/40.0/165.0/estimated_s_mm,64,39,39.0011,0.119338,38.99,38.9275,39.09,38.7,39.25,0.100089,0.136792
depth/depth.csv/40.0/165.0/focus,64,139.1,137.733,0.881927,137.9,137,138.325,135.9,139.5,0.897937,0.877583
depth/depth.csv/40.0/170.0/error_mm,64,-1,-0.998906,0.119338,-1.01,-1.0725,-0.91,-1.3,-0.75,0.100089,0.136792
depth/depth.csv/40.0/170.0/estimated_s_mm,64,39,39.0011,0.119338,38.99,38.9275,39.09,38.7,39.25,0.100089,0.136792
depth/depth.csv/40.0/170.0/focus,64,139.1,137.733,0.881927,137.9,137,138.325,135.9,139.5,0.897937,0.877583
depth/depth.csv/40.0/175.0/error_mm,64,-1,-0.998906,0.119338,-1.01,-1.0725,-0.91,-1.3,-0.75,0.100089,0.136792
depth/depth.csv/40.0/175.0/estimated_s_mm,64,39,39.0011,0.119338,38.99,38.9275,39.09,38.7,39.25,0.100089,0.136792
depth/depth.csv/40.0/175.0/focus,64,139.1,137.733,0.881927,137.9,137,138.325,135.9,139.5,0.897937,0.877583
depth/depth.csv/40.0/180.0/error_mm,64,-1,-0.998906,0.119338,-1.01,-1.0725,-0.91,-1.3,-0.75,0.100089,0.136792
depth/depth.csv/40.0/180.0/estimated_s_mm,64,39,39.0011,0.119338,38.99,38.9275,39.09,38.7,39.25,0.100089,0.136792
depth/depth.csv/40.0/180.0/focus,64,139.1,137.733,0.881927,137.9,137,138.325,135.9,139.5,0.897937,0.877583
depth/depth.csv/40.0/185.0/error_mm,64,-1,-0.998906,0.119338,-1.01,-1.0725,-0.91,-1.3,-0.75,0.100089,0.136792
depth/depth.csv/40.0/185.0/estimated_s_mm,64,39,39.0011,0.119338,38.99,38.9275,39.09,38.7,39.25,0.100089,0.136792
depth/depth.csv/40.0/185.0/focus,64,139.1,137.733,0.881927,137.9,137,138.325,135.9,139.5,0.897937,0.877583
depth/depth.csv/40.0/190.0/error_mm,64,-1,-0.998906,0.119338,-1.01,-1.0725,-0.91,-1.3,-0.75,0.100089,0.136792
depth/depth.csv/40.0/190.0/estimated_s_mm,64,39,39.0011,0.119338,38.99,38.9275,39.09,38.7,39.25,0.100089,0.136792
depth/depth.csv/40.0/190.0/focus,64,139.1,137.733,0.881927,137.9,137,138.325,135.9,139.5,0.897937,0.877583
depth/depth.csv/40.0/195.0/error_mm,64,-1,-0.998906,0.119338,-1.01,-1.0725,-0.91,-1.3,-0.75,0.100089,0.136792
depth/depth.csv/40.0/195.0/estimated_s_mm,64,39,39.0011,0.119338,38.99,38.9275,39.09,38.7,39.25,0.100089,0.136792
depth/depth.csv/40.0/195.0/focus,64,139.1,137.733,0.881927,137.9,137,138.325,135.9,139.5,0.897937,0.877583
depth/depth.csv/40.0/20.0/error_mm,64,-1,-0.998906,0.119338,-1.01,-1.0725,-0.91,-1.3,-0.75,0.100089,0.136792
depth/depth.csv/40.0/20.0/estimated_s_mm,64,39,39.0011,0.119338,38.99,38.9275,39.09,38.7,39.25,0.100089,0.136792
depth/depth.csv/40.0/20.0/focus,64,379.9,379.283,0.894703,379.25,378.5,379.9,377.5,381.5,0.779888,1.00619
depth/depth.csv/40.0/200.0/error_mm,64,-1,-0.998906,0.119338,-1.01,-1.0725,-0.91,-1.3,-0.75,0.100089,0.136792
depth/depth.csv/40.0/200.0/estimated_s_mm,64,39,39.0011,0.119338,38.99,38.9275,39.09,38.7,39.25,0.100089,0.136792
depth/depth.csv/40.0/200.0/focus,64,139.1,137.733,0.881927,137.9,137,138.325,135.9,139.5,0.897937,0.877583
depth/depth.csv/40.0/205.0/error_mm,64,-1,-0.998906,0.119338,-1.01,-1.0725,-0.91,-1.3,-0.75,0.100089,0.136792
depth/depth.csv/40.0/205.0/estimated_s_mm,64,39,39.0011,0.119338,38.99,38.9275,39.09,38.7,39.25,0.100089,0.136792
depth/depth.csv/40.0/205.0/focus,64,139.1,137.733,0.881927,137.9,137,138.325,135.9,139.5,0.897937,0.877583
depth/depth.csv/40.0/210.0/error_mm,64,-1,-0.998906,0.119338,-1.01,-1.0725,-0.91,-1.3,-0.75,0.100089,0.136792
depth/depth.csv/40.0/210.0/estimated_s_mm,64,39,39.0011,0.119338,38.99,38.9275,39.09,38.7,39.25,0.100089,0.136792
depth/depth.csv/40.0/210.0/focus,64,139.1,137.733,0.881927,137.9,137,138.325,135.9,139.5,0.897937,0.877583
depth/depth.csv/40.0/215.0/error_mm,64,-1,-0.998906,0.119338,-1.01,-1.0725,-0.91,-1.3,-0.75,0.100089,0.136792
depth/depth.csv/40.0/215.0/estimated_s_mm,64,39,39.0011,0.119338,38.99,38.9275,39.09,38.7,39.25,0.100089,0.136792
depth/depth.csv/40.0/215.0/focus,64,139.1,137.733,0.881927,137.9,137,138.325,135.9,139.5,0.897937,0.877583
depth/depth.csv/40.0/220.0/error_mm,64,-1,-0.998906,0.119338,-1.01,-1.0725,-0.91,-1.3,-0.75,0.100089,0.136792
depth/depth.csv/40.0/220.0/estimated_s_mm,64,39,39.0011,0.119338,38.99,38.9275,39.09,38.7,39.25,0.100089,0.136792
depth/depth.csv/40.0/220.0/focus,64,139.1,137.733,0.881927,137.9,137,138.325,135.9,139.5,0.897937,0.877583
depth/depth.csv/40.0/225.0/error_mm,64,-1,-0.998906,0.119338,-1.01,-1.0725,-0.91,-1.3,-0.75,0.100089,0.136792
depth/depth.csv/40.0/225.0/estimated_s_mm,64,39,39.0011,0.119338,38.99,38.9275,39.09,38.7,39.25,0.100089,0.136792
depth/depth.csv/40.0/225.0/focus,64,139.1,137.733,0.881927,137.9,137,138.325,135.9,139.5,0.897937,0.877583
depth/depth.csv/40.0/230.0/error_mm,64,-1,-0.998906,0.119338,-1.01,-1.0725,-0.91,-1.3,-0.75,0.100089,0.136792
depth/depth.csv/40.0/230.0/estimated_s_mm,64,39,39.0011,0.119338,38.99,38.9275,39.09,38.7,39.25,0.100089,0.136792
depth/depth.csv/40.0/230.0/focus,64,139.1,137.733,0.881927,137.9,137,138.325,135.9,139.5,0.897937,0.877583
depth/depth.csv/40.0/235.0/error_mm,64,-1,-0.998906,0.119338,-1.01,-1.0725,-0.91,-1.3,-0.75,0.100089,0.136792
depth/depth.csv/40.0/235.0/estimated_s_mm,64,39,39.0011,0.119338,38.99,38.9275,39.09,38.7,39.25,0.100089,0.136792
depth/depth.csv/40.0/235.0/focus,64,139.1,137.733,0.881927,137.9,137,138.325,135.9,139.5,0.897937,0.877583
depth/depth.csv/40.0/240.0/error_mm,64,-1,-0.998906,0.119338,-1.01,-1.0725,-0.91,-1.3,-0.75,0.100089,0.136792
depth/depth.csv/40.0/240.0/estimated_s_mm,64,39,39.0011,0.119338,38.99,38.9275,39.09,38.7,39.25,0.100089,0.136792
depth/depth.csv/40.0/240.0/focus,64,139.1,137.733,0.881927,137.9,137,138.325,135.9,139.5,0.897937,0.877583
depth/depth.csv/40.0/245.0/error_mm,64,-1,-0.998906,0.119338,-1.01,-1.0725,-0.91,-1.3,-0.75,0.100089,0.136792
depth/depth.csv/40.0/245.0/estimated_s_mm,64,39,39.0011,0.119338,38.99,38.9275,39.09,38.7,39.25,0.100089,0.136792
depth/depth.csv/40.0/245.0/focus,64,124.6,122.752,0.856903,122.8,122.2,123.3,120.4,125.3,0.853686,0.873536
depth/depth.csv/40.0/25.0/error_mm,64,-1,-0.998906,0.119338,-1.01,-1.0725,-0.91,-1.3,-0.75,0.100089,0.136792
depth/depth.csv/40.0/25.0/estimated_s_mm,64,39,39.0011,0.119338,38.99,38.9275,39.09,38.7,39.25,0.100089,0.136792
depth/depth.csv/40.0/25.0/focus,64,371.9,371.234,0.87853,371.15,370.6,371.9,368.8,373.3,0.735937,1.00855
depth/depth.csv/40.0/250.0/error_mm,64,-1,-0.998906,0.119338,-1.01,-1.0725,-0.91,-1.3,-0.75,0.100089,0.136792
depth/depth.csv/40.0/250.0/estimated_s_mm,64,39,39.0011,0.119338,38.99,38.9275,39.09,38.7,39.25,0.100089,0.136792
depth/depth.csv/40.0/250.0/focus,64,124.6,122.752,0.856903,122.8,122.2,123.3,120.4,125.3,0.853686,0.873536
depth/depth.csv/40.0/255.0/error_mm,64,-1,-0.998906,0.119338,-1.01,-1.0725,-0.91,-1.3,-0.75,0.100089,0.136792
depth/depth.csv/40.0/255.0/estimated_s_mm,64,39,39.0011,0.119338,38.99,38.9275,39.09,38.7,39.25,0.100089,0.136792
depth/depth.csv/40.0/255.0/focus,64,124.6,122.752,0.856903,122.8,122.2,123.3,120.4,125.3,0.853686,0.873536
depth/depth.csv/40.0/260.0/error_mm,64,-1,-0.998906,0.119338,-1.01,-1.0725,-0.91,-1.3,-0.75,0.100089,0.136792
depth/depth.csv/40.0/260.0/estimated_s_mm,64,39,39.0011,0.119338,38.99,38.9275,39.09,38.7,39.25,0.100089,0.136792
depth/depth.csv/40.0/260.0/focus,64,124.6,122.752,0.856903,122.8,122.2,123.3,120.4,125.3,0.853686,0.873536
depth/depth.csv/40.0/30.0/error_mm,64,-1,-0.998906,0.119338,-1.01,-1.0725,-0.91,-1.3,-0.75,0.100089,0.136792
depth/depth.csv/40.0/30.0/estimated_s_mm,64,39,39.0011,0.119338,38.99,38.9275,39.09,38.7,39.25,0.100089,0.136792
depth/depth.csv/40.0/30.0/focus,64,371.9,371.234,0.87853,371.15,370.6,371.9,368.8,373.3,0.735937,1.00855
depth/depth.csv/40.0/35.0/error_mm,64,-1,-0.998906,0.119338,-1.01,-1.0725,-0.91,-1.3,-0.75,0.100089,0.136792
depth/depth.csv/40.0/35.0/estimated_s_mm,64,39,39.0011,0.119338,38.99,38.9275,39.09,38.7,39.25,0.100089,0.136792
depth/depth.csv/40.0/35.0/focus,64,403.9,403.605,0.733643,403.65,403.075,404.1,401.7,405.1,0.673213,0.800378
depth/depth.csv/40.0/40.0/error_mm,64,-1,-0.998906,0.119338,-1.01,-1.0725,-0.91,-1.3,-0.75,0.100089,0.136792
depth/depth.csv/40.0/40.0/estimated_s_mm,64,39,39.0011,0.119338,38.99,38.9275,39.09,38.7,39.25,0.100089,0.136792
depth/depth.csv/40.0/40.0/focus,64,386.5,386.228,0.686484,386.2,385.7,386.725,384,387.4,0.621644,0.754977
depth/depth.csv/40.0/45.0/error_mm,64,-1,-0.998906,0.119338,-1.01,-1.0725,-0.91,-1.3,-0.75,0.100089,0.136792
depth/depth.csv/40.0/45.0/estimated_s_mm,64,39,39.0011,0.119338,38.99,38.9275,39.09,38.7,39.25,0.100089,0.136792
depth/depth.csv/40.0/45.0/focus,64,386.5,386.228,0.686484,386.2,385.7,386.725,384,387.4,0.621644,0.754977
depth/depth.csv/40.0/50.0/error_mm,64,-1,-0.998906,0.119338,-1.01,-1.0725,-0.91,-1.3,-0.75,0.100089,0.136792
depth/depth.csv/40.0/50.0/estimated_s_mm,64,39,39.0011,0.119338,38.99,38.9275,39.09,38.7,39.25,0.100089,0.136792
depth/depth.csv/40.0/50.0/focus,64,329.3,328.684,0.810686,328.7,328.275,329.2,326.6,330.3,0.784932,0.84347
depth/depth.csv/40.0/55.0/error_mm,64,-1,-0.998906,0.119338,-1.01,-1.0725,-0.91,-1.3,-0.75,0.100089,0.136792
depth/depth.csv/40.0/55.0/estimated_s_mm,64,39,39.0011,0.119338,38.99,38.9275,39.09,38.7,39.25,0.100089,0.136792
depth/depth.csv/40.0/55.0/focus,64,329.3,328.684,0.810686,328.7,328.275,329.2,326.6,330.3,0.784932,0.84347
depth/depth.csv/40.0/60.0/error_mm,64,-1,-0.998906,0.119338,-1.01,-1.0725,-0.91,-1.3,-0.75,0.100089,0.136792
depth/depth.csv/40.0/60.0/estimated_s_mm,64,39,39.0011,0.119338,38.99,38.9275,39.09,38.7,39.25,0.100089,0.136792
depth/depth.csv/40.0/60.0/focus,64,329.3,328.684,0.810686,328.7,328.275,329.2,326.6,330.3,0.784932,0.84347
depth/depth.csv/40.0/65.0/error_mm,64,-1,-0.998906,0.119338,-1.01,-1.0725,-0.91,-1.3,-0.75,0.100089,0.136792
depth/depth.csv/40.0/65.0/estimated_s_mm,64,39,39.0011,0.119338,38.99,38.9275,39.09,38.7,39.25,0.100089,0.136792
depth/depth.csv/40.0/65.0/focus,64,329.3,328.684,0.810686,328.7,328.275,329.2,326.6,330.3,0.784932,0.84347
depth/depth.csv/40.0/70.0/error_mm,64,-1,-0.998906,0.119338,-1.01,-1.0725,-0.91,-1.3,-0.75,0.100089,0.136792
depth/depth.csv/40.0/70.0/estimated_s_mm,64,39,39.0011,0.119338,38.99,38.9275,39.09,38.7,39.25,0.100089,0.136792
depth/depth.csv/40.0/70.0/focus,64,329.3,328.684,0.810686,328.7,328.275,329.2,326.6,330.3,0.784932,0.84347
depth/depth.csv/40.0/75.0/error_mm,64,-1,-0.998906,0.119338,-1.01,-1.0725,-0.91,-1.3,-0.75,0.100089,0.136792
depth/depth.csv/40.0/75.0/estimated_s_mm,64,39,39.0011,0.119338,38.99,38.9275,39.09,38.7,39.25,0.100089,0.136792
depth/depth.csv/40.0/75.0/focus,64,206.5,205.37,0.874449,205.4,204.775,206,203.6,207.3,0.930466,0.822853
depth/depth.csv/40.0/80.0/error_mm,64,-1,-0.998906,0.119338,-1.01,-1.0725,-0.91,-1.3,-0.75,0.100089,0.136792
depth/depth.csv/40.0/80.0/estimated_s_mm,64,39,39.0011,0.119338,38.99,38.9275,39.09,38.7,39.25,0.100089,0.136792
depth/depth.csv/40.0/80.0/focus,64,206.5,205.37,0.874449,205.4,204.775,206,203.6,207.3,0.930466,0.822853
depth/depth.csv/40.0/85.0/error_mm,64,-1,-0.998906,0.119338,-1.01,-1.0725,-0.91,-1.3,-0.75,0.100089,0.136792
depth/depth.csv/40.0/85.0/estimated_s_mm,64,39,39.0011,0.119338,38.99,38.9275,39.09,38.7,39.25,0.100089,0.136792
depth/depth.csv/40.0/85.0/focus,64,145.9,144.42,0.852108,144.45,143.8,145.025,142.7,146,0.878317,0.839138
depth/depth.csv/40.0/90.0/error_mm,64,-1,-0.998906,0.119338,-1.01,-1.0725,-0.91,-1.3,-0.75,0.100089,0.136792
depth/depth.csv/40.0/90.0/estimated_s_mm,64,39,39.0011,0.119338,38.99,38.9275,39.09,38.7,39.25,0.100089,0.136792
depth/depth.csv/40.0/90.0/focus,64,145.9,144.42,0.852108,144.45,143.8,145.025,142.7,146,0.878317,0.839138
depth/depth.csv/40.0/95.0/error_mm,64,-1,-0.998906,0.119338,-1.01,-1.0725,-0.91,-1.3,-0.75,0.100089,0.136792
depth/depth.csv/40.0/95.0/estimated_s_mm,64,39,39.0011,0.119338,38.99,38.9275,39.09,38.7,39.25,0.100089,0.136792
depth/depth.csv/40.0/95.0/focus,64,145.9,144.42,0.852108,144.45,143.8,145.025,142.7,146,0.878317,0.839138
depth/depth.csv/60.0/100.0/error_mm,64,0,0,0,0,0,0,0,0,0,0
depth/depth.csv/60.0/100.0/estimated_s_mm,64,60,60,0,60,60,60,60,60,0,0
depth/depth.csv/60.0/100.0/focus,64,141,140.717,0.541179,140.8,140.375,141.1,139.6,142.1,0.569663,0.516726
depth/depth.csv/60.0/105.0/error_mm,64,0,0,0,0,0,0,0,0,0,0
depth/depth.csv/60.0/105.0/estimated_s_mm,64,60,60,0,60,60,60,60,60,0,0
depth/depth.csv/60.0/105.0/focus,64,141,140.717,0.541179,140.8,140.375,141.1,139.6,142.1,0.569663,0.516726
depth/depth.csv/60.0/110.0/error_mm,64,0,0,0,0,0,0,0,0,0,0
depth/depth.csv/60.0/110.0/estimated_s_mm,64,60,60,0,60,60,60,60,60,0,0
depth/depth.csv/60.0/110.0/focus,64,141,140.717,0.541179,140.8,140.375,141.1,139.6,142.1,0.569663,0.516726
depth/depth.csv/60.0/115.0/error_mm,64,0,0,0,0,0,0,0,0,0,0
depth/depth.csv/60.0/115.0/estimated_s_mm,64,60,60,0,60,60,60,60,60,0,0
depth/depth.csv/60.0/115.0/focus,64,141,140.717,0.541179,140.8,140.375,141.1,139.6,142.1,0.569663,0.516726
depth/depth.csv/60.0/120.0/error_mm,64,0,0,0,0,0,0,0,0,0,0
depth/depth.csv/60.0/120.0/estimated_s_mm,64,60,60,0,60,60,60,60,60,0,0
depth/depth.csv/60.0/120.0/focus,64,64.1,63.7781,0.582951,63.8,63.3,64.2,62.8,65.2,0.533363,0.607347
depth/depth.csv/60.0/125.0/error_mm,64,0,0,0,0,0,0,0,0,0,0
depth/depth.csv/60.0/125.0/estimated_s_mm,64,60,60,0,60,60,60,60,60,0,0
depth/depth.csv/60.0/125.0/focus,64,72.6,72.3922,0.52563,72.4,72.1,72.7,71.2,73.5,0.552852,0.470233
depth/depth.csv/60.0/130.0/error_mm,64,0,0,0,0,0,0,0,0,0,0
depth/depth.csv/60.0/130.0/estimated_s_mm,64,60,60,0,60,60,60,60,60,0,0
depth/depth.csv/60.0/130.0/focus,64,72.6,72.3922,0.52563,72.4,72.1,72.7,71.2,73.5,0.552852,0.470233
depth/depth.csv/60.0/135.0/error_mm,64,0,0,0,0,0,0,0,0,0,0
depth/depth.csv/60.0/135.0/estimated_s_mm,64,60,60,0,60,60,60,60,60,0,0
depth/depth.csv/60.0/135.0/focus,64,72.6,72.3922,0.52563,72.4,72.1,72.7,71.2,73.5,0.552852,0.470233
depth/depth.csv/60.0/140.0/error_mm,64,0,0,0,0,0,0,0,0,0,0
depth/depth.csv/60.0/140.0/estimated_s_mm,64,60,60,0,60,60,60,60,60,0,0
depth/depth.csv/60.0/140.0/focus,64,72.6,72.3922,0.52563,72.4,72.1,72.7,71.2,73.5,0.552852,0.470233
depth/depth.csv/60.0/145.0/error_mm,64,0,0,0,0,0,0,0,0,0,0
depth/depth.csv/60.0/145.0/estimated_s_mm,64,60,60,0,60,60,60,60,60,0,0
depth/depth.csv/60.0/145.0/focus,64,72.6,72.3922,0.52563,72.4,72.1,72.7,71.2,73.5,0.552852,0.470233
depth/depth.csv/60.0/150.0/error_mm,64,0,0,0,0,0,0,0,0,0,0
depth/depth.csv/60.0/150.0/estimated_s_mm,64,60,60,0,60,60,60,60,60,0,0
depth/depth.csv/60.0/150.0/focus,64,72.6,72.3922,0.52563,72.4,72.1,72.7,71.2,73.5,0.552852,0.470233
depth/depth.csv/60.0/155.0/error_mm,64,0,0,0,0,0,0,0,0,0,0
depth/depth.csv/60.0/155.0/estimated_s_mm,64,60,60,0,60,60,60,60,60,0,0
depth/depth.csv/60.0/155.0/focus,64,72.6,72.3922,0.52563,72.4,72.1,72.7,71.2,73.5,0.552852,0.470233
depth/depth.csv/60.0/160.0/error_mm,64,0,0,0,0,0,0,0,0,0,0
depth/depth.csv/60.0/160.0/estimated_s_mm,64,60,60,0,60,60,60,60,60,0,0
depth/depth.csv/60.0/160.0/focus,64,61.2,60.6,0.599735,60.6,60.2,61.025,59.3,61.9,0.636388,0.559801
depth/depth.csv/60.0/165.0/error_mm,64,0,0,0,0,0,0,0,0,0,0
depth/depth.csv/60.0/165.0/estimated_s_mm,64,60,60,0,60,60,60,60,60,0,0
depth/depth.csv/60.0/165.0/focus,64,83.4,82.7422,0.622286,82.8,82.4,83.125,81.2,84,0.710116,0.520197
depth/depth.csv/60.0/170.0/error_mm,64,0,0,0,0,0,0,0,0,0,0
depth/depth.csv/60.0/170.0/estimated_s_mm,64,60,60,0,60,60,60,60,60,0,0
depth/depth.csv/60.0/170.0/focus,64,83.4,82.7422,0.622286,82.8,82.4,83.125,81.2,84,0.710116,0.520197
depth/depth.csv/60.0/175.0/error_mm,64,0,0,0,0,0,0,0,0,0,0
depth/depth.csv/60.0/175.0/estimated_s_mm,64,60,60,0,60,60,60,60,60,0,0
depth/depth.csv/60.0/175.0/focus,64,83.4,82.7422,0.622286,82.8,82.4,83.125,81.2,84,0.710116,0.520197
depth/depth.csv/60.0/180.0/error_mm,64,0,0,0,0,0,0,0,0,0,0
depth/depth.csv/60.0/180.0/estimated_s_mm,64,60,60,0,60,60,60,60,60,0,0
depth/depth.csv/60.0/180.0/focus,64,83.4,82.7422,0.622286,82.8,82.4,83.125,81.2,84,0.710116,0.520197
depth/depth.csv/60.0/185.0/error_mm,64,0,0,0,0,0,0,0,0,0,0
depth/depth.csv/60.0/185.0/estimated_s_mm,64,60,60,0,60,60,60,60,60,0,0
depth/depth.csv/60.0/185.0/focus,64,83.4,82.7422,0.622286,82.8,82.4,83.125,81.2,84,0.710116,0.520197
depth/depth.csv/60.0/190.0/error_mm,64,0,0,0,0,0,0,0,0,0,0
depth/depth.csv/60.0/190.0/estimated_s_mm,64,60,60,0,60,60,60,60,60,0,0
depth/depth.csv/60.0/190.0/focus,64,83.4,82.7422,0.622286,82.8,82.4,83.125,81.2,84,0.710116,0.520197
depth/depth.csv/60.0/195.0/error_mm,64,0,0,0,0,0,0,0,0,0,0
depth/depth.csv/60.0/195.0/estimated_s_mm,64,60,60,0,60,60,60,60,60,0,0
depth/depth.csv/60.0/195.0/focus,64,83.4,82.7422,0.622286,82.8,82.4,83.125,81.2,84,0.710116,0.520197
depth/depth.csv/60.0/20.0/error_mm,64,0,0,0,0,0,0,0,0,0,0
depth/depth.csv/60.0/20.0/estimated_s_mm,64,60,60,0,60,60,60,60,60,0,0
depth/depth.csv/60.0/20.0/focus,64,210.6,209.889,0.545433,209.85,209.6,210.2,208.8,211.1,0.599185,0.495138
depth/depth.csv/60.0/200.0/error_mm,64,0,0,0,0,0,0,0,0,0,0
depth/depth.csv/60.0/200.0/estimated_s_mm,64,60,60,0,60,60,60,60,60,0,0
depth/depth.csv/60.0/200.0/focus,64,83.4,82.7422,0.622286,82.8,82.4,83.125,81.2,84,0.710116,0.520197
depth/depth.csv/60.0/205.0/error_mm,64,0,0,0,0,0,0,0,0,0,0
depth/depth.csv/60.0/205.0/estimated_s_mm,64,60,60,0,60,60,60,60,60,0,0
depth/depth.csv/60.0/205.0/focus,64,83.4,82.7422,0.622286,82.8,82.4,83.125,81.2,84,0.710116,0.520197
depth/depth.csv/60.0/210.0/error_mm,64,0,0,0,0,0,0,0,0,0,0
depth/depth.csv/60.0/210.0/estimated_s_mm,64,60,60,0,60,60,60,60,60,0,0
depth/depth.csv/60.0/210.0/focus,64,83.4,82.7422,0.622286,82.8,82.4,83.125,81.2,84,0.710116,0.520197
depth/depth.csv/60.0/215.0/error_mm,64,0,0,0,0,0,0,0,0,0,0
depth/depth.csv/60.0/215.0/estimated_s_mm,64,60,60,0,60,60,60,60,60,0,0
depth/depth.csv/60.0/215.0/focus,64,83.4,82.7422,0.622286,82.8,82.4,83.125,81.2,84,0.710116,0.520197
depth/depth.csv/60.0/220.0/error_mm,64,0,0,0,0,0,0,0,0,0,0
depth/depth.csv/60.0/220.0/estimated_s_mm,64,60,60,0,60,60,60,60,60,0,0
depth/depth.csv/60.0/220.0/focus,64,83.4,82.7422,0.622286,82.8,82.4,83.125,81.2,84,0.710116,0.520197
depth/depth.csv/60.0/225.0/error_mm,64,0,0,0,0,0,0,0,0,0,0
depth/depth.csv/60.0/225.0/estimated_s_mm,64,60,60,0,60,60,60,60,60,0,0
depth/depth.csv/60.0/225.0/focus,64,83.4,82.7422,0.622286,82.8,82.4,83.125,81.2,84,0.710116,0.520197
depth/depth.csv/60.0/230.0/error_mm,64,0,0,0,0,0,0,0,0,0,0
depth/depth.csv/60.0/230.0/estimated_s_mm,64,60,60,0,60,60,60,60,60,0,0
depth/depth.csv/60.0/230.0/focus,64,83.4,82.7422,0.622286,82.8,82.4,83.125,81.2,84,0.710116,0.520197
depth/depth.csv/60.0/235.0/error_mm,64,0,0,0,0,0,0,0,0,0,0
depth/depth.csv/60.0/235.0/estimated_s_mm,64,60,60,0,60,60,60,60,60,0,0
depth/depth.csv/60.0/235.0/focus,64,83.4,82.7422,0.622286,82.8,82.4,83.125,81.2,84,0.710116,0.520197
depth/depth.csv/60.0/240.0/error_mm,64,0,0,0,0,0,0,0,0,0,0
depth/depth.csv/60.0/240.0/estimated_s_mm,64,60,60,0,60,60,60,60,60,0,0
depth/depth.csv/60.0/240.0/focus,64,83.4,82.7422,0.622286,82.8,82.4,83.125,81.2,84,0.710116,0.520197
depth/depth.csv/60.0/245.0/error_mm,64,0,0,0,0,0,0,0,0,0,0
depth/depth.csv/60.0/245.0/estimated_s_mm,64,60,60,0,60,60,60,60,60,0,0
depth/depth.csv/60.0/245.0/focus,64,80.4,79.5859,0.602868,79.7,79.1,80,78.4,81,0.627648,0.586371
depth/depth.csv/60.0/25.0/error_mm,64,0,0,0,0,0,0,0,0,0,0
depth/depth.csv/60.0/25.0/estimated_s_mm,64,60,60,0,60,60,60,60,60,0,0
depth/depth.csv/60.0/25.0/focus,64,189.8,189.131,0.624595,189.1,188.8,189.525,187.7,190.5,0.703842,0.543872
depth/depth.csv/60.0/250.0/error_mm,64,0,0,0,0,0,0,0,0,0,0
depth/depth.csv/60.0/250.0/estimated_s_mm,64,60,60,0,60,60,60,60,60,0,0
depth/depth.csv/60.0/250.0/focus,64,80.4,79.5859,0.602868,79.7,79.1,80,78.4,81,0.627648,0.586371
depth/depth.csv/60.0/255.0/error_mm,64,0,0,0,0,0,0,0,0,0,0
depth/depth.csv/60.0/255.0/estimated_s_mm,64,60,60,0,60,60,60,60,60,0,0
depth/depth.csv/60.0/255.0/focus,64,80.4,79.5859,0.602868,79.7,79.1,80,78.4,81,0.627648,0.586371
depth/depth.csv/60.0/260.0/error_mm,64,0,0,0,0,0,0,0,0,0,0
depth/depth.csv/60.0/260.0/estimated_s_mm,64,60,60,0,60,60,60,60,60,0,0
depth/depth.csv/60.0/260.0/focus,64,80.4,79.5859,0.602868,79.7,79.1,80,78.4,81,0.627648,0.586371
depth/depth.csv/60.0/30.0/error_mm,64,0,0,0,0,0,0,0,0,0,0
depth/depth.csv/60.0/30.0/estimated_s_mm,64,60,60,0,60,60,60,60,60,0,0
depth/depth.csv/60.0/30.0/focus,64,189.8,189.131,0.624595,189.1,188.8,189.525,187.7,190.5,0.703842,0.543872
depth/depth.csv/60.0/35.0/error_mm,64,0,0,0,0,0,0,0,0,0,0
depth/depth.csv/60.0/35.0/estimated_s_mm,64,60,60,0,60,60,60,60,60,0,0
depth/depth.csv/60.0/35.0/focus,64,207.6,207.447,0.60657,207.5,207,207.8,206.2,208.8,0.636768,0.581633
depth/depth.csv/60.0/40.0/error_mm,64,0,0,0,0,0,0,0,0,0,0
depth/depth.csv/60.0/40.0/estimated_s_mm,64,60,60,0,60,60,60,60,60,0,0
depth/depth.csv/60.0/40.0/focus,64,223.5,223.256,0.561708,223.25,222.9,223.6,222,224.5,0.548449,0.570715
depth/depth.csv/60.0/45.0/error_mm,64,0,0,0,0,0,0,0,0,0,0
depth/depth.csv/60.0/45.0/estimated_s_mm,64,60,60,0,60,60,60,60,60,0,0
depth/depth.csv/60.0/45.0/focus,64,223.5,223.256,0.561708,223.25,222.9,223.6,222,224.5,0.548449,0.570715
depth/depth.csv/60.0/50.0/error_mm,64,0,0,0,0,0,0,0,0,0,0
depth/depth.csv/60.0/50.0/estimated_s_mm,64,60,60,0,60,60,60,60,60,0,0
depth/depth.csv/60.0/50.0/focus,64,295.3,294.814,0.567609,294.8,294.475,295.2,293.5,296.1,0.551382,0.591881
depth/depth.csv/60.0/55.0/error_mm,64,0,0,0,0,0,0,0,0,0,0
depth/depth.csv/60.0/55.0/estimated_s_mm,64,60,60,0,60,60,60,60,60,0,0
depth/depth.csv/60.0/55.0/focus,64,295.3,294.814,0.567609,294.8,294.475,295.2,293.5,296.1,0.551382,0.591881
depth/depth.csv/60.0/60.0/error_mm,64,0,0,0,0,0,0,0,0,0,0
depth/depth.csv/60.0/60.0/estimated_s_mm,64,60,60,0,60,60,60,60,60,0,0
depth/depth.csv/60.0/60.0/focus,64,295.3,294.814,0.567609,294.8,294.475,295.2,293.5,296.1,0.551382,0.591881
depth/depth.csv/60.0/65.0/error_mm,64,0,0,0,0,0,0,0,0,0,0
depth/depth.csv/60.0/65.0/estimated_s_mm,64,60,60,0,60,60,60,60,60,0,0
depth/depth.csv/60.0/65.0/focus,64,295.3,294.814,0.567609,294.8,294.475,295.2,293.5,296.1,0.551382,0.591881
depth/depth.csv/60.0/70.0/error_mm,64,0,0,0,0,0,0,0,0,0,0
depth/depth.csv/60.0/70.0/estimated_s_mm,64,60,60,0,60,60,60,60,60,0,0
depth/depth.csv/60.0/70.0/focus,64,295.3,294.814,0.567609,294.8,294.475,295.2,293.5,296.1,0.551382,0.591881
depth/depth.csv/60.0/75.0/error_mm,64,0,0,0,0,0,0,0,0,0,0
depth/depth.csv/60.0/75.0/estimated_s_mm,64,60,60,0,60,60,60,60,60,0,0
depth/depth.csv/60.0/75.0/focus,64,191.6,191.097,0.586344,191.1,190.875,191.525,189.7,192.4,0.606118,0.574175
depth/depth.csv/60.0/80.0/error_mm,64,0,0,0,0,0,0,0,0,0,0
depth/depth.csv/60.0/80.0/estimated_s_mm,64,60,60,0,60,60,60,60,60,0,0
depth/depth.csv/60.0/80.0/focus,64,191.6,191.097,0.586344,191.1,190.875,191.525,189.7,192.4,0.606118,0.574175
depth/depth.csv/60.0/85.0/error_mm,64,0,0,0,0,0,0,0,0,0,0
depth/depth.csv/60.0/85.0/estimated_s_mm,64,60,60,0,60,60,60,60,60,0,0
depth/depth.csv/60.0/85.0/focus,64,141,140.717,0.541179,140.8,140.375,141.1,139.6,142.1,0.569663,0.516726
depth/depth.csv/60.0/90.0/error_mm,64,0,0,0,0,0,0,0,0,0,0
depth/depth.csv/60.0/90.0/estimated_s_mm,64,60,60,0,60,60,60,60,60,0,0
depth/depth.csv/60.0/90.0/focus,64,141,140.717,0.541179,140.8,140.375,141.1,139.6,142.1,0.569663,0.516726
depth/depth.csv/60.0/95.0/error_mm,64,0,0,0,0,0,0,0,0,0,0
depth/depth.csv/60.0/95.0/estimated_s_mm,64,60,60,0,60,60,60,60,60,0,0
depth/depth.csv/60.0/95.0/focus,64,141,140.717,0.541179,140.8,140.375,141.1,139.6,142.1,0.569663,0.516726
depth/estimate/100.0,64,97.34,97.3648,0.0347779,97.37,97.34,97.39,97.3,97.46,0.0398675,0.0282771
depth/estimate/150.0,64,140,140.01,0.0175481,140,140,140.012,140,140.1,0.0199167,0.0151305
depth/estimate/200.0,64,213.93,213.975,0.0861339,213.975,213.92,214.04,213.81,214.18,0.0957062,0.0743466
depth/estimate/40.0,64,39,39.0011,0.119338,38.99,38.9275,39.09,38.7,39.25,0.100089,0.136792
depth/estimate/60.0,64,60,60,0,60,60,60,60,60,0,0
depth/plot_width/100.0,64,135,135,0,135,135,135,135,135,0,0
depth/plot_width/150.0,64,240,240,0,240,240,240,240,240,0,0
depth/plot_width/200.0,64,240,240,0,240,240,240,240,240,0,0
depth/plot_width/40.0,64,50,50,0,50,50,50,50,50,0,0
depth/plot_width/60.0,64,60,60,0,60,60,60,60,60,0,0
depth3d/depth3d.csv/3d/offaxis_far/100/depth_bias_mm,64,-8.31,-11.9294,3.45921,-11.965,-14.5925,-9.5375,-18.43,-3.16,3.30095,3.66249
depth3d/depth3d.csv/3d/offaxis_far/100/depth_rms_mm,64,25.52,27.9587,2.90706,28.265,26.0375,30.07,21.81,35.2,2.41372,3.35503
depth3d/depth3d.csv/3d/offaxis_far/100/lateral_rms_mm,64,3.001,3.87462,0.654165,3.848,3.44475,4.2165,2.247,5.47,0.687186,0.629422
depth3d/depth3d.csv/3d/offaxis_far/100/true_s_mm,64,150,150,0,150,150,150,150,150,0,0
depth3d/depth3d.csv/3d/offaxis_far/100/true_x_mm,64,5,5,0,5,5,5,5,5,0,0
depth3d/depth3d.csv/3d/offaxis_far/100/true_y_mm,64,0,0,0,0,0,0,0,0,0,0
depth3d/depth3d.csv/3d/offaxis_far/1000/depth_bias_mm,64,-16.77,-16.6675,0.880891,-16.695,-17.3275,-16.17,-18.36,-14.39,0.954629,0.814537
depth3d/depth3d.csv/3d/offaxis_far/1000/depth_rms_mm,64,17.98,17.8959,0.79738,17.935,17.4475,18.3825,15.79,19.49,0.878833,0.71965
depth3d/depth3d.csv/3d/offaxis_far/1000/lateral_rms_mm,64,0.577,0.583344,0.0204576,0.582,0.57175,0.5985,0.529,0.624,0.0246062,0.0156419
depth3d/depth3d.csv/3d/offaxis_far/1000/true_s_mm,64,150,150,0,150,150,150,150,150,0,0
depth3d/depth3d.csv/3d/offaxis_far/1000/true_x_mm,64,5,5,0,5,5,5,5,5,0,0
depth3d/depth3d.csv/3d/offaxis_far/1000/true_y_mm,64,0,0,0,0,0,0,0,0,0,0
depth3d/depth3d.csv/3d/offaxis_far/300/depth_bias_mm,64,-14.75,-14.6281,1.47762,-14.74,-15.7125,-13.6025,-18.61,-11.17,1.67844,1.20327
depth3d/depth3d.csv/3d/offaxis_far/300/depth_rms_mm,64,17.95,18.3247,1.39277,18.075,17.2125,19.385,15.87,22.19,1.50123,1.28225
depth3d/depth3d.csv/3d/offaxis_far/300/lateral_rms_mm,64,0.64,0.914828,0.453259,0.6755,0.63875,1.3295,0.57,2.387,0.430228,0.476554
depth3d/depth3d.csv/3d/offaxis_far/300/true_s_mm,64,150,150,0,150,150,150,150,150,0,0
depth3d/depth3d.csv/3d/offaxis_far/300/true_x_mm,64,5,5,0,5,5,5,5,5,0,0
depth3d/depth3d.csv/3d/offaxis_far/300/true_y_mm,64,0,0,0,0,0,0,0,0,0,0
depth3d/depth3d.csv/3d/offaxis_far/3000/depth_bias_mm,64,-18.5,-18.4166,0.674081,-18.395,-18.84,-17.955,-20.08,-16.52,0.730166,0.621603
depth3d/depth3d.csv/3d/offaxis_far/3000/depth_rms_mm,64,19.13,18.8858,0.6408,18.895,18.515,19.295,17.03,20.48,0.700567,0.582808
depth3d/depth3d.csv/3d/offaxis_far/3000/lateral_rms_mm,64,0.58,0.580469,0.0145067,0.58,0.569,0.58825,0.556,0.62,0.0146065,0.0146392
depth3d/depth3d.csv/3d/offaxis_far/3000/true_s_mm,64,150,150,0,150,150,150,150,150,0,0
depth3d/depth3d.csv/3d/offaxis_far/3000/true_x_mm,64,5,5,0,5,5,5,5,5,0,0
depth3d/depth3d.csv/3d/offaxis_far/3000/true_y_mm,64,0,0,0,0,0,0,0,0,0,0
depth3d/depth3d.csv/3d/offaxis_near/100/depth_bias_mm,64,7.94,11.4272,2.55386,10.93,9.3275,13.18,7.15,18.27,2.64598,2.48984
depth3d/depth3d.csv/3d/offaxis_near/100/depth_rms_mm,64,8.89,19.8259,6.41039,19.315,14.8425,24.07,8.86,35.7,7.08244,5.7301
depth3d/depth3d.csv/3d/offaxis_near/100/lateral_rms_mm,64,1.613,2.36881,0.877395,2.3235,1.765,2.944,0.369,4.273,0.972224,0.778615
depth3d/depth3d.csv/3d/offaxis_near/100/true_s_mm,64,60,60,0,60,60,60,60,60,0,0
depth3d/depth3d.csv/3d/offaxis_near/100/true_x_mm,64,5,5,0,5,5,5,5,5,0,0
depth3d/depth3d.csv/3d/offaxis_near/100/true_y_mm,64,0,0,0,0,0,0,0,0,0,0
depth3d/depth3d.csv/3d/offaxis_near/1000/depth_bias_mm,64,7.66,7.66828,0.0570033,7.675,7.63,7.7,7.5,7.81,0.0590986,0.0557645
depth3d/depth3d.csv/3d/offaxis_near/1000/depth_rms_mm,64,7.68,7.68078,0.056857,7.69,7.6475,7.72,7.51,7.82,0.0593377,0.0552113
depth3d/depth3d.csv/3d/offaxis_near/1000/lateral_rms_mm,64,0.32,0.313422,0.0124273,0.314,0.30625,0.32075,0.287,0.341,0.0118769,0.0130189
depth3d/depth3d.csv/3d/offaxis_near/1000/true_s_mm,64,60,60,0,60,60,60,60,60,0,0
depth3d/depth3d.csv/3d/offaxis_near/1000/true_x_mm,64,5,5,0,5,5,5,5,5,0,0
depth3d/depth3d.csv/3d/offaxis_near/1000/true_y_mm,64,0,0,0,0,0,0,0,0,0,0
depth3d/depth3d.csv/3d/offaxis_near/300/depth_bias_mm,64,7.51,7.45531,0.174583,7.44,7.36,7.5175,7.12,7.95,0.171271,0.180169
depth3d/depth3d.csv/3d/offaxis_near/300/depth_rms_mm,64,7.62,7.56906,0.334795,7.49,7.4075,7.63,7.16,9.29,0.28189,0.385085
depth3d/depth3d.csv/3d/offaxis_near/300/lateral_rms_mm,64,0.286,0.287516,0.131142,0.273,0.26175,0.284,0.229,1.312,0.0159211,0.185249
depth3d/depth3d.csv/3d/offaxis_near/300/true_s_mm,64,60,60,0,60,60,60,60,60,0,0
depth3d/depth3d.csv/3d/offaxis_near/300/true_x_mm,64,5,5,0,5,5,5,5,5,0,0
depth3d/depth3d.csv/3d/offaxis_near/300/true_y_mm,64,0,0,0,0,0,0,0,0,0,0
depth3d/depth3d.csv/3d/offaxis_near/3000/depth_bias_mm,64,7.81,7.80344,0.0380567,7.8,7.78,7.83,7.73,7.89,0.035264,0.0388078
depth3d/depth3d.csv/3d/offaxis_near/3000/depth_rms_mm,64,7.82,7.80766,0.0370646,7.805,7.78,7.8325,7.74,7.89,0.0336356,0.0388338
depth3d/depth3d.csv/3d/offaxis_near/3000/lateral_rms_mm,64,0.352,0.35225,0.0081338,0.352,0.347,0.361,0.332,0.366,0.00798076,0.00792194
depth3d/depth3d.csv/3d/offaxis_near/3000/true_s_mm,64,60,60,0,60,60,60,60,60,0,0
depth3d/depth3d.csv/3d/offaxis_near/3000/true_x_mm,64,5,5,0,5,5,5,5,5,0,0
depth3d/depth3d.csv/3d/offaxis_near/3000/true_y_mm,64,0,0,0,0,0,0,0,0,0,0
depth3d/depth3d.csv/alt_oracle/offaxis_far/100/depth_bias_mm,64,-4.93,-2.95828,2.29064,-2.87,-4.915,-1.355,-7.19,2.65,2.33813,2.27046
depth3d/depth3d.csv/alt_oracle/offaxis_far/100/depth_rms_mm,64,14.62,18.2475,4.21866,17.905,14.945,20.3675,11.19,31.63,4.10308,4.392
depth3d/depth3d.csv/alt_oracle/offaxis_far/100/lateral_rms_mm,64,3.389,3.4972,0.781858,3.4675,3.0885,3.987,2.005,5.55,0.754381,0.818301
depth3d/depth3d.csv/alt_oracle/offaxis_far/100/true_s_mm,64,150,150,0,150,150,150,150,150,0,0
depth3d/depth3d.csv/alt_oracle/offaxis_far/100/true_x_mm,64,5,5,0,5,5,5,5,5,0,0
depth3d/depth3d.csv/alt_oracle/offaxis_far/100/true_y_mm,64,0,0,0,0,0,0,0,0,0,0
depth3d/depth3d.csv/alt_oracle/offaxis_far/1000/depth_bias_mm,64,-0.81,-0.610625,0.481841,-0.56,-0.8775,-0.3675,-1.86,0.41,0.483467,0.484442
depth3d/depth3d.csv/alt_oracle/offaxis_far/1000/depth_rms_mm,64,3.9,3.52891,0.536618,3.54,3.1175,3.8625,2.35,4.62,0.579498,0.498574
depth3d/depth3d.csv/alt_oracle/offaxis_far/1000/lateral_rms_mm,64,0.533,0.526281,0.00811909,0.525,0.522,0.528,0.515,0.57,0.00532937,0.0100261
depth3d/depth3d.csv/alt_oracle/offaxis_far/1000/true_s_mm,64,150,150,0,150,150,150,150,150,0,0
depth3d/depth3d.csv/alt_oracle/offaxis_far/1000/true_x_mm,64,5,5,0,5,5,5,5,5,0,0
depth3d/depth3d.csv/alt_oracle/offaxis_far/1000/true_y_mm,64,0,0,0,0,0,0,0,0,0,0
depth3d/depth3d.csv/alt_oracle/offaxis_far/300/depth_bias_mm,64,0.72,-1.67484,1.01178,-1.85,-2.19,-0.9825,-4.26,0.72,0.978236,1.05864
depth3d/depth3d.csv/alt_oracle/offaxis_far/300/depth_rms_mm,64,7.74,7.73891,2.02797,7.265,6.6775,7.9925,5.71,17.24,1.22832,2.60106
depth3d/depth3d.csv/alt_oracle/offaxis_far/300/lateral_rms_mm,64,0.602,0.701656,0.290236,0.5935,0.57,0.63575,0.525,1.572,0.269249,0.312947
depth3d/depth3d.csv/alt_oracle/offaxis_far/300/true_s_mm,64,150,150,0,150,150,150,150,150,0,0
depth3d/depth3d.csv/alt_oracle/offaxis_far/300/true_x_mm,64,5,5,0,5,5,5,5,5,0,0
depth3d/depth3d.csv/alt_oracle/offaxis_far/300/true_y_mm,64,0,0,0,0,0,0,0,0,0,0
depth3d/depth3d.csv/alt_oracle/offaxis_far/3000/depth_bias_mm,64,-0.37,-0.278125,0.253126,-0.32,-0.4125,-0.0875,-0.91,0.23,0.26394,0.239472
depth3d/depth3d.csv/alt_oracle/offaxis_far/3000/depth_rms_mm,64,1.55,1.66219,0.252432,1.625,1.5175,1.77,1.01,2.39,0.211095,0.289977
depth3d/depth3d.csv/alt_oracle/offaxis_far/3000/lateral_rms_mm,64,0.52,0.520781,0.00153756,0.521,0.52,0.522,0.517,0.524,0.0016458,0.0014024
depth3d/depth3d.csv/alt_oracle/offaxis_far/3000/true_s_mm,64,150,150,0,150,150,150,150,150,0,0
depth3d/depth3d.csv/alt_oracle/offaxis_far/3000/true_x_mm,64,5,5,0,5,5,5,5,5,0,0
depth3d/depth3d.csv/alt_oracle/offaxis_far/3000/true_y_mm,64,0,0,0,0,0,0,0,0,0,0
depth3d/depth3d.csv/alt_oracle/offaxis_near/100/depth_bias_mm,64,-6.77,-6.75625,0.494742,-6.675,-7.17,-6.475,-7.73,-5.33,0.505032,0.485788
depth3d/depth3d.csv/alt_oracle/offaxis_near/100/depth_rms_mm,64,8.22,7.83031,0.763644,7.725,7.295,8.1625,6.63,11.36,0.588535,0.88228
depth3d/depth3d.csv/alt_oracle/offaxis_near/100/lateral_rms_mm,64,1.295,1.28106,0.677084,1.4075,0.44375,1.90225,0.417,2.751,0.649916,0.703081
depth3d/depth3d.csv/alt_oracle/offaxis_near/100/true_s_mm,64,60,60,0,60,60,60,60,60,0,0
depth3d/depth3d.csv/alt_oracle/offaxis_near/100/true_x_mm,64,5,5,0,5,5,5,5,5,0,0
depth3d/depth3d.csv/alt_oracle/offaxis_near/100/true_y_mm,64,0,0,0,0,0,0,0,0,0,0
depth3d/depth3d.csv/alt_oracle/offaxis_near/1000/depth_bias_mm,64,-6.81,-6.68438,0.0898654,-6.68,-6.74,-6.63,-6.92,-6.47,0.0873668,0.0933078
depth3d/depth3d.csv/alt_oracle/offaxis_near/1000/depth_rms_mm,64,6.85,6.71656,0.091482,6.705,6.6675,6.77,6.5,6.96,0.0886997,0.0950928
depth3d/depth3d.csv/alt_oracle/offaxis_near/1000/lateral_rms_mm,64,0.418,0.417078,0.00163595,0.417,0.416,0.418,0.414,0.421,0.001306,0.00184888
depth3d/depth3d.csv/alt_oracle/offaxis_near/1000/true_s_mm,64,60,60,0,60,60,60,60,60,0,0
depth3d/depth3d.csv/alt_oracle/offaxis_near/1000/true_x_mm,64,5,5,0,5,5,5,5,5,0,0
depth3d/depth3d.csv/alt_oracle/offaxis_near/1000/true_y_mm,64,0,0,0,0,0,0,0,0,0,0
depth3d/depth3d.csv/alt_oracle/offaxis_near/300/depth_bias_mm,64,-6.99,-6.63797,0.198168,-6.62,-6.76,-6.5175,-7.21,-6.27,0.195973,0.203398
depth3d/depth3d.csv/alt_oracle/offaxis_near/300/depth_rms_mm,64,7.19,6.77172,0.211349,6.73,6.62,6.88,6.39,7.33,0.210847,0.215223
depth3d/depth3d.csv/alt_oracle/offaxis_near/300/lateral_rms_mm,64,0.42,0.416906,0.00514463,0.416,0.413,0.42,0.409,0.435,0.00433466,0.00590986
depth3d/depth3d.csv/alt_oracle/offaxis_near/300/true_s_mm,64,60,60,0,60,60,60,60,60,0,0
depth3d/depth3d.csv/alt_oracle/offaxis_near/300/true_x_mm,64,5,5,0,5,5,5,5,5,0,0
depth3d/depth3d.csv/alt_oracle/offaxis_near/300/true_y_mm,64,0,0,0,0,0,0,0,0,0,0
depth3d/depth3d.csv/alt_oracle/offaxis_near/3000/depth_bias_mm,64,-6.53,-6.64344,0.0517386,-6.645,-6.68,-6.62,-6.75,-6.53,0.0565677,0.0458686
depth3d/depth3d.csv/alt_oracle/offaxis_near/3000/depth_rms_mm,64,6.54,6.65313,0.0524291,6.655,6.62,6.69,6.54,6.76,0.0563936,0.0474129
depth3d/depth3d.csv/alt_oracle/offaxis_near/3000/lateral_rms_mm,64,0.415,0.417437,0.000973865,0.417,0.417,0.418,0.415,0.419,0.00112478,0.000802592
depth3d/depth3d.csv/alt_oracle/offaxis_near/3000/true_s_mm,64,60,60,0,60,60,60,60,60,0,0
depth3d/depth3d.csv/alt_oracle/offaxis_near/3000/true_x_mm,64,5,5,0,5,5,5,5,5,0,0
depth3d/depth3d.csv/alt_oracle/offaxis_near/3000/true_y_mm,64,0,0,0,0,0,0,0,0,0,0
depth3d/depth3d.csv/alternating/offaxis_far/100/depth_bias_mm,64,-24.61,-30.7852,4.09639,-31.24,-33.825,-27.17,-38.58,-21.1,3.92566,4.32218
depth3d/depth3d.csv/alternating/offaxis_far/100/depth_rms_mm,64,40.05,45.6512,4.28899,46.4,42.6475,49.0875,36.12,53.6,4.3398,4.2516
depth3d/depth3d.csv/alternating/offaxis_far/100/lateral_rms_mm,64,3.626,4.71048,0.549287,4.7465,4.32925,5.02925,3.417,6.057,0.521725,0.559626
depth3d/depth3d.csv/alternating/offaxis_far/100/true_s_mm,64,150,150,0,150,150,150,150,150,0,0
depth3d/depth3d.csv/alternating/offaxis_far/100/true_x_mm,64,5,5,0,5,5,5,5,5,0,0
depth3d/depth3d.csv/alternating/offaxis_far/100/true_y_mm,64,0,0,0,0,0,0,0,0,0,0
depth3d/depth3d.csv/alternating/offaxis_far/1000/depth_bias_mm,64,-15.71,-13.9323,1.94154,-13.775,-15.425,-12.545,-19.34,-9.53,1.97155,1.8134
depth3d/depth3d.csv/alternating/offaxis_far/1000/depth_rms_mm,64,24.11,20.1084,3.84214,20.51,16.8275,22.8475,12.19,29.75,3.92247,3.64683
depth3d/depth3d.csv/alternating/offaxis_far/1000/lateral_rms_mm,64,1.293,1.07908,0.452962,0.822,0.694,1.37275,0.603,2.409,0.449421,0.462714
depth3d/depth3d.csv/alternating/offaxis_far/1000/true_s_mm,64,150,150,0,150,150,150,150,150,0,0
depth3d/depth3d.csv/alternating/offaxis_far/1000/true_x_mm,64,5,5,0,5,5,5,5,5,0,0
depth3d/depth3d.csv/alternating/offaxis_far/1000/true_y_mm,64,0,0,0,0,0,0,0,0,0,0
depth3d/depth3d.csv/alternating/offaxis_far/300/depth_bias_mm,64,-18.15,-20.9148,3.83558,-20.905,-22.9875,-18.165,-30.09,-13.75,3.95354,3.756
depth3d/depth3d.csv/alternating/offaxis_far/300/depth_rms_mm,64,33.68,33.7897,6.03306,33.69,29.7725,38.4,19.86,46.71,5.97221,6.0883
depth3d/depth3d.csv/alternating/offaxis_far/300/lateral_rms_mm,64,1.803,2.38048,0.667702,2.4315,2.0325,2.769,0.82,4.009,0.663388,0.657683
depth3d/depth3d.csv/alternating/offaxis_far/300/true_s_mm,64,150,150,0,150,150,150,150,150,0,0
depth3d/depth3d.csv/alternating/offaxis_far/300/true_x_mm,64,5,5,0,5,5,5,5,5,0,0
depth3d/depth3d.csv/alternating/offaxis_far/300/true_y_mm,64,0,0,0,0,0,0,0,0,0,0
depth3d/depth3d.csv/alternating/offaxis_far/3000/depth_bias_mm,64,-12.09,-10.7628,1.03291,-10.78,-11.31,-9.9675,-13.11,-8.65,0.977455,1.08183
depth3d/depth3d.csv/alternating/offaxis_far/3000/depth_rms_mm,64,14.51,12.9305,1.49617,12.95,12.0275,13.58,10.33,19.83,1.18398,1.77189
depth3d/depth3d.csv/alternating/offaxis_far/3000/lateral_rms_mm,64,0.654,0.614891,0.111886,0.6,0.5845,0.62,0.541,1.465,0.0295842,0.1558
depth3d/depth3d.csv/alternating/offaxis_far/3000/true_s_mm,64,150,150,0,150,150,150,150,150,0,0
depth3d/depth3d.csv/alternating/offaxis_far/3000/true_x_mm,64,5,5,0,5,5,5,5,5,0,0
depth3d/depth3d.csv/alternating/offaxis_far/3000/true_y_mm,64,0,0,0,0,0,0,0,0,0,0
depth3d/depth3d.csv/alternating/offaxis_near/100/depth_bias_mm,64,18.71,22.4961,4.1266,22.045,19.9375,24.72,14.8,35.76,3.80358,4.4877
depth3d/depth3d.csv/alternating/offaxis_near/100/depth_rms_mm,64,34.5,39.5036,3.62372,39.205,37.045,41.7925,32.58,49.04,3.60468,3.69385
depth3d/depth3d.csv/alternating/offaxis_near/100/lateral_rms_mm,64,4.282,5.75908,0.555552,5.8225,5.45975,6.1185,4.282,6.838,0.595547,0.521819
depth3d/depth3d.csv/alternating/offaxis_near/100/true_s_mm,64,60,60,0,60,60,60,60,60,0,0
depth3d/depth3d.csv/alternating/offaxis_near/100/true_x_mm,64,5,5,0,5,5,5,5,5,0,0
depth3d/depth3d.csv/alternating/offaxis_near/100/true_y_mm,64,0,0,0,0,0,0,0,0,0,0
depth3d/depth3d.csv/alternating/offaxis_near/1000/depth_bias_mm,64,4.9,4.53937,4.2481,5.235,1.095,7.56,-8.51,12.14,4.05048,4.50094
depth3d/depth3d.csv/alternating/offaxis_near/1000/depth_rms_mm,64,30.06,29.0931,2.03479,28.89,27.865,30.06,25,37.54,1.54674,2.39902
depth3d/depth3d.csv/alternating/offaxis_near/1000/lateral_rms_mm,64,3.729,3.62598,0.452528,3.6675,3.3755,3.86275,2.513,5.009,0.41951,0.484301
depth3d/depth3d.csv/alternating/offaxis_near/1000/true_s_mm,64,60,60,0,60,60,60,60,60,0,0
depth3d/depth3d.csv/alternating/offaxis_near/1000/true_x_mm,64,5,5,0,5,5,5,5,5,0,0
depth3d/depth3d.csv/alternating/offaxis_near/1000/true_y_mm,64,0,0,0,0,0,0,0,0,0,0
depth3d/depth3d.csv/alternating/offaxis_near/300/depth_bias_mm,64,9.47,9.93609,4.23135,9.78,7.5625,12.2175,-0.38,19.52,4.29246,4.21922
depth3d/depth3d.csv/alternating/offaxis_near/300/depth_rms_mm,64,34.69,33.8189,2.48166,33.71,32.7225,35.195,29.34,39.2,2.03245,2.89052
depth3d/depth3d.csv/alternating/offaxis_near/300/lateral_rms_mm,64,5.188,4.71023,0.457243,4.738,4.37525,5.11975,3.714,5.597,0.46781,0.453913
depth3d/depth3d.csv/alternating/offaxis_near/300/true_s_mm,64,60,60,0,60,60,60,60,60,0,0
depth3d/depth3d.csv/alternating/offaxis_near/300/true_x_mm,64,5,5,0,5,5,5,5,5,0,0
depth3d/depth3d.csv/alternating/offaxis_near/300/true_y_mm,64,0,0,0,0,0,0,0,0,0,0
depth3d/depth3d.csv/alternating/offaxis_near/3000/depth_bias_mm,64,-2.3,1.03984,4.03161,1.2,-1.5825,3.9,-8.56,12.05,4.0713,4.02858
depth3d/depth3d.csv/alternating/offaxis_near/3000/depth_rms_mm,64,22.1,25.7455,2.16231,25.735,24.5225,27.4525,21.14,29.77,2.11147,2.24582
depth3d/depth3d.csv/alternating/offaxis_near/3000/lateral_rms_mm,64,3.197,3.16719,0.448347,3.1235,2.914,3.443,2.1,4.281,0.444907,0.451251
depth3d/depth3d.csv/alternating/offaxis_near/3000/true_s_mm,64,60,60,0,60,60,60,60,60,0,0
depth3d/depth3d.csv/alternating/offaxis_near/3000/true_x_mm,64,5,5,0,5,5,5,5,5,0,0
depth3d/depth3d.csv/alternating/offaxis_near/3000/true_y_mm,64,0,0,0,0,0,0,0,0,0,0
depthdesign/depthdesign.csv/1400/C,64,0.84,0.839453,0.000501733,0.839,0.839,0.84,0.839,0.84,0.000508001,0.000498991
depthdesign/depthdesign.csv/1400/depth_fwhm_mm,64,1794.6,1794.45,0.705077,1794.5,1793.8,1795.1,1792.9,1796.1,0.629636,0.780967
depthdesign/depthdesign.csv/150/C,64,6.275,6.2625,0.0106592,6.261,6.256,6.271,6.234,6.29,0.0104406,0.0109149
depthdesign/depthdesign.csv/150/depth_fwhm_mm,64,60.5,60.3828,0.109188,60.4,60.3,60.5,60.1,60.7,0.114608,0.104727
depthdesign/depthdesign.csv/250/C,64,1.955,1.95639,0.00403405,1.9565,1.953,1.96,1.949,1.964,0.00403812,0.00407676
depthdesign/depthdesign.csv/250/depth_fwhm_mm,64,84,84.0781,0.182112,84.1,83.9,84.2,83.7,84.4,0.192501,0.17367
depthdesign/depthdesign.csv/400/C,64,1.738,1.74511,0.00444407,1.7445,1.742,1.748,1.735,1.757,0.00466931,0.00425581
depthdesign/depthdesign.csv/400/depth_fwhm_mm,64,239.2,240.161,0.617886,240.1,239.8,240.525,238.8,241.9,0.650062,0.591736
depthdesign/depthdesign.csv/600/C,64,0.478,0.477406,0.00184062,0.478,0.476,0.479,0.473,0.482,0.00183931,0.00184478
depthdesign/depthdesign.csv/600/depth_fwhm_mm,64,165.9,165.75,0.625389,165.85,165.4,166.2,164.1,167.3,0.643258,0.611376
depthdesign/depthdesign.csv/900/C,64,1.41,1.40927,0.000445157,1.409,1.409,1.41,1.409,1.41,0.000470929,0.000420013
depthdesign/depthdesign.csv/900/depth_fwhm_mm,64,1184,1183.95,0.0615403,1184,1183.9,1184,1183.8,1184.1,0.0669015,0.0567074
depthsharp/1400/fwhm,32,1975.96,1976.09,0.487864,1976.13,1975.81,1976.4,1975.15,1976.98,0.420601,0.508688
depthsharp/150/fwhm,32,35.3863,35.4627,0.122487,35.463,35.3843,35.5473,35.184,35.6632,0.124656,0.124208
depthsharp/250/fwhm,32,148.476,148.657,0.344295,148.563,148.464,148.917,148.098,149.766,0.268565,0.414984
depthsharp/400/fwhm,32,397.051,397.581,0.666161,397.52,397.076,397.987,396.384,399.032,0.516762,0.802767
depthsharp/600/fwhm,32,557.123,557.122,0.429299,557.177,556.896,557.421,556.011,557.728,0.432166,0.416729
depthsharp/900/fwhm,32,1190.56,1190.39,0.417399,1190.34,1190.08,1190.71,1189.64,1191.2,0.437834,0.41031
depthsharp/first150_fwhm_fraction,32,0.235909,0.236418,0.000816578,0.23642,0.235895,0.236982,0.23456,0.237754,0.000831039,0.000828052
depthsharp/first150_pass10,32,0,0,0,0,0,0,0,0,0,0
depthsharp/power,32,1.74421,1.74318,0.00126545,1.74324,1.74228,1.74405,1.74032,1.746,0.00113942,0.00141293
depthsharp/range10,32,150,150,0,150,150,150,150,150,0,0
depthsharp/range20,32,195.836,195.667,0.226829,195.666,195.535,195.803,194.959,196.143,0.172249,0.276239
doi/doi.csv/0.00/10.0/doi_shift_mm,64,-0.0089,-0.00889688,0.000278869,-0.0089,-0.009025,-0.0087,-0.0096,-0.0083,0.000281413,0.000280481
doi/doi.csv/0.00/10.0/fwhm_doi_mm,64,2.4629,2.46136,0.00186407,2.46175,2.46018,2.46252,2.4574,2.4655,0.00173839,0.0019767
doi/doi.csv/0.00/10.0/fwhm_nodoi_mm,64,2.4968,2.49802,0.00145597,2.4982,2.497,2.49892,2.4945,2.5014,0.00157828,0.00134702
doi/doi.csv/0.00/20.0/doi_shift_mm,64,-0.0084,-0.00859062,0.000275288,-0.0086,-0.0087,-0.0084,-0.0094,-0.0079,0.000259788,0.000291945
doi/doi.csv/0.00/20.0/fwhm_doi_mm,64,2.4603,2.46197,0.00137943,2.462,2.46097,2.46293,2.4588,2.4646,0.00150188,0.00126939
doi/doi.csv/0.00/20.0/fwhm_nodoi_mm,64,2.4971,2.49843,0.00130188,2.4984,2.49737,2.4995,2.496,2.5016,0.00138144,0.00123343
doi/doi.csv/0.00/30.0/doi_shift_mm,64,-0.0078,-0.00772188,0.000277442,-0.0077,-0.0079,-0.0075,-0.0082,-0.0068,0.000321037,0.00023062
doi/doi.csv/0.00/30.0/fwhm_doi_mm,64,2.4726,2.47306,0.00108565,2.4731,2.47232,2.4739,2.4708,2.4758,0.00113766,0.00104869
doi/doi.csv/0.00/30.0/fwhm_nodoi_mm,64,2.4964,2.4983,0.0013014,2.49825,2.49742,2.49903,2.4955,2.5018,0.00125563,0.00135506
doi/doi.csv/0.00/5.0/doi_shift_mm,64,-0.0062,-0.00561406,0.0002468,-0.0056,-0.0058,-0.0054,-0.0063,-0.0052,0.000236554,0.000243628
doi/doi.csv/0.00/5.0/fwhm_doi_mm,64,2.4791,2.48101,0.00218573,2.4812,2.4793,2.48228,2.4747,2.4869,0.00215539,0.00224962
doi/doi.csv/0.00/5.0/fwhm_nodoi_mm,64,2.4999,2.49818,0.00201915,2.4982,2.49688,2.4995,2.4939,2.5038,0.00224447,0.00179227
doi/doi.csv/3.00/10.0/doi_shift_mm,64,0.013,0.0130609,0.000181368,0.0131,0.0129,0.0132,0.0125,0.0134,0.000179493,0.000185975
doi/doi.csv/3.00/10.0/fwhm_doi_mm,64,2.5244,2.52563,0.00318489,2.5255,2.52358,2.52725,2.5186,2.5332,0.00276519,0.00360051
doi/doi.csv/3.00/10.0/fwhm_nodoi_mm,64,2.5272,2.53028,0.00292586,2.53,2.52818,2.5327,2.5238,2.5366,0.00339197,0.00239569
doi/doi.csv/3.00/20.0/doi_shift_mm,64,0.0156,0.0154156,0.000183631,0.0154,0.0153,0.0155,0.015,0.016,0.000207034,0.00014085
doi/doi.csv/3.00/20.0/fwhm_doi_mm,64,2.491,2.48877,0.0031542,2.48865,2.48707,2.4903,2.4823,2.4988,0.00335746,0.00292615
doi/doi.csv/3.00/20.0/fwhm_nodoi_mm,64,2.5339,2.53014,0.00264699,2.5299,2.52853,2.53185,2.5247,2.5367,0.00271066,0.00256097
doi/doi.csv/3.00/30.0/doi_shift_mm,64,0.0158,0.0159422,0.000187553,0.0159,0.0158,0.0161,0.0154,0.0164,0.000196722,0.000180389
doi/doi.csv/3.00/30.0/fwhm_doi_mm,64,2.466,2.46542,0.00233447,2.46525,2.46378,2.4668,2.4609,2.4713,0.00238608,0.00231857
doi/doi.csv/3.00/30.0/fwhm_nodoi_mm,64,2.5297,2.52965,0.00217526,2.52945,2.52838,2.53063,2.5253,2.5351,0.00251781,0.00178759
doi/doi.csv/3.00/5.0/doi_shift_mm,64,0.008,0.00796094,0.000160967,0.008,0.0079,0.008,0.0075,0.0083,0.000149697,0.000172154
doi/doi.csv/3.00/5.0/fwhm_doi_mm,64,2.5105,2.5155,0.00431154,2.5159,2.5121,2.51775,2.5075,2.5252,0.0043596,0.00433067
doi/doi.csv/3.00/5.0/fwhm_nodoi_mm,64,2.5295,2.53012,0.00440223,2.53005,2.52775,2.53285,2.5174,2.5399,0.00403134,0.00480963
doi/doi.csv/6.00/10.0/doi_shift_mm,64,0,0,0,0,0,0,0,0,0,0
doi/doi.csv/6.00/10.0/fwhm_doi_mm,64,3.4679,3.47156,0.00440009,3.47125,3.46837,3.47483,3.4612,3.4857,0.0040244,0.00471411
doi/doi.csv/6.00/10.0/fwhm_nodoi_mm,64,3.5165,3.52098,0.00342196,3.5211,3.51835,3.52357,3.5125,3.5274,0.00336447,0.00336969
doi/doi.csv/6.00/20.0/doi_shift_mm,64,0,0,0,0,0,0,0,0,0,0
doi/doi.csv/6.00/20.0/fwhm_doi_mm,64,3.1431,3.14553,0.00473529,3.1448,3.14215,3.14872,3.1341,3.1611,0.00463981,0.00481343
doi/doi.csv/6.00/20.0/fwhm_nodoi_mm,64,3.5228,3.52142,0.00331273,3.52145,3.51925,3.52352,3.5152,3.5305,0.00368917,0.002922
doi/doi.csv/6.00/30.0/doi_shift_mm,64,0.8784,0.879242,0.000790982,0.8792,0.8787,0.8798,0.8774,0.881,0.000870848,0.000711994
doi/doi.csv/6.00/30.0/fwhm_doi_mm,64,3.1311,3.13054,0.00310886,3.13085,3.12865,3.13223,3.1224,3.1393,0.00321161,0.00297939
doi/doi.csv/6.00/30.0/fwhm_nodoi_mm,64,3.5208,3.52082,0.00270251,3.5207,3.51927,3.52268,3.513,3.5274,0.00253773,0.00288445
doi/doi.csv/6.00/5.0/doi_shift_mm,64,0,0,0,0,0,0,0,0,0,0
doi/doi.csv/6.00/5.0/fwhm_doi_mm,64,3.485,3.48418,0.0041352,3.484,3.48117,3.48692,3.4756,3.4962,0.00381398,0.00440113
doi/doi.csv/6.00/5.0/fwhm_nodoi_mm,64,3.5295,3.52291,0.00392408,3.52305,3.5197,3.5258,3.5155,3.5314,0.00409017,0.00369039
doi/doi.csv/9.00/10.0/doi_shift_mm,64,0.1928,0.192337,0.00193919,0.19235,0.1908,0.19375,0.1884,0.1958,0.00186093,0.00199026
doi/doi.csv/9.00/20.0/doi_shift_mm,64,0.2796,0.277816,0.00137208,0.278,0.277,0.2788,0.274,0.2804,0.00148237,0.00124834
doi/doi.csv/9.00/30.0/doi_shift_mm,64,0.298,0.299227,0.00137197,0.2994,0.298275,0.2998,0.2968,0.3025,0.00155408,0.00118703
doi/doi.csv/9.00/5.0/doi_shift_mm,64,0.0952,0.0933984,0.00154617,0.0935,0.09235,0.0943,0.0898,0.098,0.00155086,0.00152506
dose/dose_overrange.csv/1/live_corrected_ratio,64,0.90802,0.906945,0.00326242,0.90737,0.904487,0.909048,0.89721,0.91416,0.00323037,0.00334483
dose/dose_overrange.csv/1/live_fraction,64,0.99995,0.99995,0,0.99995,0.99995,0.99995,0.99995,0.99995,0,0
dose/dose_overrange.csv/1/raw_ratio,64,0.90798,0.906897,0.00326166,0.90732,0.904438,0.909,0.89717,0.91411,0.00322898,0.00334468
dose/dose_overrange.csv/1/recorded_cps,64,53.7,53.6547,0.13325,53.7,53.575,53.7,53.3,53.9,0.124434,0.143368
dose/dose_overrange.csv/1/true_cps,64,54,53.9062,0.293785,54,54,54,53,54,0.296145,0.296145
dose/dose_overrange.csv/10/live_corrected_ratio,64,0.90802,0.906945,0.00326242,0.90737,0.904487,0.909048,0.89721,0.91416,0.00323037,0.00334483
dose/dose_overrange.csv/10/live_fraction,64,0.99946,0.999461,3.33333e-06,0.99946,0.99946,0.99946,0.99946,0.99947,3.36011e-06,3.36011e-06
dose/dose_overrange.csv/10/raw_ratio,64,0.90754,0.906459,0.0032592,0.90688,0.904005,0.908558,0.89674,0.91367,0.00322684,0.00334187
dose/dose_overrange.csv/10/recorded_cps,64,536.5,536.309,1.28628,536.3,535.275,537.125,532.8,539,1.18402,1.3981
dose/dose_overrange.csv/10/true_cps,64,537,536.562,1.34371,537,535.75,537.25,533,539,1.2696,1.43368
dose/dose_overrange.csv/100/live_corrected_ratio,64,0.90802,0.906945,0.00326242,0.90737,0.904487,0.909048,0.89721,0.91416,0.00323037,0.00334483
dose/dose_overrange.csv/100/live_fraction,64,0.99465,0.994648,1.324e-05,0.99465,0.99464,0.99466,0.99462,0.99468,1.17389e-05,1.47527e-05
dose/dose_overrange.csv/100/raw_ratio,64,0.90316,0.902092,0.00323567,0.902515,0.89965,0.904173,0.89244,0.90925,0.00320461,0.0033167
dose/dose_overrange.csv/100/recorded_cps,64,5339.3,5337.28,12.7485,5337.5,5327,5345.15,5302.8,5363.5,11.667,13.9143
dose/dose_overrange.csv/100/true_cps,64,5368,5365.97,12.8297,5366,5355.75,5374.25,5331,5392,11.8512,13.9143
dose/dose_overrange.csv/1000/live_corrected_ratio,64,0.90802,0.906945,0.00326242,0.90737,0.904487,0.909048,0.89721,0.91416,0.00323037,0.00334483
dose/dose_overrange.csv/1000/live_fraction,64,0.94773,0.947754,0.000122355,0.94775,0.947677,0.947852,0.9475,0.94808,0.000111706,0.000133827
dose/dose_overrange.csv/1000/raw_ratio,64,0.86057,0.859562,0.00300306,0.859975,0.857265,0.861457,0.85063,0.86619,0.00298256,0.00307032
dose/dose_overrange.csv/1000/recorded_cps,64,50874.8,50856.5,115.54,50858.8,50763.5,50928,50543.9,51093.7,105.811,126.047
dose/dose_overrange.csv/1000/true_cps,64,53680,53660,128.805,53662.5,53556,53739.5,53312,53925,117.885,140.581
dose/dose_overrange.csv/1E+04/live_corrected_ratio,64,0.90802,0.906945,0.00326242,0.90737,0.904487,0.909048,0.89721,0.91416,0.00323037,0.00334483
dose/dose_overrange.csv/1E+04/live_fraction,64,0.58461,0.584733,0.000752654,0.584715,0.584265,0.585343,0.58319,0.58677,0.000688972,0.000821347
dose/dose_overrange.csv/1E+04/raw_ratio,64,0.53084,0.530319,0.00141236,0.530555,0.529373,0.531225,0.52646,0.5332,0.00145598,0.00139066
dose/dose_overrange.csv/1E+04/recorded_cps,64,313823,313767,349.054,313775,313486,313983,312819,314482,320.101,380.432
dose/dose_overrange.csv/1E+04/true_cps,64,536805,536600,1288.22,536625,535563,537396,533116,539245,1179.7,1405.39
dose/dose_overrange.csv/1E+05/live_corrected_ratio,64,0.90802,0.906945,0.00326242,0.90737,0.904487,0.909048,0.89721,0.91416,0.00323037,0.00334483
dose/dose_overrange.csv/1E+05/live_fraction,64,0.0046632,0.00467316,6.01959e-05,0.0046716,0.00463567,0.0047215,0.0045508,0.0048384,5.53795e-05,6.5462e-05
dose/dose_overrange.csv/1E+05/raw_ratio,64,0.0042343,0.00423815,4.31562e-05,0.00423395,0.00421275,0.00427173,0.0041392,0.0043411,3.949e-05,4.70945e-05
dose/dose_overrange.csv/1E+05/recorded_cps,64,25032.5,25075.4,262.815,25069,24912.1,25286.6,24539.9,25794.5,241.531,286.016
dose/dose_overrange.csv/1E+05/true_cps,64,5.36804e+06,5.366e+06,12882.3,5.36625e+06,5.35563e+06,5.37397e+06,5.33116e+06,5.39245e+06,11796.5,14054.6
dose/dose_overrange.csv/1E+06/live_corrected_ratio,64,4.4154e-21,4.53648e-21,5.71906e-22,4.4878e-21,4.16582e-21,4.99197e-21,3.465e-21,6.3088e-21,5.47608e-22,6.03441e-22
dose/dose_overrange.csv/1E+06/live_fraction,64,4.8627e-24,5.0038e-24,6.45888e-25,4.9506e-24,4.58315e-24,5.50562e-24,3.8095e-24,7.0315e-24,6.19757e-25,6.80333e-25
dose/dose_overrange.csv/1E+06/raw_ratio,64,4.4154e-24,4.53648e-24,5.71906e-25,4.4878e-24,4.16583e-24,4.99197e-24,3.465e-24,6.3088e-24,5.47608e-25,6.03441e-25
dose/dose_overrange.csv/1E+06/recorded_cps,64,0,0,0,0,0,0,0,0,0,0
dose/dose_overrange.csv/1E+06/true_cps,64,5.36805e+07,5.366e+07,128823,5.36625e+07,5.35563e+07,5.37397e+07,5.33116e+07,5.39245e+07,117965,140545
dose/dose_ratio.csv/Am-241/0.0/0.0/ratio,64,1.0604,1.06306,0.00231923,1.06305,1.06148,1.06455,1.0578,1.068,0.00242409,0.00219085
dose/dose_ratio.csv/Co-57/0.0/0.0/ratio,64,0.9047,0.907356,0.00209276,0.907,0.905975,0.90865,0.9039,0.9136,0.00217411,0.00203342
dose/dose_ratio.csv/Co-60/0.0/0.0/ratio,64,1.0529,1.05026,0.00331498,1.0505,1.04785,1.05295,1.0425,1.0567,0.00314491,0.00351705
dose/dose_ratio.csv/Cs-137/0.0/0.0/ratio,64,0.908,0.906945,0.00326428,0.9074,0.904475,0.909075,0.8972,0.9142,0.00322721,0.00335145
dose/dose_ratio.csv/Ir-192/0.0/0.0/ratio,64,1.0046,1.00273,0.00181072,1.00295,1.0015,1.0039,0.9981,1.0068,0.00174521,0.00180723
dose/dose_ratio.csv/angle/122.0/0.0/ratio,64,0.9042,0.903925,0.00235332,0.9037,0.90235,0.905125,0.8996,0.9107,0.00216235,0.0025637
dose/dose_ratio.csv/angle/122.0/10.0/ratio,64,0.0905,0.0908109,0.000734008,0.0909,0.090375,0.0913,0.0891,0.0925,0.000804016,0.000630124
dose/dose_ratio.csv/angle/122.0/2.5/ratio,64,0.6596,0.660086,0.00248544,0.65995,0.6583,0.662,0.6545,0.6659,0.0027714,0.00206726
dose/dose_ratio.csv/angle/122.0/20.0/ratio,64,0,0,0,0,0,0,0,0,0,0
dose/dose_ratio.csv/angle/122.0/30.0/ratio,64,0,0,0,0,0,0,0,0,0,0
dose/dose_ratio.csv/angle/122.0/45.0/ratio,64,0,0,0,0,0,0,0,0,0,0
dose/dose_ratio.csv/angle/122.0/5.0/ratio,64,0.3702,0.371002,0.00155334,0.3709,0.3701,0.3716,0.3674,0.3753,0.0016344,0.00147391
dose/dose_ratio.csv/angle/122.0/60.0/ratio,64,0,0,0,0,0,0,0,0,0,0
dose/dose_ratio.csv/angle/1250.0/0.0/ratio,64,1.0464,1.04954,0.00326125,1.04915,1.04715,1.0518,1.0436,1.0572,0.00301089,0.00354226
dose/dose_ratio.csv/angle/1250.0/10.0/ratio,64,0.6625,0.661987,0.0028429,0.662,0.65995,0.66385,0.6552,0.67,0.00270488,0.00300388
dose/dose_ratio.csv/angle/1250.0/2.5/ratio,64,0.9804,0.981325,0.00404051,0.98085,0.978475,0.9837,0.9738,0.9915,0.00401672,0.00412653
dose/dose_ratio.csv/angle/1250.0/20.0/ratio,64,0.4708,0.472303,0.00279796,0.47195,0.4699,0.474675,0.4673,0.4783,0.00267875,0.00295225
dose/dose_ratio.csv/angle/1250.0/30.0/ratio,64,0.3798,0.377095,0.00230744,0.3774,0.375425,0.3788,0.3714,0.3818,0.00195718,0.00262887
dose/dose_ratio.csv/angle/1250.0/45.0/ratio,64,0.2136,0.211828,0.00145716,0.212,0.210775,0.212725,0.2089,0.2146,0.0013605,0.00155997
dose/dose_ratio.csv/angle/1250.0/5.0/ratio,64,0.8557,0.859572,0.00317907,0.85945,0.857525,0.861225,0.8519,0.8689,0.00297143,0.00340487
dose/dose_ratio.csv/angle/1250.0/60.0/ratio,64,0.069,0.0694562,0.000652194,0.0695,0.069,0.0699,0.0678,0.0712,0.000591744,0.00064458
dose/dose_ratio.csv/angle/316.0/0.0/ratio,64,1.0609,1.05633,0.00319917,1.0558,1.0543,1.05783,1.049,1.0648,0.00361432,0.00273348
dose/dose_ratio.csv/angle/316.0/10.0/ratio,64,0.1508,0.151178,0.00131457,0.15135,0.1504,0.1519,0.1487,0.1551,0.00114413,0.0014768
dose/dose_ratio.csv/angle/316.0/2.5/ratio,64,0.8251,0.81932,0.00353096,0.81985,0.817025,0.821625,0.8092,0.8256,0.00286403,0.00405009
dose/dose_ratio.csv/angle/316.0/20.0/ratio,64,0.0071,0.00736719,0.0002928,0.0074,0.0072,0.007525,0.0066,0.008,0.000303856,0.000260273
dose/dose_ratio.csv/angle/316.0/30.0/ratio,64,0.0042,0.00400781,0.000183705,0.004,0.0039,0.0041,0.0036,0.0045,0.000206253,0.000161364
dose/dose_ratio.csv/angle/316.0/45.0/ratio,64,0.0007,0.000759375,7.70874e-05,0.0008,0.0007,0.0008,0.0006,0.0009,7.17719e-05,8.27331e-05
dose/dose_ratio.csv/angle/316.0/5.0/ratio,64,0.5179,0.519953,0.00233775,0.5198,0.518825,0.521375,0.514,0.5271,0.00234768,0.00232656
dose/dose_ratio.csv/angle/316.0/60.0/ratio,64,0,0,0,0,0,0,0,0,0,0
dose/dose_ratio.csv/angle/60.0/0.0/ratio,64,1.068,1.06703,0.00157621,1.06695,1.0659,1.06805,1.0642,1.0702,0.00159008,0.00158459
dose/dose_ratio.csv/angle/60.0/10.0/ratio,64,0.1156,0.113259,0.000859073,0.11335,0.11265,0.1139,0.1111,0.1156,0.000847952,0.000811255
dose/dose_ratio.csv/angle/60.0/2.5/ratio,64,0.7865,0.785183,0.00229157,0.7852,0.7836,0.7869,0.781,0.7907,0.00211956,0.00236357
dose/dose_ratio.csv/angle/60.0/20.0/ratio,64,0,0,0,0,0,0,0,0,0,0
dose/dose_ratio.csv/angle/60.0/30.0/ratio,64,0,0,0,0,0,0,0,0,0,0
dose/dose_ratio.csv/angle/60.0/45.0/ratio,64,0,0,0,0,0,0,0,0,0,0
dose/dose_ratio.csv/angle/60.0/5.0/ratio,64,0.4415,0.441492,0.00157856,0.4415,0.440175,0.4426,0.4383,0.4453,0.00161683,0.00151854
dose/dose_ratio.csv/angle/60.0/60.0/ratio,64,0,0,0,0,0,0,0,0,0,0
dose/dose_ratio.csv/angle/662.0/0.0/ratio,64,0.9198,0.917759,0.00342807,0.9177,0.91535,0.92005,0.91,0.9257,0.00340282,0.00350718
dose/dose_ratio.csv/angle/662.0/10.0/ratio,64,0.4047,0.4064,0.00211315,0.4067,0.40505,0.4078,0.401,0.4116,0.00209543,0.00215163
dose/dose_ratio.csv/angle/662.0/2.5/ratio,64,0.8125,0.816808,0.00302095,0.8172,0.814425,0.819,0.8094,0.8229,0.00315717,0.00288588
dose/dose_ratio.csv/angle/662.0/20.0/ratio,64,0.2233,0.223398,0.00128044,0.2232,0.2228,0.224425,0.2204,0.2266,0.00128072,0.00129434
dose/dose_ratio.csv/angle/662.0/30.0/ratio,64,0.1695,0.166898,0.00138122,0.1667,0.1661,0.1681,0.1631,0.1702,0.00132129,0.00144852
dose/dose_ratio.csv/angle/662.0/45.0/ratio,64,0.0785,0.0770312,0.000750846,0.07705,0.0765,0.0775,0.0753,0.0786,0.000760703,0.000742462
dose/dose_ratio.csv/angle/662.0/5.0/ratio,64,0.6559,0.654636,0.00264061,0.65455,0.652875,0.6562,0.6478,0.6603,0.002697,0.00257262
dose/dose_ratio.csv/angle/662.0/60.0/ratio,64,0.0161,0.016375,0.000298674,0.0164,0.0162,0.0166,0.0157,0.017,0.00032761,0.000255089
dose/dose_ratio.csv/check/1173.0/0.0/ratio,64,1.0358,1.03504,0.00379488,1.0353,1.0327,1.03763,1.0265,1.0433,0.00367265,0.00390462
dose/dose_ratio.csv/check/122.0/0.0/ratio,64,0.9042,0.903925,0.00235332,0.9037,0.90235,0.905125,0.8996,0.9107,0.00216235,0.0025637
dose/dose_ratio.csv/check/1332.0/0.0/ratio,64,1.0592,1.06392,0.00429885,1.06375,1.06087,1.06635,1.0532,1.0738,0.00409746,0.00427756
dose/dose_ratio.csv/check/250.0/0.0/ratio,64,1.1222,1.12473,0.00269572,1.1247,1.12297,1.1266,1.1186,1.1305,0.00278511,0.00251049
dose/dose_ratio.csv/check/662.0/0.0/ratio,64,0.9198,0.917759,0.00342807,0.9177,0.91535,0.92005,0.91,0.9257,0.00340282,0.00350718
dose/dose_ratio.csv/check/70.0/0.0/ratio,64,1.0421,1.03969,0.00220734,1.03985,1.0385,1.04078,1.0339,1.0449,0.0019334,0.00234977
dose/dose_ratio.csv/fit/100.0/0.0/ratio,64,0.9306,0.931175,0.00149295,0.9311,0.930175,0.9322,0.9276,0.935,0.0014271,0.00157802
dose/dose_ratio.csv/fit/1000.0/0.0/ratio,64,0.9961,0.996834,0.00291178,0.9962,0.995,0.998775,0.9905,1.0038,0.00309755,0.00276099
dose/dose_ratio.csv/fit/1250.0/0.0/ratio,64,1.0464,1.04954,0.00326125,1.04915,1.04715,1.0518,1.0436,1.0572,0.00301089,0.00354226
dose/dose_ratio.csv/fit/150.0/0.0/ratio,64,0.9724,0.972853,0.00127677,0.9727,0.971875,0.973625,0.9701,0.9759,0.00137652,0.00119083
dose/dose_ratio.csv/fit/1500.0/0.0/ratio,64,1.0627,1.05879,0.00279738,1.05895,1.05715,1.0605,1.0517,1.0648,0.00228459,0.00326627
dose/dose_ratio.csv/fit/200.0/0.0/ratio,64,1.0917,1.09135,0.00137251,1.09125,1.0904,1.09223,1.0882,1.0953,0.00125941,0.0014951
dose/dose_ratio.csv/fit/300.0/0.0/ratio,64,1.0756,1.07271,0.00199097,1.0728,1.07158,1.0741,1.0684,1.0765,0.00222549,0.00172358
dose/dose_ratio.csv/fit/400.0/0.0/ratio,64,0.9642,0.966391,0.00253864,0.96615,0.964575,0.9682,0.9615,0.9723,0.00227587,0.00275451
dose/dose_ratio.csv/fit/50.0/0.0/ratio,64,0.9556,0.956066,0.000900479,0.95615,0.9554,0.95665,0.9542,0.9577,0.000881525,0.000932084
dose/dose_ratio.csv/fit/500.0/0.0/ratio,64,0.9162,0.91787,0.00277596,0.9173,0.9156,0.92025,0.9117,0.9243,0.00248753,0.00300762
dose/dose_ratio.csv/fit/60.0/0.0/ratio,64,1.068,1.06703,0.00157621,1.06695,1.0659,1.06805,1.0642,1.0702,0.00159008,0.00158459
dose/dose_ratio.csv/fit/600.0/0.0/ratio,64,0.9138,0.911623,0.00283587,0.91195,0.9094,0.9141,0.9039,0.9167,0.0023519,0.00322711
dose/dose_ratio.csv/fit/80.0/0.0/ratio,64,1.0173,1.01725,0.00141421,1.01735,1.01627,1.0182,1.014,1.0204,0.00150995,0.00132859
dose/dose_ratio.csv/fit/800.0/0.0/ratio,64,0.9371,0.939359,0.00339625,0.9395,0.937425,0.941425,0.9314,0.9483,0.00319939,0.00363386
dose/frontal_max_abs_error,64,0.1222,0.12473,0.00269572,0.1247,0.122975,0.1266,0.1186,0.1305,0.00278511,0.00251049
dose/frontal_within13,64,1,0.984375,0.125,1,1,1,0,1,0.176777,0
fov/1000/0/500/0.00/false_infield_14_20_max,64,0.7,0.705781,0.0273022,0.7,0.69,0.7225,0.65,0.77,0.0291392,0.0255819
fov/1000/0/500/0.00/false_infield_14_20_min,64,0.56,0.52,0.0385861,0.52,0.5,0.55,0.41,0.59,0.0348268,0.0411919
fov/1000/0/500/0.00/false_infield_5_12_max,64,0.89,0.872188,0.0288108,0.87,0.85,0.89,0.8,0.93,0.0307549,0.0264861
fov/1000/0/500/0.00/false_infield_5_12_min,64,0,0.00015625,0.00125,0,0,0,0,0.01,0,0.00176777
fov/1000/0/500/0.00/false_infield_7.5_11_max,64,0.89,0.872188,0.0288108,0.87,0.85,0.89,0.8,0.93,0.0307549,0.0264861
fov/1000/0/500/0.00/false_infield_7.5_11_min,64,0.51,0.52375,0.0472917,0.52,0.4875,0.57,0.42,0.61,0.0487164,0.0466012
fov/1000/0/500/0.00/false_infield_7.5_12_max,64,0.89,0.872188,0.0288108,0.87,0.85,0.89,0.8,0.93,0.0307549,0.0264861
fov/1000/0/500/0.00/false_infield_7.5_12_min,64,0.42,0.464844,0.0378381,0.465,0.44,0.49,0.38,0.57,0.04024,0.0359211
fov/1000/0/500/0.00/false_infield_max,64,0.89,0.872188,0.0288108,0.87,0.85,0.89,0.8,0.93,0.0307549,0.0264861
fov/1000/0/500/0.00/false_infield_unflagged_14_20_max,64,0.7,0.703906,0.0272331,0.7,0.69,0.72,0.65,0.77,0.0287491,0.0258719
fov/1000/0/500/0.00/false_infield_unflagged_14_20_min,64,0.52,0.502188,0.0397799,0.51,0.48,0.53,0.4,0.57,0.0313523,0.0455511
fov/1000/0/500/0.00/false_infield_unflagged_5_12_max,64,0.06,0.0670313,0.0195732,0.07,0.05,0.08,0.04,0.13,0.0204363,0.0189652
fov/1000/0/500/0.00/false_infield_unflagged_5_12_min,64,0,0,0,0,0,0,0,0,0,0
fov/1000/0/500/0.00/false_infield_unflagged_7.5_11_max,64,0.04,0.0465625,0.0187903,0.04,0.03,0.06,0.01,0.1,0.0204165,0.0173409
fov/1000/0/500/0.00/false_infield_unflagged_7.5_11_min,64,0,0,0,0,0,0,0,0,0,0
fov/1000/0/500/0.00/false_infield_unflagged_7.5_12_max,64,0.06,0.0670313,0.0195732,0.07,0.05,0.08,0.04,0.13,0.0204363,0.0189652
fov/1000/0/500/0.00/false_infield_unflagged_7.5_12_min,64,0,0,0,0,0,0,0,0,0,0
fov/1000/0/500/0.00/false_infield_unflagged_max,64,0.7,0.703906,0.0272331,0.7,0.69,0.72,0.65,0.77,0.0287491,0.0258719
fov/1000/0/500/0.00/loc_cyclic,64,3,3,0,3,3,3,3,3,0,0
fov/1000/0/500/0.00/loc_noncyclic,64,6,6.125,0.281718,6,6,6,6,7,0.29056,0.276335
fov/1000/0/500/0.00/outside_centroid_any,64,1,1,0,1,1,1,1,1,0,0
fov/1000/0/500/0.00/outside_centroid_at9.5,64,1,0.999375,0.00243975,1,1,1,0.99,1,0,0.00336011
fov/1000/0/500/0.00/outside_centroid_from,64,6,5.91406,0.260565,6,6,6,5,6.5,0.232773,0.283981
fov/1000/0/500/0.00/outside_centroid_max,64,1,1,0,1,1,1,1,1,0,0
fov/1000/0/500/0.00/outside_centroid_to,64,11.5,10.8984,1.84343,11.5,11.5,11.5,5,12,1.8611,1.85126
fov/1000/0/500/0.00/side_centroid_any,64,1,1,0,1,1,1,1,1,0,0
fov/1000/0/500/0.00/side_centroid_from,64,1,1.28906,0.248881,1.5,1,1.5,1,1.5,0.252008,0.249495
fov/1000/0/500/0.00/side_centroid_to,64,13.5,13.8359,0.236621,14,13.5,14,13.5,14,0.253504,0.198279
fov/1000/0/500/1.00/false_infield_14_20_max,64,0.62,0.621094,0.0254557,0.62,0.6,0.64,0.56,0.7,0.0234177,0.0272366
fov/1000/0/500/1.00/false_infield_14_20_min,64,0.45,0.458906,0.025205,0.46,0.45,0.48,0.39,0.51,0.0253026,0.0248868
fov/1000/0/500/1.00/false_infield_5_12_max,64,0.78,0.850313,0.0309105,0.85,0.83,0.8725,0.78,0.93,0.0277063,0.0335034
fov/1000/0/500/1.00/false_infield_5_12_min,64,0,0.0396875,0.0202342,0.04,0.0275,0.05,0,0.09,0.0240966,0.0153323
fov/1000/0/500/1.00/false_infield_7.5_11_max,64,0.78,0.850313,0.0309105,0.85,0.83,0.8725,0.78,0.93,0.0277063,0.0335034
fov/1000/0/500/1.00/false_infield_7.5_11_min,64,0.55,0.554844,0.0408245,0.56,0.53,0.58,0.45,0.64,0.0431754,0.036708
fov/1000/0/500/1.00/false_infield_7.5_12_max,64,0.78,0.850313,0.0309105,0.85,0.83,0.8725,0.78,0.93,0.0277063,0.0335034
fov/1000/0/500/1.00/false_infield_7.5_12_min,64,0.55,0.5325,0.0376702,0.54,0.5,0.56,0.45,0.61,0.0385838,0.0351724
fov/1000/0/500/1.00/false_infield_max,64,0.78,0.850313,0.0309105,0.85,0.83,0.8725,0.78,0.93,0.0277063,0.0335034
fov/1000/0/500/1.00/false_infield_unflagged_14_20_max,64,0.62,0.620313,0.0252586,0.62,0.6,0.6325,0.56,0.7,0.0229656,0.0271124
fov/1000/0/500/1.00/false_infield_unflagged_14_20_min,64,0.45,0.458594,0.0249359,0.46,0.45,0.48,0.39,0.5,0.0247569,0.0248848
fov/1000/0/500/1.00/false_infield_unflagged_5_12_max,64,0.53,0.491719,0.0378197,0.495,0.46,0.52,0.42,0.59,0.0376743,0.0384883
fov/1000/0/500/1.00/false_infield_unflagged_5_12_min,64,0,0.0267187,0.0170018,0.02,0.02,0.04,0,0.08,0.0199899,0.0131638
fov/1000/0/500/1.00/false_infield_unflagged_7.5_11_max,64,0.49,0.435625,0.0391933,0.43,0.41,0.46,0.36,0.55,0.0356902,0.0429506
fov/1000/0/500/1.00/false_infield_unflagged_7.5_11_min,64,0.19,0.229063,0.0389024,0.235,0.1975,0.2525,0.16,0.33,0.0356944,0.0405395
fov/1000/0/500/1.00/false_infield_unflagged_7.5_12_max,64,0.53,0.491719,0.0378197,0.495,0.46,0.52,0.42,0.59,0.0376743,0.0384883
fov/1000/0/500/1.00/false_infield_unflagged_7.5_12_min,64,0.19,0.229063,0.0389024,0.235,0.1975,0.2525,0.16,0.33,0.0356944,0.0405395
fov/1000/0/500/1.00/false_infield_unflagged_max,64,0.62,0.625313,0.0236354,0.625,0.61,0.64,0.56,0.7,0.0206912,0.0258388
fov/1000/0/500/1.00/loc_cyclic,64,3,3,0,3,3,3,3,3,0,0
fov/1000/0/500/1.00/loc_noncyclic,64,5,4.89062,0.301698,5,5,5,4,5,0.195075,0.37264
fov/1000/0/500/1.00/outside_centroid_any,64,0,0,0,0,0,0,0,0,0,0
fov/1000/0/500/1.00/outside_centroid_at9.5,64,0.73,0.676719,0.0546288,0.68,0.65,0.72,0.48,0.78,0.0533618,0.056622
fov/1000/0/500/1.00/outside_centroid_max,64,0.73,0.706094,0.0458298,0.71,0.67,0.74,0.6,0.79,0.0478394,0.043626
fov/1000/0/500/1.00/side_centroid_any,64,1,1,0,1,1,1,1,1,0,0
fov/1000/0/500/1.00/side_centroid_from,64,1.5,1.50781,0.0625,1.5,1.5,1.5,1.5,2,0.0883883,0
fov/1000/0/500/1.00/side_centroid_to,64,13,13.0703,0.196541,13,13,13,12.5,13.5,0.210007,0.176777
fov/1000/0/5000/0.00/false_infield_14_20_max,64,0.74,0.727187,0.045963,0.72,0.6975,0.76,0.62,0.86,0.0476166,0.045009
fov/1000/0/5000/0.00/false_infield_14_20_min,64,0.34,0.355,0.0313708,0.36,0.3375,0.38,0.28,0.43,0.0305445,0.0325883
fov/1000/0/5000/0.00/false_infield_5_12_max,64,0.99,0.992188,0.00899184,0.99,0.99,1,0.97,1,0.00812578,0.00987319
fov/1000/0/5000/0.00/false_infield_5_12_min,64,0,0,0,0,0,0,0,0,0,0
fov/1000/0/5000/0.00/false_infield_7.5_11_max,64,0.99,0.992188,0.00899184,0.99,0.99,1,0.97,1,0.00812578,0.00987319
fov/1000/0/5000/0.00/false_infield_7.5_11_min,64,0.36,0.41625,0.0406104,0.41,0.39,0.45,0.32,0.5,0.0394928,0.0409366
fov/1000/0/5000/0.00/false_infield_7.5_12_max,64,0.99,0.992188,0.00899184,0.99,0.99,1,0.97,1,0.00812578,0.00987319
fov/1000/0/5000/0.00/false_infield_7.5_12_min,64,0.1,0.0960938,0.0304786,0.09,0.0775,0.1125,0.04,0.16,0.0298383,0.0315446
fov/1000/0/5000/0.00/false_infield_max,64,0.99,0.992188,0.00899184,0.99,0.99,1,0.97,1,0.00812578,0.00987319
fov/1000/0/5000/0.00/false_infield_unflagged_14_20_max,64,0.74,0.727187,0.045963,0.72,0.6975,0.76,0.62,0.86,0.0476166,0.045009
fov/1000/0/5000/0.00/false_infield_unflagged_14_20_min,64,0.34,0.355,0.0313708,0.36,0.3375,0.38,0.28,0.43,0.0305445,0.0325883
fov/1000/0/5000/0.00/false_infield_unflagged_5_12_max,64,0,0,0,0,0,0,0,0,0,0
fov/1000/0/5000/0.00/false_infield_unflagged_5_12_min,64,0,0,0,0,0,0,0,0,0,0
fov/1000/0/5000/0.00/false_infield_unflagged_7.5_11_max,64,0,0,0,0,0,0,0,0,0,0
fov/1000/0/5000/0.00/false_infield_unflagged_7.5_11_min,64,0,0,0,0,0,0,0,0,0,0
fov/1000/0/5000/0.00/false_infield_unflagged_7.5_12_max,64,0,0,0,0,0,0,0,0,0,0
fov/1000/0/5000/0.00/false_infield_unflagged_7.5_12_min,64,0,0,0,0,0,0,0,0,0,0
fov/1000/0/5000/0.00/false_infield_unflagged_max,64,0.74,0.737656,0.0425662,0.735,0.7075,0.77,0.65,0.86,0.0417836,0.0435844
fov/1000/0/5000/0.00/loc_cyclic,64,3,3,0,3,3,3,3,3,0,0
fov/1000/0/5000/0.00/loc_noncyclic,64,7,7,0,7,7,7,7,7,0,0
fov/1000/0/5000/0.00/outside_centroid_any,64,1,1,0,1,1,1,1,1,0,0
fov/1000/0/5000/0.00/outside_centroid_at9.5,64,1,1,0,1,1,1,1,1,0,0
fov/1000/0/5000/0.00/outside_centroid_from,64,4,4,0,4,4,4,4,4,0,0
fov/1000/0/5000/0.00/outside_centroid_max,64,1,1,0,1,1,1,1,1,0,0
fov/1000/0/5000/0.00/outside_centroid_to,64,12.5,12.6172,0.213478,12.5,12.5,12.5,12.5,13,0.210007,0.219971
fov/1000/0/5000/0.00/side_centroid_any,64,1,1,0,1,1,1,1,1,0,0
fov/1000/0/5000/0.00/side_centroid_from,64,1,1,0,1,1,1,1,1,0,0
fov/1000/0/5000/0.00/side_centroid_to,64,14.5,14.5,0,14.5,14.5,14.5,14.5,14.5,0,0
fov/1000/0/5000/1.00/false_infield_14_20_max,64,0.48,0.514687,0.0488915,0.51,0.49,0.5525,0.38,0.61,0.0504656,0.0422693
fov/1000/0/5000/1.00/false_infield_14_20_min,64,0.18,0.170937,0.0240844,0.17,0.16,0.1825,0.11,0.24,0.0242883,0.0242301
fov/1000/0/5000/1.00/false_infield_5_12_max,64,1,0.995156,0.00617012,1,0.99,1,0.98,1,0.00671271,0.00567962
fov/1000/0/5000/1.00/false_infield_5_12_min,64,0,0,0,0,0,0,0,0,0,0
fov/1000/0/5000/1.00/false_infield_7.5_11_max,64,1,0.995156,0.00617012,1,0.99,1,0.98,1,0.00671271,0.00567962
fov/1000/0/5000/1.00/false_infield_7.5_11_min,64,0.29,0.346562,0.0468099,0.345,0.31,0.38,0.26,0.46,0.0432547,0.0504776
fov/1000/0/5000/1.00/false_infield_7.5_12_max,64,1,0.995156,0.00617012,1,0.99,1,0.98,1,0.00671271,0.00567962
fov/1000/0/5000/1.00/false_infield_7.5_12_min,64,0.29,0.260469,0.0402149,0.265,0.23,0.29,0.17,0.37,0.0332376,0.0457024
fov/1000/0/5000/1.00/false_infield_max,64,1,0.995156,0.00617012,1,0.99,1,0.98,1,0.00671271,0.00567962
fov/1000/0/5000/1.00/false_infield_unflagged_14_20_max,64,0.48,0.514687,0.0488915,0.51,0.49,0.5525,0.38,0.61,0.0504656,0.0422693
fov/1000/0/5000/1.00/false_infield_unflagged_14_20_min,64,0.18,0.170937,0.0240844,0.17,0.16,0.1825,0.11,0.24,0.0242883,0.0242301
fov/1000/0/5000/1.00/false_infield_unflagged_5_12_max,64,0.28,0.295469,0.0456672,0.29,0.26,0.33,0.16,0.38,0.0499667,0.0417172
fov/1000/0/5000/1.00/false_infield_unflagged_5_12_min,64,0,0,0,0,0,0,0,0,0,0
fov/1000/0/5000/1.00/false_infield_unflagged_7.5_11_max,64,0.09,0.084375,0.0270728,0.08,0.06,0.1,0.03,0.18,0.030266,0.0239097
fov/1000/0/5000/1.00/false_infield_unflagged_7.5_11_min,64,0,0,0,0,0,0,0,0,0,0
fov/1000/0/5000/1.00/false_infield_unflagged_7.5_12_max,64,0.28,0.295469,0.0456672,0.29,0.26,0.33,0.16,0.38,0.0499667,0.0417172
fov/1000/0/5000/1.00/false_infield_unflagged_7.5_12_min,64,0,0,0,0,0,0,0,0,0,0
fov/1000/0/5000/1.00/false_infield_unflagged_max,64,0.68,0.659375,0.0410913,0.66,0.63,0.68,0.56,0.76,0.0404,0.0420145
fov/1000/0/5000/1.00/loc_cyclic,64,3,3,0,3,3,3,3,3,0,0
fov/1000/0/5000/1.00/loc_noncyclic,64,6,6,0,6,6,6,6,6,0,0
fov/1000/0/5000/1.00/outside_centroid_any,64,1,1,0,1,1,1,1,1,0,0
fov/1000/0/5000/1.00/outside_centroid_at9.5,64,1,1,0,1,1,1,1,1,0,0
fov/1000/0/5000/1.00/outside_centroid_from,64,5,4.99219,0.166481,5,5,5,4.5,5.5,0.148072,0.176777
fov/1000/0/5000/1.00/outside_centroid_max,64,1,1,0,1,1,1,1,1,0,0
fov/1000/0/5000/1.00/outside_centroid_to,64,6.5,8.44531,1.77307,7,7,10.5,6.5,10.5,1.67404,1.81219
fov/1000/0/5000/1.00/side_centroid_any,64,1,1,0,1,1,1,1,1,0,0
fov/1000/0/5000/1.00/side_centroid_from,64,1,1,0,1,1,1,1,1,0,0
fov/1000/0/5000/1.00/side_centroid_to,64,14.5,14.0938,0.196699,14,14,14,14,14.5,0.198279,0.198279
fov/1000/45/500/0.00/false_infield_14_20_max,64,0.85,0.859219,0.0278491,0.855,0.84,0.88,0.8,0.91,0.0287631,0.0268734
fov/1000/45/500/0.00/false_infield_14_20_min,64,0.59,0.618437,0.0341899,0.62,0.59,0.65,0.54,0.68,0.0316594,0.0368834
fov/1000/45/500/0.00/false_infield_5_12_max,64,0.77,0.726875,0.0331363,0.73,0.7,0.75,0.65,0.8,0.0361881,0.0301993
fov/1000/45/500/0.00/false_infield_5_12_min,64,0,0.00109375,0.00314576,0,0,0,0,0.01,0.00296145,0.00336011
fov/1000/45/500/0.00/false_infield_7.5_11_max,64,0.77,0.686562,0.0453284,0.68,0.66,0.72,0.57,0.78,0.0466358,0.0441485
fov/1000/45/500/0.00/false_infield_7.5_11_min,64,0.08,0.0948438,0.0277169,0.09,0.08,0.1125,0.04,0.17,0.0315206,0.0235871
fov/1000/45/500/0.00/false_infield_7.5_12_max,64,0.77,0.726875,0.0331363,0.73,0.7,0.75,0.65,0.8,0.0361881,0.0301993
fov/1000/45/500/0.00/false_infield_7.5_12_min,64,0.08,0.0948438,0.0277169,0.09,0.08,0.1125,0.04,0.17,0.0315206,0.0235871
fov/1000/45/500/0.00/false_infield_max,64,0.85,0.863906,0.025549,0.86,0.85,0.88,0.8,0.91,0.0269333,0.0241446
fov/1000/45/500/0.00/false_infield_unflagged_14_20_max,64,0.81,0.819531,0.0260299,0.81,0.8,0.83,0.78,0.88,0.0266833,0.0257782
fov/1000/45/500/0.00/false_infield_unflagged_14_20_min,64,0.59,0.613594,0.0343357,0.61,0.59,0.64,0.53,0.68,0.030951,0.0368957
fov/1000/45/500/0.00/false_infield_unflagged_5_12_max,64,0.45,0.433125,0.0497254,0.43,0.41,0.46,0.31,0.58,0.0476166,0.0517399
fov/1000/45/500/0.00/false_infield_unflagged_5_12_min,64,0,0.0003125,0.00175368,0,0,0,0,0.01,0,0.00245935
fov/1000/45/500/0.00/false_infield_unflagged_7.5_11_max,64,0.32,0.333594,0.0417995,0.33,0.31,0.3525,0.23,0.44,0.0433618,0.0407972
fov/1000/45/500/0.00/false_infield_unflagged_7.5_11_min,64,0.02,0.0175,0.0105409,0.02,0.01,0.02,0,0.05,0.0123784,0.00832796
fov/1000/45/500/0.00/false_infield_unflagged_7.5_12_max,64,0.45,0.433125,0.0497254,0.43,0.41,0.46,0.31,0.58,0.0476166,0.0517399
fov/1000/45/500/0.00/false_infield_unflagged_7.5_12_min,64,0.02,0.0175,0.0105409,0.02,0.01,0.02,0,0.05,0.0123784,0.00832796
fov/1000/45/500/0.00/false_infield_unflagged_max,64,0.81,0.819531,0.0260299,0.81,0.8,0.83,0.78,0.88,0.0266833,0.0257782
fov/1000/45/500/0.00/loc_cyclic,64,4.5,4.5,0,4.5,4.5,4.5,4.5,4.5,0,0
fov/1000/45/500/0.00/loc_noncyclic,64,6,3.44531,0.91338,3,3,3,3,6,0.966683,0.871681
fov/1000/45/500/0.00/outside_centroid_any,64,0,0.109375,0.314576,0,0,0,0,1,0.336011,0.296145
fov/1000/45/500/0.00/outside_centroid_at9.5,64,0.73,0.718437,0.0472151,0.72,0.69,0.75,0.61,0.81,0.0471004,0.0476705
fov/1000/45/500/0.00/outside_centroid_from,7,,8.21429,0.267261,8,8,8.5,8,8.5,0.288675,0.25
fov/1000/45/500/0.00/outside_centroid_max,64,0.84,0.839688,0.0372878,0.84,0.82,0.86,0.75,0.92,0.0378225,0.0372532
fov/1000/45/500/0.00/outside_centroid_to,7,,8.21429,0.267261,8,8,8.5,8,8.5,0.288675,0.25
fov/1000/45/500/0.00/side_centroid_any,64,1,1,0,1,1,1,1,1,0,0
fov/1000/45/500/0.00/side_centroid_from,64,1,0.976562,0.106521,1,1,1,0.5,1,0.0883883,0.122967
fov/1000/45/500/0.00/side_centroid_to,64,16.5,16.3516,0.395206,16.5,16,16.5,15.5,17,0.406289,0.390151
fov/1000/45/500/1.00/false_infield_14_20_max,64,0.82,0.738906,0.0301382,0.735,0.72,0.7525,0.68,0.82,0.0327364,0.0275622
fov/1000/45/500/1.00/false_infield_14_20_min,64,0.57,0.49875,0.0333571,0.5,0.4875,0.52,0.39,0.57,0.0248138,0.0388494
fov/1000/45/500/1.00/false_infield_5_12_max,64,0.77,0.723125,0.0302306,0.72,0.7,0.7425,0.66,0.81,0.0342606,0.0258953
fov/1000/45/500/1.00/false_infield_5_12_min,64,0.26,0.247812,0.040374,0.25,0.22,0.2725,0.14,0.34,0.0403213,0.0409514
fov/1000/45/500/1.00/false_infield_7.5_11_max,64,0.67,0.693281,0.0339493,0.69,0.67,0.71,0.61,0.78,0.0331039,0.0352868
fov/1000/45/500/1.00/false_infield_7.5_11_min,64,0.51,0.467031,0.0418114,0.46,0.4375,0.5,0.37,0.55,0.037157,0.0461491
fov/1000/45/500/1.00/false_infield_7.5_12_max,64,0.77,0.721094,0.0313767,0.72,0.7,0.74,0.66,0.81,0.0364656,0.0258953
fov/1000/45/500/1.00/false_infield_7.5_12_min,64,0.51,0.467031,0.0418114,0.46,0.4375,0.5,0.37,0.55,0.037157,0.0461491
fov/1000/45/500/1.00/false_infield_max,64,0.82,0.768437,0.0269166,0.76,0.75,0.79,0.72,0.83,0.0261201,0.0278171
fov/1000/45/500/1.00/false_infield_unflagged_14_20_max,64,0.82,0.735781,0.0297505,0.73,0.72,0.75,0.67,0.82,0.0331602,0.026226
fov/1000/45/500/1.00/false_infield_unflagged_14_20_min,64,0.57,0.498437,0.0331528,0.5,0.4875,0.52,0.39,0.57,0.024575,0.0386451
fov/1000/45/500/1.00/false_infield_unflagged_5_12_max,64,0.72,0.677188,0.0302093,0.68,0.65,0.7,0.6,0.74,0.0309982,0.0298112
fov/1000/45/500/1.00/false_infield_unflagged_5_12_min,64,0.19,0.18125,0.0338296,0.18,0.16,0.2,0.13,0.27,0.0339221,0.0323897
fov/1000/45/500/1.00/false_infield_unflagged_7.5_11_max,64,0.64,0.629687,0.0372452,0.63,0.61,0.65,0.54,0.72,0.0357805,0.0391028
fov/1000/45/500/1.00/false_infield_unflagged_7.5_11_min,64,0.39,0.340313,0.0385848,0.34,0.31,0.36,0.26,0.42,0.0385093,0.0382361
fov/1000/45/500/1.00/false_infield_unflagged_7.5_12_max,64,0.72,0.677188,0.0302093,0.68,0.65,0.7,0.6,0.74,0.0309982,0.0298112
fov/1000/45/500/1.00/false_infield_unflagged_7.5_12_min,64,0.39,0.340313,0.0385848,0.34,0.31,0.36,0.26,0.42,0.0385093,0.0382361
fov/1000/45/500/1.00/false_infield_unflagged_max,64,0.82,0.756094,0.0282628,0.75,0.73,0.78,0.71,0.83,0.0277009,0.0288751
fov/1000/45/500/1.00/loc_cyclic,64,2.5,2.3125,0.243975,2.5,2,2.5,2,2.5,0.245935,0.245935
fov/1000/45/500/1.00/loc_noncyclic,64,0,0.179688,0.325713,0,0,0.5,0,1.5,0.210007,0.40161
fov/1000/45/500/1.00/outside_centroid_any,64,0,0,0,0,0,0,0,0,0,0
fov/1000/45/500/1.00/outside_centroid_at9.5,64,0.15,0.145,0.0374166,0.14,0.12,0.18,0.07,0.23,0.038874,0.0363881
fov/1000/45/500/1.00/outside_centroid_max,64,0.31,0.314531,0.0421611,0.31,0.2875,0.33,0.23,0.43,0.0404012,0.0442944
fov/1000/45/500/1.00/side_centroid_any,64,1,1,0,1,1,1,1,1,0,0
fov/1000/45/500/1.00/side_centroid_from,64,1,1.04688,0.146892,1,1,1,1,1.5,0.168005,0.122967
fov/1000/45/500/1.00/side_centroid_to,64,13.5,13.7266,0.487378,13.75,13.5,14,12,14.5,0.401296,0.567074
fov/1000/45/5000/0.00/false_infield_14_20_max,64,0.98,0.960625,0.0113913,0.96,0.95,0.97,0.94,0.99,0.0118074,0.0103906
fov/1000/45/5000/0.00/false_infield_14_20_min,64,0.46,0.479844,0.0480572,0.49,0.46,0.51,0.36,0.58,0.0507961,0.0459565
fov/1000/45/5000/0.00/false_infield_5_12_max,64,0.43,0.466406,0.0537592,0.46,0.43,0.5025,0.32,0.6,0.0464159,0.0606808
fov/1000/45/5000/0.00/false_infield_5_12_min,64,0,0,0,0,0,0,0,0,0,0
fov/1000/45/5000/0.00/false_infield_7.5_11_max,64,0.43,0.460938,0.0582746,0.46,0.42,0.5025,0.32,0.6,0.0503526,0.0657762
fov/1000/45/5000/0.00/false_infield_7.5_11_min,64,0,0,0,0,0,0,0,0,0,0
fov/1000/45/5000/0.00/false_infield_7.5_12_max,64,0.43,0.466406,0.0537592,0.46,0.43,0.5025,0.32,0.6,0.0464159,0.0606808
fov/1000/45/5000/0.00/false_infield_7.5_12_min,64,0,0,0,0,0,0,0,0,0,0
fov/1000/45/5000/0.00/false_infield_max,64,0.98,0.962031,0.0110093,0.96,0.95,0.97,0.94,0.99,0.0119094,0.00948258
fov/1000/45/5000/0.00/false_infield_unflagged_14_20_max,64,0.98,0.960313,0.0112643,0.96,0.95,0.97,0.94,0.99,0.0117045,0.0103906
fov/1000/45/5000/0.00/false_infield_unflagged_14_20_min,64,0.46,0.479844,0.0480572,0.49,0.46,0.51,0.36,0.58,0.0507961,0.0459565
fov/1000/45/5000/0.00/false_infield_unflagged_5_12_max,64,0.11,0.143906,0.0382397,0.14,0.1175,0.17,0.06,0.25,0.0396647,0.037395
fov/1000/45/5000/0.00/false_infield_unflagged_5_12_min,64,0,0,0,0,0,0,0,0,0,0
fov/1000/45/5000/0.00/false_infield_unflagged_7.5_11_max,64,0.02,0.0304687,0.0141903,0.03,0.02,0.04,0.01,0.08,0.0157315,0.0125563
fov/1000/45/5000/0.00/false_infield_unflagged_7.5_11_min,64,0,0,0,0,0,0,0,0,0,0
fov/1000/45/5000/0.00/false_infield_unflagged_7.5_12_max,64,0.11,0.143906,0.0382397,0.14,0.1175,0.17,0.06,0.25,0.0396647,0.037395
fov/1000/45/5000/0.00/false_infield_unflagged_7.5_12_min,64,0,0,0,0,0,0,0,0,0,0
fov/1000/45/5000/0.00/false_infield_unflagged_max,64,0.98,0.960313,0.0112643,0.96,0.95,0.97,0.94,0.99,0.0117045,0.0103906
fov/1000/45/5000/0.00/loc_cyclic,64,4.5,4.5,0,4.5,4.5,4.5,4.5,4.5,0,0
fov/1000/45/5000/0.00/loc_noncyclic,64,9,9,0,9,9,9,9,9,0,0
fov/1000/45/5000/0.00/outside_centroid_any,64,1,1,0,1,1,1,1,1,0,0
fov/1000/45/5000/0.00/outside_centroid_at9.5,64,1,0.99875,0.00377964,1,1,1,0.98,1,0.00421212,0.00336011
fov/1000/45/5000/0.00/outside_centroid_from,64,6,5.58594,0.190127,5.5,5.5,5.5,5.5,6,0.184451,0.198279
fov/1000/45/5000/0.00/outside_centroid_max,64,1,1,0,1,1,1,1,1,0,0
fov/1000/45/5000/0.00/outside_centroid_to,64,10.5,10.8906,0.208333,11,11,11,10.5,11,0.219971,0.198279
fov/1000/45/5000/0.00/side_centroid_any,64,1,1,0,1,1,1,1,1,0,0
fov/1000/45/5000/0.00/side_centroid_from,64,0.5,0.5,0,0.5,0.5,0.5,0.5,0.5,0,0
fov/1000/45/5000/0.00/side_centroid_to,64,18.5,18.7734,0.250867,19,18.5,19,18.5,19,0.249495,0.235465
fov/1000/45/5000/1.00/false_infield_14_20_max,64,0.63,0.644375,0.0445747,0.645,0.6175,0.68,0.55,0.77,0.0478225,0.0414347
fov/1000/45/5000/1.00/false_infield_14_20_min,64,0.18,0.196719,0.0318755,0.2,0.1775,0.22,0.1,0.27,0.0303458,0.0337866
fov/1000/45/5000/1.00/false_infield_5_12_max,64,0.59,0.620781,0.0416449,0.62,0.59,0.6425,0.53,0.72,0.0414055,0.0424976
fov/1000/45/5000/1.00/false_infield_5_12_min,64,0,0,0,0,0,0,0,0,0,0
fov/1000/45/5000/1.00/false_infield_7.5_11_max,64,0.53,0.505469,0.0396384,0.5,0.48,0.54,0.42,0.59,0.0392765,0.0404012
fov/1000/45/5000/1.00/false_infield_7.5_11_min,64,0.09,0.115312,0.0276008,0.12,0.1,0.13,0.04,0.17,0.029594,0.0252647
fov/1000/45/5000/1.00/false_infield_7.5_12_max,64,0.59,0.618437,0.0445513,0.62,0.59,0.6425,0.5,0.72,0.0470233,0.0426811
fov/1000/45/5000/1.00/false_infield_7.5_12_min,64,0.09,0.115312,0.0276008,0.12,0.1,0.13,0.04,0.17,0.029594,0.0252647
fov/1000/45/5000/1.00/false_infield_max,64,0.7,0.746563,0.0359549,0.74,0.7275,0.77,0.67,0.84,0.0382887,0.0336475
fov/1000/45/5000/1.00/false_infield_unflagged_14_20_max,64,0.63,0.644375,0.0445747,0.645,0.6175,0.68,0.55,0.77,0.0478225,0.0414347
fov/1000/45/5000/1.00/false_infield_unflagged_14_20_min,64,0.18,0.196719,0.0318755,0.2,0.1775,0.22,0.1,0.27,0.0303458,0.0337866
fov/1000/45/5000/1.00/false_infield_unflagged_5_12_max,64,0.59,0.617969,0.0446922,0.62,0.59,0.64,0.5,0.72,0.0472766,0.0426811
fov/1000/45/5000/1.00/false_infield_unflagged_5_12_min,64,0,0,0,0,0,0,0,0,0,0
fov/1000/45/5000/1.00/false_infield_unflagged_7.5_11_max,64,0.44,0.487344,0.0458515,0.49,0.46,0.51,0.39,0.59,0.0480413,0.0443183
fov/1000/45/5000/1.00/false_infield_unflagged_7.5_11_min,64,0.02,0.0546875,0.0215266,0.06,0.04,0.07,0.01,0.1,0.0226095,0.0205739
fov/1000/45/5000/1.00/false_infield_unflagged_7.5_12_max,64,0.59,0.617969,0.0446922,0.62,0.59,0.64,0.5,0.72,0.0472766,0.0426811
fov/1000/45/5000/1.00/false_infield_unflagged_7.5_12_min,64,0.02,0.0546875,0.0215266,0.06,0.04,0.07,0.01,0.1,0.0226095,0.0205739
fov/1000/45/5000/1.00/false_infield_unflagged_max,64,0.69,0.737656,0.0336529,0.74,0.71,0.75,0.67,0.83,0.032204,0.0351136
fov/1000/45/5000/1.00/loc_cyclic,64,3,3,0,3,3,3,3,3,0,0
fov/1000/45/5000/1.00/loc_noncyclic,64,3,3,0,3,3,3,3,3,0,0
fov/1000/45/5000/1.00/outside_centroid_any,64,0,0,0,0,0,0,0,0,0,0
fov/1000/45/5000/1.00/outside_centroid_at9.5,64,0.14,0.163906,0.0468573,0.16,0.14,0.2,0.08,0.27,0.0450795,0.0467966
fov/1000/45/5000/1.00/outside_centroid_max,64,0.72,0.687031,0.0511357,0.69,0.6575,0.7225,0.56,0.8,0.0516336,0.0507842
fov/1000/45/5000/1.00/side_centroid_any,64,1,1,0,1,1,1,1,1,0,0
fov/1000/45/5000/1.00/side_centroid_from,64,0.5,0.5,0,0.5,0.5,0.5,0.5,0.5,0,0
fov/1000/45/5000/1.00/side_centroid_to,64,17.5,17.6484,0.277169,17.5,17.5,18,17,18,0.300789,0.254
fov/5000/0/500/0.00/false_infield_14_20_max,64,0.61,0.622344,0.0301184,0.62,0.6,0.64,0.57,0.72,0.0246181,0.0350906
fov/5000/0/500/0.00/false_infield_14_20_min,64,0.29,0.294687,0.0429828,0.29,0.27,0.32,0.17,0.39,0.0456395,0.0389051
fov/5000/0/500/0.00/false_infield_5_12_max,64,0.79,0.839375,0.0345894,0.84,0.81,0.86,0.77,0.91,0.0349597,0.0330627
fov/5000/0/500/0.00/false_infield_5_12_min,64,0,0,0,0,0,0,0,0,0,0
fov/5000/0/500/0.00/false_infield_7.5_11_max,64,0.79,0.839375,0.0345894,0.84,0.81,0.86,0.77,0.91,0.0349597,0.0330627
fov/5000/0/500/0.00/false_infield_7.5_11_min,64,0.33,0.280938,0.0434145,0.28,0.26,0.32,0.18,0.36,0.0437079,0.043671
fov/5000/0/500/0.00/false_infield_7.5_12_max,64,0.79,0.839375,0.0345894,0.84,0.81,0.86,0.77,0.91,0.0349597,0.0330627
fov/5000/0/500/0.00/false_infield_7.5_12_min,64,0.29,0.247031,0.0312532,0.25,0.23,0.27,0.18,0.33,0.0279671,0.0341486
fov/5000/0/500/0.00/false_infield_max,64,0.79,0.839375,0.0345894,0.84,0.81,0.86,0.77,0.91,0.0349597,0.0330627
fov/5000/0/500/0.00/false_infield_unflagged_14_20_max,64,0.61,0.621563,0.0306138,0.62,0.6,0.64,0.56,0.72,0.0252647,0.0354465
fov/5000/0/500/0.00/false_infield_unflagged_14_20_min,64,0.29,0.277813,0.0419171,0.275,0.25,0.3125,0.17,0.35,0.0439024,0.0394263
fov/5000/0/500/0.00/false_infield_unflagged_5_12_max,64,0.04,0.0745313,0.0251932,0.07,0.06,0.09,0.04,0.15,0.026864,0.0237511
fov/5000/0/500/0.00/false_infield_unflagged_5_12_min,64,0,0,0,0,0,0,0,0,0,0
fov/5000/0/500/0.00/false_infield_unflagged_7.5_11_max,64,0.04,0.0726563,0.026502,0.07,0.05,0.09,0.03,0.15,0.0290977,0.0240966
fov/5000/0/500/0.00/false_infield_unflagged_7.5_11_min,64,0,0.00109375,0.00314576,0,0,0,0,0.01,0.00296145,0.00336011
fov/5000/0/500/0.00/false_infield_unflagged_7.5_12_max,64,0.04,0.0745313,0.0251932,0.07,0.06,0.09,0.04,0.15,0.026864,0.0237511
fov/5000/0/500/0.00/false_infield_unflagged_7.5_12_min,64,0,0.00109375,0.00314576,0,0,0,0,0.01,0.00296145,0.00336011
fov/5000/0/500/0.00/false_infield_unflagged_max,64,0.61,0.621563,0.0306138,0.62,0.6,0.64,0.56,0.72,0.0252647,0.0354465
fov/5000/0/500/0.00/loc_cyclic,64,3.5,3.375,0.218218,3.5,3.375,3.5,3,3.5,0.235465,0.198279
fov/5000/0/500/0.00/loc_noncyclic,64,7,7,0,7,7,7,7,7,0,0
fov/5000/0/500/0.00/outside_centroid_any,64,1,1,0,1,1,1,1,1,0,0
fov/5000/0/500/0.00/outside_centroid_at9.5,64,0.99,0.995,0.00642416,1,0.99,1,0.97,1,0.00761339,0.00507007
fov/5000/0/500/0.00/outside_centroid_from,64,6,6.33594,0.454734,6.5,6,6.5,5.5,8,0.535061,0.364434
fov/5000/0/500/0.00/outside_centroid_max,64,1,0.998437,0.00365963,1,1,1,0.99,1,0.00336011,0.00396558
fov/5000/0/500/0.00/outside_centroid_to,64,7,8.76562,2.31963,7.5,7,11.5,5.5,12,2.33438,2.34171
fov/5000/0/500/0.00/side_centroid_any,64,1,1,0,1,1,1,1,1,0,0
fov/5000/0/500/0.00/side_centroid_from,64,1,1.23438,0.251484,1,1,1.5,1,1.5,0.252008,0.254
fov/5000/0/500/0.00/side_centroid_to,64,14,14.0625,0.166667,14,14,14,14,14.5,0.198279,0.122967
fov/5000/0/500/1.00/false_infield_14_20_max,64,0.75,0.735781,0.0257463,0.73,0.7175,0.75,0.69,0.81,0.0259943,0.0257469
fov/5000/0/500/1.00/false_infield_14_20_min,64,0.51,0.502969,0.0416592,0.51,0.48,0.53,0.41,0.59,0.0395489,0.0442762
fov/5000/0/500/1.00/false_infield_5_12_max,64,0.98,0.970938,0.0149835,0.97,0.96,0.98,0.93,1,0.013183,0.0153979
fov/5000/0/500/1.00/false_infield_5_12_min,64,0,0.0009375,0.00293785,0,0,0,0,0.01,0.00368902,0.00176777
fov/5000/0/500/1.00/false_infield_7.5_11_max,64,0.98,0.970938,0.0149835,0.97,0.96,0.98,0.93,1,0.013183,0.0153979
fov/5000/0/500/1.00/false_infield_7.5_11_min,64,0.7,0.65875,0.0404538,0.66,0.63,0.69,0.56,0.74,0.0429882,0.0344484
fov/5000/0/500/1.00/false_infield_7.5_12_max,64,0.98,0.970938,0.0149835,0.97,0.96,0.98,0.93,1,0.013183,0.0153979
fov/5000/0/500/1.00/false_infield_7.5_12_min,64,0.46,0.527656,0.042154,0.53,0.5,0.56,0.44,0.6,0.0496073,0.0332861
fov/5000/0/500/1.00/false_infield_max,64,0.98,0.970938,0.0149835,0.97,0.96,0.98,0.93,1,0.013183,0.0153979
fov/5000/0/500/1.00/false_infield_unflagged_14_20_max,64,0.75,0.735625,0.0257506,0.73,0.7175,0.75,0.69,0.81,0.0260273,0.0257469
fov/5000/0/500/1.00/false_infield_unflagged_14_20_min,64,0.51,0.502188,0.0418792,0.51,0.48,0.53,0.41,0.59,0.039624,0.0446209
fov/5000/0/500/1.00/false_infield_unflagged_5_12_max,64,0.66,0.631875,0.0467983,0.64,0.5975,0.66,0.52,0.77,0.0502092,0.0423503
fov/5000/0/500/1.00/false_infield_unflagged_5_12_min,64,0,0.00046875,0.00213042,0,0,0,0,0.01,0.00296145,0
fov/5000/0/500/1.00/false_infield_unflagged_7.5_11_max,64,0.66,0.631875,0.0467983,0.64,0.5975,0.66,0.52,0.77,0.0502092,0.0423503
fov/5000/0/500/1.00/false_infield_unflagged_7.5_11_min,64,0.4,0.371406,0.0373685,0.375,0.35,0.4,0.28,0.45,0.0394302,0.0353781
fov/5000/0/500/1.00/false_infield_unflagged_7.5_12_max,64,0.66,0.631875,0.0467983,0.64,0.5975,0.66,0.52,0.77,0.0502092,0.0423503
fov/5000/0/500/1.00/false_infield_unflagged_7.5_12_min,64,0.4,0.36625,0.0356126,0.37,0.3475,0.4,0.28,0.43,0.0374166,0.0342665
fov/5000/0/500/1.00/false_infield_unflagged_max,64,0.75,0.737031,0.0256768,0.73,0.72,0.75,0.69,0.81,0.0261432,0.025398
fov/5000/0/500/1.00/loc_cyclic,64,3,3,0,3,3,3,3,3,0,0
fov/5000/0/500/1.00/loc_noncyclic,64,6.5,6.41406,0.209964,6.5,6.5,6.5,5.5,6.5,0.168005,0.245422
fov/5000/0/500/1.00/outside_centroid_any,64,0,0,0,0,0,0,0,0,0,0
fov/5000/0/500/1.00/outside_centroid_at9.5,64,0.56,0.581875,0.0511107,0.58,0.5475,0.61,0.48,0.71,0.0574939,0.0445757
fov/5000/0/500/1.00/outside_centroid_max,64,0.6,0.601875,0.0438205,0.6,0.5775,0.6225,0.51,0.71,0.0457729,0.0422741
fov/5000/0/500/1.00/side_centroid_any,64,1,1,0,1,1,1,1,1,0,0
fov/5000/0/500/1.00/side_centroid_from,64,1.5,1.50781,0.0625,1.5,1.5,1.5,1.5,2,0.0883883,0
fov/5000/0/500/1.00/side_centroid_to,64,13.5,13.4062,0.25,13.5,13.5,13.5,13,14,0.27679,0.219971
fov/5000/0/5000/0.00/false_infield_14_20_max,64,0.82,0.839219,0.024123,0.84,0.82,0.85,0.78,0.9,0.0228755,0.0256528
fov/5000/0/5000/0.00/false_infield_14_20_min,64,0.02,0.0123438,0.0109461,0.01,0,0.02,0,0.04,0.00991394,0.0120315
fov/5000/0/5000/0.00/false_infield_5_12_max,64,0.98,0.990156,0.0093422,0.99,0.9875,1,0.96,1,0.00995453,0.00870669
fov/5000/0/5000/0.00/false_infield_5_12_min,64,0,0,0,0,0,0,0,0,0,0
fov/5000/0/5000/0.00/false_infield_7.5_11_max,64,0.98,0.990156,0.0093422,0.99,0.9875,1,0.96,1,0.00995453,0.00870669
fov/5000/0/5000/0.00/false_infield_7.5_11_min,64,0.03,0.0201563,0.0157855,0.02,0.01,0.03,0,0.07,0.0142239,0.017367
fov/5000/0/5000/0.00/false_infield_7.5_12_max,64,0.98,0.990156,0.0093422,0.99,0.9875,1,0.96,1,0.00995453,0.00870669
fov/5000/0/5000/0.00/false_infield_7.5_12_min,64,0.03,0.0167188,0.0132203,0.01,0.01,0.02,0,0.06,0.0126004,0.0140132
fov/5000/0/5000/0.00/false_infield_max,64,0.98,0.990156,0.0093422,0.99,0.9875,1,0.96,1,0.00995453,0.00870669
fov/5000/0/5000/0.00/false_infield_unflagged_14_20_max,64,0.82,0.839219,0.024123,0.84,0.82,0.85,0.78,0.9,0.0228755,0.0256528
fov/5000/0/5000/0.00/false_infield_unflagged_14_20_min,64,0.02,0.0123438,0.0109461,0.01,0,0.02,0,0.04,0.00991394,0.0120315
fov/5000/0/5000/0.00/false_infield_unflagged_5_12_max,64,0,0,0,0,0,0,0,0,0,0
fov/5000/0/5000/0.00/false_infield_unflagged_5_12_min,64,0,0,0,0,0,0,0,0,0,0
fov/5000/0/5000/0.00/false_infield_unflagged_7.5_11_max,64,0,0,0,0,0,0,0,0,0,0
fov/5000/0/5000/0.00/false_infield_unflagged_7.5_11_min,64,0,0,0,0,0,0,0,0,0,0
fov/5000/0/5000/0.00/false_infield_unflagged_7.5_12_max,64,0,0,0,0,0,0,0,0,0,0
fov/5000/0/5000/0.00/false_infield_unflagged_7.5_12_min,64,0,0,0,0,0,0,0,0,0,0
fov/5000/0/5000/0.00/false_infield_unflagged_max,64,0.82,0.839219,0.024123,0.84,0.82,0.85,0.78,0.9,0.0228755,0.0256528
fov/5000/0/5000/0.00/loc_cyclic,64,3.5,3.5,0,3.5,3.5,3.5,3.5,3.5,0,0
fov/5000/0/5000/0.00/loc_noncyclic,64,7.5,7.5,0,7.5,7.5,7.5,7.5,7.5,0,0
fov/5000/0/5000/0.00/outside_centroid_any,64,1,1,0,1,1,1,1,1,0,0
fov/5000/0/5000/0.00/outside_centroid_at9.5,64,1,1,0,1,1,1,1,1,0,0
fov/5000/0/5000/0.00/outside_centroid_from,64,4.5,4.26562,0.251484,4.5,4,4.5,4,4.5,0.253504,0.253504
fov/5000/0/5000/0.00/outside_centroid_max,64,1,1,0,1,1,1,1,1,0,0
fov/5000/0/5000/0.00/outside_centroid_to,64,13,12.7656,0.251484,13,12.5,13,12.5,13,0.252008,0.254
fov/5000/0/5000/0.00/side_centroid_any,64,1,1,0,1,1,1,1,1,0,0
fov/5000/0/5000/0.00/side_centroid_from,64,1,1,0,1,1,1,1,1,0,0
fov/5000/0/5000/0.00/side_centroid_to,64,15,14.9844,0.087684,15,15,15,14.5,15,0,0.122967
fov/5000/0/5000/1.00/false_infield_14_20_max,64,0.98,0.992969,0.0060892,0.99,0.99,1,0.98,1,0.00622171,0.00601577
fov/5000/0/5000/1.00/false_infield_14_20_min,64,0.76,0.594531,0.0571528,0.6,0.5575,0.63,0.47,0.76,0.0622657,0.0506082
fov/5000/0/5000/1.00/false_infield_5_12_max,64,1,1,0,1,1,1,1,1,0,0
fov/5000/0/5000/1.00/false_infield_5_12_min,64,0,0,0,0,0,0,0,0,0,0
fov/5000/0/5000/1.00/false_infield_7.5_11_max,64,1,1,0,1,1,1,1,1,0,0
fov/5000/0/5000/1.00/false_infield_7.5_11_min,64,0.8,0.752812,0.0470551,0.76,0.73,0.7825,0.64,0.85,0.0493016,0.0435844
fov/5000/0/5000/1.00/false_infield_7.5_12_max,64,1,1,0,1,1,1,1,1,0,0
fov/5000/0/5000/1.00/false_infield_7.5_12_min,64,0.64,0.612812,0.0501575,0.615,0.5875,0.6425,0.49,0.71,0.0502724,0.0503366
fov/5000/0/5000/1.00/false_infield_max,64,1,1,0,1,1,1,1,1,0,0
fov/5000/0/5000/1.00/false_infield_unflagged_14_20_max,64,0.98,0.992969,0.0060892,0.99,0.99,1,0.98,1,0.00622171,0.00601577
fov/5000/0/5000/1.00/false_infield_unflagged_14_20_min,64,0.76,0.594531,0.0571528,0.6,0.5575,0.63,0.47,0.76,0.0622657,0.0506082
fov/5000/0/5000/1.00/false_infield_unflagged_5_12_max,64,0.72,0.696719,0.0476447,0.7,0.66,0.73,0.59,0.8,0.0412885,0.0532152
fov/5000/0/5000/1.00/false_infield_unflagged_5_12_min,64,0,0,0,0,0,0,0,0,0,0
fov/5000/0/5000/1.00/false_infield_unflagged_7.5_11_max,64,0.3,0.297187,0.0447025,0.3,0.26,0.3225,0.19,0.41,0.0499677,0.0393444
fov/5000/0/5000/1.00/false_infield_unflagged_7.5_11_min,64,0,0.000625,0.00243975,0,0,0,0,0.01,0.00336011,0
fov/5000/0/5000/1.00/false_infield_unflagged_7.5_12_max,64,0.72,0.696719,0.0476447,0.7,0.66,0.73,0.59,0.8,0.0412885,0.0532152
fov/5000/0/5000/1.00/false_infield_unflagged_7.5_12_min,64,0,0.000625,0.00243975,0,0,0,0,0.01,0.00336011,0
fov/5000/0/5000/1.00/false_infield_unflagged_max,64,0.98,0.992969,0.0060892,0.99,0.99,1,0.98,1,0.00622171,0.00601577
fov/5000/0/5000/1.00/loc_cyclic,64,3.5,3.5,0,3.5,3.5,3.5,3.5,3.5,0,0
fov/5000/0/5000/1.00/loc_noncyclic,64,6.5,6.5,0,6.5,6.5,6.5,6.5,6.5,0,0
fov/5000/0/5000/1.00/outside_centroid_any,64,1,1,0,1,1,1,1,1,0,0
fov/5000/0/5000/1.00/outside_centroid_at9.5,64,0.99,0.997188,0.00518507,1,0.9975,1,0.98,1,0.00439941,0.00592289
fov/5000/0/5000/1.00/outside_centroid_from,64,5,5.375,0.321208,5.5,5,5.5,5,6.5,0.375336,0.261336
fov/5000/0/5000/1.00/outside_centroid_max,64,1,0.999375,0.00243975,1,1,1,0.99,1,0.00336011,0
fov/5000/0/5000/1.00/outside_centroid_to,64,7,6.97656,0.106521,7,7,7,6.5,7,0.122967,0.0883883
fov/5000/0/5000/1.00/side_centroid_any,64,1,1,0,1,1,1,1,1,0,0
fov/5000/0/5000/1.00/side_centroid_from,64,1,1,0,1,1,1,1,1,0,0
fov/5000/0/5000/1.00/side_centroid_to,64,14.5,14.4922,0.0625,14.5,14.5,14.5,14,14.5,0.0883883,0
fov/5000/45/500/0.00/false_infield_14_20_max,64,0.81,0.816094,0.0272331,0.81,0.8,0.8325,0.76,0.89,0.0288332,0.0259963
fov/5000/45/500/0.00/false_infield_14_20_min,64,0.6,0.544531,0.0366853,0.55,0.5275,0.57,0.45,0.61,0.0362563,0.0376087
fov/5000/45/500/0.00/false_infield_5_12_max,64,0.7,0.67875,0.0367963,0.68,0.65,0.7,0.59,0.75,0.039737,0.034054
fov/5000/45/500/0.00/false_infield_5_12_min,64,0,0.0003125,0.00175368,0,0,0,0,0.01,0.00176777,0.00176777
fov/5000/45/500/0.00/false_infield_7.5_11_max,64,0.7,0.66,0.0455304,0.66,0.63,0.6925,0.55,0.75,0.0479751,0.043385
fov/5000/45/500/0.00/false_infield_7.5_11_min,64,0.04,0.0442188,0.0199049,0.04,0.03,0.06,0.01,0.09,0.0201581,0.0199596
fov/5000/45/500/0.00/false_infield_7.5_12_max,64,0.7,0.67875,0.0367963,0.68,0.65,0.7,0.59,0.75,0.039737,0.034054
fov/5000/45/500/0.00/false_infield_7.5_12_min,64,0.04,0.0442188,0.0199049,0.04,0.03,0.06,0.01,0.09,0.0201581,0.0199596
fov/5000/45/500/0.00/false_infield_max,64,0.81,0.816094,0.0272331,0.81,0.8,0.8325,0.76,0.89,0.0288332,0.0259963
fov/5000/45/500/0.00/false_infield_unflagged_14_20_max,64,0.8,0.7925,0.0270214,0.79,0.77,0.81,0.74,0.85,0.0259788,0.0284105
fov/5000/45/500/0.00/false_infield_unflagged_14_20_min,64,0.58,0.53875,0.0348466,0.54,0.52,0.5625,0.45,0.6,0.0325759,0.0374798
fov/5000/45/500/0.00/false_infield_unflagged_5_12_max,64,0.42,0.416094,0.0374003,0.42,0.39,0.4325,0.34,0.52,0.04035,0.0345886
fov/5000/45/500/0.00/false_infield_unflagged_5_12_min,64,0,0,0,0,0,0,0,0,0,0
fov/5000/45/500/0.00/false_infield_unflagged_7.5_11_max,64,0.35,0.354375,0.0484318,0.35,0.3275,0.39,0.26,0.46,0.0539106,0.0427377
fov/5000/45/500/0.00/false_infield_unflagged_7.5_11_min,64,0.01,0.0117188,0.00918154,0.01,0.01,0.02,0,0.04,0.00888434,0.00948258
fov/5000/45/500/0.00/false_infield_unflagged_7.5_12_max,64,0.42,0.416094,0.0374003,0.42,0.39,0.4325,0.34,0.52,0.04035,0.0345886
fov/5000/45/500/0.00/false_infield_unflagged_7.5_12_min,64,0.01,0.0117188,0.00918154,0.01,0.01,0.02,0,0.04,0.00888434,0.00948258
fov/5000/45/500/0.00/false_infield_unflagged_max,64,0.8,0.7925,0.0270214,0.79,0.77,0.81,0.74,0.85,0.0259788,0.0284105
fov/5000/45/500/0.00/loc_cyclic,64,4.5,4.5,0,4.5,4.5,4.5,4.5,4.5,0,0
fov/5000/45/500/0.00/loc_noncyclic,64,3,3.21094,0.525574,3,3,3,3,4.5,0.594837,0.444217
fov/5000/45/500/0.00/outside_centroid_any,64,0,0.015625,0.125,0,0,0,0,1,0.176777,0
fov/5000/45/500/0.00/outside_centroid_at9.5,64,0.77,0.721562,0.0438692,0.72,0.69,0.7525,0.63,0.83,0.0449271,0.0433559
fov/5000/45/500/0.00/outside_centroid_from,1,,8,0,8,8,8,8,8,0,0
fov/5000/45/500/0.00/outside_centroid_max,64,0.79,0.793125,0.0389495,0.79,0.77,0.8125,0.72,0.92,0.0449451,0.0316976
fov/5000/45/500/0.00/outside_centroid_to,1,,8,0,8,8,8,8,8,0,0
fov/5000/45/500/0.00/side_centroid_any,64,1,1,0,1,1,1,1,1,0,0
fov/5000/45/500/0.00/side_centroid_from,64,1,0.984375,0.087684,1,1,1,0.5,1,0.0883883,0.0883883
fov/5000/45/500/0.00/side_centroid_to,64,17,16.6797,0.421328,16.5,16.5,17,16,17.5,0.447889,0.398776
fov/5000/45/500/1.00/false_infield_14_20_max,64,0.82,0.84375,0.0266369,0.84,0.82,0.86,0.79,0.91,0.0290422,0.0243608
fov/5000/45/500/1.00/false_infield_14_20_min,64,0.58,0.628906,0.0420173,0.635,0.6,0.6525,0.47,0.69,0.0335275,0.0495748
fov/5000/45/500/1.00/false_infield_5_12_max,64,0.78,0.815156,0.027021,0.81,0.79,0.8325,0.77,0.88,0.0276918,0.0267304
fov/5000/45/500/1.00/false_infield_5_12_min,64,0.31,0.26375,0.0389342,0.26,0.24,0.2825,0.17,0.36,0.0431975,0.0344996
fov/5000/45/500/1.00/false_infield_7.5_11_max,64,0.78,0.81125,0.0285913,0.81,0.79,0.83,0.76,0.88,0.0300118,0.0267436
fov/5000/45/500/1.00/false_infield_7.5_11_min,64,0.6,0.635156,0.0329979,0.64,0.61,0.65,0.54,0.71,0.0280534,0.0377599
fov/5000/45/500/1.00/false_infield_7.5_12_max,64,0.78,0.815156,0.027021,0.81,0.79,0.8325,0.77,0.88,0.0276918,0.0267304
fov/5000/45/500/1.00/false_infield_7.5_12_min,64,0.6,0.634062,0.0319582,0.64,0.61,0.65,0.54,0.71,0.0277009,0.0361672
fov/5000/45/500/1.00/false_infield_max,64,0.82,0.84875,0.0245919,0.85,0.83,0.87,0.8,0.91,0.0264499,0.0229919
fov/5000/45/500/1.00/false_infield_unflagged_14_20_max,64,0.82,0.842656,0.0259574,0.84,0.82,0.86,0.79,0.91,0.0286367,0.0233832
fov/5000/45/500/1.00/false_infield_unflagged_14_20_min,64,0.58,0.628906,0.0420173,0.635,0.6,0.6525,0.47,0.69,0.0335275,0.0495748
fov/5000/45/500/1.00/false_infield_unflagged_5_12_max,64,0.74,0.764219,0.02701,0.76,0.74,0.78,0.72,0.84,0.0305593,0.0232427
fov/5000/45/500/1.00/false_infield_unflagged_5_12_min,64,0.23,0.201719,0.0367555,0.205,0.18,0.22,0.1,0.3,0.0418908,0.031455
fov/5000/45/500/1.00/false_infield_unflagged_7.5_11_max,64,0.7,0.748906,0.032811,0.75,0.73,0.76,0.67,0.83,0.0329329,0.0329956
fov/5000/45/500/1.00/false_infield_unflagged_7.5_11_min,64,0.47,0.496406,0.0360497,0.5,0.4775,0.52,0.42,0.56,0.0359603,0.0366311
fov/5000/45/500/1.00/false_infield_unflagged_7.5_12_max,64,0.74,0.764219,0.02701,0.76,0.74,0.78,0.72,0.84,0.0305593,0.0232427
fov/5000/45/500/1.00/false_infield_unflagged_7.5_12_min,64,0.47,0.496406,0.0360497,0.5,0.4775,0.52,0.42,0.56,0.0359603,0.0366311
fov/5000/45/500/1.00/false_infield_unflagged_max,64,0.82,0.843437,0.0250852,0.84,0.82,0.86,0.8,0.91,0.0270528,0.0233832
fov/5000/45/500/1.00/loc_cyclic,64,2,1.28906,0.780744,2,0.5,2,0.5,3,0.809314,0.762001
fov/5000/45/500/1.00/loc_noncyclic,64,0.5,0.53125,0.175368,0.5,0.5,0.5,0.5,1.5,0.176777,0.176777
fov/5000/45/500/1.00/outside_centroid_any,64,0,0,0,0,0,0,0,0,0,0
fov/5000/45/500/1.00/outside_centroid_at9.5,64,0.16,0.152031,0.0362609,0.15,0.1275,0.17,0.08,0.24,0.0395527,0.0331906
fov/5000/45/500/1.00/outside_centroid_max,64,0.27,0.269062,0.03963,0.27,0.24,0.29,0.2,0.39,0.0331039,0.0455599
fov/5000/45/500/1.00/side_centroid_any,64,1,1,0,1,1,1,1,1,0,0
fov/5000/45/500/1.00/side_centroid_from,64,1,1.03125,0.121988,1,1,1,1,1.5,0.148072,0.0883883
fov/5000/45/500/1.00/side_centroid_to,64,15,14.2969,0.524924,14.5,14,14.5,13,15.5,0.491869,0.507007
fov/5000/45/5000/0.00/false_infield_14_20_max,64,1,0.999687,0.00175368,1,1,1,0.99,1,0.00245935,0
fov/5000/45/5000/0.00/false_infield_14_20_min,64,0.8,0.805312,0.0280571,0.81,0.79,0.82,0.73,0.87,0.0316212,0.0244764
fov/5000/45/5000/0.00/false_infield_5_12_max,64,0.8,0.831562,0.0303011,0.83,0.81,0.85,0.76,0.9,0.0327195,0.0262433
fov/5000/45/5000/0.00/false_infield_5_12_min,64,0,0,0,0,0,0,0,0,0,0
fov/5000/45/5000/0.00/false_infield_7.5_11_max,64,0.8,0.815937,0.0409692,0.82,0.79,0.85,0.68,0.9,0.045468,0.0348962
fov/5000/45/5000/0.00/false_infield_7.5_11_min,64,0,0,0,0,0,0,0,0,0,0
fov/5000/45/5000/0.00/false_infield_7.5_12_max,64,0.8,0.831562,0.0303011,0.83,0.81,0.85,0.76,0.9,0.0327195,0.0262433
fov/5000/45/5000/0.00/false_infield_7.5_12_min,64,0,0,0,0,0,0,0,0,0,0
fov/5000/45/5000/0.00/false_infield_max,64,1,0.999687,0.00175368,1,1,1,0.99,1,0.00245935,0
fov/5000/45/5000/0.00/false_infield_unflagged_14_20_max,64,1,0.999687,0.00175368,1,1,1,0.99,1,0.00245935,0
fov/5000/45/5000/0.00/false_infield_unflagged_14_20_min,64,0.8,0.805312,0.0280571,0.81,0.79,0.82,0.73,0.87,0.0316212,0.0244764
fov/5000/45/5000/0.00/false_infield_unflagged_5_12_max,64,0.33,0.367344,0.0558127,0.37,0.33,0.4025,0.24,0.51,0.0527996,0.0589389
fov/5000/45/5000/0.00/false_infield_unflagged_5_12_min,64,0,0,0,0,0,0,0,0,0,0
fov/5000/45/5000/0.00/false_infield_unflagged_7.5_11_max,64,0.15,0.136406,0.0408391,0.14,0.11,0.16,0.05,0.24,0.0431228,0.0312121
fov/5000/45/5000/0.00/false_infield_unflagged_7.5_11_min,64,0,0,0,0,0,0,0,0,0,0
fov/5000/45/5000/0.00/false_infield_unflagged_7.5_12_max,64,0.33,0.367344,0.0558127,0.37,0.33,0.4025,0.24,0.51,0.0527996,0.0589389
fov/5000/45/5000/0.00/false_infield_unflagged_7.5_12_min,64,0,0,0,0,0,0,0,0,0,0
fov/5000/45/5000/0.00/false_infield_unflagged_max,64,1,0.999687,0.00175368,1,1,1,0.99,1,0.00245935,0
fov/5000/45/5000/0.00/loc_cyclic,64,4.5,4.8125,0.243975,5,4.5,5,4.5,5,0.249495,0.241279
fov/5000/45/5000/0.00/loc_noncyclic,64,7.5,6.375,1.46385,7.5,4.5,7.5,4.5,7.5,1.37041,1.52102
fov/5000/45/5000/0.00/outside_centroid_any,64,1,1,0,1,1,1,1,1,0,0
fov/5000/45/5000/0.00/outside_centroid_at9.5,64,1,0.999531,0.00213042,1,1,1,0.99,1,0.00176777,0.00245935
fov/5000/45/5000/0.00/outside_centroid_from,64,6,5.82812,0.239357,6,5.5,6,5.5,6,0.241279,0.241279
fov/5000/45/5000/0.00/outside_centroid_max,64,1,1,0,1,1,1,1,1,0,0
fov/5000/45/5000/0.00/outside_centroid_to,64,10.5,10.5078,0.226992,10.5,10.5,10.5,10,11,0.219971,0.237065
fov/5000/45/5000/0.00/side_centroid_any,64,1,1,0,1,1,1,1,1,0,0
fov/5000/45/5000/0.00/side_centroid_from,64,0.5,0.5,0,0.5,0.5,0.5,0.5,0.5,0,0
fov/5000/45/5000/0.00/side_centroid_to,64,19,19.2266,0.250867,19,19,19.5,19,19.5,0.249495,0.254
fov/5000/45/5000/1.00/false_infield_14_20_max,64,1,1,0,1,1,1,1,1,0,0
fov/5000/45/5000/1.00/false_infield_14_20_min,64,0.97,0.955625,0.0162202,0.96,0.95,0.97,0.91,0.98,0.016507,0.0160361
fov/5000/45/5000/1.00/false_infield_5_12_max,64,1,0.996719,0.00618618,1,0.9975,1,0.98,1,0.00653002,0.00592289
fov/5000/45/5000/1.00/false_infield_5_12_min,64,0.02,0.0115625,0.0112995,0.01,0,0.02,0,0.04,0.00995453,0.0126324
fov/5000/45/5000/1.00/false_infield_7.5_11_max,64,1,0.995938,0.00659936,1,0.99,1,0.98,1,0.00715609,0.00609071
fov/5000/45/5000/1.00/false_infield_7.5_11_min,64,0.74,0.808438,0.0406775,0.81,0.78,0.84,0.7,0.91,0.0401898,0.0417932
fov/5000/45/5000/1.00/false_infield_7.5_12_max,64,1,0.996719,0.00618618,1,0.9975,1,0.98,1,0.00653002,0.00592289
fov/5000/45/5000/1.00/false_infield_7.5_12_min,64,0.74,0.808438,0.0406775,0.81,0.78,0.84,0.7,0.91,0.0401898,0.0417932
fov/5000/45/5000/1.00/false_infield_max,64,1,1,0,1,1,1,1,1,0,0
fov/5000/45/5000/1.00/false_infield_unflagged_14_20_max,64,1,1,0,1,1,1,1,1,0,0
fov/5000/45/5000/1.00/false_infield_unflagged_14_20_min,64,0.97,0.955625,0.0162202,0.96,0.95,0.97,0.91,0.98,0.016507,0.0160361
fov/5000/45/5000/1.00/false_infield_unflagged_5_12_max,64,1,0.990781,0.00896283,0.99,0.98,1,0.97,1,0.00870669,0.00932716
fov/5000/45/5000/1.00/false_infield_unflagged_5_12_min,64,0,0.00421875,0.00585667,0,0,0.01,0,0.02,0.00564401,0.00614837
fov/5000/45/5000/1.00/false_infield_unflagged_7.5_11_max,64,1,0.988594,0.00957298,0.99,0.98,1,0.97,1,0.00975506,0.00954087
fov/5000/45/5000/1.00/false_infield_unflagged_7.5_11_min,64,0.43,0.412813,0.0497444,0.415,0.38,0.44,0.3,0.52,0.0478573,0.0513016
fov/5000/45/5000/1.00/false_infield_unflagged_7.5_12_max,64,1,0.990781,0.00896283,0.99,0.98,1,0.97,1,0.00870669,0.00932716
fov/5000/45/5000/1.00/false_infield_unflagged_7.5_12_min,64,0.43,0.412813,0.0497444,0.415,0.38,0.44,0.3,0.52,0.0478573,0.0513016
fov/5000/45/5000/1.00/false_infield_unflagged_max,64,1,1,0,1,1,1,1,1,0,0
fov/5000/45/5000/1.00/loc_cyclic,64,4.5,4.5,0,4.5,4.5,4.5,4.5,4.5,0,0
fov/5000/45/5000/1.00/loc_noncyclic,64,2,2.00781,0.140639,2,2,2,1.5,3,0,0.200176
fov/5000/45/5000/1.00/outside_centroid_any,64,0,0,0,0,0,0,0,0,0,0
fov/5000/45/5000/1.00/outside_centroid_at9.5,64,0.26,0.171875,0.0394355,0.17,0.15,0.1925,0.08,0.26,0.0415707,0.0377158
fov/5000/45/5000/1.00/outside_centroid_max,64,0.62,0.577031,0.049431,0.565,0.54,0.62,0.49,0.72,0.0547787,0.0438472
fov/5000/45/5000/1.00/side_centroid_any,64,1,1,0,1,1,1,1,1,0,0
fov/5000/45/5000/1.00/side_centroid_from,64,0.5,0.5,0,0.5,0.5,0.5,0.5,0.5,0,0
fov/5000/45/5000/1.00/side_centroid_to,64,18.5,18.1094,0.259253,18,18,18.5,17.5,18.5,0.241279,0.265165
gap/0.02/eff,32,2.99304e-06,2.99615e-06,2.69068e-08,2.99394e-06,2.97674e-06,3.01584e-06,2.93873e-06,3.05386e-06,3.10057e-08,1.93198e-08
gap/0.02/relativeIdeal,32,0.0120034,0.0120317,0.00010623,0.0120207,0.0119601,0.0121097,0.01181,0.0122618,0.000122563,7.51137e-05
gap/0.02/relativeZeroGapPPW,32,1.59643,1.58943,0.0162537,1.5924,1.57637,1.60117,1.55481,1.61516,0.0175095,0.015313
gap/0.04/eff,32,4.77109e-06,4.74756e-06,3.21097e-08,4.75197e-06,4.7254e-06,4.77132e-06,4.67456e-06,4.80531e-06,3.37945e-08,3.0737e-08
gap/0.04/relativeIdeal,32,0.0191341,0.0190649,0.000124853,0.0190684,0.018987,0.019142,0.018781,0.0192868,0.00012934,0.000121741
gap/0.04/relativeZeroGapPPW,32,2.54481,2.51857,0.0244665,2.51984,2.50312,2.53774,2.46277,2.56585,0.0248104,0.022503
gap/0.1/eff,32,1.24755e-05,1.24385e-05,4.94484e-08,1.2439e-05,1.24082e-05,1.24689e-05,1.23296e-05,1.25441e-05,5.32494e-08,4.68104e-08
gap/0.1/relativeIdeal,32,0.0500321,0.0499496,0.000188183,0.0499601,0.0498126,0.0500505,0.0495762,0.0503808,0.000209519,0.000170121
gap/0.1/relativeZeroGapPPW,32,6.65422,6.59873,0.0680795,6.5987,6.55476,6.64657,6.47992,6.76168,0.0737416,0.0605802
gap/0.2/eff,32,1.01187e-05,1.00478e-05,5.16602e-08,1.00324e-05,1.00046e-05,1.00826e-05,9.98073e-06,1.01536e-05,5.04926e-08,5.44424e-08
gap/0.2/relativeIdeal,32,0.0405803,0.0403493,0.000195999,0.0403,0.040192,0.0404967,0.0400596,0.0407459,0.000198011,0.000200327
gap/0.2/relativeZeroGapPPW,32,5.39714,5.33052,0.0629748,5.32522,5.28059,5.37676,5.22816,5.46639,0.0704382,0.0549569
gap/0/eff,32,1.87483e-06,1.88518e-06,2.08473e-08,1.88792e-06,1.87472e-06,1.89871e-06,1.83974e-06,1.91622e-06,2.50938e-08,1.54971e-08
gap/0/relativeIdeal,32,0.00751885,0.00757036,8.34893e-05,0.00758046,0.00752628,0.00762727,0.00739051,0.00769567,0.000100247,6.23318e-05
gap/0/relativeZeroGapPPW,32,1,1,0,1,1,1,1,1,0,0
head/ir_ratio,32,1.05559,1.05783,0.00121932,1.05796,1.05689,1.0585,1.05559,1.06021,0.00129189,0.00118351
head/ratio,32,2.47797,2.47912,0.00335477,2.47873,2.47728,2.48108,2.47124,2.48611,0.00343844,0.00336535
headir/analytic_ratio,32,1.07443,1.07454,0.000851833,1.07447,1.07417,1.07514,1.07266,1.07613,0.000703094,0.00100253
maskfab/maskfab.csv/0/blocked_pct,128,0,0,0,0,0,0,0,0,0,0
maskfab/maskfab.csv/0/efficiency_rel,128,1,1,0,1,1,1,1,1,0,0
maskfab/maskfab.csv/0/pos_jitter_um,128,0,0,0,0,0,0,0,0,0,0
maskfab/maskfab.csv/0/psr,128,4.318,4.37687,0.0604877,4.376,4.32575,4.42025,4.239,4.531,0.0626659,0.0572888
maskfab/maskfab.csv/0/rms_mm,128,1.506,1.34566,0.424515,1.4345,1.069,1.67775,0.646,2.475,0.428447,0.416964
maskfab/maskfab.csv/0/wander_um,128,0,0,0,0,0,0,0,0,0,0
maskfab/maskfab.csv/10/blocked_pct,128,0.25,0.25,0,0.25,0.25,0.25,0.25,0.25,0,0
maskfab/maskfab.csv/10/efficiency_rel,128,1.003,1.00299,0.000491022,1.003,1.00267,1.0033,1.0018,1.0042,0.000497112,0.000488659
maskfab/maskfab.csv/10/pos_jitter_um,128,10,10,0,10,10,10,10,10,0,0
maskfab/maskfab.csv/10/psr,128,4.372,4.38872,0.0387989,4.385,4.364,4.411,4.279,4.488,0.0386622,0.0392165
maskfab/maskfab.csv/10/rms_mm,128,1.25,1.28859,0.194328,1.293,1.16275,1.40525,0.862,1.895,0.192743,0.196256
maskfab/maskfab.csv/10/wander_um,128,25,25,0,25,25,25,25,25,0,0
maskfab/maskfab.csv/160/blocked_pct,128,4,4,0,4,4,4,4,4,0,0
maskfab/maskfab.csv/160/efficiency_rel,128,0.8869,0.886913,0.00107954,0.8869,0.8862,0.887525,0.8845,0.8895,0.00112779,0.00103777
maskfab/maskfab.csv/160/pos_jitter_um,128,160,160,0,160,160,160,160,160,0,0
maskfab/maskfab.csv/160/psr,128,3.75,3.77006,0.0235542,3.772,3.753,3.78425,3.707,3.828,0.0230319,0.0242382
maskfab/maskfab.csv/160/rms_mm,128,3.649,3.65101,0.184612,3.643,3.537,3.765,3.237,4.213,0.197577,0.172062
maskfab/maskfab.csv/160/wander_um,128,400,400,0,400,400,400,400,400,0,0
maskfab/maskfab.csv/20/blocked_pct,128,0.5,0.5,0,0.5,0.5,0.5,0.5,0.5,0,0
maskfab/maskfab.csv/20/efficiency_rel,128,0.9993,0.998929,0.000664647,0.999,0.9985,0.9994,0.9974,1.0008,0.00068787,0.000646033
maskfab/maskfab.csv/20/pos_jitter_um,128,20,20,0,20,20,20,20,20,0,0
maskfab/maskfab.csv/20/psr,128,4.365,4.35789,0.0320062,4.358,4.3365,4.38025,4.287,4.449,0.0326883,0.0312425
maskfab/maskfab.csv/20/rms_mm,128,1.553,1.41534,0.192664,1.4025,1.26925,1.548,1.033,1.944,0.192324,0.190054
maskfab/maskfab.csv/20/wander_um,128,50,50,0,50,50,50,50,50,0,0
maskfab/maskfab.csv/40/blocked_pct,128,1,1,0,1,1,1,1,1,0,0
maskfab/maskfab.csv/40/efficiency_rel,128,0.9964,0.996499,0.000823235,0.9965,0.996,0.997,0.9947,0.999,0.000823367,0.000829611
maskfab/maskfab.csv/40/pos_jitter_um,128,40,40,0,40,40,40,40,40,0,0
maskfab/maskfab.csv/40/psr,128,4.307,4.31401,0.0267248,4.3155,4.2935,4.32825,4.262,4.382,0.02747,0.0259364
maskfab/maskfab.csv/40/rms_mm,128,1.405,1.5203,0.183186,1.541,1.388,1.641,1.08,2.059,0.178248,0.189406
maskfab/maskfab.csv/40/wander_um,128,100,100,0,100,100,100,100,100,0,0
maskfab/maskfab.csv/80/blocked_pct,128,2,2,0,2,2,2,2,2,0,0
maskfab/maskfab.csv/80/efficiency_rel,128,0.9797,0.979587,0.000983275,0.9796,0.978975,0.980225,0.9772,0.9824,0.00099174,0.00098141
maskfab/maskfab.csv/80/pos_jitter_um,128,80,80,0,80,80,80,80,80,0,0
maskfab/maskfab.csv/80/psr,128,4.209,4.17505,0.0291078,4.175,4.1555,4.193,4.108,4.251,0.0302152,0.0279512
maskfab/maskfab.csv/80/rms_mm,128,1.725,1.92972,0.208752,1.9355,1.808,2.07975,1.401,2.422,0.214088,0.202412
maskfab/maskfab.csv/80/wander_um,128,200,200,0,200,200,200,200,200,0,0
maskfab/relativeRms/10,128,0.830013,1.07451,0.432672,0.887985,0.774115,1.2787,0.552441,2.25308,0.416177,0.449144
maskfab/relativeRms/160,128,2.42297,3.06539,1.1893,2.65266,2.21192,3.39754,1.44848,5.91467,1.138,1.23324
maskfab/relativeRms/20,128,1.03121,1.17849,0.458505,1.02485,0.854194,1.33569,0.574141,2.55572,0.471521,0.447553
maskfab/relativeRms/40,128,0.932935,1.27669,0.516785,1.08486,0.931272,1.45086,0.606541,2.56612,0.494779,0.536111
maskfab/relativeRms/80,128,1.14542,1.61794,0.648018,1.36946,1.14786,1.86764,0.887931,3.42574,0.640326,0.649385
maskfab/within2/10,128,1,0.960938,0.194505,1,1,1,0,1,0.175368,0.213042
maskfab/within2/160,128,0,0.125,0.332018,0,0,0,0,1,0.365963,0.293785
maskfab/within2/20,128,1,0.929688,0.256678,1,1,1,0,1,0.243975,0.27049
maskfab/within2/40,128,1,0.84375,0.364519,1,1,1,0,1,0.333333,0.393398
maskfab/within2/80,128,1,0.78125,0.415023,1,1,1,0,1,0.380254,0.445157
masktaper/gain4,64,0.351476,0.352438,0.0017809,0.35239,0.351283,0.353475,0.348081,0.358335,0.00197012,0.00151713
masktaper/masktaper.csv/0.0/edge_ratio,64,0.822,0.824978,0.00161545,0.8247,0.8239,0.825875,0.8213,0.8294,0.00172173,0.0015022
masktaper/masktaper.csv/0.0/eff_center,64,0.00016536,0.000164992,1.95688e-07,0.00016497,0.00016486,0.00016515,0.00016447,0.00016542,2.02239e-07,1.84111e-07
masktaper/masktaper.csv/0.0/eff_edge,64,0.00013592,0.000136114,1.72539e-07,0.0001361,0.000135995,0.000136202,0.00013562,0.00013662,2.01157e-07,1.41523e-07
masktaper/masktaper.csv/0.0/rms_edge_mm,64,0.255,0.256453,0.00693491,0.255,0.251,0.261,0.243,0.276,0.00694883,0.00702178
masktaper/masktaper.csv/1.0/edge_ratio,64,0.8387,0.839989,0.00137461,0.84015,0.83905,0.840875,0.8372,0.8428,0.00131498,0.00141898
masktaper/masktaper.csv/1.0/eff_center,64,0.00020452,0.000204178,2.33614e-07,0.00020418,0.000204057,0.000204333,0.0002034,0.00020466,2.22369e-07,2.42856e-07
masktaper/masktaper.csv/1.0/eff_edge,64,0.00017153,0.000171506,2.14767e-07,0.000171515,0.000171365,0.000171642,0.00017109,0.00017205,2.20567e-07,2.11219e-07
masktaper/masktaper.csv/1.0/rms_edge_mm,64,0.227,0.227547,0.00407443,0.227,0.224,0.23,0.22,0.238,0.00409514,0.00411907
masktaper/masktaper.csv/10.0/edge_ratio,64,0.9955,0.997331,0.00137042,0.9974,0.9962,0.998325,0.9948,1.001,0.0012925,0.00146381
masktaper/masktaper.csv/10.0/eff_center,64,0.00022348,0.000223141,2.24155e-07,0.00022315,0.000223015,0.00022331,0.00022266,0.00022384,2.57541e-07,1.88897e-07
masktaper/masktaper.csv/10.0/eff_edge,64,0.00022247,0.000222545,2.01935e-07,0.00022256,0.00022244,0.000222665,0.00022209,0.00022303,1.90499e-07,2.15822e-07
masktaper/masktaper.csv/10.0/rms_edge_mm,64,0.273,0.267,0.00516398,0.2665,0.263,0.27125,0.257,0.277,0.00573051,0.00462113
masktaper/masktaper.csv/15.0/edge_ratio,64,0.9955,0.997331,0.00137042,0.9974,0.9962,0.998325,0.9948,1.001,0.0012925,0.00146381
masktaper/masktaper.csv/15.0/eff_center,64,0.00022348,0.000223141,2.24155e-07,0.00022315,0.000223015,0.00022331,0.00022266,0.00022384,2.57541e-07,1.88897e-07
masktaper/masktaper.csv/15.0/eff_edge,64,0.00022247,0.000222545,2.01935e-07,0.00022256,0.00022244,0.000222665,0.00022209,0.00022303,1.90499e-07,2.15822e-07
masktaper/masktaper.csv/15.0/rms_edge_mm,64,0.273,0.267,0.00516398,0.2665,0.263,0.27125,0.257,0.277,0.00573051,0.00462113
masktaper/masktaper.csv/2.0/edge_ratio,64,0.9046,0.904873,0.00121776,0.90495,0.903875,0.905525,0.9022,0.9077,0.00138602,0.0010438
masktaper/masktaper.csv/2.0/eff_center,64,0.00022348,0.000223141,2.24155e-07,0.00022315,0.000223015,0.00022331,0.00022266,0.00022384,2.57541e-07,1.88897e-07
masktaper/masktaper.csv/2.0/eff_edge,64,0.00020216,0.000201913,2.09032e-07,0.000201945,0.000201795,0.00020206,0.00020141,0.0002023,2.33472e-07,1.85141e-07
masktaper/masktaper.csv/2.0/rms_edge_mm,64,0.239,0.244609,0.0081817,0.243,0.24075,0.25,0.227,0.264,0.00947785,0.00653742
masktaper/masktaper.csv/25.0/edge_ratio,64,0.9955,0.997331,0.00137042,0.9974,0.9962,0.998325,0.9948,1.001,0.0012925,0.00146381
masktaper/masktaper.csv/25.0/eff_center,64,0.00022348,0.000223141,2.24155e-07,0.00022315,0.000223015,0.00022331,0.00022266,0.00022384,2.57541e-07,1.88897e-07
masktaper/masktaper.csv/25.0/eff_edge,64,0.00022247,0.000222545,2.01935e-07,0.00022256,0.00022244,0.000222665,0.00022209,0.00022303,1.90499e-07,2.15822e-07
masktaper/masktaper.csv/25.0/rms_edge_mm,64,0.273,0.267,0.00516398,0.2665,0.263,0.27125,0.257,0.277,0.00573051,0.00462113
masktaper/masktaper.csv/3.0/edge_ratio,64,0.9576,0.958411,0.00128398,0.95845,0.957475,0.9592,0.9556,0.9614,0.00129649,0.0012921
masktaper/masktaper.csv/3.0/eff_center,64,0.00022348,0.000223141,2.24155e-07,0.00022315,0.000223015,0.00022331,0.00022266,0.00022384,2.57541e-07,1.88897e-07
masktaper/masktaper.csv/3.0/eff_edge,64,0.00021401,0.00021386,2.16439e-07,0.00021388,0.000213728,0.000214,0.00021337,0.00021437,2.20978e-07,2.15143e-07
masktaper/masktaper.csv/3.0/rms_edge_mm,64,0.252,0.253437,0.00729835,0.2525,0.25,0.259,0.238,0.272,0.00610782,0.0077589
masktaper/masktaper.csv/4.0/edge_ratio,64,0.9895,0.991406,0.00136717,0.9914,0.9902,0.992325,0.9888,0.995,0.00132683,0.00142738
masktaper/masktaper.csv/4.0/eff_center,64,0.00022348,0.000223141,2.24155e-07,0.00022315,0.000223015,0.00022331,0.00022266,0.00022384,2.57541e-07,1.88897e-07
masktaper/masktaper.csv/4.0/eff_edge,64,0.00022112,0.000221223,2.03472e-07,0.00022126,0.000221105,0.000221343,0.00022077,0.0002217,1.94919e-07,2.14784e-07
masktaper/masktaper.csv/4.0/rms_edge_mm,64,0.264,0.262,0.004814,0.262,0.258,0.266,0.254,0.274,0.0045151,0.00512416
masktaper/masktaper.csv/5.0/edge_ratio,64,0.9955,0.997331,0.00137042,0.9974,0.9962,0.998325,0.9948,1.001,0.0012925,0.00146381
masktaper/masktaper.csv/5.0/eff_center,64,0.00022348,0.000223141,2.24155e-07,0.00022315,0.000223015,0.00022331,0.00022266,0.00022384,2.57541e-07,1.88897e-07
masktaper/masktaper.csv/5.0/eff_edge,64,0.00022247,0.000222545,2.01935e-07,0.00022256,0.00022244,0.000222665,0.00022209,0.00022303,1.90499e-07,2.15822e-07
masktaper/masktaper.csv/5.0/rms_edge_mm,64,0.273,0.267,0.00516398,0.2665,0.263,0.27125,0.257,0.277,0.00573051,0.00462113
masktaper/masktaper.csv/7.0/edge_ratio,64,0.9955,0.997331,0.00137042,0.9974,0.9962,0.998325,0.9948,1.001,0.0012925,0.00146381
masktaper/masktaper.csv/7.0/eff_center,64,0.00022348,0.000223141,2.24155e-07,0.00022315,0.000223015,0.00022331,0.00022266,0.00022384,2.57541e-07,1.88897e-07
masktaper/masktaper.csv/7.0/eff_edge,64,0.00022247,0.000222545,2.01935e-07,0.00022256,0.00022244,0.000222665,0.00022209,0.00022303,1.90499e-07,2.15822e-07
masktaper/masktaper.csv/7.0/rms_edge_mm,64,0.273,0.267,0.00516398,0.2665,0.263,0.27125,0.257,0.277,0.00573051,0.00462113
mat_BGO/eff,64,0.000122797,0.000122544,1.90923e-07,0.000122516,0.000122413,0.000122671,0.000122194,0.000123043,1.9007e-07,1.94712e-07
mat_CeBr3/eff,64,7.70425e-05,7.68842e-05,1.19785e-07,7.68661e-05,7.68016e-05,7.69637e-05,7.66644e-05,7.71969e-05,1.19249e-07,1.22161e-07
mat_GAGG/eff,64,0.000100191,9.99855e-05,1.55777e-07,9.9962e-05,9.9878e-05,0.000100089,9.96997e-05,0.000100392,1.5508e-07,1.58868e-07
mat_LYSO/eff,64,0.000113464,0.00011323,1.76412e-07,0.000113204,0.000113109,0.000113348,0.000112907,0.000113691,1.75623e-07,1.79913e-07
mat_LaBr3/eff,64,7.63507e-05,7.61938e-05,1.18709e-07,7.61759e-05,7.61119e-05,7.62726e-05,7.5976e-05,7.65036e-05,1.18179e-07,1.21064e-07
mat_NaI/eff,64,5.92693e-05,5.91475e-05,9.21511e-08,5.91336e-05,5.90839e-05,5.92087e-05,5.89784e-05,5.9388e-05,9.17393e-08,9.39794e-08
mixedfield/match5/error,64,0.55,0.55,0,0.55,0.55,0.55,0.55,0.55,0,0
mixedfield/match6/error,64,0.27,0.27,0,0.27,0.27,0.27,0.27,0.27,0,0
mixedfield/match7/error,64,0.93,0.93,0,0.93,0.93,0.93,0.93,0.93,0,0
mixediso/match1/error,64,8,8,0,8,8,8,8,8,0,0
mixediso/match7/error,64,8.75,8.66469,0.24537,8.75,8.75,8.75,7.97,8.75,0.287744,0.191829
mixediso/match8/error,64,1.1,1.1,0,1.1,1.1,1.1,1.1,1.1,0,0
mixedstrip/R,64,4.076,3.98817,0.0354036,3.9825,3.96875,4.01025,3.912,4.081,0.0345748,0.0367672
mixedstrip/co-located/raw,64,39,39,0,39,39,39,39,39,0,0
mixedstrip/co-located/raw_error_pct,64,1160,1161.64,16.1002,1159,1150.75,1171,1125,1209,14.3434,17.6753
mixedstrip/co-located/stripped,64,3,3.46875,0.502967,3,3,4,3,4,0.498991,0.507007
mixedstrip/co-located/stripped_error_pct,64,10,14.0625,9.54501,13,8,20.25,-4,34,8.66206,10.4661
mixedstrip/co-located/true,64,3,3,0,3,3,3,3,3,0,0
mixedstrip/separated/raw,64,38,38.8906,0.314576,39,39,39,38,39,0.245935,0.368902
mixedstrip/separated/raw_error_pct,64,1177,1164.94,14.2783,1164,1156,1175.25,1121,1195,13.8933,14.8563
mixedstrip/separated/stripped,64,3,3.64062,0.48361,4,3,4,3,4,0.498991,0.470929
mixedstrip/separated/stripped_error_pct,64,2,17.625,9.24533,18,12.5,23,-4,39,9.25877,9.37734
mixedstrip/separated/true,64,3,3,0,3,3,3,3,3,0,0
mlem/mlem.csv/1.00/cross_resolved,64,0,0,0,0,0,0,0,0,0,0
mlem/mlem.csv/1.00/cross_valley_depth,64,0.0639,0.0641359,0.000392941,0.0641,0.0638,0.0644,0.0634,0.065,0.000368287,0.000421929
mlem/mlem.csv/1.00/mlem_resolved,64,0,0,0,0,0,0,0,0,0,0
mlem/mlem.csv/1.00/mlem_valley_depth,64,0.0726,0.0652609,0.00729735,0.0644,0.060375,0.07005,0.0476,0.082,0.0074224,0.0072422
mlem/mlem.csv/1.50/cross_resolved,64,0,0,0,0,0,0,0,0,0,0
mlem/mlem.csv/1.50/cross_valley_depth,64,0.0389,0.0390766,0.000269475,0.0391,0.0389,0.039225,0.0385,0.0397,0.000279382,0.000260195
mlem/mlem.csv/1.50/mlem_resolved,64,1,1,0,1,1,1,1,1,0,0
mlem/mlem.csv/1.50/mlem_valley_depth,64,0.3475,0.32875,0.0163492,0.32855,0.3167,0.337975,0.2928,0.3626,0.0169182,0.0157605
mlem/mlem.csv/2.00/cross_resolved,64,0,0,0,0,0,0,0,0,0,0
mlem/mlem.csv/2.00/cross_valley_depth,64,0.1082,0.108436,0.000760402,0.10835,0.108,0.1088,0.1069,0.1104,0.000837858,0.00068427
mlem/mlem.csv/2.00/mlem_resolved,64,1,1,0,1,1,1,1,1,0,0
mlem/mlem.csv/2.00/mlem_valley_depth,64,0.5616,0.552419,0.00960392,0.55265,0.5462,0.5564,0.5257,0.5827,0.0094723,0.00975011
mlem/mlem.csv/2.50/cross_resolved,64,0,0,0,0,0,0,0,0,0,0
mlem/mlem.csv/2.50/cross_valley_depth,64,0.1165,0.117206,0.0007948,0.1173,0.1168,0.1177,0.1149,0.1186,0.000641626,0.000920548
mlem/mlem.csv/2.50/mlem_resolved,64,1,1,0,1,1,1,1,1,0,0
mlem/mlem.csv/2.50/mlem_valley_depth,64,0.713,0.715959,0.00797073,0.71575,0.710075,0.7208,0.6996,0.7371,0.00915788,0.00672492
mlem/mlem.csv/3.00/cross_resolved,64,0,0,0,0,0,0,0,0,0,0
mlem/mlem.csv/3.00/cross_valley_depth,64,0.1714,0.16975,0.00121747,0.1698,0.16905,0.1705,0.1668,0.1727,0.00138865,0.00103797
mlem/mlem.csv/3.00/mlem_resolved,64,1,1,0,1,1,1,1,1,0,0
mlem/mlem.csv/3.00/mlem_valley_depth,64,0.8225,0.821869,0.00437884,0.82185,0.8195,0.824375,0.8101,0.834,0.00459329,0.00417529
mlem/mlem.csv/3.50/cross_resolved,64,1,1,0,1,1,1,1,1,0,0
mlem/mlem.csv/3.50/cross_valley_depth,64,0.3831,0.380925,0.00250947,0.38065,0.37875,0.382925,0.3763,0.3882,0.0021142,0.00284091
mlem/mlem.csv/3.50/mlem_resolved,64,1,1,0,1,1,1,1,1,0,0
mlem/mlem.csv/3.50/mlem_valley_depth,64,0.8942,0.893341,0.00289673,0.8936,0.8913,0.8955,0.8864,0.9007,0.0029179,0.0028194
mlem/mlem.csv/4.00/cross_resolved,64,1,1,0,1,1,1,1,1,0,0
mlem/mlem.csv/4.00/cross_valley_depth,64,0.6212,0.62072,0.00237749,0.62095,0.618925,0.62205,0.6149,0.6274,0.00276971,0.00195034
mlem/mlem.csv/4.00/mlem_resolved,64,1,1,0,1,1,1,1,1,0,0
mlem/mlem.csv/4.00/mlem_valley_depth,64,0.9539,0.952869,0.00165969,0.9529,0.9516,0.954075,0.9488,0.9561,0.00172346,0.00156867
mlem/mlem.csv/5.00/cross_resolved,64,1,1,0,1,1,1,1,1,0,0
mlem/mlem.csv/5.00/cross_valley_depth,64,0.8927,0.888666,0.00239518,0.8882,0.886975,0.8902,0.8846,0.8949,0.0025331,0.00228614
mlem/mlem.csv/5.00/mlem_resolved,64,1,1,0,1,1,1,1,1,0,0
mlem/mlem.csv/5.00/mlem_valley_depth,64,1,1,0,1,1,1,1,1,0,0
mlem/mlem.csv/6.00/cross_resolved,64,1,1,0,1,1,1,1,1,0,0
mlem/mlem.csv/6.00/cross_valley_depth,64,1.0465,1.04413,0.00225512,1.0443,1.043,1.04535,1.0363,1.0488,0.00224936,0.0022854
mlem/mlem.csv/6.00/mlem_resolved,64,1,1,0,1,1,1,1,1,0,0
mlem/mlem.csv/6.00/mlem_valley_depth,64,1,1,0,1,1,1,1,1,0,0
mlem/stdout/line2/n0,64,0.55,0.55,0,0.55,0.55,0.55,0.55,0.55,0,0
mlem/stdout/line2/n1,64,0.87,0.87,0,0.87,0.87,0.87,0.87,0.87,0,0
mlem/stdout/line2/n2,64,-103.7,-103.513,0.384006,-103.5,-103.7,-103.275,-104.4,-102.9,0.387389,0.380881
mlem/stdout/line2/n3,64,0,0,0,0,0,0,0,0,0,0
mlem/stdout/line2/n4,64,0,0,0,0,0,0,0,0,0,0
mlem/stdout/line2/n5,64,2.5,2.49969,0.00175368,2.5,2.5,2.5,2.49,2.5,0,0.00245935
mlem/stdout/line2/n6,64,1.95,1.93203,0.0508711,1.95,1.94,1.95,1.73,1.95,0.0533967,0.0489229
noise/noise.csv/centered/10/equiv_time_s,128,0.047,0.047,0,0.047,0.047,0.047,0.047,0.047,0,0
noise/noise.csv/centered/10/failure_rate,128,0.743,0.762758,0.0265208,0.763,0.746,0.783,0.697,0.843,0.0271435,0.0260938
noise/noise.csv/centered/10/mean_error_mm,128,6.625,6.86273,0.238391,6.8685,6.6985,7.01575,6.382,7.521,0.24508,0.233298
noise/noise.csv/centered/10/rms_error_mm,128,7.657,7.81341,0.187123,7.8095,7.69825,7.9485,7.438,8.298,0.188673,0.186857
noise/noise.csv/centered/100/equiv_time_s,128,0.471,0.471961,0.000508237,0.472,0.472,0.472,0.471,0.473,0.00050763,0.000502967
noise/noise.csv/centered/100/failure_rate,128,0.003,0.00425,0.00388009,0.003,0,0.007,0,0.02,0.00421022,0.00350902
noise/noise.csv/centered/100/mean_error_mm,128,0.598,0.595641,0.0346444,0.5945,0.57075,0.619,0.519,0.713,0.0366751,0.0327076
noise/noise.csv/centered/100/rms_error_mm,128,0.873,0.859289,0.181566,0.8625,0.66125,0.966,0.589,1.472,0.191486,0.172582
noise/noise.csv/centered/1000/equiv_time_s,128,4.707,4.71935,0.00477789,4.72,4.716,4.722,4.707,4.732,0.00517588,0.00431725
noise/noise.csv/centered/1000/failure_rate,128,0,0,0,0,0,0,0,0,0,0
noise/noise.csv/centered/1000/mean_error_mm,128,0.359,0.357594,0.00200957,0.358,0.356,0.359,0.352,0.363,0.0019758,0.00205649
noise/noise.csv/centered/1000/rms_error_mm,128,0.36,0.358766,0.00228823,0.359,0.357,0.36,0.353,0.366,0.00210983,0.00246564
noise/noise.csv/centered/25/equiv_time_s,128,0.118,0.118,0,0.118,0.118,0.118,0.118,0.118,0,0
noise/noise.csv/centered/25/failure_rate,128,0.347,0.382227,0.0255643,0.38,0.367,0.4,0.323,0.44,0.0234501,0.0270756
noise/noise.csv/centered/25/mean_error_mm,128,3.577,3.71307,0.196766,3.717,3.57675,3.85675,3.288,4.167,0.185238,0.20603
noise/noise.csv/centered/25/rms_error_mm,128,5.278,5.33897,0.201684,5.343,5.213,5.49075,4.848,5.842,0.196095,0.206761
noise/noise.csv/centered/250/equiv_time_s,128,1.177,1.17987,0.00119955,1.18,1.179,1.181,1.177,1.183,0.0012932,0.00108333
noise/noise.csv/centered/250/failure_rate,128,0,0,0,0,0,0,0,0,0,0
noise/noise.csv/centered/250/mean_error_mm,128,0.409,0.407492,0.00924555,0.4065,0.401,0.41425,0.386,0.43,0.00835852,0.0100664
noise/noise.csv/centered/250/rms_error_mm,128,0.442,0.437484,0.0139628,0.4375,0.427,0.448,0.406,0.472,0.0129331,0.0149052
noise/noise.csv/centered/2500/equiv_time_s,128,11.767,11.7983,0.0118897,11.799,11.79,11.8052,11.767,11.83,0.0128744,0.0107397
noise/noise.csv/centered/2500/failure_rate,128,0,0,0,0,0,0,0,0,0,0
noise/noise.csv/centered/2500/mean_error_mm,128,0.356,0.354406,0.00143871,0.354,0.353,0.356,0.351,0.357,0.00153909,0.00134288
noise/noise.csv/centered/2500/rms_error_mm,128,0.356,0.354867,0.00146546,0.355,0.354,0.356,0.352,0.358,0.00155512,0.00137869
noise/noise.csv/centered/5/equiv_time_s,128,0.024,0.024,0,0.024,0.024,0.024,0.024,0.024,0,0
noise/noise.csv/centered/5/failure_rate,128,0.957,0.948141,0.0123936,0.947,0.94,0.957,0.91,0.973,0.0118602,0.0127991
noise/noise.csv/centered/5/mean_error_mm,128,9.475,9.44013,0.152559,9.4525,9.35575,9.548,9.053,9.829,0.138734,0.163909
noise/noise.csv/centered/5/rms_error_mm,128,9.823,9.84444,0.119892,9.8545,9.77575,9.9165,9.51,10.138,0.108945,0.129105
noise/noise.csv/centered/50/equiv_time_s,128,0.235,0.235977,0.00023359,0.236,0.236,0.236,0.235,0.237,0.000306995,0.000125
noise/noise.csv/centered/50/failure_rate,128,0.07,0.0963359,0.019653,0.097,0.087,0.11,0.043,0.15,0.0198088,0.0194161
noise/noise.csv/centered/50/mean_error_mm,128,1.232,1.45466,0.15932,1.4675,1.3565,1.5495,0.993,1.813,0.159542,0.157485
noise/noise.csv/centered/50/rms_error_mm,128,2.437,2.77637,0.291782,2.7955,2.617,2.9845,1.773,3.394,0.289686,0.292454
noise/noise.csv/centered/500/equiv_time_s,128,2.353,2.35968,0.00236088,2.36,2.358,2.361,2.353,2.366,0.00258122,0.00211048
noise/noise.csv/centered/500/failure_rate,128,0,0,0,0,0,0,0,0,0,0
noise/noise.csv/centered/500/mean_error_mm,128,0.362,0.365258,0.00374428,0.365,0.362,0.368,0.355,0.375,0.00383718,0.00367194
noise/noise.csv/centered/500/rms_error_mm,128,0.365,0.370367,0.00551144,0.37,0.366,0.374,0.357,0.385,0.00534798,0.00571122
noise/noise.csv/centered/5000/equiv_time_s,128,23.534,23.5966,0.0237643,23.599,23.58,23.611,23.534,23.66,0.025758,0.0214605
noise/noise.csv/centered/5000/failure_rate,128,0,0,0,0,0,0,0,0,0,0
noise/noise.csv/centered/5000/mean_error_mm,128,0.354,0.353664,0.00137627,0.354,0.353,0.355,0.35,0.357,0.00139016,0.00135684
noise/noise.csv/centered/5000/rms_error_mm,128,0.354,0.353906,0.00128245,0.354,0.353,0.355,0.351,0.357,0.00129013,0.0012692
noise/noise.csv/edge_8mm/10/equiv_time_s,128,0.049,0.049,0,0.049,0.049,0.049,0.049,0.049,0,0
noise/noise.csv/edge_8mm/10/failure_rate,128,0.79,0.812586,0.0233688,0.813,0.797,0.83,0.763,0.86,0.023936,0.0229575
noise/noise.csv/edge_8mm/10/mean_error_mm,128,9.562,9.71785,0.343761,9.734,9.41875,9.952,9.059,10.629,0.337701,0.351445
noise/noise.csv/edge_8mm/10/rms_error_mm,128,11.134,11.1756,0.283809,11.1635,10.9895,11.3775,10.585,11.974,0.275722,0.292485
noise/noise.csv/edge_8mm/100/equiv_time_s,128,0.488,0.488172,0.000534029,0.488,0.488,0.488,0.487,0.489,0.00057649,0.00048795
noise/noise.csv/edge_8mm/100/failure_rate,128,0.01,0.0143828,0.00740411,0.013,0.007,0.02,0,0.037,0.0074341,0.00740561
noise/noise.csv/edge_8mm/100/mean_error_mm,128,0.723,0.740586,0.0816349,0.736,0.68125,0.805,0.598,0.943,0.0850254,0.0785477
noise/noise.csv/edge_8mm/100/rms_error_mm,128,1.586,1.48119,0.364379,1.4745,1.257,1.7505,0.648,2.344,0.366592,0.363683
noise/noise.csv/edge_8mm/1000/equiv_time_s,128,4.883,4.88191,0.00455937,4.882,4.879,4.885,4.871,4.894,0.00470707,0.00437707
noise/noise.csv/edge_8mm/1000/failure_rate,128,0,0,0,0,0,0,0,0,0,0
noise/noise.csv/edge_8mm/1000/mean_error_mm,128,0.485,0.484586,0.00470806,0.485,0.482,0.488,0.474,0.497,0.00512996,0.00428496
noise/noise.csv/edge_8mm/1000/rms_error_mm,128,0.49,0.489922,0.00426229,0.49,0.487,0.493,0.48,0.501,0.00456411,0.00396985
noise/noise.csv/edge_8mm/25/equiv_time_s,128,0.122,0.122,0,0.122,0.122,0.122,0.122,0.122,0,0
noise/noise.csv/edge_8mm/25/failure_rate,128,0.397,0.454352,0.0327966,0.457,0.43225,0.48,0.367,0.52,0.0326784,0.0331528
noise/noise.csv/edge_8mm/25/mean_error_mm,128,4.918,5.48581,0.359091,5.522,5.2125,5.74525,4.62,6.202,0.353556,0.36685
noise/noise.csv/edge_8mm/25/rms_error_mm,128,7.437,7.93813,0.343029,7.939,7.68725,8.17775,7.125,8.695,0.334549,0.353676
noise/noise.csv/edge_8mm/250/equiv_time_s,128,1.221,1.22045,0.00116281,1.22,1.22,1.221,1.218,1.223,0.00120587,0.00111348
noise/noise.csv/edge_8mm/250/failure_rate,128,0,4.6875e-05,0.000373521,0,0,0,0,0.003,0.000375,0.000375
noise/noise.csv/edge_8mm/250/mean_error_mm,128,0.514,0.514797,0.00912499,0.514,0.50975,0.519,0.498,0.562,0.00848896,0.00973111
noise/noise.csv/edge_8mm/250/rms_error_mm,128,0.53,0.536484,0.0360529,0.532,0.527,0.538,0.514,0.819,0.0355571,0.036805
noise/noise.csv/edge_8mm/2500/equiv_time_s,128,12.207,12.2048,0.0113281,12.205,12.197,12.212,12.179,12.234,0.0117236,0.0108272
noise/noise.csv/edge_8mm/2500/failure_rate,128,0,0,0,0,0,0,0,0,0,0
noise/noise.csv/edge_8mm/2500/mean_error_mm,128,0.493,0.491875,0.00342294,0.492,0.489,0.495,0.482,0.499,0.00350962,0.00331902
noise/noise.csv/edge_8mm/2500/rms_error_mm,128,0.495,0.493797,0.00301795,0.494,0.491,0.496,0.486,0.5,0.00312341,0.00290589
noise/noise.csv/edge_8mm/5/equiv_time_s,128,0.024,0.024,0,0.024,0.024,0.024,0.024,0.024,0,0
noise/noise.csv/edge_8mm/5/failure_rate,128,0.963,0.96375,0.0117781,0.963,0.957,0.973,0.927,0.99,0.0114299,0.0121932
noise/noise.csv/edge_8mm/5/mean_error_mm,128,13.178,13.2114,0.298756,13.2375,13.0285,13.4198,12.5,13.886,0.31059,0.285046
noise/noise.csv/edge_8mm/5/rms_error_mm,128,13.944,13.9929,0.25054,14.0205,13.8285,14.156,13.387,14.628,0.256951,0.241945
noise/noise.csv/edge_8mm/50/equiv_time_s,128,0.244,0.244047,0.000212202,0.244,0.244,0.244,0.244,0.245,0.000243975,0.000175368
noise/noise.csv/edge_8mm/50/failure_rate,128,0.143,0.149008,0.0231277,0.147,0.133,0.163,0.073,0.217,0.0231313,0.0233041
noise/noise.csv/edge_8mm/50/mean_error_mm,128,2.084,2.20955,0.249393,2.2065,2.038,2.37,1.269,2.921,0.265198,0.234605
noise/noise.csv/edge_8mm/50/rms_error_mm,128,4.226,4.4831,0.405351,4.488,4.264,4.7515,2.718,5.443,0.444999,0.364917
noise/noise.csv/edge_8mm/500/equiv_time_s,128,2.441,2.44096,0.00229824,2.441,2.439,2.442,2.436,2.447,0.00237876,0.00219103
noise/noise.csv/edge_8mm/500/failure_rate,128,0,0,0,0,0,0,0,0,0,0
noise/noise.csv/edge_8mm/500/mean_error_mm,128,0.491,0.489391,0.00615449,0.489,0.48575,0.493,0.474,0.504,0.00672829,0.00557337
noise/noise.csv/edge_8mm/500/rms_error_mm,128,0.5,0.499063,0.00585353,0.499,0.495,0.503,0.484,0.514,0.0065041,0.00517144
noise/noise.csv/edge_8mm/5000/equiv_time_s,128,24.414,24.4096,0.0226084,24.41,24.3948,24.4242,24.357,24.468,0.02342,0.0216114
noise/noise.csv/edge_8mm/5000/failure_rate,128,0,0,0,0,0,0,0,0,0,0
noise/noise.csv/edge_8mm/5000/mean_error_mm,128,0.5,0.498008,0.00230199,0.498,0.496,0.5,0.493,0.503,0.00239523,0.00222043
noise/noise.csv/edge_8mm/5000/rms_error_mm,128,0.5,0.498539,0.00220915,0.498,0.497,0.5,0.493,0.503,0.00232118,0.00210813
noise/submm/100,128,1,0.773438,0.420252,1,1,1,0,1,0.445157,0.393398
noise/submm/250,128,1,1,0,1,1,1,1,1,0,0
noise/submm/50,128,0,0,0,0,0,0,0,0,0,0
noise_head/noise.csv/centered/10/equiv_time_s,64,0.047,0.0470312,0.000175368,0.047,0.047,0.047,0.047,0.048,0,0.000245935
noise_head/noise.csv/centered/10/failure_rate,64,0.81,0.802766,0.0203858,0.807,0.79,0.814,0.74,0.85,0.0225539,0.0178812
noise_head/noise.csv/centered/10/mean_error_mm,64,7.479,7.29083,0.192602,7.274,7.18975,7.3935,6.821,7.709,0.201445,0.178448
noise_head/noise.csv/centered/10/rms_error_mm,64,8.395,8.19808,0.160558,8.1935,8.09725,8.299,7.746,8.566,0.162596,0.154887
noise_head/noise.csv/centered/100/equiv_time_s,64,0.473,0.474141,0.000499752,0.474,0.474,0.474,0.473,0.475,0.00053033,0.000470929
noise_head/noise.csv/centered/100/failure_rate,64,0.027,0.039875,0.0121492,0.04,0.03,0.04775,0.013,0.06,0.0120215,0.0118838
noise_head/noise.csv/centered/100/mean_error_mm,64,0.597,0.691656,0.103006,0.6865,0.6065,0.7715,0.445,0.892,0.105127,0.0987342
noise_head/noise.csv/centered/100/rms_error_mm,64,1.63,1.82184,0.2884,1.8315,1.61575,2.01,1.08,2.355,0.307877,0.262237
noise_head/noise.csv/centered/1000/equiv_time_s,64,4.731,4.7415,0.0046188,4.741,4.738,4.74425,4.731,4.751,0.00443217,0.00482256
noise_head/noise.csv/centered/1000/failure_rate,64,0,0,0,0,0,0,0,0,0,0
noise_head/noise.csv/centered/1000/mean_error_mm,64,0.235,0.237578,0.0028994,0.238,0.23575,0.239,0.232,0.245,0.00249818,0.00327995
noise_head/noise.csv/centered/1000/rms_error_mm,64,0.239,0.241094,0.0025864,0.241,0.239,0.243,0.236,0.248,0.00234779,0.00283981
noise_head/noise.csv/centered/25/equiv_time_s,64,0.118,0.118625,0.00048795,0.119,0.118,0.119,0.118,0.119,0.000491869,0.000491869
noise_head/noise.csv/centered/25/failure_rate,64,0.54,0.496906,0.0335018,0.5015,0.47,0.524,0.43,0.563,0.0298142,0.0352703
noise_head/noise.csv/centered/25/mean_error_mm,64,4.911,4.52228,0.253168,4.5265,4.3095,4.68575,4.068,5.022,0.226255,0.266214
noise_head/noise.csv/centered/25/rms_error_mm,64,6.451,6.10961,0.218625,6.105,5.944,6.27525,5.703,6.554,0.196499,0.226652
noise_head/noise.csv/centered/250/equiv_time_s,64,1.183,1.18536,0.00117334,1.185,1.185,1.186,1.183,1.188,0.00115659,0.00119137
noise_head/noise.csv/centered/250/failure_rate,64,0,0.0006875,0.00158239,0,0,0,0,0.007,0.00194039,0.00110671
noise_head/noise.csv/centered/250/mean_error_mm,64,0.24,0.255016,0.016345,0.25,0.245,0.256,0.23,0.313,0.0202316,0.0112672
noise_head/noise.csv/centered/250/rms_error_mm,64,0.254,0.333406,0.147203,0.267,0.26,0.28125,0.246,0.814,0.175371,0.111571
noise_head/noise.csv/centered/2500/equiv_time_s,64,11.829,11.8538,0.0114094,11.853,11.846,11.861,11.829,11.877,0.0109161,0.0119231
noise_head/noise.csv/centered/2500/failure_rate,64,0,0,0,0,0,0,0,0,0,0
noise_head/noise.csv/centered/2500/mean_error_mm,64,0.241,0.243875,0.00192313,0.244,0.243,0.245,0.24,0.249,0.00190817,0.00194998
noise_head/noise.csv/centered/2500/rms_error_mm,64,0.243,0.245031,0.00183414,0.245,0.244,0.246,0.241,0.25,0.00176634,0.0019195
noise_head/noise.csv/centered/5/equiv_time_s,64,0.024,0.024,0,0.024,0.024,0.024,0.024,0.024,0,0
noise_head/noise.csv/centered/5/failure_rate,64,0.947,0.959172,0.0113243,0.96,0.95,0.96775,0.937,0.977,0.0104586,0.0122161
noise_head/noise.csv/centered/5/mean_error_mm,64,9.727,9.86833,0.174663,9.8295,9.77825,9.98275,9.468,10.349,0.144056,0.201537
noise_head/noise.csv/centered/5/rms_error_mm,64,10.183,10.277,0.148168,10.2575,10.1855,10.3767,9.899,10.673,0.116412,0.175308
noise_head/noise.csv/centered/50/equiv_time_s,64,0.237,0.237031,0.000175368,0.237,0.237,0.237,0.237,0.238,0,0.000245935
noise_head/noise.csv/centered/50/failure_rate,64,0.21,0.225844,0.0234414,0.225,0.21,0.243,0.173,0.28,0.0234002,0.023724
noise_head/noise.csv/centered/50/mean_error_mm,64,2.234,2.31706,0.196673,2.3135,2.166,2.4445,1.886,2.851,0.197164,0.194202
noise_head/noise.csv/centered/50/rms_error_mm,64,4.104,4.17812,0.236107,4.1435,4.0135,4.321,3.68,4.781,0.24544,0.223751
noise_head/noise.csv/centered/500/equiv_time_s,64,2.366,2.37077,0.0022869,2.371,2.369,2.372,2.366,2.375,0.00219879,0.00238928
noise_head/noise.csv/centered/500/failure_rate,64,0,0,0,0,0,0,0,0,0,0
noise_head/noise.csv/centered/500/mean_error_mm,64,0.237,0.234797,0.00396484,0.235,0.232,0.238,0.226,0.244,0.00389375,0.00409649
noise_head/noise.csv/centered/500/rms_error_mm,64,0.244,0.241812,0.00370274,0.242,0.239,0.244,0.235,0.25,0.00381846,0.00364338
noise_head/noise.csv/centered/5000/equiv_time_s,64,23.657,23.7077,0.0227756,23.706,23.692,23.7222,23.657,23.755,0.0217722,0.0238171
noise_head/noise.csv/centered/5000/failure_rate,64,0,0,0,0,0,0,0,0,0,0
noise_head/noise.csv/centered/5000/mean_error_mm,64,0.246,0.246781,0.00162782,0.247,0.246,0.248,0.243,0.251,0.00137041,0.00187056
noise_head/noise.csv/centered/5000/rms_error_mm,64,0.247,0.247328,0.00168141,0.247,0.246,0.248,0.244,0.252,0.00150235,0.00184478
noise_head/noise.csv/edge_8mm/10/equiv_time_s,64,0.054,0.0537656,0.000426956,0.054,0.054,0.054,0.053,0.054,0.000396558,0.000456803
noise_head/noise.csv/edge_8mm/10/failure_rate,64,0.877,0.870547,0.0153281,0.87,0.86,0.88075,0.837,0.903,0.0155687,0.0149007
noise_head/noise.csv/edge_8mm/10/mean_error_mm,64,10.051,10.34,0.261225,10.3075,10.1867,10.5608,9.661,10.926,0.260864,0.264671
noise_head/noise.csv/edge_8mm/10/rms_error_mm,64,11.309,11.5885,0.248521,11.5635,11.4493,11.7808,10.963,12.095,0.251719,0.249058
noise_head/noise.csv/edge_8mm/100/equiv_time_s,64,0.535,0.535375,0.00054917,0.535,0.535,0.536,0.534,0.537,0.000545325,0.000559918
noise_head/noise.csv/edge_8mm/100/failure_rate,64,0.163,0.155781,0.021425,0.155,0.14,0.17075,0.1,0.197,0.0195439,0.0232778
noise_head/noise.csv/edge_8mm/100/mean_error_mm,64,2.17,2.27464,0.229914,2.259,2.147,2.422,1.678,2.789,0.217212,0.238401
noise_head/noise.csv/edge_8mm/100/rms_error_mm,64,4.189,4.59527,0.357267,4.5975,4.37025,4.87225,3.724,5.36,0.352437,0.348415
noise_head/noise.csv/edge_8mm/1000/equiv_time_s,64,5.354,5.35339,0.00464832,5.353,5.35,5.356,5.339,5.365,0.00481094,0.00455688
noise_head/noise.csv/edge_8mm/1000/failure_rate,64,0,0,0,0,0,0,0,0,0,0
noise_head/noise.csv/edge_8mm/1000/mean_error_mm,64,0.54,0.526406,0.00698006,0.527,0.52,0.53025,0.511,0.547,0.007736,0.00611178
noise_head/noise.csv/edge_8mm/1000/rms_error_mm,64,0.55,0.536438,0.00714004,0.537,0.531,0.541,0.521,0.558,0.00777065,0.00637251
noise_head/noise.csv/edge_8mm/25/equiv_time_s,64,0.134,0.133984,0.000125,0.134,0.134,0.134,0.133,0.134,0.000176777,0
noise_head/noise.csv/edge_8mm/25/failure_rate,64,0.66,0.655906,0.0242754,0.655,0.64,0.674,0.6,0.713,0.0237237,0.0235401
noise_head/noise.csv/edge_8mm/25/mean_error_mm,64,7.405,7.53222,0.302539,7.5005,7.35975,7.76525,6.938,8.289,0.279918,0.298741
noise_head/noise.csv/edge_8mm/25/rms_error_mm,64,9.314,9.44539,0.273359,9.426,9.32675,9.61725,8.936,10.236,0.260821,0.267053
noise_head/noise.csv/edge_8mm/250/equiv_time_s,64,1.339,1.33833,0.00116911,1.338,1.338,1.339,1.335,1.341,0.00126364,0.00108462
noise_head/noise.csv/edge_8mm/250/failure_rate,64,0.007,0.00842188,0.00505778,0.01,0.003,0.01,0,0.02,0.00503526,0.00497575
noise_head/noise.csv/edge_8mm/250/mean_error_mm,64,0.657,0.652281,0.055867,0.6545,0.616,0.6875,0.542,0.789,0.0580467,0.0527822
noise_head/noise.csv/edge_8mm/250/rms_error_mm,64,1.268,1.20053,0.295397,1.251,1.02675,1.418,0.562,1.682,0.325212,0.261679
noise_head/noise.csv/edge_8mm/2500/equiv_time_s,64,13.386,13.3833,0.0115608,13.383,13.3758,13.391,13.348,13.413,0.0119548,0.0113443
noise_head/noise.csv/edge_8mm/2500/failure_rate,64,0,0,0,0,0,0,0,0,0,0
noise_head/noise.csv/edge_8mm/2500/mean_error_mm,64,0.53,0.526563,0.00768812,0.526,0.522,0.53025,0.51,0.546,0.0078265,0.00750027
noise_head/noise.csv/edge_8mm/2500/rms_error_mm,64,0.538,0.534766,0.0078634,0.5345,0.53075,0.539,0.518,0.555,0.00800378,0.00762417
noise_head/noise.csv/edge_8mm/5/equiv_time_s,64,0.027,0.027,0,0.027,0.027,0.027,0.027,0.027,0,0
noise_head/noise.csv/edge_8mm/5/failure_rate,64,0.977,0.971328,0.00913228,0.973,0.967,0.977,0.943,0.99,0.00783596,0.0103952
noise_head/noise.csv/edge_8mm/5/mean_error_mm,64,13.92,13.5235,0.233087,13.513,13.3603,13.651,13.079,14.186,0.248223,0.217021
noise_head/noise.csv/edge_8mm/5/rms_error_mm,64,14.661,14.3152,0.220556,14.312,14.1472,14.4535,13.883,14.836,0.238998,0.200868
noise_head/noise.csv/edge_8mm/50/equiv_time_s,64,0.268,0.267766,0.000426956,0.268,0.268,0.268,0.267,0.268,0.000396558,0.000456803
noise_head/noise.csv/edge_8mm/50/failure_rate,64,0.38,0.413219,0.0297815,0.41,0.39225,0.433,0.353,0.51,0.0334052,0.0257328
noise_head/noise.csv/edge_8mm/50/mean_error_mm,64,4.48,4.96341,0.347941,4.9625,4.73375,5.12525,4.292,6.125,0.401378,0.290173
noise_head/noise.csv/edge_8mm/50/rms_error_mm,64,6.918,7.40478,0.360546,7.3935,7.20975,7.5975,6.564,8.464,0.419716,0.296677
noise_head/noise.csv/edge_8mm/500/equiv_time_s,64,2.677,2.67669,0.00230166,2.677,2.675,2.678,2.67,2.683,0.00236383,0.00227517
noise_head/noise.csv/edge_8mm/500/failure_rate,64,0,9.375e-05,0.000526104,0,0,0,0,0.003,0.000737804,0
noise_head/noise.csv/edge_8mm/500/mean_error_mm,64,0.535,0.532859,0.0104561,0.532,0.52675,0.538,0.511,0.571,0.0112923,0.00958304
noise_head/noise.csv/edge_8mm/500/rms_error_mm,64,0.547,0.555406,0.0603536,0.5445,0.54,0.551,0.522,0.888,0.0840697,0.0100923
noise_head/noise.csv/edge_8mm/5000/equiv_time_s,64,26.771,26.7667,0.0231717,26.7665,26.7508,26.782,26.696,26.827,0.0239344,0.0227667
noise_head/noise.csv/edge_8mm/5000/failure_rate,64,0,0,0,0,0,0,0,0,0,0
noise_head/noise.csv/edge_8mm/5000/mean_error_mm,64,0.537,0.524484,0.00885149,0.524,0.518,0.531,0.503,0.545,0.00870107,0.0091122
noise_head/noise.csv/edge_8mm/5000/rms_error_mm,64,0.544,0.531141,0.00909363,0.53,0.525,0.539,0.509,0.552,0.00899905,0.00929425
noise_orig/noise.csv/centered/10/equiv_time_s,64,0.117,0.117641,0.00048361,0.118,0.117,0.118,0.117,0.118,0.000498991,0.000470929
noise_orig/noise.csv/centered/10/failure_rate,64,0.743,0.763297,0.0271876,0.7615,0.747,0.78075,0.713,0.843,0.0241367,0.0297621
noise_orig/noise.csv/centered/10/mean_error_mm,64,6.625,6.85322,0.251435,6.854,6.6975,7.00925,6.361,7.521,0.23387,0.270376
noise_orig/noise.csv/centered/10/rms_error_mm,64,7.657,7.80364,0.194652,7.8055,7.69575,7.91925,7.395,8.298,0.187929,0.203921
noise_orig/noise.csv/centered/100/equiv_time_s,64,1.172,1.17547,0.001321,1.176,1.175,1.176,1.172,1.179,0.00129359,0.00136783
noise_orig/noise.csv/centered/100/failure_rate,64,0.003,0.00495313,0.00436955,0.003,0.00225,0.007,0,0.02,0.00455156,0.00424976
noise_orig/noise.csv/centered/100/mean_error_mm,64,0.598,0.595938,0.039351,0.5845,0.57,0.6205,0.519,0.713,0.0376368,0.0414619
noise_orig/noise.csv/centered/100/rms_error_mm,64,0.873,0.87425,0.203376,0.8535,0.6815,1.0065,0.589,1.472,0.199563,0.210069
noise_orig/noise.csv/centered/1000/equiv_time_s,64,11.724,11.7544,0.0128765,11.757,11.7457,11.763,11.724,11.787,0.012876,0.0130328
noise_orig/noise.csv/centered/1000/failure_rate,64,0,0,0,0,0,0,0,0,0,0
noise_orig/noise.csv/centered/1000/mean_error_mm,64,0.359,0.357687,0.00190967,0.358,0.356,0.359,0.352,0.362,0.00191345,0.00188372
noise_orig/noise.csv/centered/1000/rms_error_mm,64,0.36,0.358797,0.00202508,0.359,0.357,0.36,0.353,0.363,0.0020943,0.00193023
noise_orig/noise.csv/centered/25/equiv_time_s,64,0.293,0.293922,0.000369671,0.294,0.294,0.294,0.293,0.295,0.000336011,0.000400353
noise_orig/noise.csv/centered/25/failure_rate,64,0.347,0.378594,0.023078,0.3785,0.363,0.39,0.337,0.437,0.0242394,0.0217867
noise_orig/noise.csv/centered/25/mean_error_mm,64,3.577,3.69241,0.185129,3.6635,3.57625,3.823,3.313,4.16,0.191809,0.177964
noise_orig/noise.csv/centered/25/rms_error_mm,64,5.278,5.32394,0.197907,5.2905,5.21325,5.477,4.848,5.759,0.211635,0.183882
noise_orig/noise.csv/centered/250/equiv_time_s,64,2.931,2.93864,0.0033016,2.939,2.936,2.941,2.931,2.947,0.00328225,0.00336431
noise_orig/noise.csv/centered/250/failure_rate,64,0,0,0,0,0,0,0,0,0,0
noise_orig/noise.csv/centered/250/mean_error_mm,64,0.409,0.409422,0.00881522,0.409,0.402,0.41625,0.391,0.426,0.0083772,0.00936271
noise_orig/noise.csv/centered/250/rms_error_mm,64,0.446,0.440688,0.0132076,0.442,0.431,0.45025,0.412,0.464,0.0123648,0.0141649
noise_orig/noise.csv/centered/2500/equiv_time_s,64,29.311,29.3861,0.0320938,29.3925,29.3648,29.4062,29.311,29.469,0.0319963,0.0325537
noise_orig/noise.csv/centered/2500/failure_rate,64,0,0,0,0,0,0,0,0,0,0
noise_orig/noise.csv/centered/2500/mean_error_mm,64,0.356,0.354484,0.00151178,0.354,0.35375,0.356,0.352,0.358,0.00148616,0.00153323
noise_orig/noise.csv/centered/2500/rms_error_mm,64,0.356,0.354906,0.00155041,0.355,0.354,0.356,0.352,0.358,0.00145358,0.0016152
noise_orig/noise.csv/centered/5/equiv_time_s,64,0.059,0.059,0,0.059,0.059,0.059,0.059,0.059,0,0
noise_orig/noise.csv/centered/5/failure_rate,64,0.957,0.946641,0.011795,0.947,0.93925,0.957,0.92,0.973,0.0115868,0.0121701
noise_orig/noise.csv/centered/5/mean_error_mm,64,9.475,9.42109,0.138016,9.4325,9.34325,9.52325,9.053,9.679,0.134552,0.143529
noise_orig/noise.csv/centered/5/rms_error_mm,64,9.823,9.83022,0.108591,9.8405,9.77575,9.8975,9.549,10.023,0.110272,0.10842
noise_orig/noise.csv/centered/50/equiv_time_s,64,0.586,0.587672,0.000691322,0.588,0.587,0.588,0.586,0.589,0.000751343,0.000634206
noise_orig/noise.csv/centered/50/failure_rate,64,0.07,0.0939844,0.0199408,0.093,0.083,0.107,0.05,0.15,0.0218505,0.0181139
noise_orig/noise.csv/centered/50/mean_error_mm,64,1.228,1.42989,0.155976,1.4285,1.34775,1.5235,1.087,1.813,0.175001,0.136925
noise_orig/noise.csv/centered/50/rms_error_mm,64,2.435,2.73997,0.286473,2.7245,2.5895,2.916,2.03,3.361,0.322485,0.249997
noise_orig/noise.csv/centered/500/equiv_time_s,64,5.862,5.87719,0.00645344,5.8785,5.873,5.881,5.862,5.894,0.00641688,0.00655798
noise_orig/noise.csv/centered/500/failure_rate,64,0,0,0,0,0,0,0,0,0,0
noise_orig/noise.csv/centered/500/mean_error_mm,64,0.362,0.365172,0.00381956,0.365,0.362,0.368,0.356,0.373,0.00368506,0.00400353
noise_orig/noise.csv/centered/500/rms_error_mm,64,0.365,0.370063,0.00530311,0.37,0.366,0.374,0.358,0.382,0.00526974,0.0054087
noise_orig/noise.csv/centered/5000/equiv_time_s,64,58.622,58.7721,0.0642646,58.7845,58.7285,58.8133,58.622,58.937,0.0640907,0.0651761
noise_orig/noise.csv/centered/5000/failure_rate,64,0,0,0,0,0,0,0,0,0,0
noise_orig/noise.csv/centered/5000/mean_error_mm,64,0.354,0.353828,0.00135171,0.354,0.353,0.355,0.35,0.356,0.00144663,0.00125684
noise_orig/noise.csv/centered/5000/rms_error_mm,64,0.355,0.353953,0.00137356,0.354,0.353,0.355,0.35,0.357,0.00152631,0.00121649
noise_orig/noise.csv/edge_8mm/10/equiv_time_s,64,0.122,0.121609,0.000491747,0.122,0.121,0.122,0.121,0.122,0.000470929,0.000507007
noise_orig/noise.csv/edge_8mm/10/failure_rate,64,0.783,0.813141,0.0236233,0.813,0.797,0.83,0.76,0.857,0.026559,0.0198728
noise_orig/noise.csv/edge_8mm/10/mean_error_mm,64,9.349,9.71008,0.313335,9.7335,9.446,9.90675,9.142,10.367,0.32699,0.303016
noise_orig/noise.csv/edge_8mm/10/rms_error_mm,64,10.948,11.1589,0.257415,11.167,10.9793,11.3458,10.627,11.761,0.240101,0.277512
noise_orig/noise.csv/edge_8mm/100/equiv_time_s,64,1.215,1.21523,0.00123111,1.215,1.21475,1.216,1.212,1.218,0.00109985,0.00135264
noise_orig/noise.csv/edge_8mm/100/failure_rate,64,0.01,0.0139531,0.00691084,0.013,0.01,0.01775,0.003,0.033,0.00620321,0.0076511
noise_orig/noise.csv/edge_8mm/100/mean_error_mm,64,0.732,0.736578,0.082157,0.7225,0.68275,0.77325,0.597,0.962,0.0804046,0.0851492
noise_orig/noise.csv/edge_8mm/100/rms_error_mm,64,1.589,1.46559,0.353712,1.4235,1.23475,1.63775,0.822,2.473,0.334766,0.377049
noise_orig/noise.csv/edge_8mm/1000/equiv_time_s,64,12.153,12.1524,0.0116848,12.153,12.1457,12.159,12.125,12.178,0.0103175,0.0128835
noise_orig/noise.csv/edge_8mm/1000/failure_rate,64,0,0,0,0,0,0,0,0,0,0
noise_orig/noise.csv/edge_8mm/1000/mean_error_mm,64,0.485,0.484953,0.0045615,0.485,0.482,0.488,0.474,0.495,0.00448463,0.00439758
noise_orig/noise.csv/edge_8mm/1000/rms_error_mm,64,0.491,0.490125,0.00419183,0.49,0.488,0.49325,0.48,0.499,0.00411135,0.00402412
noise_orig/noise.csv/edge_8mm/25/equiv_time_s,64,0.304,0.303844,0.000365963,0.304,0.304,0.304,0.303,0.304,0.000245935,0.000439941
noise_orig/noise.csv/edge_8mm/25/failure_rate,64,0.393,0.459125,0.0316892,0.455,0.44,0.48075,0.387,0.523,0.0323642,0.0314828
noise_orig/noise.csv/edge_8mm/25/mean_error_mm,64,4.942,5.52908,0.337188,5.56,5.229,5.78325,4.791,6.242,0.357598,0.320098
noise_orig/noise.csv/edge_8mm/25/rms_error_mm,64,7.496,7.96906,0.32413,7.9755,7.7065,8.211,7.325,8.587,0.335466,0.315532
noise_orig/noise.csv/edge_8mm/250/equiv_time_s,64,3.038,3.03812,0.00294661,3.038,3.03675,3.04,3.031,3.044,0.00265165,0.00320518
noise_orig/noise.csv/edge_8mm/250/failure_rate,64,0,0,0,0,0,0,0,0,0,0
noise_orig/noise.csv/edge_8mm/250/mean_error_mm,64,0.516,0.514391,0.00777586,0.515,0.51,0.519,0.495,0.53,0.0066526,0.00873051
noise_orig/noise.csv/edge_8mm/250/rms_error_mm,64,0.532,0.532375,0.00808389,0.533,0.528,0.538,0.511,0.549,0.0067346,0.00921079
noise_orig/noise.csv/edge_8mm/2500/equiv_time_s,64,30.383,30.3811,0.0292649,30.383,30.3642,30.3972,30.312,30.445,0.0260353,0.0321195
noise_orig/noise.csv/edge_8mm/2500/failure_rate,64,0,0,0,0,0,0,0,0,0,0
noise_orig/noise.csv/edge_8mm/2500/mean_error_mm,64,0.492,0.492219,0.00357002,0.492,0.489,0.495,0.486,0.499,0.00324146,0.00374583
noise_orig/noise.csv/edge_8mm/2500/rms_error_mm,64,0.494,0.494125,0.00325869,0.494,0.49175,0.49625,0.489,0.5,0.00298366,0.00343356
noise_orig/noise.csv/edge_8mm/5/equiv_time_s,64,0.061,0.061,0,0.061,0.061,0.061,0.061,0.061,0,0
noise_orig/noise.csv/edge_8mm/5/failure_rate,64,0.963,0.963484,0.0120238,0.963,0.957,0.973,0.933,0.99,0.0117467,0.0124216
noise_orig/noise.csv/edge_8mm/5/mean_error_mm,64,13.178,13.1747,0.320198,13.2185,13,13.3733,12.323,13.787,0.259025,0.374146
noise_orig/noise.csv/edge_8mm/5/rms_error_mm,64,13.944,13.9608,0.263843,13.993,13.798,14.154,13.279,14.44,0.210362,0.311312
noise_orig/noise.csv/edge_8mm/50/equiv_time_s,64,0.608,0.607641,0.000651425,0.608,0.607,0.608,0.606,0.609,0.000634206,0.000669015
noise_orig/noise.csv/edge_8mm/50/failure_rate,64,0.153,0.14875,0.0229478,0.147,0.133,0.167,0.087,0.2,0.0248706,0.0206701
noise_orig/noise.csv/edge_8mm/50/mean_error_mm,64,2.18,2.20094,0.259332,2.2225,2.03925,2.374,1.425,2.781,0.276843,0.236196
noise_orig/noise.csv/edge_8mm/50/rms_error_mm,64,4.358,4.45414,0.425542,4.495,4.2255,4.74675,3.059,5.358,0.461063,0.382175
noise_orig/noise.csv/edge_8mm/500/equiv_time_s,64,6.077,6.07617,0.00587044,6.077,6.07275,6.07925,6.062,6.089,0.00527891,0.0063999
noise_orig/noise.csv/edge_8mm/500/failure_rate,64,0,0,0,0,0,0,0,0,0,0
noise_orig/noise.csv/edge_8mm/500/mean_error_mm,64,0.49,0.489219,0.0055876,0.489,0.485,0.49225,0.477,0.5,0.00566887,0.00559513
noise_orig/noise.csv/edge_8mm/500/rms_error_mm,64,0.5,0.499078,0.00565771,0.498,0.495,0.50225,0.487,0.514,0.00564544,0.0057592
noise_orig/noise.csv/edge_8mm/5000/equiv_time_s,64,60.767,60.7622,0.0583469,60.7665,60.7285,60.7945,60.625,60.889,0.0517786,0.0640972
noise_orig/noise.csv/edge_8mm/5000/failure_rate,64,0,0,0,0,0,0,0,0,0,0
noise_orig/noise.csv/edge_8mm/5000/mean_error_mm,64,0.5,0.498125,0.00193136,0.498,0.497,0.5,0.493,0.502,0.00200579,0.00185975
noise_orig/noise.csv/edge_8mm/5000/rms_error_mm,64,0.501,0.498563,0.00186764,0.498,0.497,0.5,0.494,0.503,0.00187702,0.00186192
nonprop/nonprop.csv/1000/CsI/full_energy_frac,64,0.122,0.122417,0.000310941,0.1224,0.1222,0.1226,0.1216,0.1232,0.000336475,0.000287859
nonprop/nonprop.csv/1000/CsI/intrinsic_fwhm_pct,64,2.328,2.33286,0.00433101,2.333,2.33,2.336,2.321,2.342,0.00435508,0.00435103
nonprop/nonprop.csv/1000/CsI/peak_shift_pct,64,0.725,0.729578,0.00305404,0.73,0.727,0.732,0.723,0.735,0.00304387,0.00311086
nonprop/nonprop.csv/1000/GAGG/full_energy_frac,64,0.122,0.122417,0.000310941,0.1224,0.1222,0.1226,0.1216,0.1232,0.000336475,0.000287859
nonprop/nonprop.csv/1000/GAGG/intrinsic_fwhm_pct,64,1.071,1.07316,0.0019778,1.073,1.072,1.074,1.068,1.077,0.00193337,0.00204782
nonprop/nonprop.csv/1000/GAGG/peak_shift_pct,64,0.366,0.367359,0.00148396,0.367,0.366,0.369,0.364,0.37,0.00149731,0.00149428
nonprop/nonprop.csv/1000/NaI/full_energy_frac,64,0.122,0.122417,0.000310941,0.1224,0.1222,0.1226,0.1216,0.1232,0.000336475,0.000287859
nonprop/nonprop.csv/1000/NaI/intrinsic_fwhm_pct,64,0.947,0.946656,0.00283526,0.9465,0.945,0.949,0.941,0.956,0.00302526,0.00267888
nonprop/nonprop.csv/1000/NaI/peak_shift_pct,64,-0.205,-0.205844,0.00121131,-0.206,-0.207,-0.205,-0.209,-0.204,0.00127,0.00116224
nonprop/nonprop.csv/1000/proportional/full_energy_frac,64,0.122,0.122417,0.000310941,0.1224,0.1222,0.1226,0.1216,0.1232,0.000336475,0.000287859
nonprop/nonprop.csv/1000/proportional/intrinsic_fwhm_pct,64,0,0,0,0,0,0,0,0,0,0
nonprop/nonprop.csv/1000/proportional/peak_shift_pct,64,0,0,0,0,0,0,0,0,0,0
nonprop/nonprop.csv/122/CsI/full_energy_frac,64,0.9889,0.988845,0.000123352,0.9889,0.988775,0.9889,0.9886,0.9891,0.000134367,0.00011288
nonprop/nonprop.csv/122/CsI/intrinsic_fwhm_pct,64,1.078,1.07513,0.00217854,1.075,1.073,1.077,1.071,1.079,0.00196722,0.0023312
nonprop/nonprop.csv/122/CsI/peak_shift_pct,64,5.268,5.26898,0.000577135,5.269,5.269,5.269,5.268,5.27,0.00053033,0.000618922
nonprop/nonprop.csv/122/GAGG/full_energy_frac,64,0.9889,0.988845,0.000123352,0.9889,0.988775,0.9889,0.9886,0.9891,0.000134367,0.00011288
nonprop/nonprop.csv/122/GAGG/intrinsic_fwhm_pct,64,0.84,0.837375,0.00157863,0.837,0.836,0.83825,0.834,0.841,0.00151571,0.00161364
nonprop/nonprop.csv/122/GAGG/peak_shift_pct,64,1.529,1.52941,0.000495015,1.529,1.529,1.53,1.529,1.53,0.000470929,0.000508001
nonprop/nonprop.csv/122/NaI/full_energy_frac,64,0.9889,0.988845,0.000123352,0.9889,0.988775,0.9889,0.9886,0.9891,0.000134367,0.00011288
nonprop/nonprop.csv/122/NaI/intrinsic_fwhm_pct,64,2.898,2.89016,0.00500545,2.89,2.88575,2.894,2.881,2.9,0.00444671,0.00543723
nonprop/nonprop.csv/122/NaI/peak_shift_pct,64,-3.244,-3.24273,0.00122464,-3.243,-3.244,-3.242,-3.245,-3.24,0.0011496,0.00127
nonprop/nonprop.csv/122/proportional/full_energy_frac,64,0.9889,0.988845,0.000123352,0.9889,0.988775,0.9889,0.9886,0.9891,0.000134367,0.00011288
nonprop/nonprop.csv/122/proportional/intrinsic_fwhm_pct,64,0,0,0,0,0,0,0,0,0,0
nonprop/nonprop.csv/122/proportional/peak_shift_pct,64,0,0,0,0,0,0,0,0,0,0
nonprop/nonprop.csv/1332/CsI/full_energy_frac,64,0.0898,0.089825,0.00029761,0.0898,0.0897,0.09,0.089,0.0906,0.000239266,0.000343825
nonprop/nonprop.csv/1332/CsI/intrinsic_fwhm_pct,64,1.95,1.94802,0.00503793,1.948,1.944,1.95125,1.939,1.959,0.00489394,0.00523904
nonprop/nonprop.csv/1332/CsI/peak_shift_pct,64,-0.014,-0.017,0.00261255,-0.017,-0.019,-0.015,-0.022,-0.011,0.00220497,0.00299849
nonprop/nonprop.csv/1332/GAGG/full_energy_frac,64,0.0898,0.089825,0.00029761,0.0898,0.0897,0.09,0.089,0.0906,0.000239266,0.000343825
nonprop/nonprop.csv/1332/GAGG/intrinsic_fwhm_pct,64,0.891,0.890594,0.00246704,0.89,0.889,0.892,0.886,0.896,0.0022981,0.00266227
nonprop/nonprop.csv/1332/GAGG/peak_shift_pct,64,0.03,0.0291563,0.00126263,0.029,0.028,0.03,0.027,0.032,0.00117389,0.00136155
nonprop/nonprop.csv/1332/NaI/full_energy_frac,64,0.0898,0.089825,0.00029761,0.0898,0.0897,0.09,0.089,0.0906,0.000239266,0.000343825
nonprop/nonprop.csv/1332/NaI/intrinsic_fwhm_pct,64,0.762,0.759375,0.00236039,0.759,0.758,0.761,0.753,0.766,0.00246835,0.00227096
nonprop/nonprop.csv/1332/NaI/peak_shift_pct,64,-0.297,-0.295547,0.00112588,-0.295,-0.296,-0.295,-0.299,-0.293,0.0011531,0.00110534
nonprop/nonprop.csv/1332/proportional/full_energy_frac,64,0.0898,0.089825,0.00029761,0.0898,0.0897,0.09,0.089,0.0906,0.000239266,0.000343825
nonprop/nonprop.csv/1332/proportional/intrinsic_fwhm_pct,64,0,0,0,0,0,0,0,0,0,0
nonprop/nonprop.csv/1332/proportional/peak_shift_pct,64,0,0,0,0,0,0,0,0,0,0
nonprop/nonprop.csv/356/CsI/full_energy_frac,64,0.4399,0.43943,0.000488821,0.4395,0.439075,0.4398,0.4385,0.4408,0.000470833,0.000511126
nonprop/nonprop.csv/356/CsI/intrinsic_fwhm_pct,64,2.703,2.70258,0.00123191,2.703,2.701,2.703,2.7,2.705,0.00119137,0.00128539
nonprop/nonprop.csv/356/CsI/peak_shift_pct,64,3.022,3.02052,0.001984,3.02,3.019,3.022,3.017,3.026,0.00201581,0.00198279
nonprop/nonprop.csv/356/GAGG/full_energy_frac,64,0.4399,0.43943,0.000488821,0.4395,0.439075,0.4398,0.4385,0.4408,0.000470833,0.000511126
nonprop/nonprop.csv/356/GAGG/intrinsic_fwhm_pct,64,0.74,0.739609,0.000632887,0.74,0.739,0.74,0.738,0.741,0.000672022,0.000581121
nonprop/nonprop.csv/356/GAGG/peak_shift_pct,64,1.381,1.38102,0.000577135,1.381,1.381,1.381,1.38,1.382,0.000564401,0.000588019
nonprop/nonprop.csv/356/NaI/full_energy_frac,64,0.4399,0.43943,0.000488821,0.4395,0.439075,0.4398,0.4385,0.4408,0.000470833,0.000511126
nonprop/nonprop.csv/356/NaI/intrinsic_fwhm_pct,64,2.953,2.9528,0.00412957,2.953,2.951,2.955,2.942,2.962,0.00417703,0.00414833
nonprop/nonprop.csv/356/NaI/peak_shift_pct,64,-0.595,-0.593844,0.002041,-0.594,-0.595,-0.592,-0.598,-0.589,0.00203374,0.00208078
nonprop/nonprop.csv/356/proportional/full_energy_frac,64,0.4399,0.43943,0.000488821,0.4395,0.439075,0.4398,0.4385,0.4408,0.000470833,0.000511126
nonprop/nonprop.csv/356/proportional/intrinsic_fwhm_pct,64,0,0,0,0,0,0,0,0,0,0
nonprop/nonprop.csv/356/proportional/peak_shift_pct,64,0,0,0,0,0,0,0,0,0,0
nonprop/nonprop.csv/511/CsI/full_energy_frac,64,0.2717,0.270952,0.000482386,0.2709,0.2707,0.271225,0.2699,0.2726,0.000519838,0.000450045
nonprop/nonprop.csv/511/CsI/intrinsic_fwhm_pct,64,2.958,2.9567,0.00223024,2.957,2.955,2.958,2.952,2.962,0.00215152,0.0023381
nonprop/nonprop.csv/511/CsI/peak_shift_pct,64,2.377,2.37895,0.00222846,2.379,2.377,2.38025,2.373,2.384,0.00189652,0.00254615
nonprop/nonprop.csv/511/GAGG/full_energy_frac,64,0.2717,0.270952,0.000482386,0.2709,0.2707,0.271225,0.2699,0.2726,0.000519838,0.000450045
nonprop/nonprop.csv/511/GAGG/intrinsic_fwhm_pct,64,1.183,1.18359,0.000659936,1.184,1.183,1.184,1.182,1.185,0.000653002,0.000671271
nonprop/nonprop.csv/511/GAGG/peak_shift_pct,64,1.153,1.15414,0.00105209,1.154,1.153,1.155,1.152,1.156,0.000941858,0.001167
nonprop/nonprop.csv/511/NaI/full_energy_frac,64,0.2717,0.270952,0.000482386,0.2709,0.2707,0.271225,0.2699,0.2726,0.000519838,0.000450045
nonprop/nonprop.csv/511/NaI/intrinsic_fwhm_pct,64,1.864,1.85934,0.00436152,1.859,1.856,1.862,1.849,1.871,0.0043076,0.00446119
nonprop/nonprop.csv/511/NaI/peak_shift_pct,64,-0.276,-0.274797,0.0015653,-0.275,-0.276,-0.274,-0.279,-0.272,0.001524,0.00162856
nonprop/nonprop.csv/511/proportional/full_energy_frac,64,0.2717,0.270952,0.000482386,0.2709,0.2707,0.271225,0.2699,0.2726,0.000519838,0.000450045
nonprop/nonprop.csv/511/proportional/intrinsic_fwhm_pct,64,0,0,0,0,0,0,0,0,0,0
nonprop/nonprop.csv/511/proportional/peak_shift_pct,64,0,0,0,0,0,0,0,0,0,0
nonprop/nonprop.csv/662/CsI/full_energy_frac,64,0.196,0.196064,0.000348861,0.1961,0.1958,0.1963,0.1954,0.1969,0.000372207,0.000329222
nonprop/nonprop.csv/662/CsI/intrinsic_fwhm_pct,64,2.836,2.83556,0.00342667,2.836,2.833,2.838,2.828,2.843,0.00354109,0.00327734
nonprop/nonprop.csv/662/CsI/peak_shift_pct,64,1.786,1.78058,0.00309534,1.781,1.77875,1.783,1.772,1.787,0.00301609,0.00316339
nonprop/nonprop.csv/662/GAGG/full_energy_frac,64,0.196,0.196064,0.000348861,0.1961,0.1958,0.1963,0.1954,0.1969,0.000372207,0.000329222
nonprop/nonprop.csv/662/GAGG/intrinsic_fwhm_pct,64,1.364,1.3657,0.00167786,1.366,1.36475,1.367,1.362,1.369,0.00168485,0.00169647
nonprop/nonprop.csv/662/GAGG/peak_shift_pct,64,0.89,0.888578,0.00143433,0.889,0.888,0.88925,0.884,0.892,0.00141421,0.00145601
nonprop/nonprop.csv/662/NaI/full_energy_frac,64,0.196,0.196064,0.000348861,0.1961,0.1958,0.1963,0.1954,0.1969,0.000372207,0.000329222
nonprop/nonprop.csv/662/NaI/intrinsic_fwhm_pct,64,1.355,1.34559,0.00417368,1.345,1.343,1.348,1.336,1.356,0.00432908,0.004033
nonprop/nonprop.csv/662/NaI/peak_shift_pct,64,-0.161,-0.158016,0.0012909,-0.158,-0.159,-0.157,-0.161,-0.155,0.00129359,0.00130716
nonprop/nonprop.csv/662/proportional/full_energy_frac,64,0.196,0.196064,0.000348861,0.1961,0.1958,0.1963,0.1954,0.1969,0.000372207,0.000329222
nonprop/nonprop.csv/662/proportional/intrinsic_fwhm_pct,64,0,0,0,0,0,0,0,0,0,0
nonprop/nonprop.csv/662/proportional/peak_shift_pct,64,0,0,0,0,0,0,0,0,0,0
openfraction/best_rho,32,0.45,0.364063,0.21146,0.35,0.2,0.4625,0.1,0.85,0.1964,0.23202
openfraction/mura,32,46.1624,46.2072,0.0529289,46.1936,46.1636,46.2466,46.1193,46.3042,0.0509041,0.0553979
openfraction/random_best,32,11.7183,11.6015,0.150201,11.5808,11.4852,11.685,11.4255,12.0099,0.169872,0.112785
openfraction/random_half,32,11.3303,11.2191,0.156833,11.2032,11.1093,11.3376,10.9128,11.5487,0.184992,0.127121
openfraction/ratio_best,32,3.93934,3.98349,0.0506575,3.98936,3.9585,4.02082,3.85135,4.04193,0.0571282,0.0388097
openfraction/ratio_half,32,4.07424,4.1194,0.0582683,4.12948,4.07264,4.15758,4.00379,4.23331,0.0680959,0.0483618
precise/scenario/eff,32,0.00024966,0.000249042,2.71487e-07,0.000248985,0.000248828,0.000249207,0.000248571,0.00024966,2.38016e-07,3.06334e-07
precise/scenario/error,32,0.353545,0.352675,0.00116352,0.352834,0.351736,0.353546,0.350193,0.354307,0.00111941,0.00115788
precise/scenario/margin,32,1.15616,1.15745,0.00165128,1.1573,1.15664,1.15881,1.15224,1.16027,0.00128252,0.00197146
precise/scenario/x,32,0.295271,0.294228,0.00139522,0.29442,0.293103,0.295273,0.29125,0.296184,0.00134198,0.00138884
precise/scenario/y,32,-0.194444,-0.194444,0,-0.194444,-0.194444,-0.194444,-0.194444,-0.194444,0,0
precise/scenario_ghost/eff,32,0.000217828,0.000217943,2.52725e-07,0.000217901,0.000217801,0.000218113,0.000217397,0.000218579,2.72156e-07,2.32923e-07
precise/scenario_ghost/error,32,18.4017,18.4027,0.000805503,18.4028,18.4019,18.4032,18.4011,18.4039,0.000866544,0.000703947
precise/scenario_ghost/margin,32,1.19808,1.19694,0.00301954,1.19691,1.1954,1.19835,1.18844,1.20318,0.00324466,0.00288234
precise/scenario_ghost/x,32,-6.40069,-6.40165,0.000805548,-6.40179,-6.40222,-6.40092,-6.40292,-6.40012,0.000866593,0.000703986
precise/scenario_ghost/y,32,-0.194444,-0.194444,0,-0.194444,-0.194444,-0.194444,-0.194444,-0.194444,0,0
precise/scenario_handheld/eff,32,0.000248356,0.000247855,2.27778e-07,0.000247836,0.000247731,0.000247989,0.000247424,0.000248356,2.76457e-07,1.75235e-07
precise/scenario_handheld/error,32,0.248614,0.249237,0.00094211,0.249192,0.248585,0.250118,0.246889,0.251177,0.000973962,0.000924969
precise/scenario_handheld/margin,32,1.35314,1.3521,0.00342197,1.35302,1.34913,1.35453,1.34563,1.3596,0.00351099,0.00314888
precise/scenario_handheld/x,32,0.21555,0.215384,0.00062533,0.215385,0.214944,0.215648,0.214413,0.217213,0.000736375,0.000440612
precise/scenario_handheld/y,32,-0.123882,-0.125408,0.00145168,-0.12565,-0.126358,-0.12454,-0.127797,-0.122399,0.00143761,0.00150839
precise/scenario_handheld_ir192/eff,32,0.000262162,0.000262188,2.07847e-07,0.00026217,0.000262097,0.000262335,0.000261728,0.000262575,1.71555e-07,2.44616e-07
precise/scenario_handheld_ir192/error,32,0.241119,0.240778,0.00294093,0.241374,0.240653,0.242006,0.228909,0.24369,0.00324388,0.00270956
precise/scenario_handheld_ir192/margin,32,1.34166,1.36922,0.110086,1.34101,1.33923,1.34433,1.33576,1.79356,0.112903,0.110888
precise/scenario_handheld_ir192/x,32,0.206951,0.206691,0.0010527,0.206758,0.206299,0.207046,0.203131,0.20889,0.00124494,0.000832848
precise/scenario_handheld_ir192/y,32,-0.123733,-0.123446,0.00465837,-0.124404,-0.125138,-0.123363,-0.128925,-0.105533,0.00496126,0.00446227
precise/scenario_ir192/eff,32,0.000204757,0.000204698,1.72167e-07,0.000204663,0.000204564,0.000204819,0.000204439,0.000205037,1.83029e-07,1.59666e-07
precise/scenario_ir192/error,32,0.324699,0.323365,0.000607281,0.323393,0.323004,0.323679,0.322207,0.324699,0.00064582,0.000576689
precise/scenario_ir192/margin,32,1.15417,1.15403,0.00115992,1.15413,1.15338,1.15468,1.15132,1.15696,0.00110124,0.00120313
precise/scenario_ir192/x,32,0.26004,0.258372,0.000760005,0.258407,0.257921,0.258765,0.256921,0.26004,0.000808192,0.000721779
precise/scenario_ir192/y,32,-0.194444,-0.194444,0,-0.194444,-0.194444,-0.194444,-0.194444,-0.194444,0,0
precise/scenario_offaxis/eff,32,0.000246324,0.000245765,2.2351e-07,0.000245778,0.000245622,0.000245851,0.000245327,0.000246324,2.5888e-07,1.90197e-07
precise/scenario_offaxis/error,32,0.196419,0.196419,0,0.196419,0.196419,0.196419,0.196419,0.196419,0,0
precise/scenario_offaxis/margin,32,1.27078,1.26911,0.00269149,1.26996,1.26796,1.2708,1.26276,1.27328,0.00291257,0.00252596
precise/scenario_offaxis/x,32,6.02778,6.02778,0,6.02778,6.02778,6.02778,6.02778,6.02778,0,0
precise/scenario_offaxis/y,32,-0.194444,-0.194444,0,-0.194444,-0.194444,-0.194444,-0.194444,-0.194444,0,0
precise/scenario_orig_gagg/eff,32,0.000100225,9.99772e-05,1.08989e-07,9.99545e-05,9.98913e-05,0.000100044,9.97883e-05,0.000100225,9.55504e-08,1.22979e-07
precise/scenario_orig_gagg/error,32,0.353528,0.352658,0.00116326,0.352817,0.351719,0.353529,0.350177,0.35429,0.00111918,0.0011576
precise/scenario_orig_gagg/margin,32,1.15617,1.15746,0.00165141,1.15731,1.15665,1.15883,1.15225,1.16028,0.00128269,0.00197157
precise/scenario_orig_gagg/x,32,0.295251,0.294208,0.00139493,0.2944,0.293083,0.295253,0.291231,0.296164,0.00134174,0.00138854
precise/scenario_orig_gagg/y,32,-0.194444,-0.194444,0,-0.194444,-0.194444,-0.194444,-0.194444,-0.194444,0,0
rtl_frontend/CR-RC^4/noise_fwhm,32,1.11917,1.08718,0.0385588,1.08925,1.06328,1.11195,0.975326,1.16188,0.0450226,0.0323364
rtl_frontend/CR-RC^4/photopeak_events,32,479,488.156,20.2741,486.5,473.25,503,451,525,19.5225,21.6009
rtl_frontend/CR-RC^4/within5_pct,32,64.7182,68.7446,2.82239,69.3164,66.8275,70.4304,63.3397,74.1453,3.05002,2.61367
rtl_frontend/adc_delta,32,0.00281021,0.00247727,0.00177668,0.00249427,0.00153238,0.00374531,-0.00151228,0.00612187,0.00150768,0.00189766
rtl_frontend/cusp/noise_fwhm,32,1.03734,1.00795,0.0318987,1.01106,0.996554,1.03115,0.921598,1.05885,0.0340634,0.0305676
rtl_frontend/cusp/photopeak_events,32,479,488.156,20.2741,486.5,473.25,503,451,525,19.5225,21.6009
rtl_frontend/cusp/within5_pct,32,68.476,70.8653,2.46581,70.7159,69.5423,72.2534,66.0044,75.641,2.22196,2.71365
rtl_frontend/cusp_beats_crrc,32,1,1,0,1,1,1,1,1,0,0
rtl_frontend/electronic/fwhm,32,1.63049,1.69931,0.062353,1.70716,1.65926,1.74398,1.56577,1.80135,0.0676218,0.0504222
rtl_frontend/full/fwhm,32,6.31931,6.15626,0.246575,6.17093,6.05892,6.29922,5.38669,6.6228,0.256036,0.244068
rtl_frontend/full_no_adc_noise/fwhm,32,6.3165,6.15379,0.24658,6.17113,6.05565,6.2951,5.38254,6.61725,0.255565,0.244645
rtl_frontend/intrinsic/fwhm,32,6.10282,5.91736,0.24725,5.9182,5.7654,6.09023,5.23355,6.33622,0.244638,0.257704
rtl_frontend/trapezoid/noise_fwhm,32,1.71051,1.68831,0.0575184,1.67965,1.64691,1.73048,1.57057,1.79913,0.056833,0.0595816
rtl_frontend/trapezoid/photopeak_events,32,479,488.156,20.2741,486.5,473.25,503,451,525,19.5225,21.6009
rtl_frontend/trapezoid/within5_pct,32,39.8747,42.4,2.34699,42.4988,40.2248,43.7849,38.9961,47.8632,2.25085,2.48048
rtl_material/CeBr3/efficiency,128,0.868667,0.861828,0.00811046,0.862,0.856,0.867333,0.843333,0.880667,0.00727478,0.00890192
rtl_material/CeBr3/fwhm,128,7.52454,7.21822,0.167711,7.2118,7.12993,7.31955,6.71885,7.61041,0.174909,0.156146
rtl_material/CeBr3/rate,128,2e+06,2e+06,0,2e+06,2e+06,2e+06,2e+06,2e+06,0,0
rtl_material/GAGG/efficiency,128,0.002,0.0425573,0.0188179,0.042,0.0306667,0.0566667,0,0.08,0.0169924,0.0206134
rtl_material/GAGG/fwhm,101,,5.66963,1.26522,5.55835,4.74573,6.33879,2.94272,9.95721,1.21588,1.32227
rtl_material/GAGG/rate,128,1e+06,1e+06,0,1e+06,1e+06,1e+06,1e+06,1e+06,0,0
rtl_multi/cs/events,32,,3590.31,30.2126,3585.5,3567,3611.75,3531,3644,22.0604,37.392
rtl_multi/cs/fwhm122,32,,15.9099,0.237662,15.8769,15.7643,16.0491,15.4919,16.3907,0.224399,0.255961
rtl_multi/cs/fwhm662,32,,3.5187,0.0863597,3.51266,3.4534,3.56296,3.37432,3.71383,0.0838128,0.0901635
rtl_multi/low/events,32,,3536.19,30.5482,3533.5,3514.75,3554.5,3484,3600,22.9434,37.4057
rtl_multi/low/fwhm122,32,,16.2836,0.222621,16.2643,16.1349,16.4358,15.8508,16.7883,0.228947,0.217566
rtl_multi/low/fwhm662,32,,3.51126,0.085207,3.53032,3.45684,3.56901,3.33105,3.67724,0.0862977,0.0853814
rtl_peak/all/efficiency,32,0.4395,0.452844,0.0125064,0.45075,0.445625,0.461625,0.4245,0.4775,0.0120497,0.0131846
rtl_peak/all/fwhm,32,8.24498,7.98108,0.252804,7.94865,7.82309,8.09315,7.45554,8.54748,0.270984,0.23286
rtl_pixel/0.15/cal_fwhm,32,,7.29115,0.0574906,7.28078,7.25356,7.3284,7.17586,7.44879,0.0463428,0.0608519
rtl_pixel/0.15/raw_fwhm,32,,18.4253,0.107669,18.4279,18.3344,18.5042,18.2095,18.6764,0.0991121,0.113704
rtl_pixel/0/cal_fwhm,32,,7.32134,0.0586631,7.31416,7.28502,7.35782,7.19677,7.47017,0.0493334,0.0589449
rtl_pixel/0/raw_fwhm,32,,7.32134,0.0586631,7.31416,7.28502,7.35782,7.19677,7.47017,0.0493334,0.0589449
scan/11/1.00/30.0/fcfov_half_mm,32,23.83,23.83,0,23.83,23.83,23.83,23.83,23.83,0,0
scan/11/1.00/30.0/median_efficiency,32,0.0003252,0.000324744,4.28755e-07,0.00032475,0.000324475,0.0003251,0.000324,0.0003256,4.17732e-07,4.53137e-07
scan/11/1.00/30.0/median_error_mm,32,1.1,1.10372,0.00955201,1.104,1.1,1.108,1.081,1.12,0.00974829,0.00967126
scan/11/1.00/30.0/resolution_mm,32,4.33,4.33,0,4.33,4.33,4.33,4.33,4.33,0,0
scan/11/1.00/30.0/source_mm,32,100,100,0,100,100,100,100,100,0,0
scan/11/1.00/30.0/usable_fov_area_mm2,32,1847.2,1860.46,15.3687,1864.2,1847.2,1864.2,1830.3,1898.1,10.736,18.0101
scan/11/1.00/30.0/usable_fraction,32,0.901,0.907281,0.00733192,0.909,0.901,0.909,0.893,0.926,0.00505964,0.0086253
scan/11/1.00/30.0/usable_half_mm,32,21.4895,21.5664,0.0889993,21.5882,21.4895,21.5882,21.391,21.7836,0.0622356,0.104287
scan/13/1.50/20.0/fcfov_half_mm,32,58.5,58.5,0,58.5,58.5,58.5,58.5,58.5,0,0
scan/13/1.50/20.0/median_efficiency,32,0.0002785,0.000277641,4.89805e-07,0.0002775,0.0002773,0.0002781,0.0002767,0.0002785,5.69064e-07,3.54906e-07
scan/13/1.50/20.0/median_error_mm,32,6.182,6.50894,0.328704,6.618,6.481,6.68325,4.941,6.719,0.434042,0.162386
scan/13/1.50/20.0/resolution_mm,32,9,9,0,9,9,9,9,9,0,0
scan/13/1.50/20.0/source_mm,32,100,100,0,100,100,100,100,100,0,0
scan/13/1.50/20.0/usable_fov_area_mm2,32,7759.7,7762.89,70.9476,7759.7,7759.7,7785.22,7657.6,7861.8,55.5328,79.0863
scan/13/1.50/20.0/usable_fraction,32,0.628,0.62825,0.00555907,0.628,0.628,0.63,0.62,0.636,0.00435125,0.00619677
scan/13/1.50/20.0/usable_half_mm,32,44.0446,44.0532,0.201333,44.0446,44.0446,44.1168,43.7539,44.3334,0.157849,0.224332
scan/23/1.00/20.0/fcfov_half_mm,32,69,69,0,69,69,69,69,69,0,0
scan/23/1.00/20.0/median_efficiency,32,0.0002278,0.000227647,4.79236e-07,0.00022775,0.000227275,0.0002279,0.0002266,0.0002286,4.48284e-07,5.08429e-07
scan/23/1.00/20.0/median_error_mm,32,65.443,66.4116,1.22398,66.5,65.4465,66.5832,64.363,70.092,1.00543,1.43634
scan/23/1.00/20.0/resolution_mm,32,6,6,0,6,6,6,6,6,0,0
scan/23/1.00/20.0/source_mm,32,100,100,0,100,100,100,100,100,0,0
scan/23/1.00/20.0/usable_fov_area_mm2,32,2556.8,2578.99,52.3841,2556.8,2556.8,2556.8,2556.8,2698.8,63.5043,35.5
scan/23/1.00/20.0/usable_fraction,32,0.149,0.15025,0.00295122,0.149,0.149,0.149,0.149,0.157,0.00357771,0.002
scan/23/1.00/20.0/usable_half_mm,32,25.2824,25.3906,0.255495,25.2824,25.2824,25.2824,25.2824,25.975,0.309733,0.173146
scan/7/1.00/60.0/fcfov_half_mm,32,9.33,9.33,0,9.33,9.33,9.33,9.33,9.33,0,0
scan/7/1.00/60.0/median_efficiency,32,0.000243,0.000242956,1.38977e-07,0.00024295,0.0002429,0.000243025,0.0002427,0.0002433,1.65202e-07,9.81071e-08
scan/7/1.00/60.0/median_error_mm,32,0.282,0.279625,0.00406995,0.279,0.27775,0.2825,0.267,0.287,0.00298608,0.0050183
scan/7/1.00/60.0/resolution_mm,32,2.67,2.67,0,2.67,2.67,2.67,2.67,2.67,0,0
scan/7/1.00/60.0/source_mm,32,100,100,0,100,100,100,100,100,0,0
scan/7/1.00/60.0/usable_fov_area_mm2,32,293.7,292.156,1.72962,292.4,291.1,293.7,288.5,293.7,1.60976,1.89134
scan/7/1.00/60.0/usable_fraction,32,0.934,0.929156,0.00553061,0.93,0.926,0.934,0.917,0.934,0.00510514,0.00608687
scan/7/1.00/60.0/usable_half_mm,32,8.56884,8.54625,0.0253221,8.54983,8.53083,8.56884,8.49264,8.56884,0.0235602,0.0276966
scan/r11/pass90,32,1,0.96875,0.176777,1,1,1,0,1,0,0.25
scanextra/0/23/1.00/20.0/fcfov_half_mm,32,69,69,0,69,69,69,69,69,0,0
scanextra/0/23/1.00/20.0/median_efficiency,32,0.0003106,0.000311056,3.23227e-07,0.0003111,0.0003108,0.0003113,0.0003105,0.0003118,3.29646e-07,3.05232e-07
scanextra/0/23/1.00/20.0/median_error_mm,32,0.928,0.923813,0.0215068,0.927,0.9095,0.93925,0.871,0.955,0.024484,0.0185755
scanextra/0/23/1.00/20.0/resolution_mm,32,6,6,0,6,6,6,6,6,0,0
scanextra/0/23/1.00/20.0/source_mm,32,100,100,0,100,100,100,100,100,0,0
scanextra/0/23/1.00/20.0/usable_fov_area_mm2,32,13210,13130.1,113.723,13139,13068,13210,12925.9,13352,115.592,112.668
scanextra/0/23/1.00/20.0/usable_fraction,32,0.769,0.764,0.0068533,0.7645,0.76,0.769,0.752,0.777,0.00696659,0.00681175
scanextra/1/13/2.00/20.0/fcfov_half_mm,32,78,78,0,78,78,78,78,78,0,0
scanextra/1/13/2.00/20.0/median_efficiency,32,0.0002256,0.000225434,3.72965e-07,0.00022545,0.0002252,0.0002257,0.0002246,0.0002263,3.69177e-07,3.88158e-07
scanextra/1/13/2.00/20.0/median_error_mm,32,78.564,79.0903,1.85273,78.548,78.1805,78.5815,78.142,84.422,1.51648,2.14256
scanextra/1/13/2.00/20.0/resolution_mm,32,12,12,0,12,12,12,12,12,0,0
scanextra/1/13/2.00/20.0/source_mm,32,100,100,0,100,100,100,100,100,0,0
scanextra/1/13/2.00/20.0/usable_fov_area_mm2,32,6353,6370.02,53.7502,6353,6353,6353,6353,6534.5,73.165,0
scanextra/1/13/2.00/20.0/usable_fraction,32,0.289,0.289844,0.0026653,0.289,0.289,0.289,0.289,0.298,0.00362802,0
scanextra/1/13/2.00/30.0/fcfov_half_mm,32,56.33,56.33,0,56.33,56.33,56.33,56.33,56.33,0,0
scanextra/1/13/2.00/30.0/median_efficiency,32,0.0002605,0.000260578,4.81754e-07,0.0002605,0.0002602,0.000261,0.0002597,0.0002614,4.36606e-07,5.25357e-07
scanextra/1/13/2.00/30.0/median_error_mm,32,87.124,87.1478,0.0129234,87.1485,87.139,87.1585,87.121,87.168,0.0130791,0.0131852
scanextra/1/13/2.00/30.0/resolution_mm,32,8.67,8.67,0,8.67,8.67,8.67,8.67,8.67,0,0
scanextra/1/13/2.00/30.0/source_mm,32,100,100,0,100,100,100,100,100,0,0
scanextra/1/13/2.00/30.0/usable_fov_area_mm2,32,568.1,568.1,0,568.1,568.1,568.1,568.1,568.1,0,0
scanextra/1/13/2.00/30.0/usable_fraction,32,0.05,0.05,0,0.05,0.05,0.05,0.05,0.05,0,0
scanextra/1/13/2.00/40.0/fcfov_half_mm,32,45.5,45.5,0,45.5,45.5,45.5,45.5,45.5,0,0
scanextra/1/13/2.00/40.0/median_efficiency,32,0.0002586,0.000259387,4.53481e-07,0.0002593,0.0002592,0.0002597,0.0002585,0.0002604,4.53459e-07,4.68286e-07
scanextra/1/13/2.00/40.0/median_error_mm,32,69.975,69.9727,0.0733303,69.985,69.9787,69.9922,69.575,70.009,0.0110386,0.102977
scanextra/1/13/2.00/40.0/resolution_mm,32,7,7,0,7,7,7,7,7,0,0
scanextra/1/13/2.00/40.0/source_mm,32,100,100,0,100,100,100,100,100,0,0
scanextra/1/13/2.00/40.0/usable_fov_area_mm2,32,185.3,185.3,0,185.3,185.3,185.3,185.3,185.3,0,0
scanextra/1/13/2.00/40.0/usable_fraction,32,0.025,0.025,0,0.025,0.025,0.025,0.025,0.025,0,0
scanextra/1/13/2.00/60.0/fcfov_half_mm,32,34.67,34.67,0,34.67,34.67,34.67,34.67,34.67,0,0
scanextra/1/13/2.00/60.0/median_efficiency,32,0.0002177,0.0002183,3.11086e-07,0.00021825,0.0002181,0.0002185,0.0002177,0.0002191,3.85519e-07,2.26477e-07
scanextra/1/13/2.00/60.0/median_error_mm,32,52.621,52.621,0,52.621,52.621,52.621,52.621,52.621,0,0
scanextra/1/13/2.00/60.0/resolution_mm,32,5.33,5.33,0,5.33,5.33,5.33,5.33,5.33,0,0
scanextra/1/13/2.00/60.0/source_mm,32,100,100,0,100,100,100,100,100,0,0
scanextra/1/13/2.00/60.0/usable_fov_area_mm2,32,35.9,35.9,0,35.9,35.9,35.9,35.9,35.9,0,0
scanextra/1/13/2.00/60.0/usable_fraction,32,0.008,0.008,0,0.008,0.008,0.008,0.008,0.008,0,0
scanextra/1/13/2.00/80.0/fcfov_half_mm,32,29.25,29.25,0,29.25,29.25,29.25,29.25,29.25,0,0
scanextra/1/13/2.00/80.0/median_efficiency,32,0.0001838,0.000183881,2.17667e-07,0.0001839,0.0001837,0.000184,0.0001835,0.0001843,1.86971e-07,2.50915e-07
scanextra/1/13/2.00/80.0/median_error_mm,32,44.399,44.399,0,44.399,44.399,44.399,44.399,44.399,0,0
scanextra/1/13/2.00/80.0/resolution_mm,32,4.5,4.5,0,4.5,4.5,4.5,4.5,4.5,0,0
scanextra/1/13/2.00/80.0/source_mm,32,100,100,0,100,100,100,100,100,0,0
scanextra/1/13/2.00/80.0/usable_fov_area_mm2,32,25.5,25.5,0,25.5,25.5,25.5,25.5,25.5,0,0
scanextra/1/13/2.00/80.0/usable_fraction,32,0.008,0.008,0,0.008,0.008,0.008,0.008,0.008,0,0
scanextra/1/17/2.00/20.0/fcfov_half_mm,32,102,102,0,102,102,102,102,102,0,0
scanextra/1/17/2.00/20.0/median_efficiency,32,0.0001616,0.000161563,4.48474e-07,0.0001616,0.00016125,0.00016175,0.0001608,0.0001625,5.17043e-07,3.84708e-07
scanextra/1/17/2.00/20.0/median_error_mm,32,84.736,85.7486,0.60431,85.6625,85.6427,85.6877,84.736,87.523,0.649181,0.568722
scanextra/1/17/2.00/20.0/resolution_mm,32,12,12,0,12,12,12,12,12,0,0
scanextra/1/17/2.00/20.0/source_mm,32,100,100,0,100,100,100,100,100,0,0
scanextra/1/17/2.00/20.0/usable_fov_area_mm2,32,931.2,931.2,0,931.2,931.2,931.2,931.2,931.2,0,0
scanextra/1/17/2.00/20.0/usable_fraction,32,0.025,0.025,0,0.025,0.025,0.025,0.025,0.025,0,0
scanextra/1/17/2.00/30.0/fcfov_half_mm,32,73.67,73.67,0,73.67,73.67,73.67,73.67,73.67,0,0
scanextra/1/17/2.00/30.0/median_efficiency,32,0.0002165,0.000216419,2.75256e-07,0.0002164,0.0002162,0.0002166,0.0002158,0.000217,2.53558e-07,2.6638e-07
scanextra/1/17/2.00/30.0/median_error_mm,32,66.688,67.1763,0.951752,67.371,66.7065,67.4617,64.916,68.588,0.836902,1.04496
scanextra/1/17/2.00/30.0/resolution_mm,32,8.67,8.67,0,8.67,8.67,8.67,8.67,8.67,0,0
scanextra/1/17/2.00/30.0/source_mm,32,100,100,0,100,100,100,100,100,0,0
scanextra/1/17/2.00/30.0/usable_fov_area_mm2,32,1133.3,1143.42,39.8414,1133.3,1133.3,1133.3,1133.3,1295.3,0,55.3335
scanextra/1/17/2.00/30.0/usable_fraction,32,0.058,0.0585,0.00196748,0.058,0.058,0.058,0.058,0.066,0,0.00273252
scanextra/1/17/2.00/40.0/fcfov_half_mm,32,59.5,59.5,0,59.5,59.5,59.5,59.5,59.5,0,0
scanextra/1/17/2.00/40.0/median_efficiency,32,0.0002244,0.000224503,4.90217e-07,0.0002244,0.000224075,0.000224925,0.0002236,0.0002255,4.88535e-07,5.01955e-07
scanextra/1/17/2.00/40.0/median_error_mm,32,49.265,49.0322,0.143633,48.9725,48.9575,49.1593,48.831,49.284,0.133016,0.157769
scanextra/1/17/2.00/40.0/resolution_mm,32,7,7,0,7,7,7,7,7,0,0
scanextra/1/17/2.00/40.0/source_mm,32,100,100,0,100,100,100,100,100,0,0
scanextra/1/17/2.00/40.0/usable_fov_area_mm2,32,739.4,739.4,0,739.4,739.4,739.4,739.4,739.4,0,0
scanextra/1/17/2.00/40.0/usable_fraction,32,0.058,0.058,0,0.058,0.058,0.058,0.058,0.058,0,0
scanextra/1/17/2.00/60.0/fcfov_half_mm,32,45.33,45.33,0,45.33,45.33,45.33,45.33,45.33,0,0
scanextra/1/17/2.00/60.0/median_efficiency,32,0.0002076,0.000207231,4.20013e-07,0.00020725,0.000207,0.0002076,0.0002063,0.000208,3.29077e-07,5.00957e-07
scanextra/1/17/2.00/60.0/median_error_mm,32,40.546,39.603,0.930974,39.2195,39.06,40.2013,38.406,42.066,0.801671,1.06281
scanextra/1/17/2.00/60.0/resolution_mm,32,5.33,5.33,0,5.33,5.33,5.33,5.33,5.33,0,0
scanextra/1/17/2.00/60.0/source_mm,32,100,100,0,100,100,100,100,100,0,0
scanextra/1/17/2.00/60.0/usable_fov_area_mm2,32,490.5,456.019,30.8962,429.2,429.2,490.5,429.2,490.5,31.4069,31.4069
scanextra/1/17/2.00/60.0/usable_fraction,32,0.066,0.0615,0.00403213,0.058,0.058,0.066,0.058,0.066,0.00409878,0.00409878
scanextra/1/17/2.00/80.0/fcfov_half_mm,32,38.25,38.25,0,38.25,38.25,38.25,38.25,38.25,0,0
scanextra/1/17/2.00/80.0/median_efficiency,32,0.0001749,0.000174534,2.08852e-07,0.0001745,0.0001744,0.0001747,0.0001741,0.0001749,2.22017e-07,2.0166e-07
scanextra/1/17/2.00/80.0/median_error_mm,32,32.413,32.0589,0.73857,32.419,31.0515,32.4637,30.928,33.166,0.798217,0.685298
scanextra/1/17/2.00/80.0/resolution_mm,32,4.5,4.5,0,4.5,4.5,4.5,4.5,4.5,0,0
scanextra/1/17/2.00/80.0/source_mm,32,100,100,0,100,100,100,100,100,0,0
scanextra/1/17/2.00/80.0/usable_fov_area_mm2,32,131,150.075,21.9751,131,131,174.6,131,174.6,22.3384,20.8719
scanextra/1/17/2.00/80.0/usable_fraction,32,0.025,0.0285,0.00403213,0.025,0.025,0.033,0.025,0.033,0.00409878,0.00382971
scanextra/1/19/2.00/20.0/fcfov_half_mm,32,114,114,0,114,114,114,114,114,0,0
scanextra/1/19/2.00/20.0/median_efficiency,32,0.0001445,0.000144594,2.82771e-07,0.00014455,0.0001444,0.0001448,0.0001439,0.0001452,2.98817e-07,2.65754e-07
scanextra/1/19/2.00/20.0/median_error_mm,32,123.709,125.027,1.32568,125.112,124.333,126.049,122.753,127.138,0.975764,1.63265
scanextra/1/19/2.00/20.0/resolution_mm,32,12,12,0,12,12,12,12,12,0,0
scanextra/1/19/2.00/20.0/source_mm,32,100,100,0,100,100,100,100,100,0,0
scanextra/1/19/2.00/20.0/usable_fov_area_mm2,32,3877.3,3865.19,155.233,3877.3,3877.3,3877.3,3489.6,4265.1,171.585,141.586
scanextra/1/19/2.00/20.0/usable_fraction,32,0.083,0.0826563,0.00344177,0.083,0.083,0.083,0.074,0.091,0.00382753,0.00310846
scanextra/1/19/2.00/30.0/fcfov_half_mm,32,82.33,82.33,0,82.33,82.33,82.33,82.33,82.33,0,0
scanextra/1/19/2.00/30.0/median_efficiency,32,0.0002073,0.000206903,4.83592e-07,0.0002069,0.000206575,0.0002073,0.0002061,0.0002079,4.88365e-07,4.94259e-07
scanextra/1/19/2.00/30.0/median_error_mm,32,87.474,87.5139,0.0247592,87.509,87.4967,87.5297,87.474,87.585,0.0264858,0.0204449
scanextra/1/19/2.00/30.0/resolution_mm,32,8.67,8.67,0,8.67,8.67,8.67,8.67,8.67,0,0
scanextra/1/19/2.00/30.0/source_mm,32,100,100,0,100,100,100,100,100,0,0
scanextra/1/19/2.00/30.0/usable_fov_area_mm2,32,202.2,202.2,0,202.2,202.2,202.2,202.2,202.2,0,0
scanextra/1/19/2.00/30.0/usable_fraction,32,0.008,0.008,0,0.008,0.008,0.008,0.008,0.008,0,0
scanextra/1/19/2.00/40.0/fcfov_half_mm,32,66.5,66.5,0,66.5,66.5,66.5,66.5,66.5,0,0
scanextra/1/19/2.00/40.0/median_efficiency,32,0.0002206,0.000220819,4.51833e-07,0.0002208,0.000220475,0.000221225,0.00022,0.0002216,5.07568e-07,3.94916e-07
scanextra/1/19/2.00/40.0/median_error_mm,32,67.844,66.8339,0.584743,66.5285,66.5037,66.871,66.387,67.87,0.53188,0.640724
scanextra/1/19/2.00/40.0/resolution_mm,32,7,7,0,7,7,7,7,7,0,0
scanextra/1/19/2.00/40.0/source_mm,32,100,100,0,100,100,100,100,100,0,0
scanextra/1/19/2.00/40.0/usable_fov_area_mm2,32,659.7,626.703,67.045,659.7,659.7,659.7,395.8,659.7,63.1902,71.7733
scanextra/1/19/2.00/40.0/usable_fraction,32,0.041,0.039,0.004064,0.041,0.041,0.041,0.025,0.041,0.00382971,0.00435125
scanextra/1/19/2.00/60.0/fcfov_half_mm,32,50.67,50.67,0,50.67,50.67,50.67,50.67,50.67,0,0
scanextra/1/19/2.00/60.0/median_efficiency,32,0.0001947,0.000194616,3.69925e-07,0.00019465,0.0001943,0.0001949,0.0001939,0.0001954,3.46831e-07,4.03113e-07
scanextra/1/19/2.00/60.0/median_error_mm,32,52.722,52.722,0,52.722,52.722,52.722,52.722,52.722,0,0
scanextra/1/19/2.00/60.0/resolution_mm,32,5.33,5.33,0,5.33,5.33,5.33,5.33,5.33,0,0
scanextra/1/19/2.00/60.0/source_mm,32,100,100,0,100,100,100,100,100,0,0
scanextra/1/19/2.00/60.0/usable_fov_area_mm2,32,76.6,76.6,0,76.6,76.6,76.6,76.6,76.6,0,0
scanextra/1/19/2.00/60.0/usable_fraction,32,0.008,0.008,0,0.008,0.008,0.008,0.008,0.008,0,0
scanextra/1/19/2.00/80.0/fcfov_half_mm,32,42.75,42.75,0,42.75,42.75,42.75,42.75,42.75,0,0
scanextra/1/19/2.00/80.0/median_efficiency,32,0.0001595,0.000159703,2.92359e-07,0.0001597,0.0001595,0.0001599,0.0001591,0.0001604,3.10846e-07,2.82843e-07
scanextra/1/19/2.00/80.0/median_error_mm,32,44.484,44.484,0,44.484,44.484,44.484,44.484,44.484,0,0
scanextra/1/19/2.00/80.0/resolution_mm,32,4.5,4.5,0,4.5,4.5,4.5,4.5,4.5,0,0
scanextra/1/19/2.00/80.0/source_mm,32,100,100,0,100,100,100,100,100,0,0
scanextra/1/19/2.00/80.0/usable_fov_area_mm2,32,54.5,54.5,0,54.5,54.5,54.5,54.5,54.5,0,0
scanextra/1/19/2.00/80.0/usable_fraction,32,0.008,0.008,0,0.008,0.008,0.008,0.008,0.008,0,0
scanextra/1/23/2.00/20.0/fcfov_half_mm,32,138,138,0,138,138,138,138,138,0,0
scanextra/1/23/2.00/20.0/median_efficiency,32,9.855e-05,9.88375e-05,3.16075e-07,9.883e-05,9.869e-05,9.905e-05,9.813e-05,9.943e-05,3.25002e-07,2.93427e-07
scanextra/1/23/2.00/20.0/median_error_mm,32,134.04,132.093,2.86054,133.981,129.075,134.096,127.701,135.331,2.804,2.99492
scanextra/1/23/2.00/20.0/resolution_mm,32,12,12,0,12,12,12,12,12,0,0
scanextra/1/23/2.00/20.0/source_mm,32,100,100,0,100,100,100,100,100,0,0
scanextra/1/23/2.00/20.0/usable_fov_area_mm2,32,568.2,568.2,0,568.2,568.2,568.2,568.2,568.2,0,0
scanextra/1/23/2.00/20.0/usable_fraction,32,0.008,0.008,0,0.008,0.008,0.008,0.008,0.008,0,0
scanextra/1/23/2.00/30.0/fcfov_half_mm,32,99.67,99.67,0,99.67,99.67,99.67,99.67,99.67,0,0
scanextra/1/23/2.00/30.0/median_efficiency,32,0.000159,0.0001589,2.14024e-07,0.0001589,0.0001587,0.000159025,0.0001586,0.0001593,2.04022e-07,2.28674e-07
scanextra/1/23/2.00/30.0/median_error_mm,32,83.11,83.1294,0.0497542,83.1295,83.089,83.1568,83.039,83.243,0.0420888,0.0526129
scanextra/1/23/2.00/30.0/resolution_mm,32,8.67,8.67,0,8.67,8.67,8.67,8.67,8.67,0,0
scanextra/1/23/2.00/30.0/source_mm,32,100,100,0,100,100,100,100,100,0,0
scanextra/1/23/2.00/30.0/usable_fov_area_mm2,32,592.7,592.7,0,592.7,592.7,592.7,592.7,592.7,0,0
scanextra/1/23/2.00/30.0/usable_fraction,32,0.017,0.017,0,0.017,0.017,0.017,0.017,0.017,0,0
scanextra/1/23/2.00/40.0/fcfov_half_mm,32,80.5,80.5,0,80.5,80.5,80.5,80.5,80.5,0,0
scanextra/1/23/2.00/40.0/median_efficiency,32,0.0001761,0.000176303,4.31415e-07,0.0001763,0.000176,0.0001766,0.0001755,0.0001772,3.53082e-07,4.96949e-07
scanextra/1/23/2.00/40.0/median_error_mm,32,68.344,67.0124,1.10844,67.0655,66.4155,67.384,64.441,69.097,1.21416,1.03063
scanextra/1/23/2.00/40.0/resolution_mm,32,7,7,0,7,7,7,7,7,0,0
scanextra/1/23/2.00/40.0/source_mm,32,100,100,0,100,100,100,100,100,0,0
scanextra/1/23/2.00/40.0/usable_fov_area_mm2,32,386.7,386.7,0,386.7,386.7,386.7,386.7,386.7,0,0
scanextra/1/23/2.00/40.0/usable_fraction,32,0.017,0.017,0,0.017,0.017,0.017,0.017,0.017,0,0
scanextra/1/23/2.00/60.0/fcfov_half_mm,32,61.33,61.33,0,61.33,61.33,61.33,61.33,61.33,0,0
scanextra/1/23/2.00/60.0/median_efficiency,32,0.0001688,0.000168794,3.66269e-07,0.0001688,0.000168475,0.0001691,0.000168,0.0001695,2.97769e-07,4.22493e-07
scanextra/1/23/2.00/60.0/median_error_mm,32,50.426,50.4252,0.00937739,50.426,50.418,50.4333,50.402,50.44,0.00955314,0.00950066
scanextra/1/23/2.00/60.0/resolution_mm,32,5.33,5.33,0,5.33,5.33,5.33,5.33,5.33,0,0
scanextra/1/23/2.00/60.0/source_mm,32,100,100,0,100,100,100,100,100,0,0
scanextra/1/23/2.00/60.0/usable_fov_area_mm2,32,112.2,112.2,0,112.2,112.2,112.2,112.2,112.2,0,0
scanextra/1/23/2.00/60.0/usable_fraction,32,0.008,0.008,0,0.008,0.008,0.008,0.008,0.008,0,0
scanextra/1/23/2.00/80.0/fcfov_half_mm,32,51.75,51.75,0,51.75,51.75,51.75,51.75,51.75,0,0
scanextra/1/23/2.00/80.0/median_efficiency,32,0.0001528,0.000152922,2.23945e-07,0.0001529,0.0001528,0.0001531,0.0001525,0.0001534,2.57876e-07,1.91377e-07
scanextra/1/23/2.00/80.0/median_error_mm,32,41.899,41.899,0,41.899,41.899,41.899,41.899,41.899,0,0
scanextra/1/23/2.00/80.0/resolution_mm,32,4.5,4.5,0,4.5,4.5,4.5,4.5,4.5,0,0
scanextra/1/23/2.00/80.0/source_mm,32,100,100,0,100,100,100,100,100,0,0
scanextra/1/23/2.00/80.0/usable_fov_area_mm2,32,79.9,79.9,0,79.9,79.9,79.9,79.9,79.9,0,0
scanextra/1/23/2.00/80.0/usable_fraction,32,0.008,0.008,0,0.008,0.008,0.008,0.008,0.008,0,0
shield/directional_delta,128,0,0.1875,1.10653,0,0,0,-2,2,1.08699,1.13346
shield/knee/co,128,25,26.7578,2.39667,25,25,30,25,30,2.22578,2.5
shield/knee/cs,128,20,21.0938,2.07512,20,20,20,20,25,1.96699,2.18218
shield/knee/dir,128,8,8.48438,0.860181,8,8,8,8,10,0.853913,0.872872
shield/knee/scattered,128,8,8.29688,0.71386,8,8,8,8,10,0.731925,0.700765
shield/picked_mass/co,128,6.836,7.87276,1.41356,6.836,6.836,9.785,6.836,9.785,1.31277,1.4745
shield/picked_mass/cs,128,4.491,5.00397,0.973229,4.491,4.491,4.491,4.491,6.836,0.922518,1.02344
shield/picked_mass/scattered,128,0.983,1.04238,0.142772,0.983,0.983,0.983,0.983,1.383,0.146385,0.140153
shield/shield.csv/Co60_1250keV/0.0/bg_per_px,128,20,20,0,20,20,20,20,20,0,0
shield/shield.csv/Co60_1250keV/0.0/fail_raw,128,0.96,0.970375,0.0108294,0.972,0.964,0.976,0.94,1,0.0114967,0.0101097
shield/shield.csv/Co60_1250keV/0.0/rms_calib_mm,128,2.895,2.93528,0.303926,2.963,2.76375,3.13575,2.136,3.501,0.2881,0.314109
shield/shield.csv/Co60_1250keV/0.0/rms_raw_mm,128,8.684,8.75105,0.0962733,8.7375,8.6915,8.829,8.53,9.015,0.09686,0.096438
shield/shield.csv/Co60_1250keV/0.0/shield_kg,128,0,0,0,0,0,0,0,0,0,0
shield/shield.csv/Co60_1250keV/0.0/transmission,128,1,1,0,1,1,1,1,1,0,0
shield/shield.csv/Co60_1250keV/10.0/bg_per_px,128,6.526,6.526,0,6.526,6.526,6.526,6.526,6.526,0,0
shield/shield.csv/Co60_1250keV/10.0/fail_raw,128,0.144,0.18475,0.0262358,0.184,0.168,0.201,0.112,0.24,0.025802,0.0268593
shield/shield.csv/Co60_1250keV/10.0/rms_calib_mm,128,0.611,0.733133,0.159751,0.639,0.605,0.85025,0.543,1.282,0.157236,0.162358
shield/shield.csv/Co60_1250keV/10.0/rms_raw_mm,128,3.709,3.93881,0.278601,3.9805,3.7625,4.12425,3.026,4.522,0.273695,0.285345
shield/shield.csv/Co60_1250keV/10.0/shield_kg,128,1.383,1.383,0,1.383,1.383,1.383,1.383,1.383,0,0
shield/shield.csv/Co60_1250keV/10.0/transmission,128,0.3263,0.3263,0,0.3263,0.3263,0.3263,0.3263,0.3263,0,0
shield/shield.csv/Co60_1250keV/12.0/bg_per_px,128,5.216,5.216,0,5.216,5.216,5.216,5.216,5.216,0,0
shield/shield.csv/Co60_1250keV/12.0/fail_raw,128,0.04,0.074375,0.0168845,0.072,0.06,0.088,0.036,0.108,0.0171694,0.0158233
shield/shield.csv/Co60_1250keV/12.0/rms_calib_mm,128,0.613,0.63075,0.1208,0.579,0.559,0.60625,0.53,1.009,0.118373,0.123714
shield/shield.csv/Co60_1250keV/12.0/rms_raw_mm,128,1.962,2.58582,0.279911,2.607,2.38175,2.777,1.804,3.206,0.30092,0.253049
shield/shield.csv/Co60_1250keV/12.0/shield_kg,128,1.852,1.852,0,1.852,1.852,1.852,1.852,1.852,0,0
shield/shield.csv/Co60_1250keV/12.0/transmission,128,0.2608,0.2608,0,0.2608,0.2608,0.2608,0.2608,0.2608,0,0
shield/shield.csv/Co60_1250keV/15.0/bg_per_px,128,3.727,3.727,0,3.727,3.727,3.727,3.727,3.727,0,0
shield/shield.csv/Co60_1250keV/15.0/fail_raw,128,0.004,0.012625,0.00681707,0.012,0.008,0.016,0,0.036,0.0057556,0.00757502
shield/shield.csv/Co60_1250keV/15.0/rms_calib_mm,128,0.493,0.529258,0.061368,0.519,0.501,0.53525,0.462,0.838,0.0712761,0.0498655
shield/shield.csv/Co60_1250keV/15.0/rms_raw_mm,128,0.986,1.23948,0.226209,1.2415,1.08325,1.34475,0.75,1.963,0.196959,0.248621
shield/shield.csv/Co60_1250keV/15.0/shield_kg,128,2.692,2.692,0,2.692,2.692,2.692,2.692,2.692,0,0
shield/shield.csv/Co60_1250keV/15.0/transmission,128,0.1864,0.1864,0,0.1864,0.1864,0.1864,0.1864,0.1864,0,0
shield/shield.csv/Co60_1250keV/2.0/bg_per_px,128,15.986,15.986,0,15.986,15.986,15.986,15.986,15.986,0,0
shield/shield.csv/Co60_1250keV/2.0/fail_raw,128,0.924,0.905563,0.0190034,0.908,0.895,0.92,0.856,0.948,0.0189082,0.0191948
shield/shield.csv/Co60_1250keV/2.0/rms_calib_mm,128,2.355,2.31937,0.284408,2.3445,2.11525,2.53525,1.489,3.13,0.285593,0.285471
shield/shield.csv/Co60_1250keV/2.0/rms_raw_mm,128,8.603,8.51052,0.128559,8.5075,8.4275,8.588,8.157,8.84,0.127542,0.129182
shield/shield.csv/Co60_1250keV/2.0/shield_kg,128,0.161,0.161,0,0.161,0.161,0.161,0.161,0.161,0,0
shield/shield.csv/Co60_1250keV/2.0/transmission,128,0.7993,0.7993,0,0.7993,0.7993,0.7993,0.7993,0.7993,0,0
shield/shield.csv/Co60_1250keV/20.0/bg_per_px,128,2.129,2.129,0,2.129,2.129,2.129,2.129,2.129,0,0
shield/shield.csv/Co60_1250keV/20.0/fail_raw,128,0,0.00028125,0.00102671,0,0,0,0,0.004,0.000852168,0.00117514
shield/shield.csv/Co60_1250keV/20.0/rms_calib_mm,128,0.45,0.467891,0.0178212,0.4675,0.45675,0.479,0.429,0.515,0.0171611,0.0185934
shield/shield.csv/Co60_1250keV/20.0/rms_raw_mm,128,0.604,0.631773,0.0659981,0.617,0.60475,0.63625,0.567,0.993,0.0627629,0.0694552
shield/shield.csv/Co60_1250keV/20.0/shield_kg,128,4.491,4.491,0,4.491,4.491,4.491,4.491,4.491,0,0
shield/shield.csv/Co60_1250keV/20.0/transmission,128,0.1065,0.1065,0,0.1065,0.1065,0.1065,0.1065,0.1065,0,0
shield/shield.csv/Co60_1250keV/25.0/bg_per_px,128,1.216,1.216,0,1.216,1.216,1.216,1.216,1.216,0,0
shield/shield.csv/Co60_1250keV/25.0/fail_raw,128,0,6.25e-05,0.000498028,0,0,0,0,0.004,0,0.000701472
shield/shield.csv/Co60_1250keV/25.0/rms_calib_mm,128,0.445,0.428234,0.0152788,0.4265,0.41825,0.43825,0.398,0.469,0.0149968,0.0156735
shield/shield.csv/Co60_1250keV/25.0/rms_raw_mm,128,0.539,0.514273,0.0371137,0.512,0.49675,0.52325,0.468,0.798,0.0188119,0.0487245
shield/shield.csv/Co60_1250keV/25.0/shield_kg,128,6.836,6.836,0,6.836,6.836,6.836,6.836,6.836,0,0
shield/shield.csv/Co60_1250keV/25.0/transmission,128,0.0608,0.0608,0,0.0608,0.0608,0.0608,0.0608,0.0608,0,0
shield/shield.csv/Co60_1250keV/30.0/bg_per_px,128,0.695,0.695,0,0.695,0.695,0.695,0.695,0.695,0,0
shield/shield.csv/Co60_1250keV/30.0/fail_raw,128,0,0,0,0,0,0,0,0,0,0
shield/shield.csv/Co60_1250keV/30.0/rms_calib_mm,128,0.413,0.401711,0.0115439,0.403,0.393,0.41,0.375,0.426,0.0102994,0.012724
shield/shield.csv/Co60_1250keV/30.0/rms_raw_mm,128,0.472,0.448711,0.0126043,0.449,0.43975,0.458,0.418,0.475,0.0116296,0.0134919
shield/shield.csv/Co60_1250keV/30.0/shield_kg,128,9.785,9.785,0,9.785,9.785,9.785,9.785,9.785,0,0
shield/shield.csv/Co60_1250keV/30.0/transmission,128,0.0347,0.0347,0,0.0347,0.0347,0.0347,0.0347,0.0347,0,0
shield/shield.csv/Co60_1250keV/4.0/bg_per_px,128,12.778,12.778,0,12.778,12.778,12.778,12.778,12.778,0,0
shield/shield.csv/Co60_1250keV/4.0/fail_raw,128,0.756,0.776687,0.028858,0.78,0.76,0.796,0.676,0.832,0.0264179,0.0310839
shield/shield.csv/Co60_1250keV/4.0/rms_calib_mm,128,2.04,1.77049,0.283177,1.789,1.5735,1.94575,0.909,2.321,0.292358,0.276001
shield/shield.csv/Co60_1250keV/4.0/rms_raw_mm,128,7.871,7.92223,0.16695,7.92,7.8395,8.0455,7.325,8.271,0.167354,0.16753
shield/shield.csv/Co60_1250keV/4.0/shield_kg,128,0.376,0.376,0,0.376,0.376,0.376,0.376,0.376,0,0
shield/shield.csv/Co60_1250keV/4.0/transmission,128,0.6389,0.6389,0,0.6389,0.6389,0.6389,0.6389,0.6389,0,0
shield/shield.csv/Co60_1250keV/6.0/bg_per_px,128,10.214,10.214,0,10.214,10.214,10.214,10.214,10.214,0,0
shield/shield.csv/Co60_1250keV/6.0/fail_raw,128,0.556,0.585,0.0310489,0.584,0.564,0.608,0.476,0.656,0.0282166,0.0333559
shield/shield.csv/Co60_1250keV/6.0/rms_calib_mm,128,1.122,1.3574,0.274074,1.36,1.1705,1.52925,0.676,1.941,0.261663,0.28798
shield/shield.csv/Co60_1250keV/6.0/rms_raw_mm,128,6.8,6.90494,0.203037,6.9025,6.7915,7.048,6.118,7.332,0.186214,0.215962
shield/shield.csv/Co60_1250keV/6.0/shield_kg,128,0.649,0.649,0,0.649,0.649,0.649,0.649,0.649,0,0
shield/shield.csv/Co60_1250keV/6.0/transmission,128,0.5107,0.5107,0,0.5107,0.5107,0.5107,0.5107,0.5107,0,0
shield/shield.csv/Co60_1250keV/8.0/bg_per_px,128,8.164,8.164,0,8.164,8.164,8.164,8.164,8.164,0,0
shield/shield.csv/Co60_1250keV/8.0/fail_raw,128,0.372,0.365781,0.0332921,0.368,0.344,0.388,0.264,0.46,0.0329453,0.0337307
shield/shield.csv/Co60_1250keV/8.0/rms_calib_mm,128,1.088,0.936359,0.22298,0.9045,0.77575,1.10375,0.589,1.454,0.217705,0.228554
shield/shield.csv/Co60_1250keV/8.0/rms_raw_mm,128,5.577,5.4955,0.254669,5.502,5.33325,5.6695,4.726,6.05,0.246513,0.262416
shield/shield.csv/Co60_1250keV/8.0/shield_kg,128,0.983,0.983,0,0.983,0.983,0.983,0.983,0.983,0,0
shield/shield.csv/Co60_1250keV/8.0/transmission,128,0.4082,0.4082,0,0.4082,0.4082,0.4082,0.4082,0.4082,0,0
shield/shield.csv/Cs137_662keV/0.0/bg_per_px,128,20,20,0,20,20,20,20,20,0,0
shield/shield.csv/Cs137_662keV/0.0/fail_raw,128,0.96,0.970375,0.0108294,0.972,0.964,0.976,0.94,1,0.0114967,0.0101097
shield/shield.csv/Cs137_662keV/0.0/rms_calib_mm,128,2.895,2.93528,0.303926,2.963,2.76375,3.13575,2.136,3.501,0.2881,0.314109
shield/shield.csv/Cs137_662keV/0.0/rms_raw_mm,128,8.684,8.75105,0.0962733,8.7375,8.6915,8.829,8.53,9.015,0.09686,0.096438
shield/shield.csv/Cs137_662keV/0.0/shield_kg,128,0,0,0,0,0,0,0,0,0,0
shield/shield.csv/Cs137_662keV/0.0/transmission,128,1,1,0,1,1,1,1,1,0,0
shield/shield.csv/Cs137_662keV/10.0/bg_per_px,128,3.373,3.373,0,3.373,3.373,3.373,3.373,3.373,0,0
shield/shield.csv/Cs137_662keV/10.0/fail_raw,128,0.004,0.007,0.00581066,0.008,0.004,0.012,0,0.028,0.00539106,0.00622208
shield/shield.csv/Cs137_662keV/10.0/rms_calib_mm,128,0.524,0.513641,0.0442608,0.508,0.494,0.523,0.475,0.786,0.0391897,0.048935
shield/shield.csv/Cs137_662keV/10.0/rms_raw_mm,128,0.936,1.02934,0.218691,1.0295,0.87525,1.17025,0.714,1.622,0.2051,0.232282
shield/shield.csv/Cs137_662keV/10.0/shield_kg,128,1.383,1.383,0,1.383,1.383,1.383,1.383,1.383,0,0
shield/shield.csv/Cs137_662keV/10.0/transmission,128,0.1686,0.1686,0,0.1686,0.1686,0.1686,0.1686,0.1686,0,0
shield/shield.csv/Cs137_662keV/12.0/bg_per_px,128,2.363,2.363,0,2.363,2.363,2.363,2.363,2.363,0,0
shield/shield.csv/Cs137_662keV/12.0/fail_raw,128,0.004,0.00075,0.0016458,0,0,0,0,0.008,0.00172746,0.00157359
shield/shield.csv/Cs137_662keV/12.0/rms_calib_mm,128,0.446,0.469875,0.0326634,0.469,0.454,0.48225,0.425,0.767,0.0214058,0.0409876
shield/shield.csv/Cs137_662keV/12.0/rms_raw_mm,128,0.814,0.682312,0.0882167,0.65,0.63,0.6715,0.602,1.089,0.0887232,0.0883728
shield/shield.csv/Cs137_662keV/12.0/shield_kg,128,1.852,1.852,0,1.852,1.852,1.852,1.852,1.852,0,0
shield/shield.csv/Cs137_662keV/12.0/transmission,128,0.1181,0.1181,0,0.1181,0.1181,0.1181,0.1181,0.1181,0,0
shield/shield.csv/Cs137_662keV/15.0/bg_per_px,128,1.385,1.385,0,1.385,1.385,1.385,1.385,1.385,0,0
shield/shield.csv/Cs137_662keV/15.0/fail_raw,128,0,0,0,0,0,0,0,0,0,0
shield/shield.csv/Cs137_662keV/15.0/rms_calib_mm,128,0.438,0.431234,0.0152121,0.43,0.42075,0.443,0.395,0.477,0.015476,0.0150409
shield/shield.csv/Cs137_662keV/15.0/rms_raw_mm,128,0.522,0.531477,0.0178714,0.532,0.521,0.544,0.482,0.598,0.0167946,0.0189774
shield/shield.csv/Cs137_662keV/15.0/shield_kg,128,2.692,2.692,0,2.692,2.692,2.692,2.692,2.692,0,0
shield/shield.csv/Cs137_662keV/15.0/transmission,128,0.0693,0.0693,0,0.0693,0.0693,0.0693,0.0693,0.0693,0,0
shield/shield.csv/Cs137_662keV/2.0/bg_per_px,128,14.009,14.009,0,14.009,14.009,14.009,14.009,14.009,0,0
shield/shield.csv/Cs137_662keV/2.0/fail_raw,128,0.864,0.838,0.024157,0.84,0.82,0.853,0.764,0.892,0.0260878,0.0221266
shield/shield.csv/Cs137_662keV/2.0/rms_calib_mm,128,2.181,1.95045,0.263211,1.963,1.783,2.1075,1.134,2.662,0.264208,0.263103
shield/shield.csv/Cs137_662keV/2.0/rms_raw_mm,128,8.361,8.21035,0.150261,8.224,8.1095,8.30425,7.828,8.581,0.151656,0.150029
shield/shield.csv/Cs137_662keV/2.0/shield_kg,128,0.161,0.161,0,0.161,0.161,0.161,0.161,0.161,0,0
shield/shield.csv/Cs137_662keV/2.0/transmission,128,0.7005,0.7005,0,0.7005,0.7005,0.7005,0.7005,0.7005,0,0
shield/shield.csv/Cs137_662keV/20.0/bg_per_px,128,0.569,0.569,0,0.569,0.569,0.569,0.569,0.569,0,0
shield/shield.csv/Cs137_662keV/20.0/fail_raw,128,0,0,0,0,0,0,0,0,0,0
shield/shield.csv/Cs137_662keV/20.0/rms_calib_mm,128,0.381,0.400281,0.0118328,0.398,0.39275,0.41,0.37,0.427,0.0121096,0.0115682
shield/shield.csv/Cs137_662keV/20.0/rms_raw_mm,128,0.413,0.434383,0.0138769,0.434,0.424,0.44325,0.405,0.472,0.0140303,0.0136717
shield/shield.csv/Cs137_662keV/20.0/shield_kg,128,4.491,4.491,0,4.491,4.491,4.491,4.491,4.491,0,0
shield/shield.csv/Cs137_662keV/20.0/transmission,128,0.0284,0.0284,0,0.0284,0.0284,0.0284,0.0284,0.0284,0,0
shield/shield.csv/Cs137_662keV/25.0/bg_per_px,128,0.234,0.234,0,0.234,0.234,0.234,0.234,0.234,0,0
shield/shield.csv/Cs137_662keV/25.0/fail_raw,128,0,0,0,0,0,0,0,0,0,0
shield/shield.csv/Cs137_662keV/25.0/rms_calib_mm,128,0.399,0.390211,0.00993098,0.389,0.38375,0.39625,0.37,0.43,0.00963376,0.0101539
shield/shield.csv/Cs137_662keV/25.0/rms_raw_mm,128,0.414,0.403758,0.010214,0.4035,0.397,0.409,0.38,0.45,0.0102711,0.010196
shield/shield.csv/Cs137_662keV/25.0/shield_kg,128,6.836,6.836,0,6.836,6.836,6.836,6.836,6.836,0,0
shield/shield.csv/Cs137_662keV/25.0/transmission,128,0.0117,0.0117,0,0.0117,0.0117,0.0117,0.0117,0.0117,0,0
shield/shield.csv/Cs137_662keV/30.0/bg_per_px,128,0.096,0.096,0,0.096,0.096,0.096,0.096,0.096,0,0
shield/shield.csv/Cs137_662keV/30.0/fail_raw,128,0,0,0,0,0,0,0,0,0,0
shield/shield.csv/Cs137_662keV/30.0/rms_calib_mm,128,0.378,0.38232,0.00875199,0.3815,0.376,0.389,0.364,0.408,0.00824559,0.0091811
shield/shield.csv/Cs137_662keV/30.0/rms_raw_mm,128,0.382,0.389766,0.0105729,0.389,0.382,0.398,0.368,0.417,0.0103013,0.0107168
shield/shield.csv/Cs137_662keV/30.0/shield_kg,128,9.785,9.785,0,9.785,9.785,9.785,9.785,9.785,0,0
shield/shield.csv/Cs137_662keV/30.0/transmission,128,0.0048,0.0048,0,0.0048,0.0048,0.0048,0.0048,0.0048,0,0
shield/shield.csv/Cs137_662keV/4.0/bg_per_px,128,9.813,9.813,0,9.813,9.813,9.813,9.813,9.813,0,0
shield/shield.csv/Cs137_662keV/4.0/fail_raw,128,0.576,0.540563,0.0321365,0.54,0.516,0.564,0.448,0.632,0.0342896,0.0300591
shield/shield.csv/Cs137_662keV/4.0/rms_calib_mm,128,1.141,1.19373,0.264156,1.1835,1.00625,1.39925,0.642,1.938,0.259599,0.270012
shield/shield.csv/Cs137_662keV/4.0/rms_raw_mm,128,6.75,6.62058,0.223035,6.6425,6.46,6.7565,5.926,7.445,0.240884,0.205248
shield/shield.csv/Cs137_662keV/4.0/shield_kg,128,0.376,0.376,0,0.376,0.376,0.376,0.376,0.376,0,0
shield/shield.csv/Cs137_662keV/4.0/transmission,128,0.4907,0.4907,0,0.4907,0.4907,0.4907,0.4907,0.4907,0,0
shield/shield.csv/Cs137_662keV/6.0/bg_per_px,128,6.874,6.874,0,6.874,6.874,6.874,6.874,6.874,0,0
shield/shield.csv/Cs137_662keV/6.0/fail_raw,128,0.22,0.217688,0.0257406,0.216,0.2,0.236,0.14,0.276,0.0230579,0.0282932
shield/shield.csv/Cs137_662keV/6.0/rms_calib_mm,128,0.838,0.795172,0.178933,0.822,0.61475,0.94125,0.555,1.239,0.177419,0.179672
shield/shield.csv/Cs137_662keV/6.0/rms_raw_mm,128,4.581,4.26037,0.258324,4.2725,4.13025,4.40975,3.492,4.908,0.252429,0.265257
shield/shield.csv/Cs137_662keV/6.0/shield_kg,128,0.649,0.649,0,0.649,0.649,0.649,0.649,0.649,0,0
shield/shield.csv/Cs137_662keV/6.0/transmission,128,0.3437,0.3437,0,0.3437,0.3437,0.3437,0.3437,0.3437,0,0
shield/shield.csv/Cs137_662keV/8.0/bg_per_px,128,4.815,4.815,0,4.815,4.815,4.815,4.815,4.815,0,0
shield/shield.csv/Cs137_662keV/8.0/fail_raw,128,0.076,0.0506562,0.0146284,0.052,0.04,0.06,0.024,0.084,0.0139272,0.014958
shield/shield.csv/Cs137_662keV/8.0/rms_calib_mm,128,0.756,0.600148,0.103655,0.5625,0.55,0.578,0.514,0.971,0.106563,0.100966
shield/shield.csv/Cs137_662keV/8.0/rms_raw_mm,128,2.527,2.17767,0.278462,2.186,2.00775,2.38175,1.585,2.814,0.251079,0.297987
shield/shield.csv/Cs137_662keV/8.0/shield_kg,128,0.983,0.983,0,0.983,0.983,0.983,0.983,0.983,0,0
shield/shield.csv/Cs137_662keV/8.0/transmission,128,0.2407,0.2407,0,0.2407,0.2407,0.2407,0.2407,0.2407,0,0
shield/shield.csv/scattered_250keV/0.0/bg_per_px,128,20,20,0,20,20,20,20,20,0,0
shield/shield.csv/scattered_250keV/0.0/fail_raw,128,0.96,0.970375,0.0108294,0.972,0.964,0.976,0.94,1,0.0114967,0.0101097
shield/shield.csv/scattered_250keV/0.0/rms_calib_mm,128,2.895,2.93528,0.303926,2.963,2.76375,3.13575,2.136,3.501,0.2881,0.314109
shield/shield.csv/scattered_250keV/0.0/rms_raw_mm,128,8.684,8.75105,0.0962733,8.7375,8.6915,8.829,8.53,9.015,0.09686,0.096438
shield/shield.csv/scattered_250keV/0.0/shield_kg,128,0,0,0,0,0,0,0,0,0,0
shield/shield.csv/scattered_250keV/0.0/transmission,128,1,1,0,1,1,1,1,1,0,0
shield/shield.csv/scattered_250keV/10.0/bg_per_px,128,0.135,0.135,0,0.135,0.135,0.135,0.135,0.135,0,0
shield/shield.csv/scattered_250keV/10.0/fail_raw,128,0,0,0,0,0,0,0,0,0,0
shield/shield.csv/scattered_250keV/10.0/rms_calib_mm,128,0.373,0.38343,0.00918205,0.382,0.376,0.39,0.363,0.41,0.00968234,0.00872866
shield/shield.csv/scattered_250keV/10.0/rms_raw_mm,128,0.378,0.392969,0.010455,0.392,0.386,0.399,0.369,0.42,0.0110768,0.00986354
shield/shield.csv/scattered_250keV/10.0/shield_kg,128,1.383,1.383,0,1.383,1.383,1.383,1.383,1.383,0,0
shield/shield.csv/scattered_250keV/10.0/transmission,128,0.0067,0.0067,0,0.0067,0.0067,0.0067,0.0067,0.0067,0,0
shield/shield.csv/scattered_250keV/12.0/bg_per_px,128,0.05,0.05,0,0.05,0.05,0.05,0.05,0.05,0,0
shield/shield.csv/scattered_250keV/12.0/fail_raw,128,0,0,0,0,0,0,0,0,0,0
shield/shield.csv/scattered_250keV/12.0/rms_calib_mm,128,0.391,0.382266,0.00829902,0.382,0.376,0.388,0.365,0.407,0.00803982,0.00861119
shield/shield.csv/scattered_250keV/12.0/rms_raw_mm,128,0.399,0.387109,0.00945044,0.387,0.38,0.393,0.367,0.42,0.00947213,0.00950334
shield/shield.csv/scattered_250keV/12.0/shield_kg,128,1.852,1.852,0,1.852,1.852,1.852,1.852,1.852,0,0
shield/shield.csv/scattered_250keV/12.0/transmission,128,0.0025,0.0025,0,0.0025,0.0025,0.0025,0.0025,0.0025,0,0
shield/shield.csv/scattered_250keV/15.0/bg_per_px,128,0.011,0.011,0,0.011,0.011,0.011,0.011,0.011,0,0
shield/shield.csv/scattered_250keV/15.0/fail_raw,128,0,0,0,0,0,0,0,0,0,0
shield/shield.csv/scattered_250keV/15.0/rms_calib_mm,128,0.384,0.380789,0.0084431,0.38,0.375,0.386,0.364,0.408,0.008469,0.00842332
shield/shield.csv/scattered_250keV/15.0/rms_raw_mm,128,0.387,0.38443,0.00948823,0.384,0.37775,0.38925,0.365,0.422,0.00880441,0.0101238
shield/shield.csv/scattered_250keV/15.0/shield_kg,128,2.692,2.692,0,2.692,2.692,2.692,2.692,2.692,0,0
shield/shield.csv/scattered_250keV/15.0/transmission,128,0.0006,0.0006,0,0.0006,0.0006,0.0006,0.0006,0.0006,0,0
shield/shield.csv/scattered_250keV/2.0/bg_per_px,128,7.358,7.358,0,7.358,7.358,7.358,7.358,7.358,0,0
shield/shield.csv/scattered_250keV/2.0/fail_raw,128,0.24,0.276719,0.0244547,0.276,0.26,0.293,0.216,0.332,0.0253483,0.023424
shield/shield.csv/scattered_250keV/2.0/rms_calib_mm,128,0.826,0.866453,0.195226,0.8565,0.723,0.9965,0.584,1.469,0.205831,0.185505
shield/shield.csv/scattered_250keV/2.0/rms_raw_mm,128,4.594,4.80052,0.226487,4.7925,4.647,4.98025,4.294,5.324,0.23966,0.208076
shield/shield.csv/scattered_250keV/2.0/shield_kg,128,0.161,0.161,0,0.161,0.161,0.161,0.161,0.161,0,0
shield/shield.csv/scattered_250keV/2.0/transmission,128,0.3679,0.3679,0,0.3679,0.3679,0.3679,0.3679,0.3679,0,0
shield/shield.csv/scattered_250keV/20.0/bg_per_px,128,0.001,0.001,0,0.001,0.001,0.001,0.001,0.001,0,0
shield/shield.csv/scattered_250keV/20.0/fail_raw,128,0,0,0,0,0,0,0,0,0,0
shield/shield.csv/scattered_250keV/20.0/rms_calib_mm,128,0.378,0.379273,0.00751347,0.379,0.37375,0.38325,0.364,0.401,0.00681238,0.00816667
shield/shield.csv/scattered_250keV/20.0/rms_raw_mm,128,0.383,0.384195,0.00921233,0.3835,0.377,0.38925,0.366,0.415,0.00863339,0.00982546
shield/shield.csv/scattered_250keV/20.0/shield_kg,128,4.491,4.491,0,4.491,4.491,4.491,4.491,4.491,0,0
shield/shield.csv/scattered_250keV/20.0/transmission,128,0,0,0,0,0,0,0,0,0,0
shield/shield.csv/scattered_250keV/25.0/bg_per_px,128,0,0,0,0,0,0,0,0,0,0
shield/shield.csv/scattered_250keV/25.0/fail_raw,128,0,0,0,0,0,0,0,0,0,0
shield/shield.csv/scattered_250keV/25.0/rms_calib_mm,128,0.376,0.378883,0.00722923,0.378,0.374,0.383,0.361,0.402,0.00726536,0.00724843
shield/shield.csv/scattered_250keV/25.0/rms_raw_mm,128,0.376,0.382227,0.00832245,0.381,0.376,0.388,0.361,0.406,0.00848902,0.00821957
shield/shield.csv/scattered_250keV/25.0/shield_kg,128,6.836,6.836,0,6.836,6.836,6.836,6.836,6.836,0,0
shield/shield.csv/scattered_250keV/25.0/transmission,128,0,0,0,0,0,0,0,0,0,0
shield/shield.csv/scattered_250keV/30.0/bg_per_px,128,0,0,0,0,0,0,0,0,0,0
shield/shield.csv/scattered_250keV/30.0/fail_raw,128,0,0,0,0,0,0,0,0,0,0
shield/shield.csv/scattered_250keV/30.0/rms_calib_mm,128,0.373,0.379953,0.00766818,0.38,0.374,0.38525,0.365,0.399,0.00776846,0.00759867
shield/shield.csv/scattered_250keV/30.0/rms_raw_mm,128,0.383,0.383406,0.00912161,0.382,0.377,0.389,0.366,0.414,0.00906807,0.00924435
shield/shield.csv/scattered_250keV/30.0/shield_kg,128,9.785,9.785,0,9.785,9.785,9.785,9.785,9.785,0,0
shield/shield.csv/scattered_250keV/30.0/transmission,128,0,0,0,0,0,0,0,0,0,0
shield/shield.csv/scattered_250keV/4.0/bg_per_px,128,2.707,2.707,0,2.707,2.707,2.707,2.707,2.707,0,0
shield/shield.csv/scattered_250keV/4.0/fail_raw,128,0,0.00190625,0.00279324,0,0,0.004,0,0.012,0.00310593,0.00246564
shield/shield.csv/scattered_250keV/4.0/rms_calib_mm,128,0.495,0.487555,0.0397995,0.4835,0.472,0.5,0.431,0.879,0.0185953,0.0529989
shield/shield.csv/scattered_250keV/4.0/rms_raw_mm,128,0.701,0.776961,0.137246,0.701,0.68275,0.87875,0.642,1.191,0.149398,0.125087
shield/shield.csv/scattered_250keV/4.0/shield_kg,128,0.376,0.376,0,0.376,0.376,0.376,0.376,0.376,0,0
shield/shield.csv/scattered_250keV/4.0/transmission,128,0.1353,0.1353,0,0.1353,0.1353,0.1353,0.1353,0.1353,0,0
shield/shield.csv/scattered_250keV/6.0/bg_per_px,128,0.996,0.996,0,0.996,0.996,0.996,0.996,0.996,0,0
shield/shield.csv/scattered_250keV/6.0/fail_raw,128,0,0,0,0,0,0,0,0,0,0
shield/shield.csv/scattered_250keV/6.0/rms_calib_mm,128,0.42,0.419773,0.0137973,0.4195,0.41,0.429,0.384,0.464,0.0146315,0.0129692
shield/shield.csv/scattered_250keV/6.0/rms_raw_mm,128,0.47,0.482008,0.0173448,0.483,0.469,0.493,0.439,0.54,0.018312,0.0164481
shield/shield.csv/scattered_250keV/6.0/shield_kg,128,0.649,0.649,0,0.649,0.649,0.649,0.649,0.649,0,0
shield/shield.csv/scattered_250keV/6.0/transmission,128,0.0498,0.0498,0,0.0498,0.0498,0.0498,0.0498,0.0498,0,0
shield/shield.csv/scattered_250keV/8.0/bg_per_px,128,0.366,0.366,0,0.366,0.366,0.366,0.366,0.366,0,0
shield/shield.csv/scattered_250keV/8.0/fail_raw,128,0,0,0,0,0,0,0,0,0,0
shield/shield.csv/scattered_250keV/8.0/rms_calib_mm,128,0.395,0.391852,0.00979482,0.392,0.384,0.399,0.369,0.419,0.0100564,0.00957489
shield/shield.csv/scattered_250keV/8.0/rms_raw_mm,128,0.414,0.416828,0.011406,0.416,0.41,0.425,0.389,0.445,0.0115898,0.0113107
shield/shield.csv/scattered_250keV/8.0/shield_kg,128,0.983,0.983,0,0.983,0.983,0.983,0.983,0.983,0,0
shield/shield.csv/scattered_250keV/8.0/transmission,128,0.0183,0.0183,0,0.0183,0.0183,0.0183,0.0183,0.0183,0,0
shield/shield.csv/scattered_250keV_dir/0.0/bg_per_px,128,20,20,0,20,20,20,20,20,0,0
shield/shield.csv/scattered_250keV_dir/0.0/fail_raw,128,1,1,0,1,1,1,1,1,0,0
shield/shield.csv/scattered_250keV_dir/0.0/rms_calib_mm,128,2.583,2.84177,0.2713,2.8505,2.6355,2.99525,2.321,3.603,0.261195,0.282847
shield/shield.csv/scattered_250keV_dir/0.0/rms_raw_mm,128,8.478,8.58123,0.0687512,8.586,8.5315,8.6335,8.438,8.734,0.0643803,0.0730906
shield/shield.csv/scattered_250keV_dir/0.0/shield_kg,128,0,0,0,0,0,0,0,0,0,0
shield/shield.csv/scattered_250keV_dir/0.0/transmission,128,1,1,0,1,1,1,1,1,0,0
shield/shield.csv/scattered_250keV_dir/10.0/bg_per_px,128,0.135,0.135,0,0.135,0.135,0.135,0.135,0.135,0,0
shield/shield.csv/scattered_250keV_dir/10.0/fail_raw,128,0,0,0,0,0,0,0,0,0,0
shield/shield.csv/scattered_250keV_dir/10.0/rms_calib_mm,128,0.377,0.385117,0.00905245,0.384,0.378,0.391,0.369,0.408,0.00904704,0.00912692
shield/shield.csv/scattered_250keV_dir/10.0/rms_raw_mm,128,0.401,0.395617,0.0105286,0.3955,0.38775,0.403,0.375,0.419,0.0105717,0.0105341
shield/shield.csv/scattered_250keV_dir/10.0/shield_kg,128,1.383,1.383,0,1.383,1.383,1.383,1.383,1.383,0,0
shield/shield.csv/scattered_250keV_dir/10.0/transmission,128,0.0067,0.0067,0,0.0067,0.0067,0.0067,0.0067,0.0067,0,0
shield/shield.csv/scattered_250keV_dir/12.0/bg_per_px,128,0.05,0.05,0,0.05,0.05,0.05,0.05,0.05,0,0
shield/shield.csv/scattered_250keV_dir/12.0/fail_raw,128,0,0,0,0,0,0,0,0,0,0
shield/shield.csv/scattered_250keV_dir/12.0/rms_calib_mm,128,0.385,0.380789,0.00819703,0.38,0.375,0.386,0.365,0.407,0.00822398,0.00820313
shield/shield.csv/scattered_250keV_dir/12.0/rms_raw_mm,128,0.391,0.387289,0.00948862,0.387,0.38,0.393,0.37,0.418,0.00972152,0.00932194
shield/shield.csv/scattered_250keV_dir/12.0/shield_kg,128,1.852,1.852,0,1.852,1.852,1.852,1.852,1.852,0,0
shield/shield.csv/scattered_250keV_dir/12.0/transmission,128,0.0025,0.0025,0,0.0025,0.0025,0.0025,0.0025,0.0025,0,0
shield/shield.csv/scattered_250keV_dir/15.0/bg_per_px,128,0.011,0.011,0,0.011,0.011,0.011,0.011,0.011,0,0
shield/shield.csv/scattered_250keV_dir/15.0/fail_raw,128,0,0,0,0,0,0,0,0,0,0
shield/shield.csv/scattered_250keV_dir/15.0/rms_calib_mm,128,0.37,0.378383,0.00774101,0.3765,0.373,0.384,0.363,0.4,0.0084786,0.00696676
shield/shield.csv/scattered_250keV_dir/15.0/rms_raw_mm,128,0.38,0.382578,0.00882338,0.383,0.376,0.38725,0.363,0.409,0.00985448,0.00773377
shield/shield.csv/scattered_250keV_dir/15.0/shield_kg,128,2.692,2.692,0,2.692,2.692,2.692,2.692,2.692,0,0
shield/shield.csv/scattered_250keV_dir/15.0/transmission,128,0.0006,0.0006,0,0.0006,0.0006,0.0006,0.0006,0.0006,0,0
shield/shield.csv/scattered_250keV_dir/2.0/bg_per_px,128,7.358,7.358,0,7.358,7.358,7.358,7.358,7.358,0,0
shield/shield.csv/scattered_250keV_dir/2.0/fail_raw,128,0.904,0.873406,0.0230061,0.876,0.863,0.888,0.792,0.928,0.0222411,0.023846
shield/shield.csv/scattered_250keV_dir/2.0/rms_calib_mm,128,1.051,0.824227,0.196695,0.8235,0.63425,0.9335,0.573,1.546,0.184002,0.210031
shield/shield.csv/scattered_250keV_dir/2.0/rms_raw_mm,128,8.46,8.2758,0.134423,8.2805,8.203,8.36275,7.826,8.624,0.122948,0.143518
shield/shield.csv/scattered_250keV_dir/2.0/shield_kg,128,0.161,0.161,0,0.161,0.161,0.161,0.161,0.161,0,0
shield/shield.csv/scattered_250keV_dir/2.0/transmission,128,0.3679,0.3679,0,0.3679,0.3679,0.3679,0.3679,0.3679,0,0
shield/shield.csv/scattered_250keV_dir/20.0/bg_per_px,128,0.001,0.001,0,0.001,0.001,0.001,0.001,0.001,0,0
shield/shield.csv/scattered_250keV_dir/20.0/fail_raw,128,0,0,0,0,0,0,0,0,0,0
shield/shield.csv/scattered_250keV_dir/20.0/rms_calib_mm,128,0.383,0.37982,0.0081824,0.379,0.374,0.386,0.365,0.412,0.00739772,0.00892838
shield/shield.csv/scattered_250keV_dir/20.0/rms_raw_mm,128,0.394,0.384547,0.00912888,0.3845,0.378,0.391,0.368,0.412,0.00817444,0.00987014
shield/shield.csv/scattered_250keV_dir/20.0/shield_kg,128,4.491,4.491,0,4.491,4.491,4.491,4.491,4.491,0,0
shield/shield.csv/scattered_250keV_dir/20.0/transmission,128,0,0,0,0,0,0,0,0,0,0
shield/shield.csv/scattered_250keV_dir/25.0/bg_per_px,128,0,0,0,0,0,0,0,0,0,0
shield/shield.csv/scattered_250keV_dir/25.0/fail_raw,128,0,0,0,0,0,0,0,0,0,0
shield/shield.csv/scattered_250keV_dir/25.0/rms_calib_mm,128,0.369,0.378227,0.00673247,0.377,0.374,0.382,0.363,0.407,0.00680043,0.00671759
shield/shield.csv/scattered_250keV_dir/25.0/rms_raw_mm,128,0.369,0.382477,0.00760332,0.382,0.37675,0.389,0.365,0.407,0.00782381,0.00737482
shield/shield.csv/scattered_250keV_dir/25.0/shield_kg,128,6.836,6.836,0,6.836,6.836,6.836,6.836,6.836,0,0
shield/shield.csv/scattered_250keV_dir/25.0/transmission,128,0,0,0,0,0,0,0,0,0,0
shield/shield.csv/scattered_250keV_dir/30.0/bg_per_px,128,0,0,0,0,0,0,0,0,0,0
shield/shield.csv/scattered_250keV_dir/30.0/fail_raw,128,0,0,0,0,0,0,0,0,0,0
shield/shield.csv/scattered_250keV_dir/30.0/rms_calib_mm,128,0.371,0.379992,0.00789448,0.38,0.373,0.385,0.365,0.402,0.00842814,0.00729617
shield/shield.csv/scattered_250keV_dir/30.0/rms_raw_mm,128,0.381,0.38368,0.00927101,0.3835,0.376,0.38925,0.365,0.409,0.00969678,0.00886847
shield/shield.csv/scattered_250keV_dir/30.0/shield_kg,128,9.785,9.785,0,9.785,9.785,9.785,9.785,9.785,0,0
shield/shield.csv/scattered_250keV_dir/30.0/transmission,128,0,0,0,0,0,0,0,0,0,0
shield/shield.csv/scattered_250keV_dir/4.0/bg_per_px,128,2.707,2.707,0,2.707,2.707,2.707,2.707,2.707,0,0
shield/shield.csv/scattered_250keV_dir/4.0/fail_raw,128,0.028,0.0242188,0.00885663,0.024,0.016,0.029,0.004,0.048,0.00795124,0.00965578
shield/shield.csv/scattered_250keV_dir/4.0/rms_calib_mm,128,0.493,0.485422,0.0180845,0.485,0.471,0.498,0.439,0.522,0.0171764,0.0190706
shield/shield.csv/scattered_250keV_dir/4.0/rms_raw_mm,128,1.69,1.55246,0.242365,1.5925,1.41075,1.719,0.903,2.002,0.203795,0.274992
shield/shield.csv/scattered_250keV_dir/4.0/shield_kg,128,0.376,0.376,0,0.376,0.376,0.376,0.376,0.376,0,0
shield/shield.csv/scattered_250keV_dir/4.0/transmission,128,0.1353,0.1353,0,0.1353,0.1353,0.1353,0.1353,0.1353,0,0
shield/shield.csv/scattered_250keV_dir/6.0/bg_per_px,128,0.996,0.996,0,0.996,0.996,0.996,0.996,0.996,0,0
shield/shield.csv/scattered_250keV_dir/6.0/fail_raw,128,0,3.125e-05,0.000353553,0,0,0,0,0.004,0.0005,0
shield/shield.csv/scattered_250keV_dir/6.0/rms_calib_mm,128,0.412,0.416516,0.0127242,0.4165,0.408,0.426,0.39,0.454,0.0132388,0.0122927
shield/shield.csv/scattered_250keV_dir/6.0/rms_raw_mm,128,0.483,0.505711,0.0304908,0.504,0.493,0.516,0.458,0.78,0.0393963,0.0178792
shield/shield.csv/scattered_250keV_dir/6.0/shield_kg,128,0.649,0.649,0,0.649,0.649,0.649,0.649,0.649,0,0
shield/shield.csv/scattered_250keV_dir/6.0/transmission,128,0.0498,0.0498,0,0.0498,0.0498,0.0498,0.0498,0.0498,0,0
shield/shield.csv/scattered_250keV_dir/8.0/bg_per_px,128,0.366,0.366,0,0.366,0.366,0.366,0.366,0.366,0,0
shield/shield.csv/scattered_250keV_dir/8.0/fail_raw,128,0,0,0,0,0,0,0,0,0,0
shield/shield.csv/scattered_250keV_dir/8.0/rms_calib_mm,128,0.375,0.392664,0.0109748,0.392,0.385,0.399,0.37,0.426,0.0112922,0.0107245
shield/shield.csv/scattered_250keV_dir/8.0/rms_raw_mm,128,0.398,0.419742,0.0134236,0.419,0.411,0.42825,0.387,0.471,0.0136547,0.0132964
shield/shield.csv/scattered_250keV_dir/8.0/shield_kg,128,0.983,0.983,0,0.983,0.983,0.983,0.983,0.983,0,0
shield/shield.csv/scattered_250keV_dir/8.0/transmission,128,0.0183,0.0183,0,0.0183,0.0183,0.0183,0.0183,0.0183,0,0
spatial/1/error0,128,0.471405,0.471405,0,0.471405,0.471405,0.471405,0.471405,0.471405,0,0
spatial/1/error1,128,1.09949,1.09949,0,1.09949,1.09949,1.09949,1.09949,1.09949,0,0
spatial/2/error0,128,0.471405,0.600692,1.03022,0.471405,0.471405,0.471405,0.471405,8.74579,1.0343,1.0343
spatial/2/error1,128,1.09949,1.09949,0,1.09949,1.09949,1.09949,1.09949,1.09949,0,0
spatial/4/error0,128,8.74579,8.69713,0.189219,8.74579,8.74579,8.74579,7.96715,8.74579,0.189968,0.189968
spatial/4/error1,128,1.09949,1.09949,0,1.09949,1.09949,1.09949,1.09949,1.09949,0,0
spatial/8/error0,128,8.74579,8.66671,0.236129,8.74579,8.74579,8.74579,7.96715,8.74579,0.244941,0.228752
spatial/8/error1,128,1.09949,1.09949,0,1.09949,1.09949,1.09949,1.09949,1.09949,0,0
spatial/co2_cs_submm,128,1,0.984375,0.124507,1,1,1,0,1,0.125,0.125
subcell/subcell.csv/0.60/floor_mm,64,0.1732,0.1732,0,0.1732,0.1732,0.1732,0.1732,0.1732,0,0
subcell/subcell.csv/0.60/mae_gauss,64,0.1782,0.178472,0.000949431,0.17835,0.177875,0.1791,0.1762,0.1805,0.000990194,0.000855509
subcell/subcell.csv/0.60/mae_none,64,0.3096,0.3096,0,0.3096,0.3096,0.3096,0.3096,0.3096,0,0
subcell/subcell.csv/0.60/mae_parab,64,0.1865,0.18668,0.000906621,0.1865,0.186075,0.1872,0.1845,0.1886,0.000941639,0.000821486
subcell/subcell.csv/0.60/mae_tent,64,0.1724,0.172758,0.00114501,0.1726,0.1721,0.1735,0.17,0.1752,0.0012188,0.00102697
subcell/subcell.csv/0.60/rms_gauss,64,0.204,0.204158,0.00107656,0.204,0.203475,0.2048,0.2014,0.2064,0.001125,0.000972505
subcell/subcell.csv/0.60/rms_none,64,0.3505,0.3505,0,0.3505,0.3505,0.3505,0.3505,0.3505,0,0
subcell/subcell.csv/0.60/rms_parab,64,0.2118,0.211902,0.00100751,0.21175,0.211275,0.2125,0.2094,0.214,0.00104194,0.000914704
subcell/subcell.csv/0.60/rms_tent,64,0.1965,0.196884,0.00132895,0.1967,0.1962,0.197725,0.1936,0.1997,0.0014263,0.00117651
subcell/subcell.csv/0.90/floor_mm,64,0.2598,0.2598,0,0.2598,0.2598,0.2598,0.2598,0.2598,0,0
subcell/subcell.csv/0.90/mae_gauss,64,0.0869,0.0871281,0.00125578,0.08695,0.08635,0.088025,0.083,0.09,0.00123692,0.00124713
subcell/subcell.csv/0.90/mae_none,64,0.2513,0.2513,0,0.2513,0.2513,0.2513,0.2513,0.2513,0,0
subcell/subcell.csv/0.90/mae_parab,64,0.0927,0.0934609,0.00134254,0.09325,0.0926,0.094425,0.0894,0.0967,0.00130501,0.00134883
subcell/subcell.csv/0.90/mae_tent,64,0.0822,0.0820609,0.00132959,0.0823,0.081175,0.08295,0.0779,0.0846,0.00125093,0.00138085
subcell/subcell.csv/0.90/rms_gauss,64,0.1045,0.104555,0.00142383,0.10485,0.103675,0.1056,0.1003,0.1072,0.00128609,0.00151684
subcell/subcell.csv/0.90/rms_none,64,0.2902,0.2902,0,0.2902,0.2902,0.2902,0.2902,0.2902,0,0
subcell/subcell.csv/0.90/rms_parab,64,0.1127,0.112961,0.0013315,0.11325,0.112175,0.1139,0.109,0.1154,0.00117967,0.00143785
subcell/subcell.csv/0.90/rms_tent,64,0.0971,0.0968297,0.00154865,0.0971,0.0958,0.097925,0.0921,0.0998,0.001459,0.00159924
subcell/subcell.csv/1.20/floor_mm,64,0.3464,0.3464,0,0.3464,0.3464,0.3464,0.3464,0.3464,0,0
subcell/subcell.csv/1.20/mae_gauss,64,0.1782,0.178444,0.00164769,0.1784,0.177475,0.179525,0.173,0.1828,0.00152337,0.00172342
subcell/subcell.csv/1.20/mae_none,64,0.3053,0.3053,0,0.3053,0.3053,0.3053,0.3053,0.3053,0,0
subcell/subcell.csv/1.20/mae_parab,64,0.1608,0.159909,0.00187986,0.16015,0.158675,0.1611,0.1523,0.1639,0.00144254,0.00218056
subcell/subcell.csv/1.20/mae_tent,64,0.1866,0.186183,0.00201727,0.18645,0.1849,0.187725,0.1791,0.1911,0.0017409,0.00222189
subcell/subcell.csv/1.20/rms_gauss,64,0.1959,0.195998,0.00171033,0.196,0.1949,0.197025,0.1898,0.2005,0.00165402,0.00174878
subcell/subcell.csv/1.20/rms_none,64,0.361,0.361,0,0.361,0.361,0.361,0.361,0.361,0,0
subcell/subcell.csv/1.20/rms_parab,64,0.1837,0.182964,0.00171625,0.1832,0.1821,0.1842,0.1756,0.187,0.00139512,0.0019646
subcell/subcell.csv/1.20/rms_tent,64,0.2052,0.204452,0.00223585,0.2047,0.20315,0.2061,0.1961,0.2098,0.00201436,0.00242164
subcell/subcell.csv/1.80/floor_mm,64,0.5196,0.5196,0,0.5196,0.5196,0.5196,0.5196,0.5196,0,0
subcell/subcell.csv/1.80/mae_gauss,64,0.1019,0.102222,0.00138489,0.10235,0.1013,0.103225,0.0989,0.1046,0.00131037,0.00144936
subcell/subcell.csv/1.80/mae_none,64,0.4413,0.443006,0.00246086,0.4413,0.4413,0.4465,0.4413,0.4465,0.00262088,0.00218407
subcell/subcell.csv/1.80/mae_parab,64,0.1321,0.131952,0.0009229,0.132,0.1314,0.1327,0.1299,0.1338,0.000886071,0.000927008
subcell/subcell.csv/1.80/mae_tent,64,0.1067,0.107034,0.00148882,0.1073,0.10585,0.1081,0.1035,0.1095,0.00145286,0.00151209
subcell/subcell.csv/1.80/rms_gauss,64,0.1298,0.130194,0.00185257,0.1304,0.128875,0.131225,0.1259,0.1334,0.00186457,0.00185889
subcell/subcell.csv/1.80/rms_none,64,0.5241,0.527053,0.00425918,0.5241,0.5241,0.5331,0.5241,0.5331,0.00453615,0.00378012
subcell/subcell.csv/1.80/rms_parab,64,0.1706,0.170478,0.00133589,0.1706,0.1697,0.171225,0.1676,0.1731,0.00129608,0.00135065
subcell/subcell.csv/1.80/rms_tent,64,0.1305,0.130695,0.00177392,0.13085,0.1295,0.1317,0.1266,0.1339,0.00175237,0.00180737
subcell/subcell.csv/2.40/floor_mm,64,0.6928,0.6928,0,0.6928,0.6928,0.6928,0.6928,0.6928,0,0
subcell/subcell.csv/2.40/mae_gauss,64,0.2249,0.224541,0.000951643,0.2246,0.2238,0.2252,0.2223,0.2273,0.000934207,0.000952226
subcell/subcell.csv/2.40/mae_none,64,0.561,0.561,0,0.561,0.561,0.561,0.561,0.561,0,0
subcell/subcell.csv/2.40/mae_parab,64,0.213,0.21302,0.00083041,0.213,0.212375,0.2137,0.2112,0.2147,0.000819298,0.000839493
subcell/subcell.csv/2.40/mae_tent,64,0.1511,0.153906,0.00137227,0.154,0.153075,0.1547,0.1497,0.1571,0.00159179,0.0011372
subcell/subcell.csv/2.40/rms_gauss,64,0.2704,0.270916,0.00114451,0.2708,0.270175,0.271525,0.2684,0.2739,0.00123732,0.00100881
subcell/subcell.csv/2.40/rms_none,64,0.6638,0.6638,0,0.6638,0.6638,0.6638,0.6638,0.6638,0,0
subcell/subcell.csv/2.40/rms_parab,64,0.2632,0.263989,0.00109561,0.264,0.2633,0.264725,0.2618,0.2667,0.00128373,0.000841178
subcell/subcell.csv/2.40/rms_tent,64,0.1916,0.194222,0.0016515,0.19435,0.1931,0.195225,0.1907,0.1989,0.00188007,0.00138767
sweep/cyclic,64,144,146,1.29713,146,145,147,143,149,1.19137,1.36783
sweep/noncyclic,64,273,278.141,3.26534,278,276,280.25,268,284,3.53197,3.01341
sweep_head/cyclic,64,173,173.672,1.99248,174,172,175,168,178,1.82169,2.06522
sweep_head/noncyclic,64,362,361.234,1.93335,361,360,362,356,367,2.18407,1.62609
thermal/thermal_off.csv/0.000/ambient_dC,64,0,0,0,0,0,0,0,0,0,0
thermal/thermal_off.csv/0.000/center_dC,64,0,0,0,0,0,0,0,0,0,0
thermal/thermal_off.csv/0.000/efficiency,64,1,1,0,1,1,1,1,1,0,0
thermal/thermal_off.csv/0.000/residual_cov,64,0,0,0,0,0,0,0,0,0,0
thermal/thermal_off.csv/0.000/rms_bias_mm,64,0.427,0.455266,0.0311643,0.452,0.435,0.47625,0.374,0.529,0.0290433,0.0328277
thermal/thermal_off.csv/0.083/ambient_dC,64,0.25,0.25,0,0.25,0.25,0.25,0.25,0.25,0,0
thermal/thermal_off.csv/0.083/center_dC,64,2.084,2.084,0,2.084,2.084,2.084,2.084,2.084,0,0
thermal/thermal_off.csv/0.083/efficiency,64,0.9979,0.9979,0,0.9979,0.9979,0.9979,0.9979,0.9979,0,0
thermal/thermal_off.csv/0.083/residual_cov,64,0.0023,0.00229844,1.25e-05,0.0023,0.0023,0.0023,0.0022,0.0023,1.76777e-05,0
thermal/thermal_off.csv/0.083/rms_bias_mm,64,0.462,0.453562,0.0361254,0.457,0.426,0.481,0.394,0.537,0.0371982,0.0354386
thermal/thermal_off.csv/0.167/ambient_dC,64,0.5,0.5,0,0.5,0.5,0.5,0.5,0.5,0,0
thermal/thermal_off.csv/0.167/center_dC,64,3.724,3.724,0,3.724,3.724,3.724,3.724,3.724,0,0
thermal/thermal_off.csv/0.167/efficiency,64,0.9929,0.992906,2.43975e-05,0.9929,0.9929,0.9929,0.9929,0.993,2.45935e-05,2.45935e-05
thermal/thermal_off.csv/0.167/residual_cov,64,0.0074,0.0074,0,0.0074,0.0074,0.0074,0.0074,0.0074,0,0
thermal/thermal_off.csv/0.167/rms_bias_mm,64,0.43,0.461984,0.0366275,0.462,0.4335,0.49025,0.377,0.554,0.0346817,0.0386872
thermal/thermal_off.csv/0.250/ambient_dC,64,0.75,0.75,0,0.75,0.75,0.75,0.75,0.75,0,0
thermal/thermal_off.csv/0.250/center_dC,64,5.026,5.026,0,5.026,5.026,5.026,5.026,5.026,0,0
thermal/thermal_off.csv/0.250/efficiency,64,0.9862,0.986206,2.43975e-05,0.9862,0.9862,0.9862,0.9862,0.9863,2.45935e-05,2.45935e-05
thermal/thermal_off.csv/0.250/residual_cov,64,0.0139,0.0138609,4.91747e-05,0.0139,0.0138,0.0139,0.0138,0.0139,4.91869e-05,4.98991e-05
thermal/thermal_off.csv/0.250/rms_bias_mm,64,0.44,0.461703,0.0322863,0.462,0.44175,0.48225,0.371,0.529,0.028268,0.0359572
thermal/thermal_off.csv/0.333/ambient_dC,64,1,1,0,1,1,1,1,1,0,0
thermal/thermal_off.csv/0.333/center_dC,64,6.074,6.074,0,6.074,6.074,6.074,6.074,6.074,0,0
thermal/thermal_off.csv/0.333/efficiency,64,0.9785,0.978442,4.97763e-05,0.9784,0.9784,0.9785,0.9784,0.9785,5.07007e-05,4.91869e-05
thermal/thermal_off.csv/0.333/residual_cov,64,0.0208,0.0207875,3.33333e-05,0.0208,0.0208,0.0208,0.0207,0.0208,3.68902e-05,2.96145e-05
thermal/thermal_off.csv/0.333/rms_bias_mm,64,0.46,0.458609,0.0326388,0.458,0.43575,0.47425,0.393,0.556,0.0316801,0.034054
thermal/thermal_off.csv/0.417/ambient_dC,64,1.25,1.25,0,1.25,1.25,1.25,1.25,1.25,0,0
thermal/thermal_off.csv/0.417/center_dC,64,6.928,6.928,0,6.928,6.928,6.928,6.928,6.928,0,0
thermal/thermal_off.csv/0.417/efficiency,64,0.9701,0.970064,4.8361e-05,0.9701,0.97,0.9701,0.97,0.9701,4.91869e-05,4.82559e-05
thermal/thermal_off.csv/0.417/residual_cov,64,0.0277,0.0276625,4.8795e-05,0.0277,0.0276,0.0277,0.0276,0.0277,4.91869e-05,4.91869e-05
thermal/thermal_off.csv/0.417/rms_bias_mm,64,0.438,0.463594,0.0370558,0.466,0.4395,0.484,0.385,0.571,0.035011,0.0393772
thermal/thermal_off.csv/0.500/ambient_dC,64,1.5,1.5,0,1.5,1.5,1.5,1.5,1.5,0,0
thermal/thermal_off.csv/0.500/center_dC,64,7.635,7.635,0,7.635,7.635,7.635,7.635,7.635,0,0
thermal/thermal_off.csv/0.500/efficiency,64,0.9614,0.961364,5.73687e-05,0.9614,0.9613,0.9614,0.9613,0.9615,5.53581e-05,6.01577e-05
thermal/thermal_off.csv/0.500/residual_cov,64,0.0343,0.034275,4.36436e-05,0.0343,0.034275,0.0343,0.0342,0.0343,4.56803e-05,4.20013e-05
thermal/thermal_off.csv/0.500/rms_bias_mm,64,0.484,0.462234,0.0316422,0.4585,0.43875,0.48325,0.391,0.539,0.0352776,0.0279376
thermal/thermal_off.csv/0.583/ambient_dC,64,1.75,1.75,0,1.75,1.75,1.75,1.75,1.75,0,0
thermal/thermal_off.csv/0.583/center_dC,64,8.232,8.232,0,8.232,8.232,8.232,8.232,8.232,0,0
thermal/thermal_off.csv/0.583/efficiency,64,0.9526,0.952491,6.35429e-05,0.9525,0.952475,0.9525,0.9524,0.9526,6.40533e-05,6.40533e-05
thermal/thermal_off.csv/0.583/residual_cov,64,0.0406,0.0405266,4.7949e-05,0.0405,0.0405,0.0406,0.0404,0.0406,5.35061e-05,4.20013e-05
thermal/thermal_off.csv/0.583/rms_bias_mm,64,0.42,0.466687,0.0366895,0.4665,0.44525,0.48525,0.398,0.558,0.0418302,0.0296365
thermal/thermal_off.csv/0.667/ambient_dC,64,2,2,0,2,2,2,2,2,0,0
thermal/thermal_off.csv/0.667/center_dC,64,8.744,8.744,0,8.744,8.744,8.744,8.744,8.744,0,0
thermal/thermal_off.csv/0.667/efficiency,64,0.9436,0.943514,7.09733e-05,0.9435,0.9435,0.9436,0.9434,0.9436,7.07107e-05,7.23316e-05
thermal/thermal_off.csv/0.667/residual_cov,64,0.0464,0.0464016,5.19224e-05,0.0464,0.0464,0.0464,0.0463,0.0465,5.94837e-05,4.35335e-05
thermal/thermal_off.csv/0.667/rms_bias_mm,64,0.513,0.471875,0.0380303,0.472,0.45025,0.4975,0.393,0.56,0.0354022,0.0391168
thermal/thermal_off.csv/0.750/ambient_dC,64,2.25,2.25,0,2.25,2.25,2.25,2.25,2.25,0,0
thermal/thermal_off.csv/0.750/center_dC,64,9.193,9.193,0,9.193,9.193,9.193,9.193,9.193,0,0
thermal/thermal_off.csv/0.750/efficiency,64,0.9345,0.934434,7.60508e-05,0.9344,0.9344,0.9345,0.9343,0.9346,7.56024e-05,7.71859e-05
thermal/thermal_off.csv/0.750/residual_cov,64,0.052,0.0519406,5.55456e-05,0.0519,0.0519,0.052,0.0518,0.052,6.2136e-05,4.82559e-05
thermal/thermal_off.csv/0.750/rms_bias_mm,64,0.45,0.467547,0.040493,0.4725,0.4465,0.49975,0.364,0.559,0.038305,0.0424095
thermal/thermal_off.csv/0.833/ambient_dC,64,2.5,2.5,0,2.5,2.5,2.5,2.5,2.5,0,0
thermal/thermal_off.csv/0.833/center_dC,64,9.593,9.593,0,9.593,9.593,9.593,9.593,9.593,0,0
thermal/thermal_off.csv/0.833/efficiency,64,0.9253,0.925228,8.25559e-05,0.9252,0.9252,0.9253,0.9251,0.9254,8.27331e-05,8.3219e-05
thermal/thermal_off.csv/0.833/residual_cov,64,0.0572,0.0571906,6.35429e-05,0.0572,0.057175,0.0572,0.0571,0.0573,6.59912e-05,6.18922e-05
thermal/thermal_off.csv/0.833/rms_bias_mm,64,0.511,0.473703,0.0346267,0.474,0.44875,0.5,0.403,0.55,0.0347859,0.0349849
thermal/thermal_off.csv/0.917/ambient_dC,64,2.75,2.75,0,2.75,2.75,2.75,2.75,2.75,0,0
thermal/thermal_off.csv/0.917/center_dC,64,9.957,9.957,0,9.957,9.957,9.957,9.957,9.957,0,0
thermal/thermal_off.csv/0.917/efficiency,64,0.916,0.915845,8.53186e-05,0.9158,0.9158,0.9159,0.9157,0.916,8.42424e-05,8.74712e-05
thermal/thermal_off.csv/0.917/residual_cov,64,0.0623,0.0622172,6.31317e-05,0.0622,0.0622,0.0623,0.0621,0.0623,7.37804e-05,5.14899e-05
thermal/thermal_off.csv/0.917/rms_bias_mm,64,0.524,0.47625,0.0322574,0.4755,0.454,0.491,0.415,0.596,0.035525,0.0280845
thermal/thermal_off.csv/1.000/ambient_dC,64,3,3,0,3,3,3,3,3,0,0
thermal/thermal_off.csv/1.000/center_dC,64,10.294,10.294,0,10.294,10.294,10.294,10.294,10.294,0,0
thermal/thermal_off.csv/1.000/efficiency,64,0.9064,0.906228,9.83495e-05,0.9062,0.9062,0.9063,0.906,0.9064,0.000100352,9.7499e-05
thermal/thermal_off.csv/1.000/residual_cov,64,0.0671,0.0670719,6.53896e-05,0.0671,0.067,0.0671,0.0669,0.0672,7.06394e-05,6.01577e-05
thermal/thermal_off.csv/1.000/rms_bias_mm,64,0.509,0.478563,0.0346785,0.479,0.45375,0.50325,0.398,0.558,0.0326911,0.0363911
thermal/thermal_on.csv/0.000/ambient_dC,64,0,0,0,0,0,0,0,0,0,0
thermal/thermal_on.csv/0.000/center_dC,64,0,0,0,0,0,0,0,0,0,0
thermal/thermal_on.csv/0.000/efficiency,64,1,1,0,1,1,1,1,1,0,0
thermal/thermal_on.csv/0.000/residual_cov,64,0,0,0,0,0,0,0,0,0,0
thermal/thermal_on.csv/0.000/rms_bias_mm,64,0.427,0.455266,0.0311643,0.452,0.435,0.47625,0.374,0.529,0.0290433,0.0328277
thermal/thermal_on.csv/0.083/ambient_dC,64,0.25,0.25,0,0.25,0.25,0.25,0.25,0.25,0,0
thermal/thermal_on.csv/0.083/center_dC,64,2.084,2.084,0,2.084,2.084,2.084,2.084,2.084,0,0
thermal/thermal_on.csv/0.083/efficiency,64,1,1,0,1,1,1,1,1,0,0
thermal/thermal_on.csv/0.083/residual_cov,64,0,0,0,0,0,0,0,0,0,0
thermal/thermal_on.csv/0.083/rms_bias_mm,64,0.427,0.454391,0.0316903,0.451,0.4345,0.47625,0.374,0.529,0.0302352,0.0330032
thermal/thermal_on.csv/0.167/ambient_dC,64,0.5,0.5,0,0.5,0.5,0.5,0.5,0.5,0,0
thermal/thermal_on.csv/0.167/center_dC,64,3.724,3.724,0,3.724,3.724,3.724,3.724,3.724,0,0
thermal/thermal_on.csv/0.167/efficiency,64,0.9999,0.9999,0,0.9999,0.9999,0.9999,0.9999,0.9999,0,0
thermal/thermal_on.csv/0.167/residual_cov,64,0.0001,0.0001,0,0.0001,0.0001,0.0001,0.0001,0.0001,0,0
thermal/thermal_on.csv/0.167/rms_bias_mm,64,0.427,0.454891,0.0322122,0.451,0.435,0.477,0.374,0.528,0.0310079,0.0330149
thermal/thermal_on.csv/0.250/ambient_dC,64,0.75,0.75,0,0.75,0.75,0.75,0.75,0.75,0,0
thermal/thermal_on.csv/0.250/center_dC,64,5.026,5.026,0,5.026,5.026,5.026,5.026,5.026,0,0
thermal/thermal_on.csv/0.250/efficiency,64,0.9999,0.9999,0,0.9999,0.9999,0.9999,0.9999,0.9999,0,0
thermal/thermal_on.csv/0.250/residual_cov,64,0.0001,0.0001,0,0.0001,0.0001,0.0001,0.0001,0.0001,0,0
thermal/thermal_on.csv/0.250/rms_bias_mm,64,0.428,0.454625,0.0323304,0.451,0.435,0.477,0.374,0.528,0.0313317,0.0331419
thermal/thermal_on.csv/0.333/ambient_dC,64,1,1,0,1,1,1,1,1,0,0
thermal/thermal_on.csv/0.333/center_dC,64,6.074,6.074,0,6.074,6.074,6.074,6.074,6.074,0,0
thermal/thermal_on.csv/0.333/efficiency,64,0.9998,0.9998,0,0.9998,0.9998,0.9998,0.9998,0.9998,0,0
thermal/thermal_on.csv/0.333/residual_cov,64,0.0002,0.0002,0,0.0002,0.0002,0.0002,0.0002,0.0002,0,0
thermal/thermal_on.csv/0.333/rms_bias_mm,64,0.428,0.454578,0.0326816,0.451,0.4345,0.477,0.373,0.528,0.032,0.0333822
thermal/thermal_on.csv/0.417/ambient_dC,64,1.25,1.25,0,1.25,1.25,1.25,1.25,1.25,0,0
thermal/thermal_on.csv/0.417/center_dC,64,6.928,6.928,0,6.928,6.928,6.928,6.928,6.928,0,0
thermal/thermal_on.csv/0.417/efficiency,64,0.9998,0.9998,0,0.9998,0.9998,0.9998,0.9998,0.9998,0,0
thermal/thermal_on.csv/0.417/residual_cov,64,0.0003,0.0003,0,0.0003,0.0003,0.0003,0.0003,0.0003,0,0
thermal/thermal_on.csv/0.417/rms_bias_mm,64,0.428,0.455031,0.0329415,0.4515,0.4345,0.477,0.373,0.541,0.0330449,0.0328833
thermal/thermal_on.csv/0.500/ambient_dC,64,1.5,1.5,0,1.5,1.5,1.5,1.5,1.5,0,0
thermal/thermal_on.csv/0.500/center_dC,64,7.635,7.635,0,7.635,7.635,7.635,7.635,7.635,0,0
thermal/thermal_on.csv/0.500/efficiency,64,0.9997,0.9997,0,0.9997,0.9997,0.9997,0.9997,0.9997,0,0
thermal/thermal_on.csv/0.500/residual_cov,64,0.0003,0.0003,0,0.0003,0.0003,0.0003,0.0003,0.0003,0,0
thermal/thermal_on.csv/0.500/rms_bias_mm,64,0.428,0.454375,0.0325803,0.4505,0.43275,0.477,0.373,0.541,0.0328654,0.0324379
thermal/thermal_on.csv/0.583/ambient_dC,64,1.75,1.75,0,1.75,1.75,1.75,1.75,1.75,0,0
thermal/thermal_on.csv/0.583/center_dC,64,8.232,8.232,0,8.232,8.232,8.232,8.232,8.232,0,0
thermal/thermal_on.csv/0.583/efficiency,64,0.9997,0.9997,0,0.9997,0.9997,0.9997,0.9997,0.9997,0,0
thermal/thermal_on.csv/0.583/residual_cov,64,0.0004,0.0004,0,0.0004,0.0004,0.0004,0.0004,0.0004,0,0
thermal/thermal_on.csv/0.583/rms_bias_mm,64,0.428,0.454172,0.0328158,0.4505,0.432,0.477,0.373,0.541,0.0330613,0.0327027
thermal/thermal_on.csv/0.667/ambient_dC,64,2,2,0,2,2,2,2,2,0,0
thermal/thermal_on.csv/0.667/center_dC,64,8.744,8.744,0,8.744,8.744,8.744,8.744,8.744,0,0
thermal/thermal_on.csv/0.667/efficiency,64,0.9996,0.9996,0,0.9996,0.9996,0.9996,0.9996,0.9996,0,0
thermal/thermal_on.csv/0.667/residual_cov,64,0.0004,0.0004,0,0.0004,0.0004,0.0004,0.0004,0.0004,0,0
thermal/thermal_on.csv/0.667/rms_bias_mm,64,0.428,0.453766,0.032207,0.4485,0.43275,0.477,0.373,0.541,0.0320387,0.0326181
thermal/thermal_on.csv/0.750/ambient_dC,64,2.25,2.25,0,2.25,2.25,2.25,2.25,2.25,0,0
thermal/thermal_on.csv/0.750/center_dC,64,9.193,9.193,0,9.193,9.193,9.193,9.193,9.193,0,0
thermal/thermal_on.csv/0.750/efficiency,64,0.9996,0.9996,0,0.9996,0.9996,0.9996,0.9996,0.9996,0,0
thermal/thermal_on.csv/0.750/residual_cov,64,0.0005,0.0005,0,0.0005,0.0005,0.0005,0.0005,0.0005,0,0
thermal/thermal_on.csv/0.750/rms_bias_mm,64,0.428,0.453953,0.0321679,0.449,0.43275,0.47625,0.373,0.541,0.0319802,0.0325551
thermal/thermal_on.csv/0.833/ambient_dC,64,2.5,2.5,0,2.5,2.5,2.5,2.5,2.5,0,0
thermal/thermal_on.csv/0.833/center_dC,64,9.593,9.593,0,9.593,9.593,9.593,9.593,9.593,0,0
thermal/thermal_on.csv/0.833/efficiency,64,0.9995,0.9995,0,0.9995,0.9995,0.9995,0.9995,0.9995,0,0
thermal/thermal_on.csv/0.833/residual_cov,64,0.0005,0.0005,0,0.0005,0.0005,0.0005,0.0005,0.0005,0,0
thermal/thermal_on.csv/0.833/rms_bias_mm,64,0.428,0.454531,0.0320337,0.449,0.435,0.47625,0.373,0.541,0.0314368,0.032805
thermal/thermal_on.csv/0.917/ambient_dC,64,2.75,2.75,0,2.75,2.75,2.75,2.75,2.75,0,0
thermal/thermal_on.csv/0.917/center_dC,64,9.957,9.957,0,9.957,9.957,9.957,9.957,9.957,0,0
thermal/thermal_on.csv/0.917/efficiency,64,0.9995,0.9995,0,0.9995,0.9995,0.9995,0.9995,0.9995,0,0
thermal/thermal_on.csv/0.917/residual_cov,64,0.0005,0.0005,0,0.0005,0.0005,0.0005,0.0005,0.0005,0,0
thermal/thermal_on.csv/0.917/rms_bias_mm,64,0.428,0.454125,0.0321112,0.449,0.435,0.47625,0.373,0.541,0.0304461,0.0339225
thermal/thermal_on.csv/1.000/ambient_dC,64,3,3,0,3,3,3,3,3,0,0
thermal/thermal_on.csv/1.000/center_dC,64,10.294,10.294,0,10.294,10.294,10.294,10.294,10.294,0,0
thermal/thermal_on.csv/1.000/efficiency,64,0.9994,0.9994,0,0.9994,0.9994,0.9994,0.9994,0.9994,0,0
thermal/thermal_on.csv/1.000/residual_cov,64,0.0006,0.0006,0,0.0006,0.0006,0.0006,0.0006,0.0006,0,0
thermal/thermal_on.csv/1.000/rms_bias_mm,64,0.428,0.454156,0.0320695,0.448,0.435,0.47625,0.373,0.541,0.0302388,0.0339564
thickness/best,64,6,6,0,6,6,6,6,6,0,0
thickness/maxradius_member/10.0,64,1,1,0,1,1,1,1,1,0,0
thickness/maxradius_member/14.0,64,1,1,0,1,1,1,1,1,0,0
thickness/maxradius_member/18.0,64,1,1,0,1,1,1,1,1,0,0
thickness/maxradius_member/2.0,64,0,0,0,0,0,0,0,0,0,0
thickness/maxradius_member/24.0,64,1,1,0,1,1,1,1,1,0,0
thickness/maxradius_member/32.0,64,1,1,0,1,1,1,1,1,0,0
thickness/maxradius_member/4.0,64,0,0,0,0,0,0,0,0,0,0
thickness/maxradius_member/6.0,64,1,1,0,1,1,1,1,1,0,0
thickness/maxradius_member/8.0,64,1,1,0,1,1,1,1,1,0,0
thickness/thickness.csv/10.0/edge_ratio,64,0.944734,0.945983,0.00127305,0.946174,0.945008,0.946576,0.943041,0.949255,0.00125766,0.0012958
thickness/thickness.csv/10.0/eff_center,64,0.0002497,0.00024902,2.67368e-07,0.000249,0.000248875,0.0002492,0.0002483,0.0002497,2.6879e-07,2.67531e-07
thickness/thickness.csv/10.0/eff_edge,64,0.0002359,0.000235569,2.55029e-07,0.0002356,0.0002354,0.0002358,0.000235,0.0002361,2.54951e-07,2.5903e-07
thickness/thickness.csv/10.0/resolution_mm,64,2.67,2.67,0,2.67,2.67,2.67,2.67,2.67,0,0
thickness/thickness.csv/10.0/usable_radius_mm,64,8.87,8.87,0,8.87,8.87,8.87,8.87,8.87,0,0
thickness/thickness.csv/14.0/edge_ratio,64,0.899637,0.898906,0.00137474,0.899114,0.897634,0.899909,0.896364,0.901729,0.00145931,0.00130181
thickness/thickness.csv/14.0/eff_center,64,0.0002202,0.000219844,2.47447e-07,0.0002198,0.0002197,0.00022,0.0002192,0.0002205,2.52228e-07,2.44599e-07
thickness/thickness.csv/14.0/eff_edge,64,0.0001981,0.000197619,2.53155e-07,0.0001976,0.0001974,0.0001978,0.0001972,0.0001982,2.58329e-07,2.52008e-07
thickness/thickness.csv/14.0/resolution_mm,64,2.67,2.67,0,2.67,2.67,2.67,2.67,2.67,0,0
thickness/thickness.csv/14.0/usable_radius_mm,64,8.87,8.87,0,8.87,8.87,8.87,8.87,8.87,0,0
thickness/thickness.csv/18.0/edge_ratio,64,0.847903,0.847479,0.00146607,0.847342,0.846641,0.848684,0.843782,0.850051,0.0014287,0.00152393
thickness/thickness.csv/18.0/eff_center,64,0.0001979,0.000197584,2.24824e-07,0.0001976,0.000197475,0.000197725,0.0001971,0.0001981,2.28512e-07,2.24327e-07
thickness/thickness.csv/18.0/eff_edge,64,0.0001678,0.000167448,2.13803e-07,0.0001674,0.0001673,0.000167525,0.0001669,0.0001679,1.97744e-07,2.3062e-07
thickness/thickness.csv/18.0/resolution_mm,64,2.67,2.67,0,2.67,2.67,2.67,2.67,2.67,0,0
thickness/thickness.csv/18.0/usable_radius_mm,64,8.87,8.87,0,8.87,8.87,8.87,8.87,8.87,0,0
thickness/thickness.csv/2.0/edge_ratio,64,0.992093,0.99285,0.000607797,0.992874,0.99235,0.993399,0.991295,0.994191,0.000622045,0.000603061
thickness/thickness.csv/2.0/eff_center,64,0.0003794,0.000378931,2.06155e-07,0.0003789,0.0003788,0.0003791,0.0003785,0.0003794,1.97974e-07,2.15526e-07
thickness/thickness.csv/2.0/eff_edge,64,0.0003764,0.000376222,1.55807e-07,0.0003762,0.0003761,0.0003763,0.0003758,0.0003766,1.50134e-07,1.62143e-07
thickness/thickness.csv/2.0/resolution_mm,64,2.67,2.67,0,2.67,2.67,2.67,2.67,2.67,0,0
thickness/thickness.csv/2.0/usable_radius_mm,64,0,0,0,0,0,0,0,0,0,0
thickness/thickness.csv/24.0/edge_ratio,64,0.772271,0.771658,0.00160669,0.771547,0.770538,0.77264,0.767689,0.775474,0.00152043,0.00163873
thickness/thickness.csv/24.0/eff_center,64,0.0001695,0.000169317,2.19346e-07,0.0001693,0.0001692,0.0001695,0.0001688,0.0001698,2.02803e-07,2.34155e-07
thickness/thickness.csv/24.0/eff_edge,64,0.0001309,0.000130655,2.02312e-07,0.0001306,0.0001305,0.0001308,0.0001302,0.0001311,2.0377e-07,1.97464e-07
thickness/thickness.csv/24.0/resolution_mm,64,2.67,2.67,0,2.67,2.67,2.67,2.67,2.67,0,0
thickness/thickness.csv/24.0/usable_radius_mm,64,8.87,8.87,0,8.87,8.87,8.87,8.87,8.87,0,0
thickness/thickness.csv/32.0/edge_ratio,64,0.686985,0.688468,0.00176765,0.688438,0.687534,0.689779,0.68314,0.692369,0.0015833,0.00188901
thickness/thickness.csv/32.0/eff_center,64,0.0001383,0.000137891,2.12856e-07,0.0001379,0.0001377,0.000138025,0.0001374,0.0001383,2.34155e-07,1.82473e-07
thickness/thickness.csv/32.0/eff_edge,64,9.501e-05,9.4933e-05,1.69056e-07,9.4955e-05,9.48575e-05,9.50225e-05,9.441e-05,9.539e-05,1.35871e-07,1.96932e-07
thickness/thickness.csv/32.0/resolution_mm,64,2.67,2.67,0,2.67,2.67,2.67,2.67,2.67,0,0
thickness/thickness.csv/32.0/usable_radius_mm,64,8.87,8.87,0,8.87,8.87,8.87,8.87,8.87,0,0
thickness/thickness.csv/4.0/edge_ratio,64,0.987315,0.987893,0.000828342,0.987901,0.987516,0.988208,0.986082,0.9897,0.000770488,0.000876053
thickness/thickness.csv/4.0/eff_center,64,0.0003311,0.000330509,2.49265e-07,0.0003305,0.0003303,0.0003307,0.0003298,0.0003311,2.3312e-07,2.66833e-07
thickness/thickness.csv/4.0/eff_edge,64,0.0003269,0.000326508,2.19165e-07,0.0003265,0.0003264,0.0003267,0.0003259,0.000327,2.1718e-07,2.22069e-07
thickness/thickness.csv/4.0/resolution_mm,64,2.67,2.67,0,2.67,2.67,2.67,2.67,2.67,0,0
thickness/thickness.csv/4.0/usable_radius_mm,64,1.48,2.14734,2.05871,1.48,0,3.69,0,8.13,1.96379,2.16478
thickness/thickness.csv/6.0/edge_ratio,64,0.978033,0.979005,0.00111011,0.979015,0.978325,0.979683,0.976658,0.982016,0.000970388,0.0012436
thickness/thickness.csv/6.0/eff_center,64,0.0002959,0.000295377,2.68294e-07,0.00029535,0.0002952,0.000295525,0.0002947,0.000296,2.48199e-07,2.89535e-07
thickness/thickness.csv/6.0/eff_edge,64,0.0002894,0.000289175,2.47527e-07,0.0002892,0.000289075,0.000289325,0.0002886,0.0002896,2.40212e-07,2.58329e-07
thickness/thickness.csv/6.0/resolution_mm,64,2.67,2.67,0,2.67,2.67,2.67,2.67,2.67,0,0
thickness/thickness.csv/6.0/usable_radius_mm,64,8.87,8.87,0,8.87,8.87,8.87,8.87,8.87,0,0
thickness/thickness.csv/8.0/edge_ratio,64,0.964047,0.965118,0.00125428,0.965088,0.964256,0.965918,0.962565,0.968703,0.00119778,0.00131424
thickness/thickness.csv/8.0/eff_center,64,0.0002698,0.000269162,2.76314e-07,0.00026915,0.000269,0.0002693,0.0002684,0.0002698,2.72514e-07,2.82682e-07
thickness/thickness.csv/8.0/eff_edge,64,0.0002601,0.000259773,2.31107e-07,0.0002598,0.0002596,0.0002599,0.0002592,0.0002602,2.326e-07,2.32448e-07
thickness/thickness.csv/8.0/resolution_mm,64,2.67,2.67,0,2.67,2.67,2.67,2.67,2.67,0,0
thickness/thickness.csv/8.0/usable_radius_mm,64,8.87,8.87,0,8.87,8.87,8.87,8.87,8.87,0,0
thickness_wide/best,32,14,11.1875,1.95823,10,10,14,8,14,2.06155,1.91485
thickness_wide/thickness.csv/10.0/edge_ratio,32,0.73938,0.740039,0.000952681,0.740272,0.739345,0.740745,0.737991,0.741363,0.00095922,0.000941859
thickness_wide/thickness.csv/10.0/eff_center,32,0.0004355,0.000434475,3.99193e-07,0.00043445,0.0004342,0.0004348,0.0004338,0.0004355,4.38178e-07,3.68782e-07
thickness_wide/thickness.csv/10.0/eff_edge,32,0.000322,0.000321528,3.38149e-07,0.00032155,0.0003212,0.0003218,0.0003209,0.0003222,3.47791e-07,3.2838e-07
thickness_wide/thickness.csv/10.0/resolution_mm,32,6,6,0,6,6,6,6,6,0,0
thickness_wide/thickness.csv/10.0/usable_radius_mm,32,16.62,17.7162,0.909714,18.29,16.62,18.29,14.96,18.29,0.799452,1.03221
thickness_wide/thickness.csv/14.0/edge_ratio,32,0.618767,0.618746,0.00110792,0.618945,0.618029,0.619448,0.61617,0.620662,0.00127159,0.000958395
thickness_wide/thickness.csv/14.0/eff_center,32,0.000373,0.000372488,3.66984e-07,0.0003725,0.000372275,0.0003728,0.0003717,0.0003731,4.47027e-07,2.77789e-07
thickness_wide/thickness.csv/14.0/eff_edge,32,0.0002308,0.000230475,3.44543e-07,0.0002306,0.0002303,0.0002307,0.0002294,0.0002311,3.928e-07,3.01593e-07
thickness_wide/thickness.csv/14.0/resolution_mm,32,6,6,0,6,6,6,6,6,0,0
thickness_wide/thickness.csv/14.0/usable_radius_mm,32,18.29,18.29,0,18.29,18.29,18.29,18.29,18.29,0,0
thickness_wide/thickness.csv/18.0/edge_ratio,32,0.512015,0.511973,0.000942359,0.511947,0.511224,0.512702,0.509864,0.513463,0.000777578,0.00106679
thickness_wide/thickness.csv/18.0/eff_center,32,0.0003246,0.000324047,3.14165e-07,0.0003241,0.0003239,0.0003242,0.0003231,0.0003247,4.06971e-07,1.91485e-07
thickness_wide/thickness.csv/18.0/eff_edge,32,0.0001662,0.000165903,2.75311e-07,0.0001659,0.000165675,0.0001661,0.0001654,0.0001666,2.58118e-07,2.89828e-07
thickness_wide/thickness.csv/18.0/resolution_mm,32,6,6,0,6,6,6,6,6,0,0
thickness_wide/thickness.csv/18.0/usable_radius_mm,32,18.29,17.7159,0.805873,18.29,16.62,18.29,16.62,18.29,0.746847,0.85562
thickness_wide/thickness.csv/2.0/edge_ratio,32,0.92854,0.927762,0.000551871,0.927756,0.927459,0.928055,0.926771,0.929197,0.000511154,0.000604498
thickness_wide/thickness.csv/2.0/eff_center,32,0.0006745,0.000674244,2.75842e-07,0.0006742,0.0006741,0.0006745,0.0006737,0.0006749,3.03246e-07,2.54869e-07
thickness_wide/thickness.csv/2.0/eff_edge,32,0.0006263,0.000625537,3.00269e-07,0.0006255,0.000625275,0.0006257,0.0006251,0.0006263,3.29646e-07,2.78089e-07
thickness_wide/thickness.csv/2.0/resolution_mm,32,6,6,0,6,6,6,6,6,0,0
thickness_wide/thickness.csv/2.0/usable_radius_mm,32,0,0,0,0,0,0,0,0,0,0
thickness_wide/thickness.csv/24.0/edge_ratio,32,0.39985,0.399117,0.00123162,0.399172,0.39872,0.399869,0.39617,0.401432,0.000737266,0.00156014
thickness_wide/thickness.csv/24.0/eff_center,32,0.0002666,0.000265869,3.77972e-07,0.0002658,0.0002656,0.0002661,0.0002653,0.0002667,3.24294e-07,4.28174e-07
thickness_wide/thickness.csv/24.0/eff_edge,32,0.0001066,0.000106112,2.51126e-07,0.0001061,0.0001059,0.0001063,0.0001055,0.0001066,2.15639e-07,2.80179e-07
thickness_wide/thickness.csv/24.0/resolution_mm,32,6,6,0,6,6,6,6,6,0,0
thickness_wide/thickness.csv/24.0/usable_radius_mm,32,14.96,15.3231,0.8148,14.96,14.96,15.375,13.3,16.62,0.83,0.734601
thickness_wide/thickness.csv/32.0/edge_ratio,32,0.299233,0.299618,0.00158434,0.299423,0.29863,0.300626,0.296215,0.302651,0.0010724,0.00199671
thickness_wide/thickness.csv/32.0/eff_center,32,0.0002085,0.000208059,2.84955e-07,0.00020805,0.0002079,0.0002082,0.0002074,0.0002087,2.64575e-07,2.977e-07
thickness_wide/thickness.csv/32.0/eff_edge,32,6.239e-05,6.23381e-05,2.92998e-07,6.23e-05,6.214e-05,6.25675e-05,6.177e-05,6.288e-05,1.98863e-07,3.63499e-07
thickness_wide/thickness.csv/32.0/resolution_mm,32,6,6,0,6,6,6,6,6,0,0
thickness_wide/thickness.csv/32.0/usable_radius_mm,32,13.3,13.7669,0.758294,13.3,13.3,14.96,13.3,14.96,0.566998,0.850497
thickness_wide/thickness.csv/4.0/edge_ratio,32,0.891607,0.892054,0.000881045,0.891892,0.89158,0.892569,0.890134,0.894092,0.000732106,0.00100551
thickness_wide/thickness.csv/4.0/eff_center,32,0.0005886,0.000588169,3.75403e-07,0.0005882,0.0005879,0.0005885,0.0005873,0.0005889,3.66003e-07,3.85951e-07
thickness_wide/thickness.csv/4.0/eff_edge,32,0.0005248,0.000524678,3.48021e-07,0.0005247,0.0005244,0.0005249,0.0005241,0.0005254,3.44903e-07,3.57538e-07
thickness_wide/thickness.csv/4.0/resolution_mm,32,6,6,0,6,6,6,6,6,0,0
thickness_wide/thickness.csv/4.0/usable_radius_mm,32,0,0,0,0,0,0,0,0,0,0
thickness_wide/thickness.csv/6.0/edge_ratio,32,0.850248,0.849296,0.000904455,0.849222,0.848667,0.850112,0.847445,0.850706,0.00101315,0.000814174
thickness_wide/thickness.csv/6.0/eff_center,32,0.0005242,0.000524081,3.31602e-07,0.0005241,0.0005238,0.0005243,0.0005233,0.0005248,3.11983e-07,3.40343e-07
thickness_wide/thickness.csv/6.0/eff_edge,32,0.0004457,0.0004451,4.1035e-07,0.0004451,0.0004448,0.000445425,0.0004443,0.000446,4.50139e-07,3.72324e-07
thickness_wide/thickness.csv/6.0/resolution_mm,32,6,6,0,6,6,6,6,6,0,0
thickness_wide/thickness.csv/6.0/usable_radius_mm,32,0,2.70094,3.34565,1.66,0,4.99,0,13.3,3.46157,3.32533
thickness_wide/thickness.csv/8.0/edge_ratio,32,0.798063,0.797615,0.000992588,0.797703,0.796747,0.798156,0.795244,0.799452,0.00113875,0.000856609
thickness_wide/thickness.csv/8.0/eff_center,32,0.0004749,0.000474466,3.83203e-07,0.0004745,0.0004742,0.0004748,0.0004738,0.0004752,4.49768e-07,3.18067e-07
thickness_wide/thickness.csv/8.0/eff_edge,32,0.000379,0.000378441,4.48553e-07,0.00037855,0.0003781,0.0003788,0.0003775,0.0003793,5.14093e-07,3.87943e-07
thickness_wide/thickness.csv/8.0/resolution_mm,32,6,6,0,6,6,6,6,6,0,0
thickness_wide/thickness.csv/8.0/usable_radius_mm,32,16.62,15.7903,0.94367,14.96,14.96,16.62,14.96,18.29,1.00091,0.794664
uniformity/uniformity.csv/0.000/fail_corrected,64,0,0,0,0,0,0,0,0,0,0
uniformity/uniformity.csv/0.000/fail_raw,64,0,0,0,0,0,0,0,0,0,0
uniformity/uniformity.csv/0.000/gain_gradient,64,0,0,0,0,0,0,0,0,0,0
uniformity/uniformity.csv/0.000/gain_sigma,64,0,0,0,0,0,0,0,0,0,0
uniformity/uniformity.csv/0.000/rms_corrected_mm,64,0.414,0.455031,0.0228438,0.4525,0.43975,0.474,0.409,0.495,0.0237867,0.0222332
uniformity/uniformity.csv/0.000/rms_raw_mm,64,0.435,0.485219,0.0240155,0.4865,0.467,0.50425,0.428,0.526,0.0242637,0.0239921
uniformity/uniformity.csv/0.250/fail_corrected,64,0,0,0,0,0,0,0,0,0,0
uniformity/uniformity.csv/0.250/fail_raw,64,0,0,0,0,0,0,0,0,0,0
uniformity/uniformity.csv/0.250/gain_gradient,64,0.15,0.15,0,0.15,0.15,0.15,0.15,0.15,0,0
uniformity/uniformity.csv/0.250/gain_sigma,64,0.1,0.1,0,0.1,0.1,0.1,0.1,0.1,0,0
uniformity/uniformity.csv/0.250/rms_corrected_mm,64,0.445,0.466922,0.0204647,0.465,0.45375,0.48025,0.423,0.53,0.0178523,0.0230731
uniformity/uniformity.csv/0.250/rms_raw_mm,64,0.456,0.489984,0.0246844,0.4895,0.4685,0.508,0.446,0.549,0.019894,0.0289871
uniformity/uniformity.csv/0.500/fail_corrected,64,0,0,0,0,0,0,0,0,0,0
uniformity/uniformity.csv/0.500/fail_raw,64,0,0,0,0,0,0,0,0,0,0
uniformity/uniformity.csv/0.500/gain_gradient,64,0.3,0.3,0,0.3,0.3,0.3,0.3,0.3,0,0
uniformity/uniformity.csv/0.500/gain_sigma,64,0.2,0.2,0,0.2,0.2,0.2,0.2,0.2,0,0
uniformity/uniformity.csv/0.500/rms_corrected_mm,64,0.463,0.472375,0.0232013,0.47,0.45875,0.489,0.42,0.544,0.0180287,0.0273637
uniformity/uniformity.csv/0.500/rms_raw_mm,64,0.523,0.504875,0.0246393,0.5045,0.485,0.523,0.458,0.565,0.0206448,0.0276405
uniformity/uniformity.csv/0.750/fail_corrected,64,0,0,0,0,0,0,0,0,0,0
uniformity/uniformity.csv/0.750/fail_raw,64,0,0.000125,0.001,0,0,0,0,0.008,0.00141421,0
uniformity/uniformity.csv/0.750/gain_gradient,64,0.45,0.45,0,0.45,0.45,0.45,0.45,0.45,0,0
uniformity/uniformity.csv/0.750/gain_sigma,64,0.3,0.3,0,0.3,0.3,0.3,0.3,0.3,0,0
uniformity/uniformity.csv/0.750/rms_corrected_mm,64,0.494,0.471797,0.021618,0.472,0.45675,0.49,0.414,0.522,0.0217259,0.0214502
uniformity/uniformity.csv/0.750/rms_raw_mm,64,0.527,0.520437,0.0730553,0.5145,0.48775,0.532,0.452,1.048,0.098286,0.0295501
uniformity/uniformity.csv/1.000/fail_corrected,64,0,0.000125,0.001,0,0,0,0,0.008,0.00141421,0
uniformity/uniformity.csv/1.000/fail_raw,64,0,0.000125,0.001,0,0,0,0,0.008,0.00141421,0
uniformity/uniformity.csv/1.000/gain_gradient,64,0.6,0.6,0,0.6,0.6,0.6,0.6,0.6,0,0
uniformity/uniformity.csv/1.000/gain_sigma,64,0.4,0.4,0,0.4,0.4,0.4,0.4,0.4,0,0
uniformity/uniformity.csv/1.000/rms_corrected_mm,64,0.502,0.499375,0.0656846,0.497,0.476,0.5115,0.425,0.968,0.0897895,0.0254494
uniformity/uniformity.csv/1.000/rms_raw_mm,64,0.577,0.548984,0.0671198,0.5415,0.52375,0.562,0.494,1.041,0.0909337,0.0239322
uniformity/uniformity.csv/1.500/fail_corrected,64,0,0.007125,0.00733658,0.008,0,0.01025,0,0.025,0.00701029,0.00776046
uniformity/uniformity.csv/1.500/fail_raw,64,0,0.0005,0.0019518,0,0,0,0,0.008,0.00196748,0.00196748
uniformity/uniformity.csv/1.500/gain_gradient,64,0.9,0.9,0,0.9,0.9,0.9,0.9,0.9,0,0
uniformity/uniformity.csv/1.500/gain_sigma,64,0.6,0.6,0,0.6,0.6,0.6,0.6,0.6,0,0
uniformity/uniformity.csv/1.500/rms_corrected_mm,64,0.591,0.902266,0.311144,0.9155,0.589,1.17725,0.508,1.567,0.308659,0.316268
uniformity/uniformity.csv/1.500/rms_raw_mm,64,0.597,0.644328,0.106936,0.621,0.6015,0.64325,0.549,1.059,0.105435,0.110091
uniformity/uniformity.csv/2.000/fail_corrected,64,0.008,0.0218594,0.0135082,0.021,0.008,0.033,0,0.05,0.014235,0.0129451
uniformity/uniformity.csv/2.000/fail_raw,64,0,0.000375,0.00170434,0,0,0,0,0.008,0.00196748,0.00141421
uniformity/uniformity.csv/2.000/gain_gradient,64,1.2,1.2,0,1.2,1.2,1.2,1.2,1.2,0,0
uniformity/uniformity.csv/2.000/gain_sigma,64,0.8,0.8,0,0.8,0.8,0.8,0.8,0.8,0,0
uniformity/uniformity.csv/2.000/rms_corrected_mm,64,1.06,1.35392,0.393622,1.3685,1.0615,1.633,0.603,2.168,0.428784,0.361377
uniformity/uniformity.csv/2.000/rms_raw_mm,64,0.755,0.766844,0.0949741,0.754,0.73375,0.771,0.654,1.187,0.106747,0.0828128
viewer/current/300/0/all/BoundaryMaximum,32,0,0,0,0,0,0,0,0,0,0
viewer/current/300/0/all/FarCensored,32,0,0,0,0,0,0,0,0,0,0
viewer/current/300/0/all/HiMm,32,454.584,454.742,2.31475,454.771,453.566,455.391,449.834,462.205,2.52947,2.11768
viewer/current/300/0/all/LoMm,32,217.802,215.657,3.55595,217.578,215.827,217.76,208.313,217.949,3.60763,3.62095
viewer/current/300/0/all/MultipleModes,32,1,1,0,1,1,1,1,1,0,0
viewer/current/300/0/all/NearCensored,32,0,0,0,0,0,0,0,0,0,0
viewer/current/300/0/all/WidthMm,32,236.782,239.085,3.77803,237.696,236.349,242.13,233.185,246.463,3.76733,3.89588
viewer/current/300/0/all/bias,32,50.7373,48.9721,9.98586,50.7373,50.7373,50.7373,-5.75123,50.7373,14.1221,0
viewer/current/300/0/all/estimate,32,350.737,348.972,9.98586,350.737,350.737,350.737,294.249,350.737,14.1221,0
viewer/current/300/0/window/BoundaryMaximum,32,0,0,0,0,0,0,0,0,0,0
viewer/current/300/0/window/FarCensored,32,0,0,0,0,0,0,0,0,0,0
viewer/current/300/0/window/HiMm,32,458.466,463.854,8.8696,462.019,457.378,469.647,448.332,485.148,8.33284,8.58578
viewer/current/300/0/window/LoMm,32,197.409,201.383,9.14286,197.109,196.011,207.864,182.197,217.722,10.3766,8.06719
viewer/current/300/0/window/MultipleModes,32,1,1,0,1,1,1,1,1,0,0
viewer/current/300/0/window/NearCensored,32,0,0,0,0,0,0,0,0,0,0
viewer/current/300/0/window/WidthMm,32,261.056,262.472,14.1102,261.753,252.375,272.519,233.845,290.561,15.2429,12.618
viewer/current/300/0/window/bias,32,-5.75123,4.20636,12.9804,4.04238,-5.75123,4.04238,-5.75123,50.7373,13.5322,12.7787
viewer/current/300/0/window/estimate,32,294.249,304.206,12.9804,304.042,294.249,304.042,294.249,350.737,13.5322,12.7787
viewer/current/300/15/all/BoundaryMaximum,32,0,0,0,0,0,0,0,0,0,0
viewer/current/300/15/all/FarCensored,32,0,0,0,0,0,0,0,0,0,0
viewer/current/300/15/all/HiMm,32,464.837,466.414,2.86271,466.373,464.321,468.372,461.938,474.146,3.20925,2.50954
viewer/current/300/15/all/LoMm,32,198.112,197.428,0.537135,197.451,196.921,197.878,196.506,198.235,0.60397,0.472635
viewer/current/300/15/all/MultipleModes,32,1,1,0,1,1,1,1,1,0,0
viewer/current/300/15/all/NearCensored,32,0,0,0,0,0,0,0,0,0,0
viewer/current/300/15/all/WidthMm,32,266.725,268.987,3.05186,268.873,266.709,270.751,264.146,277.487,3.54421,2.49693
viewer/current/300/15/all/bias,32,50.7373,50.7373,0,50.7373,50.7373,50.7373,50.7373,50.7373,0,0
viewer/current/300/15/all/estimate,32,350.737,350.737,0,350.737,350.737,350.737,350.737,350.737,0,0
viewer/current/300/15/window/BoundaryMaximum,32,0,0,0,0,0,0,0,0,0,0
viewer/current/300/15/window/FarCensored,32,0,0,0,0,0,0,0,0,0,0
viewer/current/300/15/window/HiMm,32,479.884,472.153,6.84006,470.561,467.111,476.76,459.708,487.637,7.58479,6.0719
viewer/current/300/15/window/LoMm,32,197.468,192.214,5.47173,194.494,187.121,196.255,180.937,199.746,5.29884,5.70486
viewer/current/300/15/window/MultipleModes,32,1,1,0,1,1,1,1,1,0,0
viewer/current/300/15/window/NearCensored,32,0,0,0,0,0,0,0,0,0,0
viewer/current/300/15/window/WidthMm,32,282.416,279.939,9.72519,278.595,273.761,283.885,259.962,300.476,9.75488,10.0075
viewer/current/300/15/window/bias,32,50.7373,48.9721,9.98586,50.7373,50.7373,50.7373,-5.75123,50.7373,0,14.1221
viewer/current/300/15/window/estimate,32,350.737,348.972,9.98586,350.737,350.737,350.737,294.249,350.737,0,14.1221
viewer/current/300/30/all/BoundaryMaximum,32,0,0,0,0,0,0,0,0,0,0
viewer/current/300/30/all/FarCensored,32,0,0,0,0,0,0,0,0,0,0
viewer/current/300/30/all/HiMm,32,449.079,448.844,4.08588,449.176,446.104,450.932,441.361,458.718,3.65647,4.41249
viewer/current/300/30/all/LoMm,32,217.255,217.176,0.741318,217.292,216.626,217.686,214.848,218.238,0.680556,0.819328
viewer/current/300/30/all/MultipleModes,32,1,1,0,1,1,1,1,1,0,0
viewer/current/300/30/all/NearCensored,32,0,0,0,0,0,0,0,0,0,0
viewer/current/300/30/all/WidthMm,32,231.824,231.669,4.14231,232.116,228.587,233.74,223.827,241.419,3.69053,4.50231
viewer/current/300/30/all/bias,32,-23.5602,-23.0037,3.14821,-23.5602,-23.5602,-23.5602,-23.5602,-5.75123,4.45225,0
viewer/current/300/30/all/estimate,32,276.44,276.996,3.14821,276.44,276.44,276.44,276.44,294.249,4.45225,0
viewer/current/300/30/window/BoundaryMaximum,32,0,0,0,0,0,0,0,0,0,0
viewer/current/300/30/window/FarCensored,32,0,0,0,0,0,0,0,0,0,0
viewer/current/300/30/window/HiMm,32,473.434,460.173,12.0373,461.284,452.288,469.741,437.441,480,12.8057,11.384
viewer/current/300/30/window/LoMm,32,214.753,211.109,6.76456,214.194,212.422,214.834,196.009,217.444,6.70634,6.9899
viewer/current/300/30/window/MultipleModes,32,1,1,0,1,1,1,1,1,0,0
viewer/current/300/30/window/NearCensored,32,0,0,0,0,0,0,0,0,0,0
viewer/current/300/30/window/WidthMm,32,258.68,249.063,14.8021,249.566,239.452,259.883,221.687,279.98,15.7351,13.9446
viewer/current/300/30/window/bias,32,-23.5602,-27.473,7.85362,-31.68,-31.68,-23.5602,-31.68,-5.75123,8.89436,6.95384
viewer/current/300/30/window/estimate,32,276.44,272.527,7.85362,268.32,268.32,276.44,268.32,294.249,8.89436,6.95384
viewer/current/500/0/all/BoundaryMaximum,32,0,0,0,0,0,0,0,0,0,0
viewer/current/500/0/all/FarCensored,32,0,0,0,0,0,0,0,0,0,0
viewer/current/500/0/all/HiMm,32,958.657,990.757,28.8073,987.964,970.828,998.85,954.501,1080.64,31.6915,25.9538
viewer/current/500/0/all/LoMm,32,297.838,297.382,2.25808,297.509,295.75,298.492,293.495,302.637,1.92785,2.3879
viewer/current/500/0/all/MultipleModes,32,1,1,0,1,1,1,1,1,0,0
viewer/current/500/0/all/NearCensored,32,0,0,0,0,0,0,0,0,0,0
viewer/current/500/0/all/WidthMm,32,660.819,693.375,29.469,692.528,670.964,704.802,656.684,782.403,32.0885,26.7202
viewer/current/500/0/all/bias,32,69.3336,69.3336,0,69.3336,69.3336,69.3336,69.3336,69.3336,0,0
viewer/current/500/0/all/estimate,32,569.334,569.334,0,569.334,569.334,569.334,569.334,569.334,0,0
viewer/current/500/0/window/BoundaryMaximum,32,0,0,0,0,0,0,0,0,0,0
viewer/current/500/0/window/FarCensored,32,0,0,0,0,0,0,0,0,0,0
viewer/current/500/0/window/HiMm,32,989.622,1140,95.0339,1166.73,1077.83,1201.53,986.114,1328.5,100.313,80.0743
viewer/current/500/0/window/LoMm,32,293.417,293.478,2.81611,293.124,291.318,294.33,289.613,302.099,2.99933,2.53543
viewer/current/500/0/window/MultipleModes,32,1,1,0,1,1,1,1,1,0,0
viewer/current/500/0/window/NearCensored,32,0,0,0,0,0,0,0,0,0,0
viewer/current/500/0/window/WidthMm,32,696.205,846.526,95.3202,875.53,782.441,905.694,694.812,1036.48,99.9697,80.6252
viewer/current/500/0/window/bias,32,69.3336,27.912,57.1975,69.3336,-44.2776,69.3336,-44.2776,107.176,58.2084,56.8032
viewer/current/500/0/window/estimate,32,569.334,527.912,57.1975,569.334,455.722,569.334,455.722,607.176,58.2084,56.8032
viewer/current/500/15/all/BoundaryMaximum,32,0,0,0,0,0,0,0,0,0,0
viewer/current/500/15/all/FarCensored,32,0,0,0,0,0,0,0,0,0,0
viewer/current/500/15/all/HiMm,32,990.637,981.237,8.92438,979.873,974.354,987.521,967.13,998.812,8.30789,9.21653
viewer/current/500/15/all/LoMm,32,305.3,298.882,1.78016,298.728,298.002,299.485,296.108,305.3,2.00924,1.5104
viewer/current/500/15/all/MultipleModes,32,1,1,0,1,1,1,1,1,0,0
viewer/current/500/15/all/NearCensored,32,0,0,0,0,0,0,0,0,0,0
viewer/current/500/15/all/WidthMm,32,685.337,682.354,9.31112,681.003,674.033,687.968,668.381,702.18,7.8766,10.4595
viewer/current/500/15/all/bias,32,-44.2776,-44.2776,0,-44.2776,-44.2776,-44.2776,-44.2776,-44.2776,0,0
viewer/current/500/15/all/estimate,32,455.722,455.722,0,455.722,455.722,455.722,455.722,455.722,0,0
viewer/current/500/15/window/BoundaryMaximum,32,0,0,0,0,0,0,0,0,0,0
viewer/current/500/15/window/FarCensored,32,0,0,0,0,0,0,0,0,0,0
viewer/current/500/15/window/HiMm,32,1146.54,1032.87,80.9285,998.355,984.586,1010.15,967.862,1201.56,82.6513,81.609
viewer/current/500/15/window/LoMm,32,297.746,298.685,12.1965,295.204,293.527,297.507,288.451,339.532,3.07182,16.2838
viewer/current/500/15/window/MultipleModes,32,1,1,0,1,1,1,1,1,0,0
viewer/current/500/15/window/NearCensored,32,0,0,0,0,0,0,0,0,0,0
viewer/current/500/15/window/WidthMm,32,848.795,734.183,80.4455,701.444,686.519,715.316,649.393,907.844,81.576,81.034
viewer/current/500/15/window/bias,32,-44.2776,-44.2776,0,-44.2776,-44.2776,-44.2776,-44.2776,-44.2776,0,0
viewer/current/500/15/window/estimate,32,455.722,455.722,0,455.722,455.722,455.722,455.722,455.722,0,0
viewer/current/500/30/all/BoundaryMaximum,32,0,0,0,0,0,0,0,0,0,0
viewer/current/500/30/all/FarCensored,32,0,0,0,0,0,0,0,0,0,0
viewer/current/500/30/all/HiMm,32,1188.66,1125.73,90.4365,1180.15,1008.43,1191.54,996.445,1220.3,86.1416,92.7448
viewer/current/500/30/all/LoMm,32,301.434,301.145,6.7054,299.641,298.981,300.448,295.729,326.568,6.75702,6.86652
viewer/current/500/30/all/MultipleModes,32,1,1,0,1,1,1,1,1,0,0
viewer/current/500/30/all/NearCensored,32,0,0,0,0,0,0,0,0,0,0
viewer/current/500/30/all/WidthMm,32,887.224,824.59,89.4104,872.089,707.514,890.859,696.111,920.091,85.4821,91.1759
viewer/current/500/30/all/bias,32,-44.2776,-42.782,5.88491,-44.2776,-44.2776,-44.2776,-44.2776,-20.3488,5.98218,5.98218
viewer/current/500/30/all/estimate,32,455.722,457.218,5.88491,455.722,455.722,455.722,455.722,479.651,5.98218,5.98218
viewer/current/500/30/window/BoundaryMaximum,32,0,0,0,0,0,0,0,0,0,0
viewer/current/500/30/window/FarCensored,32,0,0,0,0,0,0,0,0,0,0
viewer/current/500/30/window/HiMm,32,1166.22,1117.88,94.333,1153.2,1008.11,1190.57,975.659,1250.45,91.7417,99.3939
viewer/current/500/30/window/LoMm,32,327.303,301.343,9.39387,299.122,296.879,302.312,289.845,330.206,12.3329,4.09966
viewer/current/500/30/window/MultipleModes,32,1,1,0,1,1,1,1,1,0,0
viewer/current/500/30/window/NearCensored,32,0,0,0,0,0,0,0,0,0,0
viewer/current/500/30/window/WidthMm,32,838.919,816.541,98.0335,848.327,704.675,891.326,670.123,953.866,97.9768,101.121
viewer/current/500/30/window/bias,32,-44.2776,-36.5366,16.5823,-44.2776,-44.2776,-38.2954,-44.2776,35.9318,8.17322,21.2918
viewer/current/500/30/window/estimate,32,455.722,463.463,16.5823,455.722,455.722,461.705,455.722,535.932,8.17322,21.2918
viewer/current/700/0/all/BoundaryMaximum,32,0,0,0,0,0,0,0,0,0,0
viewer/current/700/0/all/FarCensored,32,0,0.84375,0.368902,1,1,1,0,1,0.447214,0.25
viewer/current/700/0/all/HiMm,32,182.968,2643.64,946.519,3000,3000,3000,173.205,3000,1132.8,706.699
viewer/current/700/0/all/LoMm,32,132.291,325.114,74.226,346.532,345.318,347.757,132.291,392.167,87.4502,56.8758
viewer/current/700/0/all/MultipleModes,32,1,1,0,1,1,1,1,1,0,0
viewer/current/700/0/all/NearCensored,32,0,0,0,0,0,0,0,0,0,0
viewer/current/700/0/all/WidthMm,5,50.6772,541.861,1112.6,46.6062,42.4072,50.6772,37.4871,2532.13,2.87863,1438.86
viewer/current/700/0/all/bias,32,-539.864,-86.6596,177.667,-49.5935,-49.5935,0.265252,-539.864,127.068,206.602,138.78
viewer/current/700/0/all/estimate,32,160.136,613.34,177.667,650.407,650.407,700.265,160.136,827.068,206.602,138.78
viewer/current/700/0/window/BoundaryMaximum,32,0,0,0,0,0,0,0,0,0,0
viewer/current/700/0/window/FarCensored,32,1,0.8125,0.396558,1,1,1,0,1,0.478714,0.25
viewer/current/700/0/window/HiMm,32,3000,2776.75,697.905,3000,3000,3000,182.464,3000,954.03,56.9567
viewer/current/700/0/window/LoMm,32,394.823,337.649,55.2891,343.45,341.429,346.458,136.523,394.823,76.2308,14.6639
viewer/current/700/0/window/MultipleModes,32,1,1,0,1,1,1,1,1,0,0
viewer/current/700/0/window/NearCensored,32,0,0,0,0,0,0,0,0,0,0
viewer/current/700/0/window/WidthMm,6,,1526.24,1166.3,2064.04,507.633,2377.06,45.7211,2513.39,1283.61,1321.98
viewer/current/700/0/window/bias,32,-49.5935,-68.1838,132.451,-49.5935,-49.5935,-49.5935,-539.864,127.068,176.294,48.6689
viewer/current/700/0/window/estimate,32,650.407,631.816,132.451,650.407,650.407,650.407,160.136,827.068,176.294,48.6689
viewer/current/700/15/all/BoundaryMaximum,32,0,0,0,0,0,0,0,0,0,0
viewer/current/700/15/all/FarCensored,32,1,0.84375,0.368902,1,1,1,0,1,0.25,0.447214
viewer/current/700/15/all/HiMm,32,3000,2685.66,842.561,3000,3000,3000,175.161,3000,706.21,963.283
viewer/current/700/15/all/LoMm,32,405.268,369.419,76.9097,396.6,388.101,400.311,137.308,406.28,66.1045,88.0934
viewer/current/700/15/all/MultipleModes,32,1,1,0,1,1,1,1,1,0,0
viewer/current/700/15/all/NearCensored,32,0,0,0,0,0,0,0,0,0,0
viewer/current/700/15/all/WidthMm,5,,748.777,971.095,42.0043,39.2979,1792.44,37.6952,1832.45,1.13333,1022.36
viewer/current/700/15/all/bias,32,-130.666,-169.029,121.182,-130.666,-130.666,-130.666,-539.864,-130.666,102.299,139.768
viewer/current/700/15/all/estimate,32,569.334,530.971,121.182,569.334,569.334,569.334,160.136,569.334,102.299,139.768
viewer/current/700/15/window/BoundaryMaximum,32,0,0,0,0,0,0,0,0,0,0
viewer/current/700/15/window/FarCensored,32,1,0.625,0.491869,1,0,1,0,1,0.512348,0.478714
viewer/current/700/15/window/HiMm,32,3000,2545.28,722.027,3000,2097.45,3000,179.395,3000,625.855,827.387
viewer/current/700/15/window/LoMm,32,403.53,381.96,49.1196,399.064,387.792,402.914,138.246,409.826,23.0525,65.6543
viewer/current/700/15/window/MultipleModes,32,1,1,0,1,1,1,1,1,0,0
viewer/current/700/15/window/NearCensored,32,0,0,0,0,0,0,0,0,0,0
viewer/current/700/15/window/WidthMm,12,,1417.56,623.926,1402.13,1089.07,1736.87,41.1492,2324.4,440.94,777.454
viewer/current/700/15/window/bias,32,-130.666,-140.831,73.6993,-130.666,-130.666,-130.666,-537.007,-49.5935,0,104.904
viewer/current/700/15/window/estimate,32,569.334,559.169,73.6993,569.334,569.334,569.334,162.993,650.407,0,104.904
viewer/current/700/30/all/BoundaryMaximum,32,0,0,0,0,0,0,0,0,0,0
viewer/current/700/30/all/FarCensored,32,1,1,0,1,1,1,1,1,0,0
viewer/current/700/30/all/HiMm,32,3000,3000,0,3000,3000,3000,3000,3000,0,0
viewer/current/700/30/all/LoMm,32,377.765,366.859,19.1751,369.36,346.245,383.126,344.99,400.651,21.4975,17.1481
viewer/current/700/30/all/MultipleModes,32,1,1,0,1,1,1,1,1,0,0
viewer/current/700/30/all/NearCensored,32,0,0,0,0,0,0,0,0,0,0
viewer/current/700/30/all/bias,32,-130.666,-99.3568,67.4229,-130.666,-130.666,-110.398,-130.666,127.068,68.5374,68.5374
viewer/current/700/30/all/estimate,32,569.334,600.643,67.4229,569.334,569.334,589.602,569.334,827.068,68.5374,68.5374
viewer/current/700/30/window/BoundaryMaximum,32,0,0,0,0,0,0,0,0,0,0
viewer/current/700/30/window/FarCensored,32,1,1,0,1,1,1,1,1,0,0
viewer/current/700/30/window/HiMm,32,3000,3000,0,3000,3000,3000,3000,3000,0,0
viewer/current/700/30/window/LoMm,32,396.597,356.758,25.9986,343.84,341.153,380.566,295.372,410.751,25.8626,26.8536
viewer/current/700/30/window/MultipleModes,32,1,1,0,1,1,1,1,1,0,0
viewer/current/700/30/window/NearCensored,32,0,0,0,0,0,0,0,0,0,0
viewer/current/700/30/window/bias,32,-130.666,-93.8967,91.3783,-130.666,-164.068,-49.5935,-164.068,127.068,78.1691,100.491
viewer/current/700/30/window/estimate,32,569.334,606.103,91.3783,569.334,535.932,650.407,535.932,827.068,78.1691,100.491
viewer/manual/300/0/all/bias,32,60,56.875,12.2967,60,60,60,10,60,0,17.0783
viewer/manual/300/0/all/counts,32,46475,46442,364.419,46455.5,46265,46666.2,45728,47123,389.243,349.571
viewer/manual/300/0/all/edge,32,0,0,0,0,0,0,0,0,0,0
viewer/manual/300/0/all/estimate,32,360,356.875,12.2967,360,360,360,310,360,0,17.0783
viewer/manual/300/0/window/bias,32,10,10,0,10,10,10,10,10,0,0
viewer/manual/300/0/window/counts,32,14242,14242.9,147.928,14248,14176.8,14352,13868,14480,134.552,164.243
viewer/manual/300/0/window/edge,32,0,0,0,0,0,0,0,0,0,0
viewer/manual/300/0/window/estimate,32,310,310,0,310,310,310,310,310,0,0
viewer/manual/300/15/all/bias,32,60,60,0,60,60,60,60,60,0,0
viewer/manual/300/15/all/counts,32,45856,45988.8,365.811,45848,45740.2,46244.2,45438,46703,438.593,282.24
viewer/manual/300/15/all/edge,32,0,0,0,0,0,0,0,0,0,0
viewer/manual/300/15/all/estimate,32,360,360,0,360,360,360,360,360,0,0
viewer/manual/300/15/window/bias,32,50,54.0625,14.78,60,60,60,10,60,12.6326,16.9312
viewer/manual/300/15/window/counts,32,14125,14077.2,140.665,14061.5,13991.2,14175.2,13790,14359,150.567,134.839
viewer/manual/300/15/window/edge,32,0,0,0,0,0,0,0,0,0,0
viewer/manual/300/15/window/estimate,32,350,354.062,14.78,360,360,360,310,360,12.6326,16.9312
viewer/manual/300/30/all/bias,32,-20,-20,0,-20,-20,-20,-20,-20,0,0
viewer/manual/300/30/all/counts,32,44011,44092.8,349.275,44063,43933.5,44379.5,43368,44762,352.551,339.151
viewer/manual/300/30/all/edge,32,0,0,0,0,0,0,0,0,0,0
viewer/manual/300/30/all/estimate,32,280,280,0,280,280,280,280,280,0,0
viewer/manual/300/30/window/bias,32,-20,-21.25,3.36011,-20,-20,-20,-30,-20,4.03113,2.5
viewer/manual/300/30/window/counts,32,13572,13673.8,137.367,13691,13569.2,13765.8,13460,13959,134.777,143.972
viewer/manual/300/30/window/edge,32,0,0,0,0,0,0,0,0,0,0
viewer/manual/300/30/window/estimate,32,280,278.75,3.36011,280,280,280,270,280,4.03113,2.5
viewer/manual/500/0/all/bias,32,80,80,0,80,80,80,80,80,0,0
viewer/manual/500/0/all/counts,32,17193,17196.4,197.129,17152,17049,17346.2,16926,17642,223.285,174.042
viewer/manual/500/0/all/edge,32,0,0,0,0,0,0,0,0,0,0
viewer/manual/500/0/all/estimate,32,580,580,0,580,580,580,580,580,0,0
viewer/manual/500/0/window/bias,32,80,59.375,47.8531,80,80,80,-40,90,49.4596,47.8147
viewer/manual/500/0/window/counts,32,5279,5271.59,92.1443,5272,5215.5,5335.25,5044,5443,98.7575,82.1034
viewer/manual/500/0/window/edge,32,0,0,0,0,0,0,0,0,0,0
viewer/manual/500/0/window/estimate,32,580,559.375,47.8531,580,580,580,460,590,49.4596,47.8147
viewer/manual/500/15/all/bias,32,-30,-10.625,38.01,-30,-30,-30,-40,60,36.2802,40.6971
viewer/manual/500/15/all/counts,32,16840,16811.4,221.996,16821,16679,16912.2,16393,17439,242.625,201.88
viewer/manual/500/15/all/edge,32,0,0,0,0,0,0,0,0,0,0
viewer/manual/500/15/all/estimate,32,470,489.375,38.01,470,470,470,460,560,36.2802,40.6971
viewer/manual/500/15/window/bias,32,-40,-31.875,17.6777,-30,-40,-30,-50,60,6.29153,24.3499
viewer/manual/500/15/window/counts,32,5182,5134.91,97.8229,5127,5082.25,5181.25,4932,5453,93.8679,97.5694
viewer/manual/500/15/window/edge,32,0,0,0,0,0,0,0,0,0,0
viewer/manual/500/15/window/estimate,32,460,468.125,17.6777,470,460,470,450,560,6.29153,24.3499
viewer/manual/500/30/all/bias,32,-40,-40,0,-40,-40,-40,-40,-40,0,0
viewer/manual/500/30/all/counts,32,15281,15471.7,210.002,15479.5,15342,15571.2,15002,15977,224.509,196.184
viewer/manual/500/30/all/edge,32,0,0,0,0,0,0,0,0,0,0
viewer/manual/500/30/all/estimate,32,460,460,0,460,460,460,460,460,0,0
viewer/manual/500/30/window/bias,32,-40,-39.375,2.45935,-40,-40,-40,-40,-30,2.5,2.5
viewer/manual/500/30/window/counts,32,4882,4859.94,72.5534,4879.5,4795,4910,4733,4975,64.2525,81.9728
viewer/manual/500/30/window/edge,32,0,0,0,0,0,0,0,0,0,0
viewer/manual/500/30/window/estimate,32,460,460.625,2.45935,460,460,460,460,470,2.5,2.5
viewer/manual/700/0/all/bias,32,-20,-37.8125,92.0636,-20,-20,-20,-540,-20,129.767,0
viewer/manual/700/0/all/counts,32,8586,8783.47,170.525,8799.5,8627.5,8914.25,8332,9084,137.323,185.078
viewer/manual/700/0/all/edge,32,0,0,0,0,0,0,0,0,0,0
viewer/manual/700/0/all/estimate,32,680,662.188,92.0636,680,680,680,160,680,129.767,0
viewer/manual/700/0/window/bias,32,-20,-47.5,137.63,-20,-20,-20,-540,110,188.538,36.697
viewer/manual/700/0/window/counts,32,2566,2681.69,68.4866,2678,2630.25,2731.75,2566,2819,71.8359,67.0902
viewer/manual/700/0/window/edge,32,0,0,0,0,0,0,0,0,0,0
viewer/manual/700/0/window/estimate,32,680,652.5,137.63,680,680,680,160,810,188.538,36.697
viewer/manual/700/15/all/bias,32,-120,-156.875,100.977,-140,-140,-120,-540,-120,101.719,103.465
viewer/manual/700/15/all/counts,32,8449,8573.28,183.094,8611.5,8422.5,8717.5,8086,8832,164.229,205.421
viewer/manual/700/15/all/edge,32,0,0,0,0,0,0,0,0,0,0
viewer/manual/700/15/all/estimate,32,580,543.125,100.977,560,560,580,160,580,101.719,103.465
viewer/manual/700/15/window/bias,32,-120,-125.938,13.8795,-120,-140,-120,-140,-70,10.247,16.6208
viewer/manual/700/15/window/counts,32,2624,2621.25,59.7192,2620,2581.75,2659.75,2466,2740,54.721,65.9099
viewer/manual/700/15/window/edge,32,0,0,0,0,0,0,0,0,0,0
viewer/manual/700/15/window/estimate,32,580,574.062,13.8795,580,560,580,560,630,10.247,16.6208
viewer/manual/700/30/all/bias,32,-140,-140,0,-140,-140,-140,-140,-140,0,0
viewer/manual/700/30/all/counts,32,7761,7828.88,170.308,7838,7696,7954.75,7474,8203,175.614,170.136
viewer/manual/700/30/all/edge,32,0,0,0,0,0,0,0,0,0,0
viewer/manual/700/30/all/estimate,32,560,560,0,560,560,560,560,560,0,0
viewer/manual/700/30/window/bias,32,-140,-116.25,75.5517,-140,-140,-140,-140,150,62.5,88.0317
viewer/manual/700/30/window/counts,32,2438,2438.66,63.0543,2441,2396.75,2465.25,2290,2577,67.224,60.3956
viewer/manual/700/30/window/edge,32,0,0,0,0,0,0,0,0,0,0
viewer/manual/700/30/window/estimate,32,560,583.75,75.5517,560,560,560,560,850,62.5,88.0317
