key,N,value,count
align/align.csv/offset_x/0.000/increment_mm,64,0,64
align/align.csv/offset_z/0.000/increment_mm,64,0,64
align/align.csv/roll_deg/0.000/increment_mm,64,0,64
antimask/antimask.csv/bg=0 (ideal)/0.00/antimask_fail,128,0,128
antimask/antimask.csv/bg=0 (ideal)/0.00/calib_fail,128,0,128
antimask/antimask.csv/bg=0 (ideal)/0.00/gradient,128,0,128
antimask/antimask.csv/bg=0 (ideal)/0.00/single_fail,128,0,128
antimask/antimask.csv/bg=0.5/px/0.50/antimask_fail,128,0,128
antimask/antimask.csv/bg=0.5/px/0.50/calib_fail,128,0,128
antimask/antimask.csv/bg=0.5/px/0.50/gradient,128,0,128
antimask/antimask.csv/bg=0.5/px/0.50/single_fail,128,0,128
antimask/antimask.csv/bg=1/px/1.00/antimask_fail,128,0,128
antimask/antimask.csv/bg=1/px/1.00/calib_fail,128,0,128
antimask/antimask.csv/bg=1/px/1.00/gradient,128,0,128
antimask/antimask.csv/bg=1/px/1.00/single_fail,128,0,128
antimask/antimask.csv/bg=2/px/2.00/antimask_fail,128,0,128
antimask/antimask.csv/bg=2/px/2.00/calib_fail,128,0,128
antimask/antimask.csv/bg=2/px/2.00/gradient,128,0,128
antimask/antimask.csv/bg=2/px/2.00/single_fail,128,0,123
antimask/antimask.csv/bg=2/px/2.00/single_fail,128,0.005,5
antimask/antimask.csv/bg=4/px/4.00/antimask_fail,128,0,128
antimask/antimask.csv/bg=4/px/4.00/calib_fail,128,0,121
antimask/antimask.csv/bg=4/px/4.00/calib_fail,128,0.005,7
antimask/antimask.csv/bg=4/px/4.00/gradient,128,0,128
antimask/antimask.csv/bg=8/px/8.00/antimask_fail,128,0,88
antimask/antimask.csv/bg=8/px/8.00/antimask_fail,128,0.005,32
antimask/antimask.csv/bg=8/px/8.00/antimask_fail,128,0.01,8
antimask/antimask.csv/bg=8/px/8.00/calib_fail,128,0,39
antimask/antimask.csv/bg=8/px/8.00/calib_fail,128,0.005,42
antimask/antimask.csv/bg=8/px/8.00/calib_fail,128,0.01,28
antimask/antimask.csv/bg=8/px/8.00/calib_fail,128,0.015,14
antimask/antimask.csv/bg=8/px/8.00/calib_fail,128,0.02,5
antimask/antimask.csv/bg=8/px/8.00/gradient,128,0,128
antimask/antimask.csv/gradient ~4/4.00/antimask_fail,128,0,127
antimask/antimask.csv/gradient ~4/4.00/antimask_fail,128,0.005,1
antimask/antimask.csv/gradient ~4/4.00/calib_fail,128,0,121
antimask/antimask.csv/gradient ~4/4.00/calib_fail,128,0.005,7
antimask/antimask.csv/gradient ~4/4.00/gradient,128,1,128
array/16_better_than12,128,0,14
array/16_better_than12,128,1,114
array/array.csv/12/pixel_pitch_mm,128,1,128
array/array.csv/12/samples_per_cell_shadow,128,1.6,128
array/array.csv/16/pixel_pitch_mm,128,0.75,128
array/array.csv/16/samples_per_cell_shadow,128,2.13,128
array/array.csv/20/fail_rate,128,0,28
array/array.csv/20/fail_rate,128,0.004,43
array/array.csv/20/fail_rate,128,0.008,40
array/array.csv/20/fail_rate,128,0.012,6
array/array.csv/20/fail_rate,128,0.016,6
array/array.csv/20/fail_rate,128,0.02,5
array/array.csv/20/pixel_pitch_mm,128,0.6,128
array/array.csv/20/samples_per_cell_shadow,128,2.67,128
array/array.csv/24/fail_rate,128,0,26
array/array.csv/24/fail_rate,128,0.004,28
array/array.csv/24/fail_rate,128,0.008,33
array/array.csv/24/fail_rate,128,0.012,28
array/array.csv/24/fail_rate,128,0.016,13
array/array.csv/24/pixel_pitch_mm,128,0.5,128
array/array.csv/24/samples_per_cell_shadow,128,3.2,128
array/array.csv/30/fail_rate,128,0,66
array/array.csv/30/fail_rate,128,0.004,43
array/array.csv/30/fail_rate,128,0.008,15
array/array.csv/30/fail_rate,128,0.012,3
array/array.csv/30/fail_rate,128,0.016,1
array/array.csv/30/pixel_pitch_mm,128,0.4,128
array/array.csv/30/samples_per_cell_shadow,128,4,128
array/array.csv/6/pixel_pitch_mm,128,2,128
array/array.csv/6/samples_per_cell_shadow,128,0.8,128
array/array.csv/8/pixel_pitch_mm,128,1.5,128
array/array.csv/8/samples_per_cell_shadow,128,1.07,128
background/background_gradient.csv/0.000/bg_per_pixel,64,0,64
background/background_gradient.csv/0.000/bias_mm,64,0.35,2
background/background_gradient.csv/0.000/bias_mm,64,0.351,7
background/background_gradient.csv/0.000/bias_mm,64,0.352,13
background/background_gradient.csv/0.000/bias_mm,64,0.353,23
background/background_gradient.csv/0.000/bias_mm,64,0.354,17
background/background_gradient.csv/0.000/bias_mm,64,0.355,2
background/background_gradient.csv/0.000/fail_rate,64,0,64
background/background_gradient.csv/0.100/bg_per_pixel,64,0.278,64
background/background_gradient.csv/0.100/bias_mm,64,0.362,1
background/background_gradient.csv/0.100/bias_mm,64,0.363,4
background/background_gradient.csv/0.100/bias_mm,64,0.364,11
background/background_gradient.csv/0.100/bias_mm,64,0.365,13
background/background_gradient.csv/0.100/bias_mm,64,0.366,23
background/background_gradient.csv/0.100/bias_mm,64,0.367,11
background/background_gradient.csv/0.100/bias_mm,64,0.368,1
background/background_gradient.csv/0.100/fail_rate,64,0,64
background/background_gradient.csv/0.250/bg_per_pixel,64,0.694,64
background/background_gradient.csv/0.250/bias_mm,64,0.381,1
background/background_gradient.csv/0.250/bias_mm,64,0.382,4
background/background_gradient.csv/0.250/bias_mm,64,0.383,10
background/background_gradient.csv/0.250/bias_mm,64,0.384,12
background/background_gradient.csv/0.250/bias_mm,64,0.385,20
background/background_gradient.csv/0.250/bias_mm,64,0.386,11
background/background_gradient.csv/0.250/bias_mm,64,0.387,5
background/background_gradient.csv/0.250/bias_mm,64,0.388,1
background/background_gradient.csv/0.250/fail_rate,64,0,64
background/background_gradient.csv/0.500/bg_per_pixel,64,1.389,64
background/background_gradient.csv/0.500/fail_rate,64,0,64
background/background_gradient.csv/1.000/bg_per_pixel,64,2.778,64
background/background_gradient.csv/1.000/bias_mm,64,0.47,1
background/background_gradient.csv/1.000/bias_mm,64,0.471,6
background/background_gradient.csv/1.000/bias_mm,64,0.472,9
background/background_gradient.csv/1.000/bias_mm,64,0.473,15
background/background_gradient.csv/1.000/bias_mm,64,0.474,17
background/background_gradient.csv/1.000/bias_mm,64,0.475,9
background/background_gradient.csv/1.000/bias_mm,64,0.476,7
background/background_gradient.csv/1.000/fail_rate,64,0,33
background/background_gradient.csv/1.000/fail_rate,64,0.005,19
background/background_gradient.csv/1.000/fail_rate,64,0.01,10
background/background_gradient.csv/1.000/fail_rate,64,0.015,2
background/background_gradient.csv/2.000/bg_per_pixel,64,5.556,64
background/background_gradient.csv/2.000/bias_mm,64,0.524,6
background/background_gradient.csv/2.000/bias_mm,64,0.525,14
background/background_gradient.csv/2.000/bias_mm,64,0.526,29
background/background_gradient.csv/2.000/bias_mm,64,0.527,14
background/background_gradient.csv/2.000/bias_mm,64,0.528,1
background/background_gradient.csv/4.000/bg_per_pixel,64,11.111,64
background/background_gradient.csv/4.000/bias_mm,64,9.382,10
background/background_gradient.csv/4.000/bias_mm,64,9.383,52
background/background_gradient.csv/4.000/bias_mm,64,9.384,2
background/background_gradient.csv/4.000/peak_snr,64,2.69,3
background/background_gradient.csv/4.000/peak_snr,64,2.7,15
background/background_gradient.csv/4.000/peak_snr,64,2.71,27
background/background_gradient.csv/4.000/peak_snr,64,2.72,12
background/background_gradient.csv/4.000/peak_snr,64,2.73,6
background/background_gradient.csv/4.000/peak_snr,64,2.74,1
background/background_gradient.csv/8.000/bg_per_pixel,64,22.222,64
background/background_gradient.csv/8.000/bias_mm,64,9.382,55
background/background_gradient.csv/8.000/bias_mm,64,9.383,9
background/background_gradient.csv/8.000/fail_rate,64,1,64
background/background_gradient.csv/8.000/peak_snr,64,2.65,9
background/background_gradient.csv/8.000/peak_snr,64,2.66,27
background/background_gradient.csv/8.000/peak_snr,64,2.67,22
background/background_gradient.csv/8.000/peak_snr,64,2.68,4
background/background_gradient.csv/8.000/peak_snr,64,2.69,2
background/background_sweep.csv/0.000/bg_per_pixel,64,0,64
background/background_sweep.csv/0.000/bias_mm,64,0.35,2
background/background_sweep.csv/0.000/bias_mm,64,0.351,7
background/background_sweep.csv/0.000/bias_mm,64,0.352,13
background/background_sweep.csv/0.000/bias_mm,64,0.353,23
background/background_sweep.csv/0.000/bias_mm,64,0.354,17
background/background_sweep.csv/0.000/bias_mm,64,0.355,2
background/background_sweep.csv/0.000/fail_rate,64,0,64
background/background_sweep.csv/0.100/bg_per_pixel,64,0.278,64
background/background_sweep.csv/0.100/bias_mm,64,0.361,4
background/background_sweep.csv/0.100/bias_mm,64,0.362,9
background/background_sweep.csv/0.100/bias_mm,64,0.363,14
background/background_sweep.csv/0.100/bias_mm,64,0.364,22
background/background_sweep.csv/0.100/bias_mm,64,0.365,13
background/background_sweep.csv/0.100/bias_mm,64,0.366,2
background/background_sweep.csv/0.100/fail_rate,64,0,64
background/background_sweep.csv/0.250/bg_per_pixel,64,0.694,64
background/background_sweep.csv/0.250/bias_mm,64,0.377,3
background/background_sweep.csv/0.250/bias_mm,64,0.378,9
background/background_sweep.csv/0.250/bias_mm,64,0.379,9
background/background_sweep.csv/0.250/bias_mm,64,0.38,16
background/background_sweep.csv/0.250/bias_mm,64,0.381,18
background/background_sweep.csv/0.250/bias_mm,64,0.382,8
background/background_sweep.csv/0.250/bias_mm,64,0.383,1
background/background_sweep.csv/0.250/fail_rate,64,0,64
background/background_sweep.csv/0.500/bg_per_pixel,64,1.389,64
background/background_sweep.csv/0.500/bias_mm,64,0.404,1
background/background_sweep.csv/0.500/bias_mm,64,0.405,3
background/background_sweep.csv/0.500/bias_mm,64,0.406,10
background/background_sweep.csv/0.500/bias_mm,64,0.407,11
background/background_sweep.csv/0.500/bias_mm,64,0.408,13
background/background_sweep.csv/0.500/bias_mm,64,0.409,13
background/background_sweep.csv/0.500/bias_mm,64,0.41,10
background/background_sweep.csv/0.500/bias_mm,64,0.411,3
background/background_sweep.csv/0.500/fail_rate,64,0,64
background/background_sweep.csv/1.000/bg_per_pixel,64,2.778,64
background/background_sweep.csv/1.000/bias_mm,64,0.457,1
background/background_sweep.csv/1.000/bias_mm,64,0.458,4
background/background_sweep.csv/1.000/bias_mm,64,0.459,9
background/background_sweep.csv/1.000/bias_mm,64,0.46,11
background/background_sweep.csv/1.000/bias_mm,64,0.461,17
background/background_sweep.csv/1.000/bias_mm,64,0.462,11
background/background_sweep.csv/1.000/bias_mm,64,0.463,8
background/background_sweep.csv/1.000/bias_mm,64,0.464,3
background/background_sweep.csv/1.000/fail_rate,64,0,49
background/background_sweep.csv/1.000/fail_rate,64,0.005,12
background/background_sweep.csv/1.000/fail_rate,64,0.01,3
background/background_sweep.csv/2.000/bg_per_pixel,64,5.556,64
background/background_sweep.csv/2.000/bias_mm,64,0.513,2
background/background_sweep.csv/2.000/bias_mm,64,0.514,10
background/background_sweep.csv/2.000/bias_mm,64,0.515,23
background/background_sweep.csv/2.000/bias_mm,64,0.516,18
background/background_sweep.csv/2.000/bias_mm,64,0.517,11
background/background_sweep.csv/4.000/bg_per_pixel,64,11.111,64
background/background_sweep.csv/4.000/bias_mm,64,0.925,18
background/background_sweep.csv/4.000/bias_mm,64,0.926,5
background/background_sweep.csv/4.000/bias_mm,64,1.234,16
background/background_sweep.csv/4.000/bias_mm,64,1.235,25
background/background_sweep.csv/4.000/peak_snr,64,2.82,1
background/background_sweep.csv/4.000/peak_snr,64,2.83,1
background/background_sweep.csv/4.000/peak_snr,64,2.84,24
background/background_sweep.csv/4.000/peak_snr,64,2.85,18
background/background_sweep.csv/4.000/peak_snr,64,2.86,14
background/background_sweep.csv/4.000/peak_snr,64,2.87,5
background/background_sweep.csv/4.000/peak_snr,64,2.88,1
background/background_sweep.csv/8.000/bg_per_pixel,64,22.222,64
background/background_sweep.csv/8.000/bias_mm,64,7.363,23
background/background_sweep.csv/8.000/bias_mm,64,7.364,41
background/background_sweep.csv/8.000/fail_rate,64,0.965,3
background/background_sweep.csv/8.000/fail_rate,64,0.97,4
background/background_sweep.csv/8.000/fail_rate,64,0.975,3
background/background_sweep.csv/8.000/fail_rate,64,0.98,15
background/background_sweep.csv/8.000/fail_rate,64,0.985,19
background/background_sweep.csv/8.000/fail_rate,64,0.99,11
background/background_sweep.csv/8.000/fail_rate,64,0.995,7
background/background_sweep.csv/8.000/fail_rate,64,1,2
background/background_sweep.csv/8.000/peak_snr,64,2.73,1
background/background_sweep.csv/8.000/peak_snr,64,2.74,7
background/background_sweep.csv/8.000/peak_snr,64,2.75,24
background/background_sweep.csv/8.000/peak_snr,64,2.76,22
background/background_sweep.csv/8.000/peak_snr,64,2.77,9
background/background_sweep.csv/8.000/peak_snr,64,2.78,1
cascade/cascade.csv/100.0/sum_peak_per_decay,128,0,123
cascade/cascade.csv/100.0/sum_peak_per_decay,128,1.25e-07,5
cascade/cascade.csv/100.0/sum_to_single_ratio,128,0,123
cascade/cascade.csv/100.0/sum_to_single_ratio,128,0.00080321,1
cascade/cascade.csv/100.0/sum_to_single_ratio,128,0.00082305,1
cascade/cascade.csv/100.0/sum_to_single_ratio,128,0.00083542,1
cascade/cascade.csv/100.0/sum_to_single_ratio,128,0.00083963,1
cascade/cascade.csv/100.0/sum_to_single_ratio,128,0.00085179,1
cascade/cascade.csv/43.0/sum_peak_per_decay,128,0,30
cascade/cascade.csv/43.0/sum_peak_per_decay,128,1.25e-07,53
cascade/cascade.csv/43.0/sum_peak_per_decay,128,2.5e-07,25
cascade/cascade.csv/43.0/sum_peak_per_decay,128,3.75e-07,14
cascade/cascade.csv/43.0/sum_peak_per_decay,128,5e-07,4
cascade/cascade.csv/43.0/sum_peak_per_decay,128,6.25e-07,1
cascade/cascade.csv/43.0/sum_peak_per_decay,128,7.5e-07,1
cascade/cascade.csv/57.0/sum_peak_per_decay,128,0,85
cascade/cascade.csv/57.0/sum_peak_per_decay,128,1.25e-07,32
cascade/cascade.csv/57.0/sum_peak_per_decay,128,2.5e-07,9
cascade/cascade.csv/57.0/sum_peak_per_decay,128,3.75e-07,2
cascade/cascade.csv/76.0/sum_peak_per_decay,128,0,102
cascade/cascade.csv/76.0/sum_peak_per_decay,128,1.25e-07,24
cascade/cascade.csv/76.0/sum_peak_per_decay,128,2.5e-07,2
cascade/nonzero_points,128,2,2
cascade/nonzero_points,128,3,16
cascade/nonzero_points,128,4,61
cascade/nonzero_points,128,5,38
cascade/nonzero_points,128,6,11
cascade/zero_points,128,1,11
cascade/zero_points,128,2,38
cascade/zero_points,128,3,61
cascade/zero_points,128,4,16
cascade/zero_points,128,5,2
compton-strip/R,64,0.465,1
compton-strip/R,64,0.466,5
compton-strip/R,64,0.467,7
compton-strip/R,64,0.468,17
compton-strip/R,64,0.469,16
compton-strip/R,64,0.47,14
compton-strip/R,64,0.471,4
compton-strip/co-located/n0,64,30,29
compton-strip/co-located/n0,64,31,35
compton-strip/co-located/n1,64,153,50
compton-strip/co-located/n1,64,154,14
compton-strip/co-located/n2,64,30,5
compton-strip/co-located/n2,64,31,59
compton-strip/co-located/n3,64,397,1
compton-strip/co-located/n3,64,399,3
compton-strip/co-located/n3,64,400,4
compton-strip/co-located/n3,64,401,16
compton-strip/co-located/n3,64,402,16
compton-strip/co-located/n3,64,403,8
compton-strip/co-located/n3,64,404,13
compton-strip/co-located/n3,64,405,3
compton-strip/co-located/n4,64,0,16
compton-strip/co-located/n4,64,1,48
compton-strip/separated/n0,64,30,58
compton-strip/separated/n0,64,31,6
compton-strip/separated/n1,64,151,1
compton-strip/separated/n1,64,152,55
compton-strip/separated/n1,64,153,8
compton-strip/separated/n2,64,31,15
compton-strip/separated/n2,64,32,49
compton-strip/separated/n4,64,4,56
compton-strip/separated/n4,64,5,8
compton/compton_strategies.csv/AntiCoincidence/efficiency_rel,64,0.059,6
compton/compton_strategies.csv/AntiCoincidence/efficiency_rel,64,0.06,52
compton/compton_strategies.csv/AntiCoincidence/efficiency_rel,64,0.061,6
compton/compton_strategies.csv/Argmax/efficiency_rel,64,0.122,32
compton/compton_strategies.csv/Argmax/efficiency_rel,64,0.123,30
compton/compton_strategies.csv/Argmax/efficiency_rel,64,0.124,2
compton/compton_strategies.csv/Centroid/efficiency_rel,64,0.122,32
compton/compton_strategies.csv/Centroid/efficiency_rel,64,0.123,30
compton/compton_strategies.csv/Centroid/efficiency_rel,64,0.124,2
compton/compton_strategies.csv/Ideal (no Compton)/bias_mm,64,0.35,2
compton/compton_strategies.csv/Ideal (no Compton)/bias_mm,64,0.351,7
compton/compton_strategies.csv/Ideal (no Compton)/bias_mm,64,0.352,13
compton/compton_strategies.csv/Ideal (no Compton)/bias_mm,64,0.353,23
compton/compton_strategies.csv/Ideal (no Compton)/bias_mm,64,0.354,17
compton/compton_strategies.csv/Ideal (no Compton)/bias_mm,64,0.355,2
compton/compton_strategies.csv/Ideal (no Compton)/efficiency_rel,64,1,64
compton/compton_strategies.csv/Ideal (no Compton)/fail_rate,64,0,64
compton/compton_strategies.csv/PerPixelWindow/efficiency_rel,64,0.06,1
compton/compton_strategies.csv/PerPixelWindow/efficiency_rel,64,0.061,48
compton/compton_strategies.csv/PerPixelWindow/efficiency_rel,64,0.062,15
compton/contamination_pct,64,55,45
compton/contamination_pct,64,56,19
deadtime/deadtime.csv/10000/r_tau,64,0.01,62
deadtime/deadtime.csv/10000/r_tau,64,0.0101,2
deadtime/deadtime.csv/1000000/analytic_para_cps,64,367873,1
deadtime/deadtime.csv/1000000/analytic_para_cps,64,367874,1
deadtime/deadtime.csv/1000000/analytic_para_cps,64,367875,2
deadtime/deadtime.csv/1000000/analytic_para_cps,64,367876,2
deadtime/deadtime.csv/1000000/analytic_para_cps,64,367877,6
deadtime/deadtime.csv/1000000/analytic_para_cps,64,367878,12
deadtime/deadtime.csv/1000000/analytic_para_cps,64,367879,40
deadtime/deadtime.csv/10000000/live_para,64,0,29
deadtime/deadtime.csv/10000000/live_para,64,0.0001,35
deadtime/deadtime.csv/50000/r_tau,64,0.0498,5
deadtime/deadtime.csv/50000/r_tau,64,0.0499,15
deadtime/deadtime.csv/50000/r_tau,64,0.05,18
deadtime/deadtime.csv/50000/r_tau,64,0.0501,17
deadtime/deadtime.csv/50000/r_tau,64,0.0502,7
deadtime/deadtime.csv/50000/r_tau,64,0.0503,2
defects/defects.csv/0.00/dead_pct,64,0,64
defects/defects.csv/0.00/hot_pct,64,0,64
defects/defects.csv/1.00/dead_pct,64,0.78,64
defects/defects.csv/1.00/hot_pct,64,0.35,64
defects/defects.csv/2.00/dead_pct,64,1.13,64
defects/defects.csv/2.00/hot_pct,64,0.61,64
defects/defects.csv/4.00/dead_pct,64,2.34,64
defects/defects.csv/4.00/hot_pct,64,0.95,64
defects/defects.csv/8.00/dead_pct,64,4.6,64
defects/defects.csv/8.00/hot_pct,64,2.52,64
depth-joint/depth_joint.csv/offaxis_far/100/true_s_mm,64,150,64
depth-joint/depth_joint.csv/offaxis_far/100/true_x_mm,64,5,64
depth-joint/depth_joint.csv/offaxis_far/100/true_y_mm,64,0,64
depth-joint/depth_joint.csv/offaxis_far/1000/true_s_mm,64,150,64
depth-joint/depth_joint.csv/offaxis_far/1000/true_x_mm,64,5,64
depth-joint/depth_joint.csv/offaxis_far/1000/true_y_mm,64,0,64
depth-joint/depth_joint.csv/offaxis_far/300/true_s_mm,64,150,64
depth-joint/depth_joint.csv/offaxis_far/300/true_x_mm,64,5,64
depth-joint/depth_joint.csv/offaxis_far/300/true_y_mm,64,0,64
depth-joint/depth_joint.csv/offaxis_far/3000/true_s_mm,64,150,64
depth-joint/depth_joint.csv/offaxis_far/3000/true_x_mm,64,5,64
depth-joint/depth_joint.csv/offaxis_far/3000/true_y_mm,64,0,64
depth-joint/depth_joint.csv/offaxis_near/100/true_s_mm,64,60,64
depth-joint/depth_joint.csv/offaxis_near/100/true_x_mm,64,5,64
depth-joint/depth_joint.csv/offaxis_near/100/true_y_mm,64,0,64
depth-joint/depth_joint.csv/offaxis_near/1000/true_s_mm,64,60,64
depth-joint/depth_joint.csv/offaxis_near/1000/true_x_mm,64,5,64
depth-joint/depth_joint.csv/offaxis_near/1000/true_y_mm,64,0,64
depth-joint/depth_joint.csv/offaxis_near/300/true_s_mm,64,60,64
depth-joint/depth_joint.csv/offaxis_near/300/true_x_mm,64,5,64
depth-joint/depth_joint.csv/offaxis_near/300/true_y_mm,64,0,64
depth-joint/depth_joint.csv/offaxis_near/3000/true_s_mm,64,60,64
depth-joint/depth_joint.csv/offaxis_near/3000/true_x_mm,64,5,64
depth-joint/depth_joint.csv/offaxis_near/3000/true_y_mm,64,0,64
depth-joint/depth_joint.csv/onaxis_far/100/lateral_rms_mm,64,0,64
depth-joint/depth_joint.csv/onaxis_far/100/true_s_mm,64,150,64
depth-joint/depth_joint.csv/onaxis_far/100/true_x_mm,64,0,64
depth-joint/depth_joint.csv/onaxis_far/100/true_y_mm,64,0,64
depth-joint/depth_joint.csv/onaxis_far/1000/lateral_rms_mm,64,0,64
depth-joint/depth_joint.csv/onaxis_far/1000/true_s_mm,64,150,64
depth-joint/depth_joint.csv/onaxis_far/1000/true_x_mm,64,0,64
depth-joint/depth_joint.csv/onaxis_far/1000/true_y_mm,64,0,64
depth-joint/depth_joint.csv/onaxis_far/300/lateral_rms_mm,64,0,64
depth-joint/depth_joint.csv/onaxis_far/300/true_s_mm,64,150,64
depth-joint/depth_joint.csv/onaxis_far/300/true_x_mm,64,0,64
depth-joint/depth_joint.csv/onaxis_far/300/true_y_mm,64,0,64
depth-joint/depth_joint.csv/onaxis_far/3000/lateral_rms_mm,64,0,64
depth-joint/depth_joint.csv/onaxis_far/3000/true_s_mm,64,150,64
depth-joint/depth_joint.csv/onaxis_far/3000/true_x_mm,64,0,64
depth-joint/depth_joint.csv/onaxis_far/3000/true_y_mm,64,0,64
depth-joint/depth_joint.csv/onaxis_near/100/lateral_rms_mm,64,0,64
depth-joint/depth_joint.csv/onaxis_near/100/true_s_mm,64,60,64
depth-joint/depth_joint.csv/onaxis_near/100/true_x_mm,64,0,64
depth-joint/depth_joint.csv/onaxis_near/100/true_y_mm,64,0,64
depth-joint/depth_joint.csv/onaxis_near/1000/lateral_rms_mm,64,0,64
depth-joint/depth_joint.csv/onaxis_near/1000/true_s_mm,64,60,64
depth-joint/depth_joint.csv/onaxis_near/1000/true_x_mm,64,0,64
depth-joint/depth_joint.csv/onaxis_near/1000/true_y_mm,64,0,64
depth-joint/depth_joint.csv/onaxis_near/300/lateral_rms_mm,64,0,64
depth-joint/depth_joint.csv/onaxis_near/300/true_s_mm,64,60,64
depth-joint/depth_joint.csv/onaxis_near/300/true_x_mm,64,0,64
depth-joint/depth_joint.csv/onaxis_near/300/true_y_mm,64,0,64
depth-joint/depth_joint.csv/onaxis_near/3000/lateral_rms_mm,64,0,64
depth-joint/depth_joint.csv/onaxis_near/3000/true_s_mm,64,60,64
depth-joint/depth_joint.csv/onaxis_near/3000/true_x_mm,64,0,64
depth-joint/depth_joint.csv/onaxis_near/3000/true_y_mm,64,0,64
depth/depth.csv/150.0/100.0/error_mm,64,-10,40
depth/depth.csv/150.0/100.0/error_mm,64,-9.99,8
depth/depth.csv/150.0/100.0/error_mm,64,-9.98,3
depth/depth.csv/150.0/100.0/error_mm,64,-9.97,9
depth/depth.csv/150.0/100.0/error_mm,64,-9.96,2
depth/depth.csv/150.0/100.0/error_mm,64,-9.95,1
depth/depth.csv/150.0/100.0/error_mm,64,-9.9,1
depth/depth.csv/150.0/100.0/estimated_s_mm,64,140,40
depth/depth.csv/150.0/100.0/estimated_s_mm,64,140.01,8
depth/depth.csv/150.0/100.0/estimated_s_mm,64,140.02,3
depth/depth.csv/150.0/100.0/estimated_s_mm,64,140.03,9
depth/depth.csv/150.0/100.0/estimated_s_mm,64,140.04,2
depth/depth.csv/150.0/100.0/estimated_s_mm,64,140.05,1
depth/depth.csv/150.0/100.0/estimated_s_mm,64,140.1,1
depth/depth.csv/150.0/105.0/error_mm,64,-10,40
depth/depth.csv/150.0/105.0/error_mm,64,-9.99,8
depth/depth.csv/150.0/105.0/error_mm,64,-9.98,3
depth/depth.csv/150.0/105.0/error_mm,64,-9.97,9
depth/depth.csv/150.0/105.0/error_mm,64,-9.96,2
depth/depth.csv/150.0/105.0/error_mm,64,-9.95,1
depth/depth.csv/150.0/105.0/error_mm,64,-9.9,1
depth/depth.csv/150.0/105.0/estimated_s_mm,64,140,40
depth/depth.csv/150.0/105.0/estimated_s_mm,64,140.01,8
depth/depth.csv/150.0/105.0/estimated_s_mm,64,140.02,3
depth/depth.csv/150.0/105.0/estimated_s_mm,64,140.03,9
depth/depth.csv/150.0/105.0/estimated_s_mm,64,140.04,2
depth/depth.csv/150.0/105.0/estimated_s_mm,64,140.05,1
depth/depth.csv/150.0/105.0/estimated_s_mm,64,140.1,1
depth/depth.csv/150.0/110.0/error_mm,64,-10,40
depth/depth.csv/150.0/110.0/error_mm,64,-9.99,8
depth/depth.csv/150.0/110.0/error_mm,64,-9.98,3
depth/depth.csv/150.0/110.0/error_mm,64,-9.97,9
depth/depth.csv/150.0/110.0/error_mm,64,-9.96,2
depth/depth.csv/150.0/110.0/error_mm,64,-9.95,1
depth/depth.csv/150.0/110.0/error_mm,64,-9.9,1
depth/depth.csv/150.0/110.0/estimated_s_mm,64,140,40
depth/depth.csv/150.0/110.0/estimated_s_mm,64,140.01,8
depth/depth.csv/150.0/110.0/estimated_s_mm,64,140.02,3
depth/depth.csv/150.0/110.0/estimated_s_mm,64,140.03,9
depth/depth.csv/150.0/110.0/estimated_s_mm,64,140.04,2
depth/depth.csv/150.0/110.0/estimated_s_mm,64,140.05,1
depth/depth.csv/150.0/110.0/estimated_s_mm,64,140.1,1
depth/depth.csv/150.0/115.0/error_mm,64,-10,40
depth/depth.csv/150.0/115.0/error_mm,64,-9.99,8
depth/depth.csv/150.0/115.0/error_mm,64,-9.98,3
depth/depth.csv/150.0/115.0/error_mm,64,-9.97,9
depth/depth.csv/150.0/115.0/error_mm,64,-9.96,2
depth/depth.csv/150.0/115.0/error_mm,64,-9.95,1
depth/depth.csv/150.0/115.0/error_mm,64,-9.9,1
depth/depth.csv/150.0/115.0/estimated_s_mm,64,140,40
depth/depth.csv/150.0/115.0/estimated_s_mm,64,140.01,8
depth/depth.csv/150.0/115.0/estimated_s_mm,64,140.02,3
depth/depth.csv/150.0/115.0/estimated_s_mm,64,140.03,9
depth/depth.csv/150.0/115.0/estimated_s_mm,64,140.04,2
depth/depth.csv/150.0/115.0/estimated_s_mm,64,140.05,1
depth/depth.csv/150.0/115.0/estimated_s_mm,64,140.1,1
depth/depth.csv/150.0/120.0/error_mm,64,-10,40
depth/depth.csv/150.0/120.0/error_mm,64,-9.99,8
depth/depth.csv/150.0/120.0/error_mm,64,-9.98,3
depth/depth.csv/150.0/120.0/error_mm,64,-9.97,9
depth/depth.csv/150.0/120.0/error_mm,64,-9.96,2
depth/depth.csv/150.0/120.0/error_mm,64,-9.95,1
depth/depth.csv/150.0/120.0/error_mm,64,-9.9,1
depth/depth.csv/150.0/120.0/estimated_s_mm,64,140,40
depth/depth.csv/150.0/120.0/estimated_s_mm,64,140.01,8
depth/depth.csv/150.0/120.0/estimated_s_mm,64,140.02,3
depth/depth.csv/150.0/120.0/estimated_s_mm,64,140.03,9
depth/depth.csv/150.0/120.0/estimated_s_mm,64,140.04,2
depth/depth.csv/150.0/120.0/estimated_s_mm,64,140.05,1
depth/depth.csv/150.0/120.0/estimated_s_mm,64,140.1,1
depth/depth.csv/150.0/125.0/error_mm,64,-10,40
depth/depth.csv/150.0/125.0/error_mm,64,-9.99,8
depth/depth.csv/150.0/125.0/error_mm,64,-9.98,3
depth/depth.csv/150.0/125.0/error_mm,64,-9.97,9
depth/depth.csv/150.0/125.0/error_mm,64,-9.96,2
depth/depth.csv/150.0/125.0/error_mm,64,-9.95,1
depth/depth.csv/150.0/125.0/error_mm,64,-9.9,1
depth/depth.csv/150.0/125.0/estimated_s_mm,64,140,40
depth/depth.csv/150.0/125.0/estimated_s_mm,64,140.01,8
depth/depth.csv/150.0/125.0/estimated_s_mm,64,140.02,3
depth/depth.csv/150.0/125.0/estimated_s_mm,64,140.03,9
depth/depth.csv/150.0/125.0/estimated_s_mm,64,140.04,2
depth/depth.csv/150.0/125.0/estimated_s_mm,64,140.05,1
depth/depth.csv/150.0/125.0/estimated_s_mm,64,140.1,1
depth/depth.csv/150.0/130.0/error_mm,64,-10,40
depth/depth.csv/150.0/130.0/error_mm,64,-9.99,8
depth/depth.csv/150.0/130.0/error_mm,64,-9.98,3
depth/depth.csv/150.0/130.0/error_mm,64,-9.97,9
depth/depth.csv/150.0/130.0/error_mm,64,-9.96,2
depth/depth.csv/150.0/130.0/error_mm,64,-9.95,1
depth/depth.csv/150.0/130.0/error_mm,64,-9.9,1
depth/depth.csv/150.0/130.0/estimated_s_mm,64,140,40
depth/depth.csv/150.0/130.0/estimated_s_mm,64,140.01,8
depth/depth.csv/150.0/130.0/estimated_s_mm,64,140.02,3
depth/depth.csv/150.0/130.0/estimated_s_mm,64,140.03,9
depth/depth.csv/150.0/130.0/estimated_s_mm,64,140.04,2
depth/depth.csv/150.0/130.0/estimated_s_mm,64,140.05,1
depth/depth.csv/150.0/130.0/estimated_s_mm,64,140.1,1
depth/depth.csv/150.0/135.0/error_mm,64,-10,40
depth/depth.csv/150.0/135.0/error_mm,64,-9.99,8
depth/depth.csv/150.0/135.0/error_mm,64,-9.98,3
depth/depth.csv/150.0/135.0/error_mm,64,-9.97,9
depth/depth.csv/150.0/135.0/error_mm,64,-9.96,2
depth/depth.csv/150.0/135.0/error_mm,64,-9.95,1
depth/depth.csv/150.0/135.0/error_mm,64,-9.9,1
depth/depth.csv/150.0/135.0/estimated_s_mm,64,140,40
depth/depth.csv/150.0/135.0/estimated_s_mm,64,140.01,8
depth/depth.csv/150.0/135.0/estimated_s_mm,64,140.02,3
depth/depth.csv/150.0/135.0/estimated_s_mm,64,140.03,9
depth/depth.csv/150.0/135.0/estimated_s_mm,64,140.04,2
depth/depth.csv/150.0/135.0/estimated_s_mm,64,140.05,1
depth/depth.csv/150.0/135.0/estimated_s_mm,64,140.1,1
depth/depth.csv/150.0/140.0/error_mm,64,-10,40
depth/depth.csv/150.0/140.0/error_mm,64,-9.99,8
depth/depth.csv/150.0/140.0/error_mm,64,-9.98,3
depth/depth.csv/150.0/140.0/error_mm,64,-9.97,9
depth/depth.csv/150.0/140.0/error_mm,64,-9.96,2
depth/depth.csv/150.0/140.0/error_mm,64,-9.95,1
depth/depth.csv/150.0/140.0/error_mm,64,-9.9,1
depth/depth.csv/150.0/140.0/estimated_s_mm,64,140,40
depth/depth.csv/150.0/140.0/estimated_s_mm,64,140.01,8
depth/depth.csv/150.0/140.0/estimated_s_mm,64,140.02,3
depth/depth.csv/150.0/140.0/estimated_s_mm,64,140.03,9
depth/depth.csv/150.0/140.0/estimated_s_mm,64,140.04,2
depth/depth.csv/150.0/140.0/estimated_s_mm,64,140.05,1
depth/depth.csv/150.0/140.0/estimated_s_mm,64,140.1,1
depth/depth.csv/150.0/145.0/error_mm,64,-10,40
depth/depth.csv/150.0/145.0/error_mm,64,-9.99,8
depth/depth.csv/150.0/145.0/error_mm,64,-9.98,3
depth/depth.csv/150.0/145.0/error_mm,64,-9.97,9
depth/depth.csv/150.0/145.0/error_mm,64,-9.96,2
depth/depth.csv/150.0/145.0/error_mm,64,-9.95,1
depth/depth.csv/150.0/145.0/error_mm,64,-9.9,1
depth/depth.csv/150.0/145.0/estimated_s_mm,64,140,40
depth/depth.csv/150.0/145.0/estimated_s_mm,64,140.01,8
depth/depth.csv/150.0/145.0/estimated_s_mm,64,140.02,3
depth/depth.csv/150.0/145.0/estimated_s_mm,64,140.03,9
depth/depth.csv/150.0/145.0/estimated_s_mm,64,140.04,2
depth/depth.csv/150.0/145.0/estimated_s_mm,64,140.05,1
depth/depth.csv/150.0/145.0/estimated_s_mm,64,140.1,1
depth/depth.csv/150.0/150.0/error_mm,64,-10,40
depth/depth.csv/150.0/150.0/error_mm,64,-9.99,8
depth/depth.csv/150.0/150.0/error_mm,64,-9.98,3
depth/depth.csv/150.0/150.0/error_mm,64,-9.97,9
depth/depth.csv/150.0/150.0/error_mm,64,-9.96,2
depth/depth.csv/150.0/150.0/error_mm,64,-9.95,1
depth/depth.csv/150.0/150.0/error_mm,64,-9.9,1
depth/depth.csv/150.0/150.0/estimated_s_mm,64,140,40
depth/depth.csv/150.0/150.0/estimated_s_mm,64,140.01,8
depth/depth.csv/150.0/150.0/estimated_s_mm,64,140.02,3
depth/depth.csv/150.0/150.0/estimated_s_mm,64,140.03,9
depth/depth.csv/150.0/150.0/estimated_s_mm,64,140.04,2
depth/depth.csv/150.0/150.0/estimated_s_mm,64,140.05,1
depth/depth.csv/150.0/150.0/estimated_s_mm,64,140.1,1
depth/depth.csv/150.0/155.0/error_mm,64,-10,40
depth/depth.csv/150.0/155.0/error_mm,64,-9.99,8
depth/depth.csv/150.0/155.0/error_mm,64,-9.98,3
depth/depth.csv/150.0/155.0/error_mm,64,-9.97,9
depth/depth.csv/150.0/155.0/error_mm,64,-9.96,2
depth/depth.csv/150.0/155.0/error_mm,64,-9.95,1
depth/depth.csv/150.0/155.0/error_mm,64,-9.9,1
depth/depth.csv/150.0/155.0/estimated_s_mm,64,140,40
depth/depth.csv/150.0/155.0/estimated_s_mm,64,140.01,8
depth/depth.csv/150.0/155.0/estimated_s_mm,64,140.02,3
depth/depth.csv/150.0/155.0/estimated_s_mm,64,140.03,9
depth/depth.csv/150.0/155.0/estimated_s_mm,64,140.04,2
depth/depth.csv/150.0/155.0/estimated_s_mm,64,140.05,1
depth/depth.csv/150.0/155.0/estimated_s_mm,64,140.1,1
depth/depth.csv/150.0/160.0/error_mm,64,-10,40
depth/depth.csv/150.0/160.0/error_mm,64,-9.99,8
depth/depth.csv/150.0/160.0/error_mm,64,-9.98,3
depth/depth.csv/150.0/160.0/error_mm,64,-9.97,9
depth/depth.csv/150.0/160.0/error_mm,64,-9.96,2
depth/depth.csv/150.0/160.0/error_mm,64,-9.95,1
depth/depth.csv/150.0/160.0/error_mm,64,-9.9,1
depth/depth.csv/150.0/160.0/estimated_s_mm,64,140,40
depth/depth.csv/150.0/160.0/estimated_s_mm,64,140.01,8
depth/depth.csv/150.0/160.0/estimated_s_mm,64,140.02,3
depth/depth.csv/150.0/160.0/estimated_s_mm,64,140.03,9
depth/depth.csv/150.0/160.0/estimated_s_mm,64,140.04,2
depth/depth.csv/150.0/160.0/estimated_s_mm,64,140.05,1
depth/depth.csv/150.0/160.0/estimated_s_mm,64,140.1,1
depth/depth.csv/150.0/165.0/error_mm,64,-10,40
depth/depth.csv/150.0/165.0/error_mm,64,-9.99,8
depth/depth.csv/150.0/165.0/error_mm,64,-9.98,3
depth/depth.csv/150.0/165.0/error_mm,64,-9.97,9
depth/depth.csv/150.0/165.0/error_mm,64,-9.96,2
depth/depth.csv/150.0/165.0/error_mm,64,-9.95,1
depth/depth.csv/150.0/165.0/error_mm,64,-9.9,1
depth/depth.csv/150.0/165.0/estimated_s_mm,64,140,40
depth/depth.csv/150.0/165.0/estimated_s_mm,64,140.01,8
depth/depth.csv/150.0/165.0/estimated_s_mm,64,140.02,3
depth/depth.csv/150.0/165.0/estimated_s_mm,64,140.03,9
depth/depth.csv/150.0/165.0/estimated_s_mm,64,140.04,2
depth/depth.csv/150.0/165.0/estimated_s_mm,64,140.05,1
depth/depth.csv/150.0/165.0/estimated_s_mm,64,140.1,1
depth/depth.csv/150.0/170.0/error_mm,64,-10,40
depth/depth.csv/150.0/170.0/error_mm,64,-9.99,8
depth/depth.csv/150.0/170.0/error_mm,64,-9.98,3
depth/depth.csv/150.0/170.0/error_mm,64,-9.97,9
depth/depth.csv/150.0/170.0/error_mm,64,-9.96,2
depth/depth.csv/150.0/170.0/error_mm,64,-9.95,1
depth/depth.csv/150.0/170.0/error_mm,64,-9.9,1
depth/depth.csv/150.0/170.0/estimated_s_mm,64,140,40
depth/depth.csv/150.0/170.0/estimated_s_mm,64,140.01,8
depth/depth.csv/150.0/170.0/estimated_s_mm,64,140.02,3
depth/depth.csv/150.0/170.0/estimated_s_mm,64,140.03,9
depth/depth.csv/150.0/170.0/estimated_s_mm,64,140.04,2
depth/depth.csv/150.0/170.0/estimated_s_mm,64,140.05,1
depth/depth.csv/150.0/170.0/estimated_s_mm,64,140.1,1
depth/depth.csv/150.0/175.0/error_mm,64,-10,40
depth/depth.csv/150.0/175.0/error_mm,64,-9.99,8
depth/depth.csv/150.0/175.0/error_mm,64,-9.98,3
depth/depth.csv/150.0/175.0/error_mm,64,-9.97,9
depth/depth.csv/150.0/175.0/error_mm,64,-9.96,2
depth/depth.csv/150.0/175.0/error_mm,64,-9.95,1
depth/depth.csv/150.0/175.0/error_mm,64,-9.9,1
depth/depth.csv/150.0/175.0/estimated_s_mm,64,140,40
depth/depth.csv/150.0/175.0/estimated_s_mm,64,140.01,8
depth/depth.csv/150.0/175.0/estimated_s_mm,64,140.02,3
depth/depth.csv/150.0/175.0/estimated_s_mm,64,140.03,9
depth/depth.csv/150.0/175.0/estimated_s_mm,64,140.04,2
depth/depth.csv/150.0/175.0/estimated_s_mm,64,140.05,1
depth/depth.csv/150.0/175.0/estimated_s_mm,64,140.1,1
depth/depth.csv/150.0/180.0/error_mm,64,-10,40
depth/depth.csv/150.0/180.0/error_mm,64,-9.99,8
depth/depth.csv/150.0/180.0/error_mm,64,-9.98,3
depth/depth.csv/150.0/180.0/error_mm,64,-9.97,9
depth/depth.csv/150.0/180.0/error_mm,64,-9.96,2
depth/depth.csv/150.0/180.0/error_mm,64,-9.95,1
depth/depth.csv/150.0/180.0/error_mm,64,-9.9,1
depth/depth.csv/150.0/180.0/estimated_s_mm,64,140,40
depth/depth.csv/150.0/180.0/estimated_s_mm,64,140.01,8
depth/depth.csv/150.0/180.0/estimated_s_mm,64,140.02,3
depth/depth.csv/150.0/180.0/estimated_s_mm,64,140.03,9
depth/depth.csv/150.0/180.0/estimated_s_mm,64,140.04,2
depth/depth.csv/150.0/180.0/estimated_s_mm,64,140.05,1
depth/depth.csv/150.0/180.0/estimated_s_mm,64,140.1,1
depth/depth.csv/150.0/185.0/error_mm,64,-10,40
depth/depth.csv/150.0/185.0/error_mm,64,-9.99,8
depth/depth.csv/150.0/185.0/error_mm,64,-9.98,3
depth/depth.csv/150.0/185.0/error_mm,64,-9.97,9
depth/depth.csv/150.0/185.0/error_mm,64,-9.96,2
depth/depth.csv/150.0/185.0/error_mm,64,-9.95,1
depth/depth.csv/150.0/185.0/error_mm,64,-9.9,1
depth/depth.csv/150.0/185.0/estimated_s_mm,64,140,40
depth/depth.csv/150.0/185.0/estimated_s_mm,64,140.01,8
depth/depth.csv/150.0/185.0/estimated_s_mm,64,140.02,3
depth/depth.csv/150.0/185.0/estimated_s_mm,64,140.03,9
depth/depth.csv/150.0/185.0/estimated_s_mm,64,140.04,2
depth/depth.csv/150.0/185.0/estimated_s_mm,64,140.05,1
depth/depth.csv/150.0/185.0/estimated_s_mm,64,140.1,1
depth/depth.csv/150.0/190.0/error_mm,64,-10,40
depth/depth.csv/150.0/190.0/error_mm,64,-9.99,8
depth/depth.csv/150.0/190.0/error_mm,64,-9.98,3
depth/depth.csv/150.0/190.0/error_mm,64,-9.97,9
depth/depth.csv/150.0/190.0/error_mm,64,-9.96,2
depth/depth.csv/150.0/190.0/error_mm,64,-9.95,1
depth/depth.csv/150.0/190.0/error_mm,64,-9.9,1
depth/depth.csv/150.0/190.0/estimated_s_mm,64,140,40
depth/depth.csv/150.0/190.0/estimated_s_mm,64,140.01,8
depth/depth.csv/150.0/190.0/estimated_s_mm,64,140.02,3
depth/depth.csv/150.0/190.0/estimated_s_mm,64,140.03,9
depth/depth.csv/150.0/190.0/estimated_s_mm,64,140.04,2
depth/depth.csv/150.0/190.0/estimated_s_mm,64,140.05,1
depth/depth.csv/150.0/190.0/estimated_s_mm,64,140.1,1
depth/depth.csv/150.0/195.0/error_mm,64,-10,40
depth/depth.csv/150.0/195.0/error_mm,64,-9.99,8
depth/depth.csv/150.0/195.0/error_mm,64,-9.98,3
depth/depth.csv/150.0/195.0/error_mm,64,-9.97,9
depth/depth.csv/150.0/195.0/error_mm,64,-9.96,2
depth/depth.csv/150.0/195.0/error_mm,64,-9.95,1
depth/depth.csv/150.0/195.0/error_mm,64,-9.9,1
depth/depth.csv/150.0/195.0/estimated_s_mm,64,140,40
depth/depth.csv/150.0/195.0/estimated_s_mm,64,140.01,8
depth/depth.csv/150.0/195.0/estimated_s_mm,64,140.02,3
depth/depth.csv/150.0/195.0/estimated_s_mm,64,140.03,9
depth/depth.csv/150.0/195.0/estimated_s_mm,64,140.04,2
depth/depth.csv/150.0/195.0/estimated_s_mm,64,140.05,1
depth/depth.csv/150.0/195.0/estimated_s_mm,64,140.1,1
depth/depth.csv/150.0/20.0/error_mm,64,-10,40
depth/depth.csv/150.0/20.0/error_mm,64,-9.99,8
depth/depth.csv/150.0/20.0/error_mm,64,-9.98,3
depth/depth.csv/150.0/20.0/error_mm,64,-9.97,9
depth/depth.csv/150.0/20.0/error_mm,64,-9.96,2
depth/depth.csv/150.0/20.0/error_mm,64,-9.95,1
depth/depth.csv/150.0/20.0/error_mm,64,-9.9,1
depth/depth.csv/150.0/20.0/estimated_s_mm,64,140,40
depth/depth.csv/150.0/20.0/estimated_s_mm,64,140.01,8
depth/depth.csv/150.0/20.0/estimated_s_mm,64,140.02,3
depth/depth.csv/150.0/20.0/estimated_s_mm,64,140.03,9
depth/depth.csv/150.0/20.0/estimated_s_mm,64,140.04,2
depth/depth.csv/150.0/20.0/estimated_s_mm,64,140.05,1
depth/depth.csv/150.0/20.0/estimated_s_mm,64,140.1,1
depth/depth.csv/150.0/200.0/error_mm,64,-10,40
depth/depth.csv/150.0/200.0/error_mm,64,-9.99,8
depth/depth.csv/150.0/200.0/error_mm,64,-9.98,3
depth/depth.csv/150.0/200.0/error_mm,64,-9.97,9
depth/depth.csv/150.0/200.0/error_mm,64,-9.96,2
depth/depth.csv/150.0/200.0/error_mm,64,-9.95,1
depth/depth.csv/150.0/200.0/error_mm,64,-9.9,1
depth/depth.csv/150.0/200.0/estimated_s_mm,64,140,40
depth/depth.csv/150.0/200.0/estimated_s_mm,64,140.01,8
depth/depth.csv/150.0/200.0/estimated_s_mm,64,140.02,3
depth/depth.csv/150.0/200.0/estimated_s_mm,64,140.03,9
depth/depth.csv/150.0/200.0/estimated_s_mm,64,140.04,2
depth/depth.csv/150.0/200.0/estimated_s_mm,64,140.05,1
depth/depth.csv/150.0/200.0/estimated_s_mm,64,140.1,1
depth/depth.csv/150.0/205.0/error_mm,64,-10,40
depth/depth.csv/150.0/205.0/error_mm,64,-9.99,8
depth/depth.csv/150.0/205.0/error_mm,64,-9.98,3
depth/depth.csv/150.0/205.0/error_mm,64,-9.97,9
depth/depth.csv/150.0/205.0/error_mm,64,-9.96,2
depth/depth.csv/150.0/205.0/error_mm,64,-9.95,1
depth/depth.csv/150.0/205.0/error_mm,64,-9.9,1
depth/depth.csv/150.0/205.0/estimated_s_mm,64,140,40
depth/depth.csv/150.0/205.0/estimated_s_mm,64,140.01,8
depth/depth.csv/150.0/205.0/estimated_s_mm,64,140.02,3
depth/depth.csv/150.0/205.0/estimated_s_mm,64,140.03,9
depth/depth.csv/150.0/205.0/estimated_s_mm,64,140.04,2
depth/depth.csv/150.0/205.0/estimated_s_mm,64,140.05,1
depth/depth.csv/150.0/205.0/estimated_s_mm,64,140.1,1
depth/depth.csv/150.0/210.0/error_mm,64,-10,40
depth/depth.csv/150.0/210.0/error_mm,64,-9.99,8
depth/depth.csv/150.0/210.0/error_mm,64,-9.98,3
depth/depth.csv/150.0/210.0/error_mm,64,-9.97,9
depth/depth.csv/150.0/210.0/error_mm,64,-9.96,2
depth/depth.csv/150.0/210.0/error_mm,64,-9.95,1
depth/depth.csv/150.0/210.0/error_mm,64,-9.9,1
depth/depth.csv/150.0/210.0/estimated_s_mm,64,140,40
depth/depth.csv/150.0/210.0/estimated_s_mm,64,140.01,8
depth/depth.csv/150.0/210.0/estimated_s_mm,64,140.02,3
depth/depth.csv/150.0/210.0/estimated_s_mm,64,140.03,9
depth/depth.csv/150.0/210.0/estimated_s_mm,64,140.04,2
depth/depth.csv/150.0/210.0/estimated_s_mm,64,140.05,1
depth/depth.csv/150.0/210.0/estimated_s_mm,64,140.1,1
depth/depth.csv/150.0/215.0/error_mm,64,-10,40
depth/depth.csv/150.0/215.0/error_mm,64,-9.99,8
depth/depth.csv/150.0/215.0/error_mm,64,-9.98,3
depth/depth.csv/150.0/215.0/error_mm,64,-9.97,9
depth/depth.csv/150.0/215.0/error_mm,64,-9.96,2
depth/depth.csv/150.0/215.0/error_mm,64,-9.95,1
depth/depth.csv/150.0/215.0/error_mm,64,-9.9,1
depth/depth.csv/150.0/215.0/estimated_s_mm,64,140,40
depth/depth.csv/150.0/215.0/estimated_s_mm,64,140.01,8
depth/depth.csv/150.0/215.0/estimated_s_mm,64,140.02,3
depth/depth.csv/150.0/215.0/estimated_s_mm,64,140.03,9
depth/depth.csv/150.0/215.0/estimated_s_mm,64,140.04,2
depth/depth.csv/150.0/215.0/estimated_s_mm,64,140.05,1
depth/depth.csv/150.0/215.0/estimated_s_mm,64,140.1,1
depth/depth.csv/150.0/220.0/error_mm,64,-10,40
depth/depth.csv/150.0/220.0/error_mm,64,-9.99,8
depth/depth.csv/150.0/220.0/error_mm,64,-9.98,3
depth/depth.csv/150.0/220.0/error_mm,64,-9.97,9
depth/depth.csv/150.0/220.0/error_mm,64,-9.96,2
depth/depth.csv/150.0/220.0/error_mm,64,-9.95,1
depth/depth.csv/150.0/220.0/error_mm,64,-9.9,1
depth/depth.csv/150.0/220.0/estimated_s_mm,64,140,40
depth/depth.csv/150.0/220.0/estimated_s_mm,64,140.01,8
depth/depth.csv/150.0/220.0/estimated_s_mm,64,140.02,3
depth/depth.csv/150.0/220.0/estimated_s_mm,64,140.03,9
depth/depth.csv/150.0/220.0/estimated_s_mm,64,140.04,2
depth/depth.csv/150.0/220.0/estimated_s_mm,64,140.05,1
depth/depth.csv/150.0/220.0/estimated_s_mm,64,140.1,1
depth/depth.csv/150.0/225.0/error_mm,64,-10,40
depth/depth.csv/150.0/225.0/error_mm,64,-9.99,8
depth/depth.csv/150.0/225.0/error_mm,64,-9.98,3
depth/depth.csv/150.0/225.0/error_mm,64,-9.97,9
depth/depth.csv/150.0/225.0/error_mm,64,-9.96,2
depth/depth.csv/150.0/225.0/error_mm,64,-9.95,1
depth/depth.csv/150.0/225.0/error_mm,64,-9.9,1
depth/depth.csv/150.0/225.0/estimated_s_mm,64,140,40
depth/depth.csv/150.0/225.0/estimated_s_mm,64,140.01,8
depth/depth.csv/150.0/225.0/estimated_s_mm,64,140.02,3
depth/depth.csv/150.0/225.0/estimated_s_mm,64,140.03,9
depth/depth.csv/150.0/225.0/estimated_s_mm,64,140.04,2
depth/depth.csv/150.0/225.0/estimated_s_mm,64,140.05,1
depth/depth.csv/150.0/225.0/estimated_s_mm,64,140.1,1
depth/depth.csv/150.0/230.0/error_mm,64,-10,40
depth/depth.csv/150.0/230.0/error_mm,64,-9.99,8
depth/depth.csv/150.0/230.0/error_mm,64,-9.98,3
depth/depth.csv/150.0/230.0/error_mm,64,-9.97,9
depth/depth.csv/150.0/230.0/error_mm,64,-9.96,2
depth/depth.csv/150.0/230.0/error_mm,64,-9.95,1
depth/depth.csv/150.0/230.0/error_mm,64,-9.9,1
depth/depth.csv/150.0/230.0/estimated_s_mm,64,140,40
depth/depth.csv/150.0/230.0/estimated_s_mm,64,140.01,8
depth/depth.csv/150.0/230.0/estimated_s_mm,64,140.02,3
depth/depth.csv/150.0/230.0/estimated_s_mm,64,140.03,9
depth/depth.csv/150.0/230.0/estimated_s_mm,64,140.04,2
depth/depth.csv/150.0/230.0/estimated_s_mm,64,140.05,1
depth/depth.csv/150.0/230.0/estimated_s_mm,64,140.1,1
depth/depth.csv/150.0/235.0/error_mm,64,-10,40
depth/depth.csv/150.0/235.0/error_mm,64,-9.99,8
depth/depth.csv/150.0/235.0/error_mm,64,-9.98,3
depth/depth.csv/150.0/235.0/error_mm,64,-9.97,9
depth/depth.csv/150.0/235.0/error_mm,64,-9.96,2
depth/depth.csv/150.0/235.0/error_mm,64,-9.95,1
depth/depth.csv/150.0/235.0/error_mm,64,-9.9,1
depth/depth.csv/150.0/235.0/estimated_s_mm,64,140,40
depth/depth.csv/150.0/235.0/estimated_s_mm,64,140.01,8
depth/depth.csv/150.0/235.0/estimated_s_mm,64,140.02,3
depth/depth.csv/150.0/235.0/estimated_s_mm,64,140.03,9
depth/depth.csv/150.0/235.0/estimated_s_mm,64,140.04,2
depth/depth.csv/150.0/235.0/estimated_s_mm,64,140.05,1
depth/depth.csv/150.0/235.0/estimated_s_mm,64,140.1,1
depth/depth.csv/150.0/240.0/error_mm,64,-10,40
depth/depth.csv/150.0/240.0/error_mm,64,-9.99,8
depth/depth.csv/150.0/240.0/error_mm,64,-9.98,3
depth/depth.csv/150.0/240.0/error_mm,64,-9.97,9
depth/depth.csv/150.0/240.0/error_mm,64,-9.96,2
depth/depth.csv/150.0/240.0/error_mm,64,-9.95,1
depth/depth.csv/150.0/240.0/error_mm,64,-9.9,1
depth/depth.csv/150.0/240.0/estimated_s_mm,64,140,40
depth/depth.csv/150.0/240.0/estimated_s_mm,64,140.01,8
depth/depth.csv/150.0/240.0/estimated_s_mm,64,140.02,3
depth/depth.csv/150.0/240.0/estimated_s_mm,64,140.03,9
depth/depth.csv/150.0/240.0/estimated_s_mm,64,140.04,2
depth/depth.csv/150.0/240.0/estimated_s_mm,64,140.05,1
depth/depth.csv/150.0/240.0/estimated_s_mm,64,140.1,1
depth/depth.csv/150.0/245.0/error_mm,64,-10,40
depth/depth.csv/150.0/245.0/error_mm,64,-9.99,8
depth/depth.csv/150.0/245.0/error_mm,64,-9.98,3
depth/depth.csv/150.0/245.0/error_mm,64,-9.97,9
depth/depth.csv/150.0/245.0/error_mm,64,-9.96,2
depth/depth.csv/150.0/245.0/error_mm,64,-9.95,1
depth/depth.csv/150.0/245.0/error_mm,64,-9.9,1
depth/depth.csv/150.0/245.0/estimated_s_mm,64,140,40
depth/depth.csv/150.0/245.0/estimated_s_mm,64,140.01,8
depth/depth.csv/150.0/245.0/estimated_s_mm,64,140.02,3
depth/depth.csv/150.0/245.0/estimated_s_mm,64,140.03,9
depth/depth.csv/150.0/245.0/estimated_s_mm,64,140.04,2
depth/depth.csv/150.0/245.0/estimated_s_mm,64,140.05,1
depth/depth.csv/150.0/245.0/estimated_s_mm,64,140.1,1
depth/depth.csv/150.0/25.0/error_mm,64,-10,40
depth/depth.csv/150.0/25.0/error_mm,64,-9.99,8
depth/depth.csv/150.0/25.0/error_mm,64,-9.98,3
depth/depth.csv/150.0/25.0/error_mm,64,-9.97,9
depth/depth.csv/150.0/25.0/error_mm,64,-9.96,2
depth/depth.csv/150.0/25.0/error_mm,64,-9.95,1
depth/depth.csv/150.0/25.0/error_mm,64,-9.9,1
depth/depth.csv/150.0/25.0/estimated_s_mm,64,140,40
depth/depth.csv/150.0/25.0/estimated_s_mm,64,140.01,8
depth/depth.csv/150.0/25.0/estimated_s_mm,64,140.02,3
depth/depth.csv/150.0/25.0/estimated_s_mm,64,140.03,9
depth/depth.csv/150.0/25.0/estimated_s_mm,64,140.04,2
depth/depth.csv/150.0/25.0/estimated_s_mm,64,140.05,1
depth/depth.csv/150.0/25.0/estimated_s_mm,64,140.1,1
depth/depth.csv/150.0/250.0/error_mm,64,-10,40
depth/depth.csv/150.0/250.0/error_mm,64,-9.99,8
depth/depth.csv/150.0/250.0/error_mm,64,-9.98,3
depth/depth.csv/150.0/250.0/error_mm,64,-9.97,9
depth/depth.csv/150.0/250.0/error_mm,64,-9.96,2
depth/depth.csv/150.0/250.0/error_mm,64,-9.95,1
depth/depth.csv/150.0/250.0/error_mm,64,-9.9,1
depth/depth.csv/150.0/250.0/estimated_s_mm,64,140,40
depth/depth.csv/150.0/250.0/estimated_s_mm,64,140.01,8
depth/depth.csv/150.0/250.0/estimated_s_mm,64,140.02,3
depth/depth.csv/150.0/250.0/estimated_s_mm,64,140.03,9
depth/depth.csv/150.0/250.0/estimated_s_mm,64,140.04,2
depth/depth.csv/150.0/250.0/estimated_s_mm,64,140.05,1
depth/depth.csv/150.0/250.0/estimated_s_mm,64,140.1,1
depth/depth.csv/150.0/255.0/error_mm,64,-10,40
depth/depth.csv/150.0/255.0/error_mm,64,-9.99,8
depth/depth.csv/150.0/255.0/error_mm,64,-9.98,3
depth/depth.csv/150.0/255.0/error_mm,64,-9.97,9
depth/depth.csv/150.0/255.0/error_mm,64,-9.96,2
depth/depth.csv/150.0/255.0/error_mm,64,-9.95,1
depth/depth.csv/150.0/255.0/error_mm,64,-9.9,1
depth/depth.csv/150.0/255.0/estimated_s_mm,64,140,40
depth/depth.csv/150.0/255.0/estimated_s_mm,64,140.01,8
depth/depth.csv/150.0/255.0/estimated_s_mm,64,140.02,3
depth/depth.csv/150.0/255.0/estimated_s_mm,64,140.03,9
depth/depth.csv/150.0/255.0/estimated_s_mm,64,140.04,2
depth/depth.csv/150.0/255.0/estimated_s_mm,64,140.05,1
depth/depth.csv/150.0/255.0/estimated_s_mm,64,140.1,1
depth/depth.csv/150.0/260.0/error_mm,64,-10,40
depth/depth.csv/150.0/260.0/error_mm,64,-9.99,8
depth/depth.csv/150.0/260.0/error_mm,64,-9.98,3
depth/depth.csv/150.0/260.0/error_mm,64,-9.97,9
depth/depth.csv/150.0/260.0/error_mm,64,-9.96,2
depth/depth.csv/150.0/260.0/error_mm,64,-9.95,1
depth/depth.csv/150.0/260.0/error_mm,64,-9.9,1
depth/depth.csv/150.0/260.0/estimated_s_mm,64,140,40
depth/depth.csv/150.0/260.0/estimated_s_mm,64,140.01,8
depth/depth.csv/150.0/260.0/estimated_s_mm,64,140.02,3
depth/depth.csv/150.0/260.0/estimated_s_mm,64,140.03,9
depth/depth.csv/150.0/260.0/estimated_s_mm,64,140.04,2
depth/depth.csv/150.0/260.0/estimated_s_mm,64,140.05,1
depth/depth.csv/150.0/260.0/estimated_s_mm,64,140.1,1
depth/depth.csv/150.0/30.0/error_mm,64,-10,40
depth/depth.csv/150.0/30.0/error_mm,64,-9.99,8
depth/depth.csv/150.0/30.0/error_mm,64,-9.98,3
depth/depth.csv/150.0/30.0/error_mm,64,-9.97,9
depth/depth.csv/150.0/30.0/error_mm,64,-9.96,2
depth/depth.csv/150.0/30.0/error_mm,64,-9.95,1
depth/depth.csv/150.0/30.0/error_mm,64,-9.9,1
depth/depth.csv/150.0/30.0/estimated_s_mm,64,140,40
depth/depth.csv/150.0/30.0/estimated_s_mm,64,140.01,8
depth/depth.csv/150.0/30.0/estimated_s_mm,64,140.02,3
depth/depth.csv/150.0/30.0/estimated_s_mm,64,140.03,9
depth/depth.csv/150.0/30.0/estimated_s_mm,64,140.04,2
depth/depth.csv/150.0/30.0/estimated_s_mm,64,140.05,1
depth/depth.csv/150.0/30.0/estimated_s_mm,64,140.1,1
depth/depth.csv/150.0/35.0/error_mm,64,-10,40
depth/depth.csv/150.0/35.0/error_mm,64,-9.99,8
depth/depth.csv/150.0/35.0/error_mm,64,-9.98,3
depth/depth.csv/150.0/35.0/error_mm,64,-9.97,9
depth/depth.csv/150.0/35.0/error_mm,64,-9.96,2
depth/depth.csv/150.0/35.0/error_mm,64,-9.95,1
depth/depth.csv/150.0/35.0/error_mm,64,-9.9,1
depth/depth.csv/150.0/35.0/estimated_s_mm,64,140,40
depth/depth.csv/150.0/35.0/estimated_s_mm,64,140.01,8
depth/depth.csv/150.0/35.0/estimated_s_mm,64,140.02,3
depth/depth.csv/150.0/35.0/estimated_s_mm,64,140.03,9
depth/depth.csv/150.0/35.0/estimated_s_mm,64,140.04,2
depth/depth.csv/150.0/35.0/estimated_s_mm,64,140.05,1
depth/depth.csv/150.0/35.0/estimated_s_mm,64,140.1,1
depth/depth.csv/150.0/40.0/error_mm,64,-10,40
depth/depth.csv/150.0/40.0/error_mm,64,-9.99,8
depth/depth.csv/150.0/40.0/error_mm,64,-9.98,3
depth/depth.csv/150.0/40.0/error_mm,64,-9.97,9
depth/depth.csv/150.0/40.0/error_mm,64,-9.96,2
depth/depth.csv/150.0/40.0/error_mm,64,-9.95,1
depth/depth.csv/150.0/40.0/error_mm,64,-9.9,1
depth/depth.csv/150.0/40.0/estimated_s_mm,64,140,40
depth/depth.csv/150.0/40.0/estimated_s_mm,64,140.01,8
depth/depth.csv/150.0/40.0/estimated_s_mm,64,140.02,3
depth/depth.csv/150.0/40.0/estimated_s_mm,64,140.03,9
depth/depth.csv/150.0/40.0/estimated_s_mm,64,140.04,2
depth/depth.csv/150.0/40.0/estimated_s_mm,64,140.05,1
depth/depth.csv/150.0/40.0/estimated_s_mm,64,140.1,1
depth/depth.csv/150.0/45.0/error_mm,64,-10,40
depth/depth.csv/150.0/45.0/error_mm,64,-9.99,8
depth/depth.csv/150.0/45.0/error_mm,64,-9.98,3
depth/depth.csv/150.0/45.0/error_mm,64,-9.97,9
depth/depth.csv/150.0/45.0/error_mm,64,-9.96,2
depth/depth.csv/150.0/45.0/error_mm,64,-9.95,1
depth/depth.csv/150.0/45.0/error_mm,64,-9.9,1
depth/depth.csv/150.0/45.0/estimated_s_mm,64,140,40
depth/depth.csv/150.0/45.0/estimated_s_mm,64,140.01,8
depth/depth.csv/150.0/45.0/estimated_s_mm,64,140.02,3
depth/depth.csv/150.0/45.0/estimated_s_mm,64,140.03,9
depth/depth.csv/150.0/45.0/estimated_s_mm,64,140.04,2
depth/depth.csv/150.0/45.0/estimated_s_mm,64,140.05,1
depth/depth.csv/150.0/45.0/estimated_s_mm,64,140.1,1
depth/depth.csv/150.0/50.0/error_mm,64,-10,40
depth/depth.csv/150.0/50.0/error_mm,64,-9.99,8
depth/depth.csv/150.0/50.0/error_mm,64,-9.98,3
depth/depth.csv/150.0/50.0/error_mm,64,-9.97,9
depth/depth.csv/150.0/50.0/error_mm,64,-9.96,2
depth/depth.csv/150.0/50.0/error_mm,64,-9.95,1
depth/depth.csv/150.0/50.0/error_mm,64,-9.9,1
depth/depth.csv/150.0/50.0/estimated_s_mm,64,140,40
depth/depth.csv/150.0/50.0/estimated_s_mm,64,140.01,8
depth/depth.csv/150.0/50.0/estimated_s_mm,64,140.02,3
depth/depth.csv/150.0/50.0/estimated_s_mm,64,140.03,9
depth/depth.csv/150.0/50.0/estimated_s_mm,64,140.04,2
depth/depth.csv/150.0/50.0/estimated_s_mm,64,140.05,1
depth/depth.csv/150.0/50.0/estimated_s_mm,64,140.1,1
depth/depth.csv/150.0/55.0/error_mm,64,-10,40
depth/depth.csv/150.0/55.0/error_mm,64,-9.99,8
depth/depth.csv/150.0/55.0/error_mm,64,-9.98,3
depth/depth.csv/150.0/55.0/error_mm,64,-9.97,9
depth/depth.csv/150.0/55.0/error_mm,64,-9.96,2
depth/depth.csv/150.0/55.0/error_mm,64,-9.95,1
depth/depth.csv/150.0/55.0/error_mm,64,-9.9,1
depth/depth.csv/150.0/55.0/estimated_s_mm,64,140,40
depth/depth.csv/150.0/55.0/estimated_s_mm,64,140.01,8
depth/depth.csv/150.0/55.0/estimated_s_mm,64,140.02,3
depth/depth.csv/150.0/55.0/estimated_s_mm,64,140.03,9
depth/depth.csv/150.0/55.0/estimated_s_mm,64,140.04,2
depth/depth.csv/150.0/55.0/estimated_s_mm,64,140.05,1
depth/depth.csv/150.0/55.0/estimated_s_mm,64,140.1,1
depth/depth.csv/150.0/60.0/error_mm,64,-10,40
depth/depth.csv/150.0/60.0/error_mm,64,-9.99,8
depth/depth.csv/150.0/60.0/error_mm,64,-9.98,3
depth/depth.csv/150.0/60.0/error_mm,64,-9.97,9
depth/depth.csv/150.0/60.0/error_mm,64,-9.96,2
depth/depth.csv/150.0/60.0/error_mm,64,-9.95,1
depth/depth.csv/150.0/60.0/error_mm,64,-9.9,1
depth/depth.csv/150.0/60.0/estimated_s_mm,64,140,40
depth/depth.csv/150.0/60.0/estimated_s_mm,64,140.01,8
depth/depth.csv/150.0/60.0/estimated_s_mm,64,140.02,3
depth/depth.csv/150.0/60.0/estimated_s_mm,64,140.03,9
depth/depth.csv/150.0/60.0/estimated_s_mm,64,140.04,2
depth/depth.csv/150.0/60.0/estimated_s_mm,64,140.05,1
depth/depth.csv/150.0/60.0/estimated_s_mm,64,140.1,1
depth/depth.csv/150.0/65.0/error_mm,64,-10,40
depth/depth.csv/150.0/65.0/error_mm,64,-9.99,8
depth/depth.csv/150.0/65.0/error_mm,64,-9.98,3
depth/depth.csv/150.0/65.0/error_mm,64,-9.97,9
depth/depth.csv/150.0/65.0/error_mm,64,-9.96,2
depth/depth.csv/150.0/65.0/error_mm,64,-9.95,1
depth/depth.csv/150.0/65.0/error_mm,64,-9.9,1
depth/depth.csv/150.0/65.0/estimated_s_mm,64,140,40
depth/depth.csv/150.0/65.0/estimated_s_mm,64,140.01,8
depth/depth.csv/150.0/65.0/estimated_s_mm,64,140.02,3
depth/depth.csv/150.0/65.0/estimated_s_mm,64,140.03,9
depth/depth.csv/150.0/65.0/estimated_s_mm,64,140.04,2
depth/depth.csv/150.0/65.0/estimated_s_mm,64,140.05,1
depth/depth.csv/150.0/65.0/estimated_s_mm,64,140.1,1
depth/depth.csv/150.0/70.0/error_mm,64,-10,40
depth/depth.csv/150.0/70.0/error_mm,64,-9.99,8
depth/depth.csv/150.0/70.0/error_mm,64,-9.98,3
depth/depth.csv/150.0/70.0/error_mm,64,-9.97,9
depth/depth.csv/150.0/70.0/error_mm,64,-9.96,2
depth/depth.csv/150.0/70.0/error_mm,64,-9.95,1
depth/depth.csv/150.0/70.0/error_mm,64,-9.9,1
depth/depth.csv/150.0/70.0/estimated_s_mm,64,140,40
depth/depth.csv/150.0/70.0/estimated_s_mm,64,140.01,8
depth/depth.csv/150.0/70.0/estimated_s_mm,64,140.02,3
depth/depth.csv/150.0/70.0/estimated_s_mm,64,140.03,9
depth/depth.csv/150.0/70.0/estimated_s_mm,64,140.04,2
depth/depth.csv/150.0/70.0/estimated_s_mm,64,140.05,1
depth/depth.csv/150.0/70.0/estimated_s_mm,64,140.1,1
depth/depth.csv/150.0/75.0/error_mm,64,-10,40
depth/depth.csv/150.0/75.0/error_mm,64,-9.99,8
depth/depth.csv/150.0/75.0/error_mm,64,-9.98,3
depth/depth.csv/150.0/75.0/error_mm,64,-9.97,9
depth/depth.csv/150.0/75.0/error_mm,64,-9.96,2
depth/depth.csv/150.0/75.0/error_mm,64,-9.95,1
depth/depth.csv/150.0/75.0/error_mm,64,-9.9,1
depth/depth.csv/150.0/75.0/estimated_s_mm,64,140,40
depth/depth.csv/150.0/75.0/estimated_s_mm,64,140.01,8
depth/depth.csv/150.0/75.0/estimated_s_mm,64,140.02,3
depth/depth.csv/150.0/75.0/estimated_s_mm,64,140.03,9
depth/depth.csv/150.0/75.0/estimated_s_mm,64,140.04,2
depth/depth.csv/150.0/75.0/estimated_s_mm,64,140.05,1
depth/depth.csv/150.0/75.0/estimated_s_mm,64,140.1,1
depth/depth.csv/150.0/80.0/error_mm,64,-10,40
depth/depth.csv/150.0/80.0/error_mm,64,-9.99,8
depth/depth.csv/150.0/80.0/error_mm,64,-9.98,3
depth/depth.csv/150.0/80.0/error_mm,64,-9.97,9
depth/depth.csv/150.0/80.0/error_mm,64,-9.96,2
depth/depth.csv/150.0/80.0/error_mm,64,-9.95,1
depth/depth.csv/150.0/80.0/error_mm,64,-9.9,1
depth/depth.csv/150.0/80.0/estimated_s_mm,64,140,40
depth/depth.csv/150.0/80.0/estimated_s_mm,64,140.01,8
depth/depth.csv/150.0/80.0/estimated_s_mm,64,140.02,3
depth/depth.csv/150.0/80.0/estimated_s_mm,64,140.03,9
depth/depth.csv/150.0/80.0/estimated_s_mm,64,140.04,2
depth/depth.csv/150.0/80.0/estimated_s_mm,64,140.05,1
depth/depth.csv/150.0/80.0/estimated_s_mm,64,140.1,1
depth/depth.csv/150.0/85.0/error_mm,64,-10,40
depth/depth.csv/150.0/85.0/error_mm,64,-9.99,8
depth/depth.csv/150.0/85.0/error_mm,64,-9.98,3
depth/depth.csv/150.0/85.0/error_mm,64,-9.97,9
depth/depth.csv/150.0/85.0/error_mm,64,-9.96,2
depth/depth.csv/150.0/85.0/error_mm,64,-9.95,1
depth/depth.csv/150.0/85.0/error_mm,64,-9.9,1
depth/depth.csv/150.0/85.0/estimated_s_mm,64,140,40
depth/depth.csv/150.0/85.0/estimated_s_mm,64,140.01,8
depth/depth.csv/150.0/85.0/estimated_s_mm,64,140.02,3
depth/depth.csv/150.0/85.0/estimated_s_mm,64,140.03,9
depth/depth.csv/150.0/85.0/estimated_s_mm,64,140.04,2
depth/depth.csv/150.0/85.0/estimated_s_mm,64,140.05,1
depth/depth.csv/150.0/85.0/estimated_s_mm,64,140.1,1
depth/depth.csv/150.0/90.0/error_mm,64,-10,40
depth/depth.csv/150.0/90.0/error_mm,64,-9.99,8
depth/depth.csv/150.0/90.0/error_mm,64,-9.98,3
depth/depth.csv/150.0/90.0/error_mm,64,-9.97,9
depth/depth.csv/150.0/90.0/error_mm,64,-9.96,2
depth/depth.csv/150.0/90.0/error_mm,64,-9.95,1
depth/depth.csv/150.0/90.0/error_mm,64,-9.9,1
depth/depth.csv/150.0/90.0/estimated_s_mm,64,140,40
depth/depth.csv/150.0/90.0/estimated_s_mm,64,140.01,8
depth/depth.csv/150.0/90.0/estimated_s_mm,64,140.02,3
depth/depth.csv/150.0/90.0/estimated_s_mm,64,140.03,9
depth/depth.csv/150.0/90.0/estimated_s_mm,64,140.04,2
depth/depth.csv/150.0/90.0/estimated_s_mm,64,140.05,1
depth/depth.csv/150.0/90.0/estimated_s_mm,64,140.1,1
depth/depth.csv/150.0/95.0/error_mm,64,-10,40
depth/depth.csv/150.0/95.0/error_mm,64,-9.99,8
depth/depth.csv/150.0/95.0/error_mm,64,-9.98,3
depth/depth.csv/150.0/95.0/error_mm,64,-9.97,9
depth/depth.csv/150.0/95.0/error_mm,64,-9.96,2
depth/depth.csv/150.0/95.0/error_mm,64,-9.95,1
depth/depth.csv/150.0/95.0/error_mm,64,-9.9,1
depth/depth.csv/150.0/95.0/estimated_s_mm,64,140,40
depth/depth.csv/150.0/95.0/estimated_s_mm,64,140.01,8
depth/depth.csv/150.0/95.0/estimated_s_mm,64,140.02,3
depth/depth.csv/150.0/95.0/estimated_s_mm,64,140.03,9
depth/depth.csv/150.0/95.0/estimated_s_mm,64,140.04,2
depth/depth.csv/150.0/95.0/estimated_s_mm,64,140.05,1
depth/depth.csv/150.0/95.0/estimated_s_mm,64,140.1,1
depth/depth.csv/200.0/100.0/focus,64,16.1,4
depth/depth.csv/200.0/100.0/focus,64,16.2,15
depth/depth.csv/200.0/100.0/focus,64,16.3,22
depth/depth.csv/200.0/100.0/focus,64,16.4,10
depth/depth.csv/200.0/100.0/focus,64,16.5,10
depth/depth.csv/200.0/100.0/focus,64,16.6,2
depth/depth.csv/200.0/100.0/focus,64,16.7,1
depth/depth.csv/200.0/105.0/focus,64,16.1,4
depth/depth.csv/200.0/105.0/focus,64,16.2,15
depth/depth.csv/200.0/105.0/focus,64,16.3,22
depth/depth.csv/200.0/105.0/focus,64,16.4,10
depth/depth.csv/200.0/105.0/focus,64,16.5,10
depth/depth.csv/200.0/105.0/focus,64,16.6,2
depth/depth.csv/200.0/105.0/focus,64,16.7,1
depth/depth.csv/200.0/110.0/focus,64,16.1,4
depth/depth.csv/200.0/110.0/focus,64,16.2,15
depth/depth.csv/200.0/110.0/focus,64,16.3,22
depth/depth.csv/200.0/110.0/focus,64,16.4,10
depth/depth.csv/200.0/110.0/focus,64,16.5,10
depth/depth.csv/200.0/110.0/focus,64,16.6,2
depth/depth.csv/200.0/110.0/focus,64,16.7,1
depth/depth.csv/200.0/115.0/focus,64,16.1,4
depth/depth.csv/200.0/115.0/focus,64,16.2,15
depth/depth.csv/200.0/115.0/focus,64,16.3,22
depth/depth.csv/200.0/115.0/focus,64,16.4,10
depth/depth.csv/200.0/115.0/focus,64,16.5,10
depth/depth.csv/200.0/115.0/focus,64,16.6,2
depth/depth.csv/200.0/115.0/focus,64,16.7,1
depth/depth.csv/200.0/120.0/focus,64,20.2,1
depth/depth.csv/200.0/120.0/focus,64,20.3,11
depth/depth.csv/200.0/120.0/focus,64,20.4,15
depth/depth.csv/200.0/120.0/focus,64,20.5,23
depth/depth.csv/200.0/120.0/focus,64,20.6,10
depth/depth.csv/200.0/120.0/focus,64,20.7,4
depth/depth.csv/200.0/125.0/focus,64,36,6
depth/depth.csv/200.0/125.0/focus,64,36.1,12
depth/depth.csv/200.0/125.0/focus,64,36.2,19
depth/depth.csv/200.0/125.0/focus,64,36.3,18
depth/depth.csv/200.0/125.0/focus,64,36.4,8
depth/depth.csv/200.0/125.0/focus,64,36.5,1
depth/depth.csv/200.0/130.0/focus,64,36,6
depth/depth.csv/200.0/130.0/focus,64,36.1,12
depth/depth.csv/200.0/130.0/focus,64,36.2,19
depth/depth.csv/200.0/130.0/focus,64,36.3,18
depth/depth.csv/200.0/130.0/focus,64,36.4,8
depth/depth.csv/200.0/130.0/focus,64,36.5,1
depth/depth.csv/200.0/135.0/focus,64,36,6
depth/depth.csv/200.0/135.0/focus,64,36.1,12
depth/depth.csv/200.0/135.0/focus,64,36.2,19
depth/depth.csv/200.0/135.0/focus,64,36.3,18
depth/depth.csv/200.0/135.0/focus,64,36.4,8
depth/depth.csv/200.0/135.0/focus,64,36.5,1
depth/depth.csv/200.0/140.0/focus,64,36,6
depth/depth.csv/200.0/140.0/focus,64,36.1,12
depth/depth.csv/200.0/140.0/focus,64,36.2,19
depth/depth.csv/200.0/140.0/focus,64,36.3,18
depth/depth.csv/200.0/140.0/focus,64,36.4,8
depth/depth.csv/200.0/140.0/focus,64,36.5,1
depth/depth.csv/200.0/145.0/focus,64,36,6
depth/depth.csv/200.0/145.0/focus,64,36.1,12
depth/depth.csv/200.0/145.0/focus,64,36.2,19
depth/depth.csv/200.0/145.0/focus,64,36.3,18
depth/depth.csv/200.0/145.0/focus,64,36.4,8
depth/depth.csv/200.0/145.0/focus,64,36.5,1
depth/depth.csv/200.0/150.0/focus,64,36,6
depth/depth.csv/200.0/150.0/focus,64,36.1,12
depth/depth.csv/200.0/150.0/focus,64,36.2,19
depth/depth.csv/200.0/150.0/focus,64,36.3,18
depth/depth.csv/200.0/150.0/focus,64,36.4,8
depth/depth.csv/200.0/150.0/focus,64,36.5,1
depth/depth.csv/200.0/155.0/focus,64,36,6
depth/depth.csv/200.0/155.0/focus,64,36.1,12
depth/depth.csv/200.0/155.0/focus,64,36.2,19
depth/depth.csv/200.0/155.0/focus,64,36.3,18
depth/depth.csv/200.0/155.0/focus,64,36.4,8
depth/depth.csv/200.0/155.0/focus,64,36.5,1
depth/depth.csv/200.0/160.0/focus,64,38.7,2
depth/depth.csv/200.0/160.0/focus,64,38.8,5
depth/depth.csv/200.0/160.0/focus,64,38.9,16
depth/depth.csv/200.0/160.0/focus,64,39,21
depth/depth.csv/200.0/160.0/focus,64,39.1,10
depth/depth.csv/200.0/160.0/focus,64,39.2,10
depth/depth.csv/200.0/165.0/focus,64,48,5
depth/depth.csv/200.0/165.0/focus,64,48.1,9
depth/depth.csv/200.0/165.0/focus,64,48.2,25
depth/depth.csv/200.0/165.0/focus,64,48.3,15
depth/depth.csv/200.0/165.0/focus,64,48.4,8
depth/depth.csv/200.0/165.0/focus,64,48.5,2
depth/depth.csv/200.0/170.0/focus,64,48,5
depth/depth.csv/200.0/170.0/focus,64,48.1,9
depth/depth.csv/200.0/170.0/focus,64,48.2,25
depth/depth.csv/200.0/170.0/focus,64,48.3,15
depth/depth.csv/200.0/170.0/focus,64,48.4,8
depth/depth.csv/200.0/170.0/focus,64,48.5,2
depth/depth.csv/200.0/175.0/focus,64,48,5
depth/depth.csv/200.0/175.0/focus,64,48.1,9
depth/depth.csv/200.0/175.0/focus,64,48.2,25
depth/depth.csv/200.0/175.0/focus,64,48.3,15
depth/depth.csv/200.0/175.0/focus,64,48.4,8
depth/depth.csv/200.0/175.0/focus,64,48.5,2
depth/depth.csv/200.0/180.0/focus,64,48,5
depth/depth.csv/200.0/180.0/focus,64,48.1,9
depth/depth.csv/200.0/180.0/focus,64,48.2,25
depth/depth.csv/200.0/180.0/focus,64,48.3,15
depth/depth.csv/200.0/180.0/focus,64,48.4,8
depth/depth.csv/200.0/180.0/focus,64,48.5,2
depth/depth.csv/200.0/185.0/focus,64,48,5
depth/depth.csv/200.0/185.0/focus,64,48.1,9
depth/depth.csv/200.0/185.0/focus,64,48.2,25
depth/depth.csv/200.0/185.0/focus,64,48.3,15
depth/depth.csv/200.0/185.0/focus,64,48.4,8
depth/depth.csv/200.0/185.0/focus,64,48.5,2
depth/depth.csv/200.0/190.0/focus,64,48,5
depth/depth.csv/200.0/190.0/focus,64,48.1,9
depth/depth.csv/200.0/190.0/focus,64,48.2,25
depth/depth.csv/200.0/190.0/focus,64,48.3,15
depth/depth.csv/200.0/190.0/focus,64,48.4,8
depth/depth.csv/200.0/190.0/focus,64,48.5,2
depth/depth.csv/200.0/195.0/focus,64,48,5
depth/depth.csv/200.0/195.0/focus,64,48.1,9
depth/depth.csv/200.0/195.0/focus,64,48.2,25
depth/depth.csv/200.0/195.0/focus,64,48.3,15
depth/depth.csv/200.0/195.0/focus,64,48.4,8
depth/depth.csv/200.0/195.0/focus,64,48.5,2
depth/depth.csv/200.0/20.0/focus,64,34.6,4
depth/depth.csv/200.0/20.0/focus,64,34.7,13
depth/depth.csv/200.0/20.0/focus,64,34.8,16
depth/depth.csv/200.0/20.0/focus,64,34.9,14
depth/depth.csv/200.0/20.0/focus,64,35,10
depth/depth.csv/200.0/20.0/focus,64,35.1,6
depth/depth.csv/200.0/20.0/focus,64,35.2,1
depth/depth.csv/200.0/200.0/focus,64,48,5
depth/depth.csv/200.0/200.0/focus,64,48.1,9
depth/depth.csv/200.0/200.0/focus,64,48.2,25
depth/depth.csv/200.0/200.0/focus,64,48.3,15
depth/depth.csv/200.0/200.0/focus,64,48.4,8
depth/depth.csv/200.0/200.0/focus,64,48.5,2
depth/depth.csv/200.0/205.0/focus,64,48,5
depth/depth.csv/200.0/205.0/focus,64,48.1,9
depth/depth.csv/200.0/205.0/focus,64,48.2,25
depth/depth.csv/200.0/205.0/focus,64,48.3,15
depth/depth.csv/200.0/205.0/focus,64,48.4,8
depth/depth.csv/200.0/205.0/focus,64,48.5,2
depth/depth.csv/200.0/210.0/focus,64,48,5
depth/depth.csv/200.0/210.0/focus,64,48.1,9
depth/depth.csv/200.0/210.0/focus,64,48.2,25
depth/depth.csv/200.0/210.0/focus,64,48.3,15
depth/depth.csv/200.0/210.0/focus,64,48.4,8
depth/depth.csv/200.0/210.0/focus,64,48.5,2
depth/depth.csv/200.0/215.0/focus,64,48,5
depth/depth.csv/200.0/215.0/focus,64,48.1,9
depth/depth.csv/200.0/215.0/focus,64,48.2,25
depth/depth.csv/200.0/215.0/focus,64,48.3,15
depth/depth.csv/200.0/215.0/focus,64,48.4,8
depth/depth.csv/200.0/215.0/focus,64,48.5,2
depth/depth.csv/200.0/220.0/focus,64,48,5
depth/depth.csv/200.0/220.0/focus,64,48.1,9
depth/depth.csv/200.0/220.0/focus,64,48.2,25
depth/depth.csv/200.0/220.0/focus,64,48.3,15
depth/depth.csv/200.0/220.0/focus,64,48.4,8
depth/depth.csv/200.0/220.0/focus,64,48.5,2
depth/depth.csv/200.0/225.0/focus,64,48,5
depth/depth.csv/200.0/225.0/focus,64,48.1,9
depth/depth.csv/200.0/225.0/focus,64,48.2,25
depth/depth.csv/200.0/225.0/focus,64,48.3,15
depth/depth.csv/200.0/225.0/focus,64,48.4,8
depth/depth.csv/200.0/225.0/focus,64,48.5,2
depth/depth.csv/200.0/230.0/focus,64,48,5
depth/depth.csv/200.0/230.0/focus,64,48.1,9
depth/depth.csv/200.0/230.0/focus,64,48.2,25
depth/depth.csv/200.0/230.0/focus,64,48.3,15
depth/depth.csv/200.0/230.0/focus,64,48.4,8
depth/depth.csv/200.0/230.0/focus,64,48.5,2
depth/depth.csv/200.0/235.0/focus,64,48,5
depth/depth.csv/200.0/235.0/focus,64,48.1,9
depth/depth.csv/200.0/235.0/focus,64,48.2,25
depth/depth.csv/200.0/235.0/focus,64,48.3,15
depth/depth.csv/200.0/235.0/focus,64,48.4,8
depth/depth.csv/200.0/235.0/focus,64,48.5,2
depth/depth.csv/200.0/240.0/focus,64,48,5
depth/depth.csv/200.0/240.0/focus,64,48.1,9
depth/depth.csv/200.0/240.0/focus,64,48.2,25
depth/depth.csv/200.0/240.0/focus,64,48.3,15
depth/depth.csv/200.0/240.0/focus,64,48.4,8
depth/depth.csv/200.0/240.0/focus,64,48.5,2
depth/depth.csv/200.0/245.0/focus,64,49.6,2
depth/depth.csv/200.0/245.0/focus,64,49.7,8
depth/depth.csv/200.0/245.0/focus,64,49.8,24
depth/depth.csv/200.0/245.0/focus,64,49.9,19
depth/depth.csv/200.0/245.0/focus,64,50,10
depth/depth.csv/200.0/245.0/focus,64,50.1,1
depth/depth.csv/200.0/25.0/focus,64,26.3,2
depth/depth.csv/200.0/25.0/focus,64,26.4,4
depth/depth.csv/200.0/25.0/focus,64,26.5,9
depth/depth.csv/200.0/25.0/focus,64,26.6,20
depth/depth.csv/200.0/25.0/focus,64,26.7,14
depth/depth.csv/200.0/25.0/focus,64,26.8,6
depth/depth.csv/200.0/25.0/focus,64,26.9,9
depth/depth.csv/200.0/250.0/focus,64,49.6,2
depth/depth.csv/200.0/250.0/focus,64,49.7,8
depth/depth.csv/200.0/250.0/focus,64,49.8,24
depth/depth.csv/200.0/250.0/focus,64,49.9,19
depth/depth.csv/200.0/250.0/focus,64,50,10
depth/depth.csv/200.0/250.0/focus,64,50.1,1
depth/depth.csv/200.0/255.0/focus,64,49.6,2
depth/depth.csv/200.0/255.0/focus,64,49.7,8
depth/depth.csv/200.0/255.0/focus,64,49.8,24
depth/depth.csv/200.0/255.0/focus,64,49.9,19
depth/depth.csv/200.0/255.0/focus,64,50,10
depth/depth.csv/200.0/255.0/focus,64,50.1,1
depth/depth.csv/200.0/260.0/focus,64,49.6,2
depth/depth.csv/200.0/260.0/focus,64,49.7,8
depth/depth.csv/200.0/260.0/focus,64,49.8,24
depth/depth.csv/200.0/260.0/focus,64,49.9,19
depth/depth.csv/200.0/260.0/focus,64,50,10
depth/depth.csv/200.0/260.0/focus,64,50.1,1
depth/depth.csv/200.0/30.0/focus,64,26.3,2
depth/depth.csv/200.0/30.0/focus,64,26.4,4
depth/depth.csv/200.0/30.0/focus,64,26.5,9
depth/depth.csv/200.0/30.0/focus,64,26.6,20
depth/depth.csv/200.0/30.0/focus,64,26.7,14
depth/depth.csv/200.0/30.0/focus,64,26.8,6
depth/depth.csv/200.0/30.0/focus,64,26.9,9
depth/depth.csv/200.0/35.0/focus,64,24.4,4
depth/depth.csv/200.0/35.0/focus,64,24.5,8
depth/depth.csv/200.0/35.0/focus,64,24.6,17
depth/depth.csv/200.0/35.0/focus,64,24.7,18
depth/depth.csv/200.0/35.0/focus,64,24.8,11
depth/depth.csv/200.0/35.0/focus,64,24.9,5
depth/depth.csv/200.0/35.0/focus,64,25,1
depth/depth.csv/200.0/40.0/focus,64,24.1,4
depth/depth.csv/200.0/40.0/focus,64,24.2,10
depth/depth.csv/200.0/40.0/focus,64,24.3,14
depth/depth.csv/200.0/40.0/focus,64,24.4,23
depth/depth.csv/200.0/40.0/focus,64,24.5,6
depth/depth.csv/200.0/40.0/focus,64,24.6,6
depth/depth.csv/200.0/40.0/focus,64,24.7,1
depth/depth.csv/200.0/45.0/focus,64,24.1,4
depth/depth.csv/200.0/45.0/focus,64,24.2,10
depth/depth.csv/200.0/45.0/focus,64,24.3,14
depth/depth.csv/200.0/45.0/focus,64,24.4,23
depth/depth.csv/200.0/45.0/focus,64,24.5,6
depth/depth.csv/200.0/45.0/focus,64,24.6,6
depth/depth.csv/200.0/45.0/focus,64,24.7,1
depth/depth.csv/200.0/50.0/focus,64,20,3
depth/depth.csv/200.0/50.0/focus,64,20.1,8
depth/depth.csv/200.0/50.0/focus,64,20.2,23
depth/depth.csv/200.0/50.0/focus,64,20.3,13
depth/depth.csv/200.0/50.0/focus,64,20.4,12
depth/depth.csv/200.0/50.0/focus,64,20.5,2
depth/depth.csv/200.0/50.0/focus,64,20.6,3
depth/depth.csv/200.0/55.0/focus,64,20,3
depth/depth.csv/200.0/55.0/focus,64,20.1,8
depth/depth.csv/200.0/55.0/focus,64,20.2,23
depth/depth.csv/200.0/55.0/focus,64,20.3,13
depth/depth.csv/200.0/55.0/focus,64,20.4,12
depth/depth.csv/200.0/55.0/focus,64,20.5,2
depth/depth.csv/200.0/55.0/focus,64,20.6,3
depth/depth.csv/200.0/60.0/focus,64,20,3
depth/depth.csv/200.0/60.0/focus,64,20.1,8
depth/depth.csv/200.0/60.0/focus,64,20.2,23
depth/depth.csv/200.0/60.0/focus,64,20.3,13
depth/depth.csv/200.0/60.0/focus,64,20.4,12
depth/depth.csv/200.0/60.0/focus,64,20.5,2
depth/depth.csv/200.0/60.0/focus,64,20.6,3
depth/depth.csv/200.0/65.0/focus,64,20,3
depth/depth.csv/200.0/65.0/focus,64,20.1,8
depth/depth.csv/200.0/65.0/focus,64,20.2,23
depth/depth.csv/200.0/65.0/focus,64,20.3,13
depth/depth.csv/200.0/65.0/focus,64,20.4,12
depth/depth.csv/200.0/65.0/focus,64,20.5,2
depth/depth.csv/200.0/65.0/focus,64,20.6,3
depth/depth.csv/200.0/70.0/focus,64,20,3
depth/depth.csv/200.0/70.0/focus,64,20.1,8
depth/depth.csv/200.0/70.0/focus,64,20.2,23
depth/depth.csv/200.0/70.0/focus,64,20.3,13
depth/depth.csv/200.0/70.0/focus,64,20.4,12
depth/depth.csv/200.0/70.0/focus,64,20.5,2
depth/depth.csv/200.0/70.0/focus,64,20.6,3
depth/depth.csv/200.0/75.0/focus,64,17.1,1
depth/depth.csv/200.0/75.0/focus,64,17.2,7
depth/depth.csv/200.0/75.0/focus,64,17.3,21
depth/depth.csv/200.0/75.0/focus,64,17.4,15
depth/depth.csv/200.0/75.0/focus,64,17.5,14
depth/depth.csv/200.0/75.0/focus,64,17.6,4
depth/depth.csv/200.0/75.0/focus,64,17.7,1
depth/depth.csv/200.0/75.0/focus,64,17.8,1
depth/depth.csv/200.0/80.0/focus,64,17.1,1
depth/depth.csv/200.0/80.0/focus,64,17.2,7
depth/depth.csv/200.0/80.0/focus,64,17.3,21
depth/depth.csv/200.0/80.0/focus,64,17.4,15
depth/depth.csv/200.0/80.0/focus,64,17.5,14
depth/depth.csv/200.0/80.0/focus,64,17.6,4
depth/depth.csv/200.0/80.0/focus,64,17.7,1
depth/depth.csv/200.0/80.0/focus,64,17.8,1
depth/depth.csv/200.0/85.0/focus,64,16.1,4
depth/depth.csv/200.0/85.0/focus,64,16.2,15
depth/depth.csv/200.0/85.0/focus,64,16.3,22
depth/depth.csv/200.0/85.0/focus,64,16.4,10
depth/depth.csv/200.0/85.0/focus,64,16.5,10
depth/depth.csv/200.0/85.0/focus,64,16.6,2
depth/depth.csv/200.0/85.0/focus,64,16.7,1
depth/depth.csv/200.0/90.0/focus,64,16.1,4
depth/depth.csv/200.0/90.0/focus,64,16.2,15
depth/depth.csv/200.0/90.0/focus,64,16.3,22
depth/depth.csv/200.0/90.0/focus,64,16.4,10
depth/depth.csv/200.0/90.0/focus,64,16.5,10
depth/depth.csv/200.0/90.0/focus,64,16.6,2
depth/depth.csv/200.0/90.0/focus,64,16.7,1
depth/depth.csv/200.0/95.0/focus,64,16.1,4
depth/depth.csv/200.0/95.0/focus,64,16.2,15
depth/depth.csv/200.0/95.0/focus,64,16.3,22
depth/depth.csv/200.0/95.0/focus,64,16.4,10
depth/depth.csv/200.0/95.0/focus,64,16.5,10
depth/depth.csv/200.0/95.0/focus,64,16.6,2
depth/depth.csv/200.0/95.0/focus,64,16.7,1
depth/depth.csv/60.0/100.0/error_mm,64,0,64
depth/depth.csv/60.0/100.0/estimated_s_mm,64,60,64
depth/depth.csv/60.0/105.0/error_mm,64,0,64
depth/depth.csv/60.0/105.0/estimated_s_mm,64,60,64
depth/depth.csv/60.0/110.0/error_mm,64,0,64
depth/depth.csv/60.0/110.0/estimated_s_mm,64,60,64
depth/depth.csv/60.0/115.0/error_mm,64,0,64
depth/depth.csv/60.0/115.0/estimated_s_mm,64,60,64
depth/depth.csv/60.0/120.0/error_mm,64,0,64
depth/depth.csv/60.0/120.0/estimated_s_mm,64,60,64
depth/depth.csv/60.0/125.0/error_mm,64,0,64
depth/depth.csv/60.0/125.0/estimated_s_mm,64,60,64
depth/depth.csv/60.0/130.0/error_mm,64,0,64
depth/depth.csv/60.0/130.0/estimated_s_mm,64,60,64
depth/depth.csv/60.0/135.0/error_mm,64,0,64
depth/depth.csv/60.0/135.0/estimated_s_mm,64,60,64
depth/depth.csv/60.0/140.0/error_mm,64,0,64
depth/depth.csv/60.0/140.0/estimated_s_mm,64,60,64
depth/depth.csv/60.0/145.0/error_mm,64,0,64
depth/depth.csv/60.0/145.0/estimated_s_mm,64,60,64
depth/depth.csv/60.0/150.0/error_mm,64,0,64
depth/depth.csv/60.0/150.0/estimated_s_mm,64,60,64
depth/depth.csv/60.0/155.0/error_mm,64,0,64
depth/depth.csv/60.0/155.0/estimated_s_mm,64,60,64
depth/depth.csv/60.0/160.0/error_mm,64,0,64
depth/depth.csv/60.0/160.0/estimated_s_mm,64,60,64
depth/depth.csv/60.0/165.0/error_mm,64,0,64
depth/depth.csv/60.0/165.0/estimated_s_mm,64,60,64
depth/depth.csv/60.0/170.0/error_mm,64,0,64
depth/depth.csv/60.0/170.0/estimated_s_mm,64,60,64
depth/depth.csv/60.0/175.0/error_mm,64,0,64
depth/depth.csv/60.0/175.0/estimated_s_mm,64,60,64
depth/depth.csv/60.0/180.0/error_mm,64,0,64
depth/depth.csv/60.0/180.0/estimated_s_mm,64,60,64
depth/depth.csv/60.0/185.0/error_mm,64,0,64
depth/depth.csv/60.0/185.0/estimated_s_mm,64,60,64
depth/depth.csv/60.0/190.0/error_mm,64,0,64
depth/depth.csv/60.0/190.0/estimated_s_mm,64,60,64
depth/depth.csv/60.0/195.0/error_mm,64,0,64
depth/depth.csv/60.0/195.0/estimated_s_mm,64,60,64
depth/depth.csv/60.0/20.0/error_mm,64,0,64
depth/depth.csv/60.0/20.0/estimated_s_mm,64,60,64
depth/depth.csv/60.0/200.0/error_mm,64,0,64
depth/depth.csv/60.0/200.0/estimated_s_mm,64,60,64
depth/depth.csv/60.0/205.0/error_mm,64,0,64
depth/depth.csv/60.0/205.0/estimated_s_mm,64,60,64
depth/depth.csv/60.0/210.0/error_mm,64,0,64
depth/depth.csv/60.0/210.0/estimated_s_mm,64,60,64
depth/depth.csv/60.0/215.0/error_mm,64,0,64
depth/depth.csv/60.0/215.0/estimated_s_mm,64,60,64
depth/depth.csv/60.0/220.0/error_mm,64,0,64
depth/depth.csv/60.0/220.0/estimated_s_mm,64,60,64
depth/depth.csv/60.0/225.0/error_mm,64,0,64
depth/depth.csv/60.0/225.0/estimated_s_mm,64,60,64
depth/depth.csv/60.0/230.0/error_mm,64,0,64
depth/depth.csv/60.0/230.0/estimated_s_mm,64,60,64
depth/depth.csv/60.0/235.0/error_mm,64,0,64
depth/depth.csv/60.0/235.0/estimated_s_mm,64,60,64
depth/depth.csv/60.0/240.0/error_mm,64,0,64
depth/depth.csv/60.0/240.0/estimated_s_mm,64,60,64
depth/depth.csv/60.0/245.0/error_mm,64,0,64
depth/depth.csv/60.0/245.0/estimated_s_mm,64,60,64
depth/depth.csv/60.0/25.0/error_mm,64,0,64
depth/depth.csv/60.0/25.0/estimated_s_mm,64,60,64
depth/depth.csv/60.0/250.0/error_mm,64,0,64
depth/depth.csv/60.0/250.0/estimated_s_mm,64,60,64
depth/depth.csv/60.0/255.0/error_mm,64,0,64
depth/depth.csv/60.0/255.0/estimated_s_mm,64,60,64
depth/depth.csv/60.0/260.0/error_mm,64,0,64
depth/depth.csv/60.0/260.0/estimated_s_mm,64,60,64
depth/depth.csv/60.0/30.0/error_mm,64,0,64
depth/depth.csv/60.0/30.0/estimated_s_mm,64,60,64
depth/depth.csv/60.0/35.0/error_mm,64,0,64
depth/depth.csv/60.0/35.0/estimated_s_mm,64,60,64
depth/depth.csv/60.0/40.0/error_mm,64,0,64
depth/depth.csv/60.0/40.0/estimated_s_mm,64,60,64
depth/depth.csv/60.0/45.0/error_mm,64,0,64
depth/depth.csv/60.0/45.0/estimated_s_mm,64,60,64
depth/depth.csv/60.0/50.0/error_mm,64,0,64
depth/depth.csv/60.0/50.0/estimated_s_mm,64,60,64
depth/depth.csv/60.0/55.0/error_mm,64,0,64
depth/depth.csv/60.0/55.0/estimated_s_mm,64,60,64
depth/depth.csv/60.0/60.0/error_mm,64,0,64
depth/depth.csv/60.0/60.0/estimated_s_mm,64,60,64
depth/depth.csv/60.0/65.0/error_mm,64,0,64
depth/depth.csv/60.0/65.0/estimated_s_mm,64,60,64
depth/depth.csv/60.0/70.0/error_mm,64,0,64
depth/depth.csv/60.0/70.0/estimated_s_mm,64,60,64
depth/depth.csv/60.0/75.0/error_mm,64,0,64
depth/depth.csv/60.0/75.0/estimated_s_mm,64,60,64
depth/depth.csv/60.0/80.0/error_mm,64,0,64
depth/depth.csv/60.0/80.0/estimated_s_mm,64,60,64
depth/depth.csv/60.0/85.0/error_mm,64,0,64
depth/depth.csv/60.0/85.0/estimated_s_mm,64,60,64
depth/depth.csv/60.0/90.0/error_mm,64,0,64
depth/depth.csv/60.0/90.0/estimated_s_mm,64,60,64
depth/depth.csv/60.0/95.0/error_mm,64,0,64
depth/depth.csv/60.0/95.0/estimated_s_mm,64,60,64
depth/estimate/150.0,64,140,40
depth/estimate/150.0,64,140.01,8
depth/estimate/150.0,64,140.02,3
depth/estimate/150.0,64,140.03,9
depth/estimate/150.0,64,140.04,2
depth/estimate/150.0,64,140.05,1
depth/estimate/150.0,64,140.1,1
depth/estimate/60.0,64,60,64
depth/plot_width/100.0,64,135,64
depth/plot_width/150.0,64,240,64
depth/plot_width/200.0,64,240,64
depth/plot_width/40.0,64,50,64
depth/plot_width/60.0,64,60,64
depth3d/depth3d.csv/3d/offaxis_far/100/true_s_mm,64,150,64
depth3d/depth3d.csv/3d/offaxis_far/100/true_x_mm,64,5,64
depth3d/depth3d.csv/3d/offaxis_far/100/true_y_mm,64,0,64
depth3d/depth3d.csv/3d/offaxis_far/1000/true_s_mm,64,150,64
depth3d/depth3d.csv/3d/offaxis_far/1000/true_x_mm,64,5,64
depth3d/depth3d.csv/3d/offaxis_far/1000/true_y_mm,64,0,64
depth3d/depth3d.csv/3d/offaxis_far/300/true_s_mm,64,150,64
depth3d/depth3d.csv/3d/offaxis_far/300/true_x_mm,64,5,64
depth3d/depth3d.csv/3d/offaxis_far/300/true_y_mm,64,0,64
depth3d/depth3d.csv/3d/offaxis_far/3000/true_s_mm,64,150,64
depth3d/depth3d.csv/3d/offaxis_far/3000/true_x_mm,64,5,64
depth3d/depth3d.csv/3d/offaxis_far/3000/true_y_mm,64,0,64
depth3d/depth3d.csv/3d/offaxis_near/100/true_s_mm,64,60,64
depth3d/depth3d.csv/3d/offaxis_near/100/true_x_mm,64,5,64
depth3d/depth3d.csv/3d/offaxis_near/100/true_y_mm,64,0,64
depth3d/depth3d.csv/3d/offaxis_near/1000/true_s_mm,64,60,64
depth3d/depth3d.csv/3d/offaxis_near/1000/true_x_mm,64,5,64
depth3d/depth3d.csv/3d/offaxis_near/1000/true_y_mm,64,0,64
depth3d/depth3d.csv/3d/offaxis_near/300/true_s_mm,64,60,64
depth3d/depth3d.csv/3d/offaxis_near/300/true_x_mm,64,5,64
depth3d/depth3d.csv/3d/offaxis_near/300/true_y_mm,64,0,64
depth3d/depth3d.csv/3d/offaxis_near/3000/true_s_mm,64,60,64
depth3d/depth3d.csv/3d/offaxis_near/3000/true_x_mm,64,5,64
depth3d/depth3d.csv/3d/offaxis_near/3000/true_y_mm,64,0,64
depth3d/depth3d.csv/alt_oracle/offaxis_far/100/true_s_mm,64,150,64
depth3d/depth3d.csv/alt_oracle/offaxis_far/100/true_x_mm,64,5,64
depth3d/depth3d.csv/alt_oracle/offaxis_far/100/true_y_mm,64,0,64
depth3d/depth3d.csv/alt_oracle/offaxis_far/1000/true_s_mm,64,150,64
depth3d/depth3d.csv/alt_oracle/offaxis_far/1000/true_x_mm,64,5,64
depth3d/depth3d.csv/alt_oracle/offaxis_far/1000/true_y_mm,64,0,64
depth3d/depth3d.csv/alt_oracle/offaxis_far/300/true_s_mm,64,150,64
depth3d/depth3d.csv/alt_oracle/offaxis_far/300/true_x_mm,64,5,64
depth3d/depth3d.csv/alt_oracle/offaxis_far/300/true_y_mm,64,0,64
depth3d/depth3d.csv/alt_oracle/offaxis_far/3000/lateral_rms_mm,64,0.517,1
depth3d/depth3d.csv/alt_oracle/offaxis_far/3000/lateral_rms_mm,64,0.518,3
depth3d/depth3d.csv/alt_oracle/offaxis_far/3000/lateral_rms_mm,64,0.519,7
depth3d/depth3d.csv/alt_oracle/offaxis_far/3000/lateral_rms_mm,64,0.52,20
depth3d/depth3d.csv/alt_oracle/offaxis_far/3000/lateral_rms_mm,64,0.521,12
depth3d/depth3d.csv/alt_oracle/offaxis_far/3000/lateral_rms_mm,64,0.522,11
depth3d/depth3d.csv/alt_oracle/offaxis_far/3000/lateral_rms_mm,64,0.523,8
depth3d/depth3d.csv/alt_oracle/offaxis_far/3000/lateral_rms_mm,64,0.524,2
depth3d/depth3d.csv/alt_oracle/offaxis_far/3000/true_s_mm,64,150,64
depth3d/depth3d.csv/alt_oracle/offaxis_far/3000/true_x_mm,64,5,64
depth3d/depth3d.csv/alt_oracle/offaxis_far/3000/true_y_mm,64,0,64
depth3d/depth3d.csv/alt_oracle/offaxis_near/100/true_s_mm,64,60,64
depth3d/depth3d.csv/alt_oracle/offaxis_near/100/true_x_mm,64,5,64
depth3d/depth3d.csv/alt_oracle/offaxis_near/100/true_y_mm,64,0,64
depth3d/depth3d.csv/alt_oracle/offaxis_near/1000/lateral_rms_mm,64,0.414,1
depth3d/depth3d.csv/alt_oracle/offaxis_near/1000/lateral_rms_mm,64,0.415,12
depth3d/depth3d.csv/alt_oracle/offaxis_near/1000/lateral_rms_mm,64,0.416,12
depth3d/depth3d.csv/alt_oracle/offaxis_near/1000/lateral_rms_mm,64,0.417,14
depth3d/depth3d.csv/alt_oracle/offaxis_near/1000/lateral_rms_mm,64,0.418,13
depth3d/depth3d.csv/alt_oracle/offaxis_near/1000/lateral_rms_mm,64,0.419,7
depth3d/depth3d.csv/alt_oracle/offaxis_near/1000/lateral_rms_mm,64,0.42,3
depth3d/depth3d.csv/alt_oracle/offaxis_near/1000/lateral_rms_mm,64,0.421,2
depth3d/depth3d.csv/alt_oracle/offaxis_near/1000/true_s_mm,64,60,64
depth3d/depth3d.csv/alt_oracle/offaxis_near/1000/true_x_mm,64,5,64
depth3d/depth3d.csv/alt_oracle/offaxis_near/1000/true_y_mm,64,0,64
depth3d/depth3d.csv/alt_oracle/offaxis_near/300/true_s_mm,64,60,64
depth3d/depth3d.csv/alt_oracle/offaxis_near/300/true_x_mm,64,5,64
depth3d/depth3d.csv/alt_oracle/offaxis_near/300/true_y_mm,64,0,64
depth3d/depth3d.csv/alt_oracle/offaxis_near/3000/lateral_rms_mm,64,0.415,1
depth3d/depth3d.csv/alt_oracle/offaxis_near/3000/lateral_rms_mm,64,0.416,8
depth3d/depth3d.csv/alt_oracle/offaxis_near/3000/lateral_rms_mm,64,0.417,28
depth3d/depth3d.csv/alt_oracle/offaxis_near/3000/lateral_rms_mm,64,0.418,16
depth3d/depth3d.csv/alt_oracle/offaxis_near/3000/lateral_rms_mm,64,0.419,11
depth3d/depth3d.csv/alt_oracle/offaxis_near/3000/true_s_mm,64,60,64
depth3d/depth3d.csv/alt_oracle/offaxis_near/3000/true_x_mm,64,5,64
depth3d/depth3d.csv/alt_oracle/offaxis_near/3000/true_y_mm,64,0,64
depth3d/depth3d.csv/alternating/offaxis_far/100/true_s_mm,64,150,64
depth3d/depth3d.csv/alternating/offaxis_far/100/true_x_mm,64,5,64
depth3d/depth3d.csv/alternating/offaxis_far/100/true_y_mm,64,0,64
depth3d/depth3d.csv/alternating/offaxis_far/1000/true_s_mm,64,150,64
depth3d/depth3d.csv/alternating/offaxis_far/1000/true_x_mm,64,5,64
depth3d/depth3d.csv/alternating/offaxis_far/1000/true_y_mm,64,0,64
depth3d/depth3d.csv/alternating/offaxis_far/300/true_s_mm,64,150,64
depth3d/depth3d.csv/alternating/offaxis_far/300/true_x_mm,64,5,64
depth3d/depth3d.csv/alternating/offaxis_far/300/true_y_mm,64,0,64
depth3d/depth3d.csv/alternating/offaxis_far/3000/true_s_mm,64,150,64
depth3d/depth3d.csv/alternating/offaxis_far/3000/true_x_mm,64,5,64
depth3d/depth3d.csv/alternating/offaxis_far/3000/true_y_mm,64,0,64
depth3d/depth3d.csv/alternating/offaxis_near/100/true_s_mm,64,60,64
depth3d/depth3d.csv/alternating/offaxis_near/100/true_x_mm,64,5,64
depth3d/depth3d.csv/alternating/offaxis_near/100/true_y_mm,64,0,64
depth3d/depth3d.csv/alternating/offaxis_near/1000/true_s_mm,64,60,64
depth3d/depth3d.csv/alternating/offaxis_near/1000/true_x_mm,64,5,64
depth3d/depth3d.csv/alternating/offaxis_near/1000/true_y_mm,64,0,64
depth3d/depth3d.csv/alternating/offaxis_near/300/true_s_mm,64,60,64
depth3d/depth3d.csv/alternating/offaxis_near/300/true_x_mm,64,5,64
depth3d/depth3d.csv/alternating/offaxis_near/300/true_y_mm,64,0,64
depth3d/depth3d.csv/alternating/offaxis_near/3000/true_s_mm,64,60,64
depth3d/depth3d.csv/alternating/offaxis_near/3000/true_x_mm,64,5,64
depth3d/depth3d.csv/alternating/offaxis_near/3000/true_y_mm,64,0,64
depthdesign/depthdesign.csv/1400/C,64,0.839,35
depthdesign/depthdesign.csv/1400/C,64,0.84,29
depthdesign/depthdesign.csv/150/depth_fwhm_mm,64,60.1,1
depthdesign/depthdesign.csv/150/depth_fwhm_mm,64,60.2,5
depthdesign/depthdesign.csv/150/depth_fwhm_mm,64,60.3,19
depthdesign/depthdesign.csv/150/depth_fwhm_mm,64,60.4,21
depthdesign/depthdesign.csv/150/depth_fwhm_mm,64,60.5,16
depthdesign/depthdesign.csv/150/depth_fwhm_mm,64,60.6,1
depthdesign/depthdesign.csv/150/depth_fwhm_mm,64,60.7,1
depthdesign/depthdesign.csv/250/depth_fwhm_mm,64,83.7,2
depthdesign/depthdesign.csv/250/depth_fwhm_mm,64,83.8,5
depthdesign/depthdesign.csv/250/depth_fwhm_mm,64,83.9,12
depthdesign/depthdesign.csv/250/depth_fwhm_mm,64,84,9
depthdesign/depthdesign.csv/250/depth_fwhm_mm,64,84.1,9
depthdesign/depthdesign.csv/250/depth_fwhm_mm,64,84.2,15
depthdesign/depthdesign.csv/250/depth_fwhm_mm,64,84.3,9
depthdesign/depthdesign.csv/250/depth_fwhm_mm,64,84.4,3
depthdesign/depthdesign.csv/900/C,64,1.409,47
depthdesign/depthdesign.csv/900/C,64,1.41,17
depthdesign/depthdesign.csv/900/depth_fwhm_mm,64,1183.8,2
depthdesign/depthdesign.csv/900/depth_fwhm_mm,64,1183.9,27
depthdesign/depthdesign.csv/900/depth_fwhm_mm,64,1184,33
depthdesign/depthdesign.csv/900/depth_fwhm_mm,64,1184.1,2
depthsharp/first150_pass10,32,0,32
depthsharp/range10,32,150,32
doi/doi.csv/6.00/10.0/doi_shift_mm,64,0,64
doi/doi.csv/6.00/20.0/doi_shift_mm,64,0,64
doi/doi.csv/6.00/5.0/doi_shift_mm,64,0,64
dose/dose_overrange.csv/1/live_fraction,64,0.99995,64
dose/dose_overrange.csv/1/recorded_cps,64,53.3,1
dose/dose_overrange.csv/1/recorded_cps,64,53.4,1
dose/dose_overrange.csv/1/recorded_cps,64,53.5,14
dose/dose_overrange.csv/1/recorded_cps,64,53.6,14
dose/dose_overrange.csv/1/recorded_cps,64,53.7,19
dose/dose_overrange.csv/1/recorded_cps,64,53.8,10
dose/dose_overrange.csv/1/recorded_cps,64,53.9,5
dose/dose_overrange.csv/1/true_cps,64,53,6
dose/dose_overrange.csv/1/true_cps,64,54,58
dose/dose_overrange.csv/10/live_fraction,64,0.99946,56
dose/dose_overrange.csv/10/live_fraction,64,0.99947,8
dose/dose_overrange.csv/10/true_cps,64,533,1
dose/dose_overrange.csv/10/true_cps,64,534,1
dose/dose_overrange.csv/10/true_cps,64,535,14
dose/dose_overrange.csv/10/true_cps,64,536,14
dose/dose_overrange.csv/10/true_cps,64,537,18
dose/dose_overrange.csv/10/true_cps,64,538,11
dose/dose_overrange.csv/10/true_cps,64,539,5
dose/dose_overrange.csv/100/live_fraction,64,0.99462,3
dose/dose_overrange.csv/100/live_fraction,64,0.99463,6
dose/dose_overrange.csv/100/live_fraction,64,0.99464,18
dose/dose_overrange.csv/100/live_fraction,64,0.99465,14
dose/dose_overrange.csv/100/live_fraction,64,0.99466,18
dose/dose_overrange.csv/100/live_fraction,64,0.99467,4
dose/dose_overrange.csv/100/live_fraction,64,0.99468,1
dose/dose_overrange.csv/1E+06/recorded_cps,64,0,64
dose/dose_ratio.csv/angle/122.0/20.0/ratio,64,0,64
dose/dose_ratio.csv/angle/122.0/30.0/ratio,64,0,64
dose/dose_ratio.csv/angle/122.0/45.0/ratio,64,0,64
dose/dose_ratio.csv/angle/122.0/60.0/ratio,64,0,64
dose/dose_ratio.csv/angle/316.0/45.0/ratio,64,0.0006,3
dose/dose_ratio.csv/angle/316.0/45.0/ratio,64,0.0007,28
dose/dose_ratio.csv/angle/316.0/45.0/ratio,64,0.0008,25
dose/dose_ratio.csv/angle/316.0/45.0/ratio,64,0.0009,8
dose/dose_ratio.csv/angle/316.0/60.0/ratio,64,0,64
dose/dose_ratio.csv/angle/60.0/20.0/ratio,64,0,64
dose/dose_ratio.csv/angle/60.0/30.0/ratio,64,0,64
dose/dose_ratio.csv/angle/60.0/45.0/ratio,64,0,64
dose/dose_ratio.csv/angle/60.0/60.0/ratio,64,0,64
dose/frontal_within13,64,0,1
dose/frontal_within13,64,1,63
fov/1000/0/500/0.00/false_infield_5_12_min,64,0,63
fov/1000/0/500/0.00/false_infield_5_12_min,64,0.01,1
fov/1000/0/500/0.00/false_infield_unflagged_5_12_min,64,0,64
fov/1000/0/500/0.00/false_infield_unflagged_7.5_11_min,64,0,64
fov/1000/0/500/0.00/false_infield_unflagged_7.5_12_min,64,0,64
fov/1000/0/500/0.00/loc_cyclic,64,3,64
fov/1000/0/500/0.00/loc_noncyclic,64,6,52
fov/1000/0/500/0.00/loc_noncyclic,64,6.5,8
fov/1000/0/500/0.00/loc_noncyclic,64,7,4
fov/1000/0/500/0.00/outside_centroid_any,64,1,64
fov/1000/0/500/0.00/outside_centroid_at9.5,64,0.99,4
fov/1000/0/500/0.00/outside_centroid_at9.5,64,1,60
fov/1000/0/500/0.00/outside_centroid_from,64,5,1
fov/1000/0/500/0.00/outside_centroid_from,64,5.5,12
fov/1000/0/500/0.00/outside_centroid_from,64,6,48
fov/1000/0/500/0.00/outside_centroid_from,64,6.5,3
fov/1000/0/500/0.00/outside_centroid_max,64,1,64
fov/1000/0/500/0.00/outside_centroid_to,64,5,1
fov/1000/0/500/0.00/outside_centroid_to,64,6,1
fov/1000/0/500/0.00/outside_centroid_to,64,6.5,4
fov/1000/0/500/0.00/outside_centroid_to,64,7,3
fov/1000/0/500/0.00/outside_centroid_to,64,11,1
fov/1000/0/500/0.00/outside_centroid_to,64,11.5,39
fov/1000/0/500/0.00/outside_centroid_to,64,12,15
fov/1000/0/500/0.00/side_centroid_any,64,1,64
fov/1000/0/500/0.00/side_centroid_from,64,1,27
fov/1000/0/500/0.00/side_centroid_from,64,1.5,37
fov/1000/0/500/0.00/side_centroid_to,64,13.5,21
fov/1000/0/500/0.00/side_centroid_to,64,14,43
fov/1000/0/500/1.00/loc_cyclic,64,3,64
fov/1000/0/500/1.00/loc_noncyclic,64,4,6
fov/1000/0/500/1.00/loc_noncyclic,64,4.5,2
fov/1000/0/500/1.00/loc_noncyclic,64,5,56
fov/1000/0/500/1.00/outside_centroid_any,64,0,64
fov/1000/0/500/1.00/side_centroid_any,64,1,64
fov/1000/0/500/1.00/side_centroid_from,64,1.5,63
fov/1000/0/500/1.00/side_centroid_from,64,2,1
fov/1000/0/500/1.00/side_centroid_to,64,12.5,1
fov/1000/0/500/1.00/side_centroid_to,64,13,53
fov/1000/0/500/1.00/side_centroid_to,64,13.5,10
fov/1000/0/5000/0.00/false_infield_5_12_max,64,0.97,3
fov/1000/0/5000/0.00/false_infield_5_12_max,64,0.98,11
fov/1000/0/5000/0.00/false_infield_5_12_max,64,0.99,19
fov/1000/0/5000/0.00/false_infield_5_12_max,64,1,31
fov/1000/0/5000/0.00/false_infield_5_12_min,64,0,64
fov/1000/0/5000/0.00/false_infield_7.5_11_max,64,0.97,3
fov/1000/0/5000/0.00/false_infield_7.5_11_max,64,0.98,11
fov/1000/0/5000/0.00/false_infield_7.5_11_max,64,0.99,19
fov/1000/0/5000/0.00/false_infield_7.5_11_max,64,1,31
fov/1000/0/5000/0.00/false_infield_7.5_12_max,64,0.97,3
fov/1000/0/5000/0.00/false_infield_7.5_12_max,64,0.98,11
fov/1000/0/5000/0.00/false_infield_7.5_12_max,64,0.99,19
fov/1000/0/5000/0.00/false_infield_7.5_12_max,64,1,31
fov/1000/0/5000/0.00/false_infield_max,64,0.97,3
fov/1000/0/5000/0.00/false_infield_max,64,0.98,11
fov/1000/0/5000/0.00/false_infield_max,64,0.99,19
fov/1000/0/5000/0.00/false_infield_max,64,1,31
fov/1000/0/5000/0.00/false_infield_unflagged_5_12_max,64,0,64
fov/1000/0/5000/0.00/false_infield_unflagged_5_12_min,64,0,64
fov/1000/0/5000/0.00/false_infield_unflagged_7.5_11_max,64,0,64
fov/1000/0/5000/0.00/false_infield_unflagged_7.5_11_min,64,0,64
fov/1000/0/5000/0.00/false_infield_unflagged_7.5_12_max,64,0,64
fov/1000/0/5000/0.00/false_infield_unflagged_7.5_12_min,64,0,64
fov/1000/0/5000/0.00/loc_cyclic,64,3,64
fov/1000/0/5000/0.00/loc_noncyclic,64,7,64
fov/1000/0/5000/0.00/outside_centroid_any,64,1,64
fov/1000/0/5000/0.00/outside_centroid_at9.5,64,1,64
fov/1000/0/5000/0.00/outside_centroid_from,64,4,64
fov/1000/0/5000/0.00/outside_centroid_max,64,1,64
fov/1000/0/5000/0.00/outside_centroid_to,64,12.5,49
fov/1000/0/5000/0.00/outside_centroid_to,64,13,15
fov/1000/0/5000/0.00/side_centroid_any,64,1,64
fov/1000/0/5000/0.00/side_centroid_from,64,1,64
fov/1000/0/5000/0.00/side_centroid_to,64,14.5,64
fov/1000/0/5000/1.00/false_infield_5_12_max,64,0.98,4
fov/1000/0/5000/1.00/false_infield_5_12_max,64,0.99,23
fov/1000/0/5000/1.00/false_infield_5_12_max,64,1,37
fov/1000/0/5000/1.00/false_infield_5_12_min,64,0,64
fov/1000/0/5000/1.00/false_infield_7.5_11_max,64,0.98,4
fov/1000/0/5000/1.00/false_infield_7.5_11_max,64,0.99,23
fov/1000/0/5000/1.00/false_infield_7.5_11_max,64,1,37
fov/1000/0/5000/1.00/false_infield_7.5_12_max,64,0.98,4
fov/1000/0/5000/1.00/false_infield_7.5_12_max,64,0.99,23
fov/1000/0/5000/1.00/false_infield_7.5_12_max,64,1,37
fov/1000/0/5000/1.00/false_infield_max,64,0.98,4
fov/1000/0/5000/1.00/false_infield_max,64,0.99,23
fov/1000/0/5000/1.00/false_infield_max,64,1,37
fov/1000/0/5000/1.00/false_infield_unflagged_5_12_min,64,0,64
fov/1000/0/5000/1.00/false_infield_unflagged_7.5_11_min,64,0,64
fov/1000/0/5000/1.00/false_infield_unflagged_7.5_12_min,64,0,64
fov/1000/0/5000/1.00/loc_cyclic,64,3,64
fov/1000/0/5000/1.00/loc_noncyclic,64,6,64
fov/1000/0/5000/1.00/outside_centroid_any,64,1,64
fov/1000/0/5000/1.00/outside_centroid_at9.5,64,1,64
fov/1000/0/5000/1.00/outside_centroid_from,64,4.5,4
fov/1000/0/5000/1.00/outside_centroid_from,64,5,57
fov/1000/0/5000/1.00/outside_centroid_from,64,5.5,3
fov/1000/0/5000/1.00/outside_centroid_max,64,1,64
fov/1000/0/5000/1.00/outside_centroid_to,64,6.5,4
fov/1000/0/5000/1.00/outside_centroid_to,64,7,33
fov/1000/0/5000/1.00/outside_centroid_to,64,10.5,27
fov/1000/0/5000/1.00/side_centroid_any,64,1,64
fov/1000/0/5000/1.00/side_centroid_from,64,1,64
fov/1000/0/5000/1.00/side_centroid_to,64,14,52
fov/1000/0/5000/1.00/side_centroid_to,64,14.5,12
fov/1000/45/500/0.00/false_infield_5_12_min,64,0,57
fov/1000/45/500/0.00/false_infield_5_12_min,64,0.01,7
fov/1000/45/500/0.00/false_infield_unflagged_5_12_min,64,0,62
fov/1000/45/500/0.00/false_infield_unflagged_5_12_min,64,0.01,2
fov/1000/45/500/0.00/false_infield_unflagged_7.5_11_min,64,0,7
fov/1000/45/500/0.00/false_infield_unflagged_7.5_11_min,64,0.01,18
fov/1000/45/500/0.00/false_infield_unflagged_7.5_11_min,64,0.02,28
fov/1000/45/500/0.00/false_infield_unflagged_7.5_11_min,64,0.03,7
fov/1000/45/500/0.00/false_infield_unflagged_7.5_11_min,64,0.04,3
fov/1000/45/500/0.00/false_infield_unflagged_7.5_11_min,64,0.05,1
fov/1000/45/500/0.00/false_infield_unflagged_7.5_12_min,64,0,7
fov/1000/45/500/0.00/false_infield_unflagged_7.5_12_min,64,0.01,18
fov/1000/45/500/0.00/false_infield_unflagged_7.5_12_min,64,0.02,28
fov/1000/45/500/0.00/false_infield_unflagged_7.5_12_min,64,0.03,7
fov/1000/45/500/0.00/false_infield_unflagged_7.5_12_min,64,0.04,3
fov/1000/45/500/0.00/false_infield_unflagged_7.5_12_min,64,0.05,1
fov/1000/45/500/0.00/loc_cyclic,64,4.5,64
fov/1000/45/500/0.00/loc_noncyclic,64,3,50
fov/1000/45/500/0.00/loc_noncyclic,64,4.5,9
fov/1000/45/500/0.00/loc_noncyclic,64,6,5
fov/1000/45/500/0.00/outside_centroid_any,64,0,57
fov/1000/45/500/0.00/outside_centroid_any,64,1,7
fov/1000/45/500/0.00/outside_centroid_from,7,8,4
fov/1000/45/500/0.00/outside_centroid_from,7,8.5,3
fov/1000/45/500/0.00/outside_centroid_to,7,8,4
fov/1000/45/500/0.00/outside_centroid_to,7,8.5,3
fov/1000/45/500/0.00/side_centroid_any,64,1,64
fov/1000/45/500/0.00/side_centroid_from,64,0.5,3
fov/1000/45/500/0.00/side_centroid_from,64,1,61
fov/1000/45/500/0.00/side_centroid_to,64,15.5,4
fov/1000/45/500/0.00/side_centroid_to,64,16,20
fov/1000/45/500/0.00/side_centroid_to,64,16.5,31
fov/1000/45/500/0.00/side_centroid_to,64,17,9
fov/1000/45/500/1.00/loc_cyclic,64,2,24
fov/1000/45/500/1.00/loc_cyclic,64,2.5,40
fov/1000/45/500/1.00/loc_noncyclic,64,0,45
fov/1000/45/500/1.00/loc_noncyclic,64,0.5,17
fov/1000/45/500/1.00/loc_noncyclic,64,1.5,2
fov/1000/45/500/1.00/outside_centroid_any,64,0,64
fov/1000/45/500/1.00/side_centroid_any,64,1,64
fov/1000/45/500/1.00/side_centroid_from,64,1,58
fov/1000/45/500/1.00/side_centroid_from,64,1.5,6
fov/1000/45/500/1.00/side_centroid_to,64,12,1
fov/1000/45/500/1.00/side_centroid_to,64,13,8
fov/1000/45/500/1.00/side_centroid_to,64,13.5,23
fov/1000/45/500/1.00/side_centroid_to,64,14,24
fov/1000/45/500/1.00/side_centroid_to,64,14.5,8
fov/1000/45/5000/0.00/false_infield_14_20_max,64,0.94,5
fov/1000/45/5000/0.00/false_infield_14_20_max,64,0.95,16
fov/1000/45/5000/0.00/false_infield_14_20_max,64,0.96,19
fov/1000/45/5000/0.00/false_infield_14_20_max,64,0.97,20
fov/1000/45/5000/0.00/false_infield_14_20_max,64,0.98,2
fov/1000/45/5000/0.00/false_infield_14_20_max,64,0.99,2
fov/1000/45/5000/0.00/false_infield_5_12_min,64,0,64
fov/1000/45/5000/0.00/false_infield_7.5_11_min,64,0,64
fov/1000/45/5000/0.00/false_infield_7.5_12_min,64,0,64
fov/1000/45/5000/0.00/false_infield_max,64,0.94,3
fov/1000/45/5000/0.00/false_infield_max,64,0.95,14
fov/1000/45/5000/0.00/false_infield_max,64,0.96,21
fov/1000/45/5000/0.00/false_infield_max,64,0.97,22
fov/1000/45/5000/0.00/false_infield_max,64,0.98,1
fov/1000/45/5000/0.00/false_infield_max,64,0.99,3
fov/1000/45/5000/0.00/false_infield_unflagged_14_20_max,64,0.94,5
fov/1000/45/5000/0.00/false_infield_unflagged_14_20_max,64,0.95,16
fov/1000/45/5000/0.00/false_infield_unflagged_14_20_max,64,0.96,21
fov/1000/45/5000/0.00/false_infield_unflagged_14_20_max,64,0.97,18
fov/1000/45/5000/0.00/false_infield_unflagged_14_20_max,64,0.98,2
fov/1000/45/5000/0.00/false_infield_unflagged_14_20_max,64,0.99,2
fov/1000/45/5000/0.00/false_infield_unflagged_5_12_min,64,0,64
fov/1000/45/5000/0.00/false_infield_unflagged_7.5_11_max,64,0.01,6
fov/1000/45/5000/0.00/false_infield_unflagged_7.5_11_max,64,0.02,21
fov/1000/45/5000/0.00/false_infield_unflagged_7.5_11_max,64,0.03,15
fov/1000/45/5000/0.00/false_infield_unflagged_7.5_11_max,64,0.04,14
fov/1000/45/5000/0.00/false_infield_unflagged_7.5_11_max,64,0.05,4
fov/1000/45/5000/0.00/false_infield_unflagged_7.5_11_max,64,0.06,3
fov/1000/45/5000/0.00/false_infield_unflagged_7.5_11_max,64,0.08,1
fov/1000/45/5000/0.00/false_infield_unflagged_7.5_11_min,64,0,64
fov/1000/45/5000/0.00/false_infield_unflagged_7.5_12_min,64,0,64
fov/1000/45/5000/0.00/false_infield_unflagged_max,64,0.94,5
fov/1000/45/5000/0.00/false_infield_unflagged_max,64,0.95,16
fov/1000/45/5000/0.00/false_infield_unflagged_max,64,0.96,21
fov/1000/45/5000/0.00/false_infield_unflagged_max,64,0.97,18
fov/1000/45/5000/0.00/false_infield_unflagged_max,64,0.98,2
fov/1000/45/5000/0.00/false_infield_unflagged_max,64,0.99,2
fov/1000/45/5000/0.00/loc_cyclic,64,4.5,64
fov/1000/45/5000/0.00/loc_noncyclic,64,9,64
fov/1000/45/5000/0.00/outside_centroid_any,64,1,64
fov/1000/45/5000/0.00/outside_centroid_at9.5,64,0.98,1
fov/1000/45/5000/0.00/outside_centroid_at9.5,64,0.99,6
fov/1000/45/5000/0.00/outside_centroid_at9.5,64,1,57
fov/1000/45/5000/0.00/outside_centroid_from,64,5.5,53
fov/1000/45/5000/0.00/outside_centroid_from,64,6,11
fov/1000/45/5000/0.00/outside_centroid_max,64,1,64
fov/1000/45/5000/0.00/outside_centroid_to,64,10.5,14
fov/1000/45/5000/0.00/outside_centroid_to,64,11,50
fov/1000/45/5000/0.00/side_centroid_any,64,1,64
fov/1000/45/5000/0.00/side_centroid_from,64,0.5,64
fov/1000/45/5000/0.00/side_centroid_to,64,18.5,29
fov/1000/45/5000/0.00/side_centroid_to,64,19,35
fov/1000/45/5000/1.00/false_infield_5_12_min,64,0,64
fov/1000/45/5000/1.00/false_infield_unflagged_5_12_min,64,0,64
fov/1000/45/5000/1.00/loc_cyclic,64,3,64
fov/1000/45/5000/1.00/loc_noncyclic,64,3,64
fov/1000/45/5000/1.00/outside_centroid_any,64,0,64
fov/1000/45/5000/1.00/side_centroid_any,64,1,64
fov/1000/45/5000/1.00/side_centroid_from,64,0.5,64
fov/1000/45/5000/1.00/side_centroid_to,64,17,3
fov/1000/45/5000/1.00/side_centroid_to,64,17.5,39
fov/1000/45/5000/1.00/side_centroid_to,64,18,22
fov/5000/0/500/0.00/false_infield_5_12_min,64,0,64
fov/5000/0/500/0.00/false_infield_unflagged_5_12_min,64,0,64
fov/5000/0/500/0.00/false_infield_unflagged_7.5_11_min,64,0,57
fov/5000/0/500/0.00/false_infield_unflagged_7.5_11_min,64,0.01,7
fov/5000/0/500/0.00/false_infield_unflagged_7.5_12_min,64,0,57
fov/5000/0/500/0.00/false_infield_unflagged_7.5_12_min,64,0.01,7
fov/5000/0/500/0.00/loc_cyclic,64,3,16
fov/5000/0/500/0.00/loc_cyclic,64,3.5,48
fov/5000/0/500/0.00/loc_noncyclic,64,7,64
fov/5000/0/500/0.00/outside_centroid_any,64,1,64
fov/5000/0/500/0.00/outside_centroid_at9.5,64,0.97,1
fov/5000/0/500/0.00/outside_centroid_at9.5,64,0.98,2
fov/5000/0/500/0.00/outside_centroid_at9.5,64,0.99,25
fov/5000/0/500/0.00/outside_centroid_at9.5,64,1,36
fov/5000/0/500/0.00/outside_centroid_from,64,5.5,3
fov/5000/0/500/0.00/outside_centroid_from,64,6,25
fov/5000/0/500/0.00/outside_centroid_from,64,6.5,30
fov/5000/0/500/0.00/outside_centroid_from,64,7,4
fov/5000/0/500/0.00/outside_centroid_from,64,8,2
fov/5000/0/500/0.00/outside_centroid_max,64,0.99,10
fov/5000/0/500/0.00/outside_centroid_max,64,1,54
fov/5000/0/500/0.00/outside_centroid_to,64,5.5,1
fov/5000/0/500/0.00/outside_centroid_to,64,6,3
fov/5000/0/500/0.00/outside_centroid_to,64,6.5,8
fov/5000/0/500/0.00/outside_centroid_to,64,7,17
fov/5000/0/500/0.00/outside_centroid_to,64,7.5,9
fov/5000/0/500/0.00/outside_centroid_to,64,11,5
fov/5000/0/500/0.00/outside_centroid_to,64,11.5,16
fov/5000/0/500/0.00/outside_centroid_to,64,12,5
fov/5000/0/500/0.00/side_centroid_any,64,1,64
fov/5000/0/500/0.00/side_centroid_from,64,1,34
fov/5000/0/500/0.00/side_centroid_from,64,1.5,30
fov/5000/0/500/0.00/side_centroid_to,64,14,56
fov/5000/0/500/0.00/side_centroid_to,64,14.5,8
fov/5000/0/500/1.00/false_infield_5_12_max,64,0.93,1
fov/5000/0/500/1.00/false_infield_5_12_max,64,0.94,2
fov/5000/0/500/1.00/false_infield_5_12_max,64,0.95,7
fov/5000/0/500/1.00/false_infield_5_12_max,64,0.96,9
fov/5000/0/500/1.00/false_infield_5_12_max,64,0.97,20
fov/5000/0/500/1.00/false_infield_5_12_max,64,0.98,13
fov/5000/0/500/1.00/false_infield_5_12_max,64,0.99,10
fov/5000/0/500/1.00/false_infield_5_12_max,64,1,2
fov/5000/0/500/1.00/false_infield_5_12_min,64,0,58
fov/5000/0/500/1.00/false_infield_5_12_min,64,0.01,6
fov/5000/0/500/1.00/false_infield_7.5_11_max,64,0.93,1
fov/5000/0/500/1.00/false_infield_7.5_11_max,64,0.94,2
fov/5000/0/500/1.00/false_infield_7.5_11_max,64,0.95,7
fov/5000/0/500/1.00/false_infield_7.5_11_max,64,0.96,9
fov/5000/0/500/1.00/false_infield_7.5_11_max,64,0.97,20
fov/5000/0/500/1.00/false_infield_7.5_11_max,64,0.98,13
fov/5000/0/500/1.00/false_infield_7.5_11_max,64,0.99,10
fov/5000/0/500/1.00/false_infield_7.5_11_max,64,1,2
fov/5000/0/500/1.00/false_infield_7.5_12_max,64,0.93,1
fov/5000/0/500/1.00/false_infield_7.5_12_max,64,0.94,2
fov/5000/0/500/1.00/false_infield_7.5_12_max,64,0.95,7
fov/5000/0/500/1.00/false_infield_7.5_12_max,64,0.96,9
fov/5000/0/500/1.00/false_infield_7.5_12_max,64,0.97,20
fov/5000/0/500/1.00/false_infield_7.5_12_max,64,0.98,13
fov/5000/0/500/1.00/false_infield_7.5_12_max,64,0.99,10
fov/5000/0/500/1.00/false_infield_7.5_12_max,64,1,2
fov/5000/0/500/1.00/false_infield_max,64,0.93,1
fov/5000/0/500/1.00/false_infield_max,64,0.94,2
fov/5000/0/500/1.00/false_infield_max,64,0.95,7
fov/5000/0/500/1.00/false_infield_max,64,0.96,9
fov/5000/0/500/1.00/false_infield_max,64,0.97,20
fov/5000/0/500/1.00/false_infield_max,64,0.98,13
fov/5000/0/500/1.00/false_infield_max,64,0.99,10
fov/5000/0/500/1.00/false_infield_max,64,1,2
fov/5000/0/500/1.00/false_infield_unflagged_5_12_min,64,0,61
fov/5000/0/500/1.00/false_infield_unflagged_5_12_min,64,0.01,3
fov/5000/0/500/1.00/loc_cyclic,64,3,64
fov/5000/0/500/1.00/loc_noncyclic,64,5.5,1
fov/5000/0/500/1.00/loc_noncyclic,64,6,9
fov/5000/0/500/1.00/loc_noncyclic,64,6.5,54
fov/5000/0/500/1.00/outside_centroid_any,64,0,64
fov/5000/0/500/1.00/side_centroid_any,64,1,64
fov/5000/0/500/1.00/side_centroid_from,64,1.5,63
fov/5000/0/500/1.00/side_centroid_from,64,2,1
fov/5000/0/500/1.00/side_centroid_to,64,13,15
fov/5000/0/500/1.00/side_centroid_to,64,13.5,46
fov/5000/0/500/1.00/side_centroid_to,64,14,3
fov/5000/0/5000/0.00/false_infield_14_20_min,64,0,19
fov/5000/0/5000/0.00/false_infield_14_20_min,64,0.01,22
fov/5000/0/5000/0.00/false_infield_14_20_min,64,0.02,14
fov/5000/0/5000/0.00/false_infield_14_20_min,64,0.03,7
fov/5000/0/5000/0.00/false_infield_14_20_min,64,0.04,2
fov/5000/0/5000/0.00/false_infield_5_12_max,64,0.96,1
fov/5000/0/5000/0.00/false_infield_5_12_max,64,0.97,3
fov/5000/0/5000/0.00/false_infield_5_12_max,64,0.98,12
fov/5000/0/5000/0.00/false_infield_5_12_max,64,0.99,26
fov/5000/0/5000/0.00/false_infield_5_12_max,64,1,22
fov/5000/0/5000/0.00/false_infield_5_12_min,64,0,64
fov/5000/0/5000/0.00/false_infield_7.5_11_max,64,0.96,1
fov/5000/0/5000/0.00/false_infield_7.5_11_max,64,0.97,3
fov/5000/0/5000/0.00/false_infield_7.5_11_max,64,0.98,12
fov/5000/0/5000/0.00/false_infield_7.5_11_max,64,0.99,26
fov/5000/0/5000/0.00/false_infield_7.5_11_max,64,1,22
fov/5000/0/5000/0.00/false_infield_7.5_11_min,64,0,10
fov/5000/0/5000/0.00/false_infield_7.5_11_min,64,0.01,18
fov/5000/0/5000/0.00/false_infield_7.5_11_min,64,0.02,15
fov/5000/0/5000/0.00/false_infield_7.5_11_min,64,0.03,11
fov/5000/0/5000/0.00/false_infield_7.5_11_min,64,0.04,5
fov/5000/0/5000/0.00/false_infield_7.5_11_min,64,0.05,3
fov/5000/0/5000/0.00/false_infield_7.5_11_min,64,0.06,1
fov/5000/0/5000/0.00/false_infield_7.5_11_min,64,0.07,1
fov/5000/0/5000/0.00/false_infield_7.5_12_max,64,0.96,1
fov/5000/0/5000/0.00/false_infield_7.5_12_max,64,0.97,3
fov/5000/0/5000/0.00/false_infield_7.5_12_max,64,0.98,12
fov/5000/0/5000/0.00/false_infield_7.5_12_max,64,0.99,26
fov/5000/0/5000/0.00/false_infield_7.5_12_max,64,1,22
fov/5000/0/5000/0.00/false_infield_7.5_12_min,64,0,10
fov/5000/0/5000/0.00/false_infield_7.5_12_min,64,0.01,23
fov/5000/0/5000/0.00/false_infield_7.5_12_min,64,0.02,19
fov/5000/0/5000/0.00/false_infield_7.5_12_min,64,0.03,7
fov/5000/0/5000/0.00/false_infield_7.5_12_min,64,0.04,1
fov/5000/0/5000/0.00/false_infield_7.5_12_min,64,0.05,3
fov/5000/0/5000/0.00/false_infield_7.5_12_min,64,0.06,1
fov/5000/0/5000/0.00/false_infield_max,64,0.96,1
fov/5000/0/5000/0.00/false_infield_max,64,0.97,3
fov/5000/0/5000/0.00/false_infield_max,64,0.98,12
fov/5000/0/5000/0.00/false_infield_max,64,0.99,26
fov/5000/0/5000/0.00/false_infield_max,64,1,22
fov/5000/0/5000/0.00/false_infield_unflagged_14_20_min,64,0,19
fov/5000/0/5000/0.00/false_infield_unflagged_14_20_min,64,0.01,22
fov/5000/0/5000/0.00/false_infield_unflagged_14_20_min,64,0.02,14
fov/5000/0/5000/0.00/false_infield_unflagged_14_20_min,64,0.03,7
fov/5000/0/5000/0.00/false_infield_unflagged_14_20_min,64,0.04,2
fov/5000/0/5000/0.00/false_infield_unflagged_5_12_max,64,0,64
fov/5000/0/5000/0.00/false_infield_unflagged_5_12_min,64,0,64
fov/5000/0/5000/0.00/false_infield_unflagged_7.5_11_max,64,0,64
fov/5000/0/5000/0.00/false_infield_unflagged_7.5_11_min,64,0,64
fov/5000/0/5000/0.00/false_infield_unflagged_7.5_12_max,64,0,64
fov/5000/0/5000/0.00/false_infield_unflagged_7.5_12_min,64,0,64
fov/5000/0/5000/0.00/loc_cyclic,64,3.5,64
fov/5000/0/5000/0.00/loc_noncyclic,64,7.5,64
fov/5000/0/5000/0.00/outside_centroid_any,64,1,64
fov/5000/0/5000/0.00/outside_centroid_at9.5,64,1,64
fov/5000/0/5000/0.00/outside_centroid_from,64,4,30
fov/5000/0/5000/0.00/outside_centroid_from,64,4.5,34
fov/5000/0/5000/0.00/outside_centroid_max,64,1,64
fov/5000/0/5000/0.00/outside_centroid_to,64,12.5,30
fov/5000/0/5000/0.00/outside_centroid_to,64,13,34
fov/5000/0/5000/0.00/side_centroid_any,64,1,64
fov/5000/0/5000/0.00/side_centroid_from,64,1,64
fov/5000/0/5000/0.00/side_centroid_to,64,14.5,2
fov/5000/0/5000/0.00/side_centroid_to,64,15,62
fov/5000/0/5000/1.00/false_infield_14_20_max,64,0.98,5
fov/5000/0/5000/1.00/false_infield_14_20_max,64,0.99,35
fov/5000/0/5000/1.00/false_infield_14_20_max,64,1,24
fov/5000/0/5000/1.00/false_infield_5_12_max,64,1,64
fov/5000/0/5000/1.00/false_infield_5_12_min,64,0,64
fov/5000/0/5000/1.00/false_infield_7.5_11_max,64,1,64
fov/5000/0/5000/1.00/false_infield_7.5_12_max,64,1,64
fov/5000/0/5000/1.00/false_infield_max,64,1,64
fov/5000/0/5000/1.00/false_infield_unflagged_14_20_max,64,0.98,5
fov/5000/0/5000/1.00/false_infield_unflagged_14_20_max,64,0.99,35
fov/5000/0/5000/1.00/false_infield_unflagged_14_20_max,64,1,24
fov/5000/0/5000/1.00/false_infield_unflagged_5_12_min,64,0,64
fov/5000/0/5000/1.00/false_infield_unflagged_7.5_11_min,64,0,60
fov/5000/0/5000/1.00/false_infield_unflagged_7.5_11_min,64,0.01,4
fov/5000/0/5000/1.00/false_infield_unflagged_7.5_12_min,64,0,60
fov/5000/0/5000/1.00/false_infield_unflagged_7.5_12_min,64,0.01,4
fov/5000/0/5000/1.00/false_infield_unflagged_max,64,0.98,5
fov/5000/0/5000/1.00/false_infield_unflagged_max,64,0.99,35
fov/5000/0/5000/1.00/false_infield_unflagged_max,64,1,24
fov/5000/0/5000/1.00/loc_cyclic,64,3.5,64
fov/5000/0/5000/1.00/loc_noncyclic,64,6.5,64
fov/5000/0/5000/1.00/outside_centroid_any,64,1,64
fov/5000/0/5000/1.00/outside_centroid_at9.5,64,0.98,2
fov/5000/0/5000/1.00/outside_centroid_at9.5,64,0.99,14
fov/5000/0/5000/1.00/outside_centroid_at9.5,64,1,48
fov/5000/0/5000/1.00/outside_centroid_from,64,5,22
fov/5000/0/5000/1.00/outside_centroid_from,64,5.5,37
fov/5000/0/5000/1.00/outside_centroid_from,64,6,4
fov/5000/0/5000/1.00/outside_centroid_from,64,6.5,1
fov/5000/0/5000/1.00/outside_centroid_max,64,0.99,4
fov/5000/0/5000/1.00/outside_centroid_max,64,1,60
fov/5000/0/5000/1.00/outside_centroid_to,64,6.5,3
fov/5000/0/5000/1.00/outside_centroid_to,64,7,61
fov/5000/0/5000/1.00/side_centroid_any,64,1,64
fov/5000/0/5000/1.00/side_centroid_from,64,1,64
fov/5000/0/5000/1.00/side_centroid_to,64,14,1
fov/5000/0/5000/1.00/side_centroid_to,64,14.5,63
fov/5000/45/500/0.00/false_infield_5_12_min,64,0,62
fov/5000/45/500/0.00/false_infield_5_12_min,64,0.01,2
fov/5000/45/500/0.00/false_infield_unflagged_5_12_min,64,0,64
fov/5000/45/500/0.00/false_infield_unflagged_7.5_11_min,64,0,15
fov/5000/45/500/0.00/false_infield_unflagged_7.5_11_min,64,0.01,29
fov/5000/45/500/0.00/false_infield_unflagged_7.5_11_min,64,0.02,15
fov/5000/45/500/0.00/false_infield_unflagged_7.5_11_min,64,0.03,4
fov/5000/45/500/0.00/false_infield_unflagged_7.5_11_min,64,0.04,1
fov/5000/45/500/0.00/false_infield_unflagged_7.5_12_min,64,0,15
fov/5000/45/500/0.00/false_infield_unflagged_7.5_12_min,64,0.01,29
fov/5000/45/500/0.00/false_infield_unflagged_7.5_12_min,64,0.02,15
fov/5000/45/500/0.00/false_infield_unflagged_7.5_12_min,64,0.03,4
fov/5000/45/500/0.00/false_infield_unflagged_7.5_12_min,64,0.04,1
fov/5000/45/500/0.00/loc_cyclic,64,4.5,64
fov/5000/45/500/0.00/loc_noncyclic,64,3,55
fov/5000/45/500/0.00/loc_noncyclic,64,4.5,9
fov/5000/45/500/0.00/outside_centroid_any,64,0,63
fov/5000/45/500/0.00/outside_centroid_any,64,1,1
fov/5000/45/500/0.00/outside_centroid_from,1,8,1
fov/5000/45/500/0.00/outside_centroid_to,1,8,1
fov/5000/45/500/0.00/side_centroid_any,64,1,64
fov/5000/45/500/0.00/side_centroid_from,64,0.5,2
fov/5000/45/500/0.00/side_centroid_from,64,1,62
fov/5000/45/500/0.00/side_centroid_to,64,16,11
fov/5000/45/500/0.00/side_centroid_to,64,16.5,23
fov/5000/45/500/0.00/side_centroid_to,64,17,26
fov/5000/45/500/0.00/side_centroid_to,64,17.5,4
fov/5000/45/500/1.00/loc_cyclic,64,0.5,31
fov/5000/45/500/1.00/loc_cyclic,64,2,32
fov/5000/45/500/1.00/loc_cyclic,64,3,1
fov/5000/45/500/1.00/loc_noncyclic,64,0.5,62
fov/5000/45/500/1.00/loc_noncyclic,64,1.5,2
fov/5000/45/500/1.00/outside_centroid_any,64,0,64
fov/5000/45/500/1.00/side_centroid_any,64,1,64
fov/5000/45/500/1.00/side_centroid_from,64,1,60
fov/5000/45/500/1.00/side_centroid_from,64,1.5,4
fov/5000/45/500/1.00/side_centroid_to,64,13,1
fov/5000/45/500/1.00/side_centroid_to,64,13.5,9
fov/5000/45/500/1.00/side_centroid_to,64,14,19
fov/5000/45/500/1.00/side_centroid_to,64,14.5,22
fov/5000/45/500/1.00/side_centroid_to,64,15,12
fov/5000/45/500/1.00/side_centroid_to,64,15.5,1
fov/5000/45/5000/0.00/false_infield_14_20_max,64,0.99,2
fov/5000/45/5000/0.00/false_infield_14_20_max,64,1,62
fov/5000/45/5000/0.00/false_infield_5_12_min,64,0,64
fov/5000/45/5000/0.00/false_infield_7.5_11_min,64,0,64
fov/5000/45/5000/0.00/false_infield_7.5_12_min,64,0,64
fov/5000/45/5000/0.00/false_infield_max,64,0.99,2
fov/5000/45/5000/0.00/false_infield_max,64,1,62
fov/5000/45/5000/0.00/false_infield_unflagged_14_20_max,64,0.99,2
fov/5000/45/5000/0.00/false_infield_unflagged_14_20_max,64,1,62
fov/5000/45/5000/0.00/false_infield_unflagged_5_12_min,64,0,64
fov/5000/45/5000/0.00/false_infield_unflagged_7.5_11_min,64,0,64
fov/5000/45/5000/0.00/false_infield_unflagged_7.5_12_min,64,0,64
fov/5000/45/5000/0.00/false_infield_unflagged_max,64,0.99,2
fov/5000/45/5000/0.00/false_infield_unflagged_max,64,1,62
fov/5000/45/5000/0.00/loc_cyclic,64,4.5,24
fov/5000/45/5000/0.00/loc_cyclic,64,5,40
fov/5000/45/5000/0.00/loc_noncyclic,64,4.5,24
fov/5000/45/5000/0.00/loc_noncyclic,64,7.5,40
fov/5000/45/5000/0.00/outside_centroid_any,64,1,64
fov/5000/45/5000/0.00/outside_centroid_at9.5,64,0.99,3
fov/5000/45/5000/0.00/outside_centroid_at9.5,64,1,61
fov/5000/45/5000/0.00/outside_centroid_from,64,5.5,22
fov/5000/45/5000/0.00/outside_centroid_from,64,6,42
fov/5000/45/5000/0.00/outside_centroid_max,64,1,64
fov/5000/45/5000/0.00/outside_centroid_to,64,10,6
fov/5000/45/5000/0.00/outside_centroid_to,64,10.5,51
fov/5000/45/5000/0.00/outside_centroid_to,64,11,7
fov/5000/45/5000/0.00/side_centroid_any,64,1,64
fov/5000/45/5000/0.00/side_centroid_from,64,0.5,64
fov/5000/45/5000/0.00/side_centroid_to,64,19,35
fov/5000/45/5000/0.00/side_centroid_to,64,19.5,29
fov/5000/45/5000/1.00/false_infield_14_20_max,64,1,64
fov/5000/45/5000/1.00/false_infield_14_20_min,64,0.91,2
fov/5000/45/5000/1.00/false_infield_14_20_min,64,0.92,2
fov/5000/45/5000/1.00/false_infield_14_20_min,64,0.93,2
fov/5000/45/5000/1.00/false_infield_14_20_min,64,0.94,9
fov/5000/45/5000/1.00/false_infield_14_20_min,64,0.95,10
fov/5000/45/5000/1.00/false_infield_14_20_min,64,0.96,19
fov/5000/45/5000/1.00/false_infield_14_20_min,64,0.97,16
fov/5000/45/5000/1.00/false_infield_14_20_min,64,0.98,4
fov/5000/45/5000/1.00/false_infield_5_12_max,64,0.98,5
fov/5000/45/5000/1.00/false_infield_5_12_max,64,0.99,11
fov/5000/45/5000/1.00/false_infield_5_12_max,64,1,48
fov/5000/45/5000/1.00/false_infield_5_12_min,64,0,20
fov/5000/45/5000/1.00/false_infield_5_12_min,64,0.01,25
fov/5000/45/5000/1.00/false_infield_5_12_min,64,0.02,13
fov/5000/45/5000/1.00/false_infield_5_12_min,64,0.03,1
fov/5000/45/5000/1.00/false_infield_5_12_min,64,0.04,5
fov/5000/45/5000/1.00/false_infield_7.5_11_max,64,0.98,6
fov/5000/45/5000/1.00/false_infield_7.5_11_max,64,0.99,14
fov/5000/45/5000/1.00/false_infield_7.5_11_max,64,1,44
fov/5000/45/5000/1.00/false_infield_7.5_12_max,64,0.98,5
fov/5000/45/5000/1.00/false_infield_7.5_12_max,64,0.99,11
fov/5000/45/5000/1.00/false_infield_7.5_12_max,64,1,48
fov/5000/45/5000/1.00/false_infield_max,64,1,64
fov/5000/45/5000/1.00/false_infield_unflagged_14_20_max,64,1,64
fov/5000/45/5000/1.00/false_infield_unflagged_14_20_min,64,0.91,2
fov/5000/45/5000/1.00/false_infield_unflagged_14_20_min,64,0.92,2
fov/5000/45/5000/1.00/false_infield_unflagged_14_20_min,64,0.93,2
fov/5000/45/5000/1.00/false_infield_unflagged_14_20_min,64,0.94,9
fov/5000/45/5000/1.00/false_infield_unflagged_14_20_min,64,0.95,10
fov/5000/45/5000/1.00/false_infield_unflagged_14_20_min,64,0.96,19
fov/5000/45/5000/1.00/false_infield_unflagged_14_20_min,64,0.97,16
fov/5000/45/5000/1.00/false_infield_unflagged_14_20_min,64,0.98,4
fov/5000/45/5000/1.00/false_infield_unflagged_5_12_max,64,0.97,3
fov/5000/45/5000/1.00/false_infield_unflagged_5_12_max,64,0.98,14
fov/5000/45/5000/1.00/false_infield_unflagged_5_12_max,64,0.99,22
fov/5000/45/5000/1.00/false_infield_unflagged_5_12_max,64,1,25
fov/5000/45/5000/1.00/false_infield_unflagged_5_12_min,64,0,40
fov/5000/45/5000/1.00/false_infield_unflagged_5_12_min,64,0.01,21
fov/5000/45/5000/1.00/false_infield_unflagged_5_12_min,64,0.02,3
fov/5000/45/5000/1.00/false_infield_unflagged_7.5_11_max,64,0.97,5
fov/5000/45/5000/1.00/false_infield_unflagged_7.5_11_max,64,0.98,19
fov/5000/45/5000/1.00/false_infield_unflagged_7.5_11_max,64,0.99,20
fov/5000/45/5000/1.00/false_infield_unflagged_7.5_11_max,64,1,20
fov/5000/45/5000/1.00/false_infield_unflagged_7.5_12_max,64,0.97,3
fov/5000/45/5000/1.00/false_infield_unflagged_7.5_12_max,64,0.98,14
fov/5000/45/5000/1.00/false_infield_unflagged_7.5_12_max,64,0.99,22
fov/5000/45/5000/1.00/false_infield_unflagged_7.5_12_max,64,1,25
fov/5000/45/5000/1.00/false_infield_unflagged_max,64,1,64
fov/5000/45/5000/1.00/loc_cyclic,64,4.5,64
fov/5000/45/5000/1.00/loc_noncyclic,64,1.5,1
fov/5000/45/5000/1.00/loc_noncyclic,64,2,62
fov/5000/45/5000/1.00/loc_noncyclic,64,3,1
fov/5000/45/5000/1.00/outside_centroid_any,64,0,64
fov/5000/45/5000/1.00/side_centroid_any,64,1,64
fov/5000/45/5000/1.00/side_centroid_from,64,0.5,64
fov/5000/45/5000/1.00/side_centroid_to,64,17.5,3
fov/5000/45/5000/1.00/side_centroid_to,64,18,44
fov/5000/45/5000/1.00/side_centroid_to,64,18.5,17
gap/0/relativeZeroGapPPW,32,1,32
maskfab/maskfab.csv/0/blocked_pct,128,0,128
maskfab/maskfab.csv/0/efficiency_rel,128,1,128
maskfab/maskfab.csv/0/pos_jitter_um,128,0,128
maskfab/maskfab.csv/0/wander_um,128,0,128
maskfab/maskfab.csv/10/blocked_pct,128,0.25,128
maskfab/maskfab.csv/10/pos_jitter_um,128,10,128
maskfab/maskfab.csv/10/wander_um,128,25,128
maskfab/maskfab.csv/160/blocked_pct,128,4,128
maskfab/maskfab.csv/160/pos_jitter_um,128,160,128
maskfab/maskfab.csv/160/wander_um,128,400,128
maskfab/maskfab.csv/20/blocked_pct,128,0.5,128
maskfab/maskfab.csv/20/pos_jitter_um,128,20,128
maskfab/maskfab.csv/20/wander_um,128,50,128
maskfab/maskfab.csv/40/blocked_pct,128,1,128
maskfab/maskfab.csv/40/pos_jitter_um,128,40,128
maskfab/maskfab.csv/40/wander_um,128,100,128
maskfab/maskfab.csv/80/blocked_pct,128,2,128
maskfab/maskfab.csv/80/pos_jitter_um,128,80,128
maskfab/maskfab.csv/80/wander_um,128,200,128
maskfab/within2/10,128,0,5
maskfab/within2/10,128,1,123
maskfab/within2/160,128,0,112
maskfab/within2/160,128,1,16
maskfab/within2/20,128,0,9
maskfab/within2/20,128,1,119
maskfab/within2/40,128,0,20
maskfab/within2/40,128,1,108
maskfab/within2/80,128,0,28
maskfab/within2/80,128,1,100
mixedfield/match5/error,64,0.55,64
mixedfield/match6/error,64,0.27,64
mixedfield/match7/error,64,0.93,64
mixediso/match1/error,64,8,64
mixediso/match7/error,64,7.97,7
mixediso/match7/error,64,8.75,57
mixediso/match8/error,64,1.1,64
mixedstrip/co-located/raw,64,39,64
mixedstrip/co-located/stripped,64,3,34
mixedstrip/co-located/stripped,64,4,30
mixedstrip/co-located/true,64,3,64
mixedstrip/separated/raw,64,38,7
mixedstrip/separated/raw,64,39,57
mixedstrip/separated/stripped,64,3,23
mixedstrip/separated/stripped,64,4,41
mixedstrip/separated/true,64,3,64
mlem/mlem.csv/1.00/cross_resolved,64,0,64
mlem/mlem.csv/1.00/mlem_resolved,64,0,64
mlem/mlem.csv/1.50/cross_resolved,64,0,64
mlem/mlem.csv/1.50/mlem_resolved,64,1,64
mlem/mlem.csv/2.00/cross_resolved,64,0,64
mlem/mlem.csv/2.00/mlem_resolved,64,1,64
mlem/mlem.csv/2.50/cross_resolved,64,0,64
mlem/mlem.csv/2.50/mlem_resolved,64,1,64
mlem/mlem.csv/3.00/cross_resolved,64,0,64
mlem/mlem.csv/3.00/mlem_resolved,64,1,64
mlem/mlem.csv/3.50/cross_resolved,64,1,64
mlem/mlem.csv/3.50/mlem_resolved,64,1,64
mlem/mlem.csv/4.00/cross_resolved,64,1,64
mlem/mlem.csv/4.00/mlem_resolved,64,1,64
mlem/mlem.csv/5.00/cross_resolved,64,1,64
mlem/mlem.csv/5.00/mlem_resolved,64,1,64
mlem/mlem.csv/5.00/mlem_valley_depth,64,1,64
mlem/mlem.csv/6.00/cross_resolved,64,1,64
mlem/mlem.csv/6.00/mlem_resolved,64,1,64
mlem/mlem.csv/6.00/mlem_valley_depth,64,1,64
mlem/stdout/line2/n0,64,0.55,64
mlem/stdout/line2/n1,64,0.87,64
mlem/stdout/line2/n3,64,0,64
mlem/stdout/line2/n4,64,0,64
mlem/stdout/line2/n5,64,2.49,2
mlem/stdout/line2/n5,64,2.5,62
mlem/stdout/line2/n6,64,1.73,1
mlem/stdout/line2/n6,64,1.76,1
mlem/stdout/line2/n6,64,1.77,3
mlem/stdout/line2/n6,64,1.94,20
mlem/stdout/line2/n6,64,1.95,39
noise/noise.csv/centered/10/equiv_time_s,128,0.047,128
noise/noise.csv/centered/100/equiv_time_s,128,0.471,19
noise/noise.csv/centered/100/equiv_time_s,128,0.472,95
noise/noise.csv/centered/100/equiv_time_s,128,0.473,14
noise/noise.csv/centered/100/failure_rate,128,0,34
noise/noise.csv/centered/100/failure_rate,128,0.003,49
noise/noise.csv/centered/100/failure_rate,128,0.007,24
noise/noise.csv/centered/100/failure_rate,128,0.01,17
noise/noise.csv/centered/100/failure_rate,128,0.013,3
noise/noise.csv/centered/100/failure_rate,128,0.02,1
noise/noise.csv/centered/1000/failure_rate,128,0,128
noise/noise.csv/centered/25/equiv_time_s,128,0.118,128
noise/noise.csv/centered/250/equiv_time_s,128,1.177,5
noise/noise.csv/centered/250/equiv_time_s,128,1.178,9
noise/noise.csv/centered/250/equiv_time_s,128,1.179,32
noise/noise.csv/centered/250/equiv_time_s,128,1.18,44
noise/noise.csv/centered/250/equiv_time_s,128,1.181,30
noise/noise.csv/centered/250/equiv_time_s,128,1.182,6
noise/noise.csv/centered/250/equiv_time_s,128,1.183,2
noise/noise.csv/centered/250/failure_rate,128,0,128
noise/noise.csv/centered/2500/failure_rate,128,0,128
noise/noise.csv/centered/2500/mean_error_mm,128,0.351,1
noise/noise.csv/centered/2500/mean_error_mm,128,0.352,11
noise/noise.csv/centered/2500/mean_error_mm,128,0.353,27
noise/noise.csv/centered/2500/mean_error_mm,128,0.354,27
noise/noise.csv/centered/2500/mean_error_mm,128,0.355,28
noise/noise.csv/centered/2500/mean_error_mm,128,0.356,26
noise/noise.csv/centered/2500/mean_error_mm,128,0.357,8
noise/noise.csv/centered/2500/rms_error_mm,128,0.352,8
noise/noise.csv/centered/2500/rms_error_mm,128,0.353,17
noise/noise.csv/centered/2500/rms_error_mm,128,0.354,24
noise/noise.csv/centered/2500/rms_error_mm,128,0.355,34
noise/noise.csv/centered/2500/rms_error_mm,128,0.356,28
noise/noise.csv/centered/2500/rms_error_mm,128,0.357,14
noise/noise.csv/centered/2500/rms_error_mm,128,0.358,3
noise/noise.csv/centered/5/equiv_time_s,128,0.024,128
noise/noise.csv/centered/50/equiv_time_s,128,0.235,5
noise/noise.csv/centered/50/equiv_time_s,128,0.236,121
noise/noise.csv/centered/50/equiv_time_s,128,0.237,2
noise/noise.csv/centered/500/failure_rate,128,0,128
noise/noise.csv/centered/5000/failure_rate,128,0,128
noise/noise.csv/centered/5000/mean_error_mm,128,0.35,2
noise/noise.csv/centered/5000/mean_error_mm,128,0.351,5
noise/noise.csv/centered/5000/mean_error_mm,128,0.352,18
noise/noise.csv/centered/5000/mean_error_mm,128,0.353,33
noise/noise.csv/centered/5000/mean_error_mm,128,0.354,32
noise/noise.csv/centered/5000/mean_error_mm,128,0.355,28
noise/noise.csv/centered/5000/mean_error_mm,128,0.356,9
noise/noise.csv/centered/5000/mean_error_mm,128,0.357,1
noise/noise.csv/centered/5000/rms_error_mm,128,0.351,4
noise/noise.csv/centered/5000/rms_error_mm,128,0.352,14
noise/noise.csv/centered/5000/rms_error_mm,128,0.353,30
noise/noise.csv/centered/5000/rms_error_mm,128,0.354,36
noise/noise.csv/centered/5000/rms_error_mm,128,0.355,31
noise/noise.csv/centered/5000/rms_error_mm,128,0.356,12
noise/noise.csv/centered/5000/rms_error_mm,128,0.357,1
noise/noise.csv/edge_8mm/10/equiv_time_s,128,0.049,128
noise/noise.csv/edge_8mm/100/equiv_time_s,128,0.487,9
noise/noise.csv/edge_8mm/100/equiv_time_s,128,0.488,88
noise/noise.csv/edge_8mm/100/equiv_time_s,128,0.489,31
noise/noise.csv/edge_8mm/1000/failure_rate,128,0,128
noise/noise.csv/edge_8mm/25/equiv_time_s,128,0.122,128
noise/noise.csv/edge_8mm/250/equiv_time_s,128,1.218,6
noise/noise.csv/edge_8mm/250/equiv_time_s,128,1.219,19
noise/noise.csv/edge_8mm/250/equiv_time_s,128,1.22,41
noise/noise.csv/edge_8mm/250/equiv_time_s,128,1.221,41
noise/noise.csv/edge_8mm/250/equiv_time_s,128,1.222,15
noise/noise.csv/edge_8mm/250/equiv_time_s,128,1.223,6
noise/noise.csv/edge_8mm/250/failure_rate,128,0,126
noise/noise.csv/edge_8mm/250/failure_rate,128,0.003,2
noise/noise.csv/edge_8mm/2500/failure_rate,128,0,128
noise/noise.csv/edge_8mm/5/equiv_time_s,128,0.024,128
noise/noise.csv/edge_8mm/50/equiv_time_s,128,0.244,122
noise/noise.csv/edge_8mm/50/equiv_time_s,128,0.245,6
noise/noise.csv/edge_8mm/500/failure_rate,128,0,128
noise/noise.csv/edge_8mm/5000/failure_rate,128,0,128
noise/submm/100,128,0,29
noise/submm/100,128,1,99
noise/submm/250,128,1,128
noise/submm/50,128,0,128
noise_head/noise.csv/centered/10/equiv_time_s,64,0.047,62
noise_head/noise.csv/centered/10/equiv_time_s,64,0.048,2
noise_head/noise.csv/centered/100/equiv_time_s,64,0.473,4
noise_head/noise.csv/centered/100/equiv_time_s,64,0.474,47
noise_head/noise.csv/centered/100/equiv_time_s,64,0.475,13
noise_head/noise.csv/centered/1000/failure_rate,64,0,64
noise_head/noise.csv/centered/25/equiv_time_s,64,0.118,24
noise_head/noise.csv/centered/25/equiv_time_s,64,0.119,40
noise_head/noise.csv/centered/250/equiv_time_s,64,1.183,4
noise_head/noise.csv/centered/250/equiv_time_s,64,1.184,9
noise_head/noise.csv/centered/250/equiv_time_s,64,1.185,24
noise_head/noise.csv/centered/250/equiv_time_s,64,1.186,16
noise_head/noise.csv/centered/250/equiv_time_s,64,1.187,9
noise_head/noise.csv/centered/250/equiv_time_s,64,1.188,2
noise_head/noise.csv/centered/250/failure_rate,64,0,52
noise_head/noise.csv/centered/250/failure_rate,64,0.003,10
noise_head/noise.csv/centered/250/failure_rate,64,0.007,2
noise_head/noise.csv/centered/2500/failure_rate,64,0,64
noise_head/noise.csv/centered/5/equiv_time_s,64,0.024,64
noise_head/noise.csv/centered/50/equiv_time_s,64,0.237,62
noise_head/noise.csv/centered/50/equiv_time_s,64,0.238,2
noise_head/noise.csv/centered/500/failure_rate,64,0,64
noise_head/noise.csv/centered/5000/failure_rate,64,0,64
noise_head/noise.csv/centered/5000/mean_error_mm,64,0.243,2
noise_head/noise.csv/centered/5000/mean_error_mm,64,0.245,10
noise_head/noise.csv/centered/5000/mean_error_mm,64,0.246,19
noise_head/noise.csv/centered/5000/mean_error_mm,64,0.247,15
noise_head/noise.csv/centered/5000/mean_error_mm,64,0.248,9
noise_head/noise.csv/centered/5000/mean_error_mm,64,0.249,5
noise_head/noise.csv/centered/5000/mean_error_mm,64,0.25,2
noise_head/noise.csv/centered/5000/mean_error_mm,64,0.251,2
noise_head/noise.csv/edge_8mm/10/equiv_time_s,64,0.053,15
noise_head/noise.csv/edge_8mm/10/equiv_time_s,64,0.054,49
noise_head/noise.csv/edge_8mm/100/equiv_time_s,64,0.534,1
noise_head/noise.csv/edge_8mm/100/equiv_time_s,64,0.535,39
noise_head/noise.csv/edge_8mm/100/equiv_time_s,64,0.536,23
noise_head/noise.csv/edge_8mm/100/equiv_time_s,64,0.537,1
noise_head/noise.csv/edge_8mm/1000/failure_rate,64,0,64
noise_head/noise.csv/edge_8mm/25/equiv_time_s,64,0.133,1
noise_head/noise.csv/edge_8mm/25/equiv_time_s,64,0.134,63
noise_head/noise.csv/edge_8mm/250/equiv_time_s,64,1.335,1
noise_head/noise.csv/edge_8mm/250/equiv_time_s,64,1.336,2
noise_head/noise.csv/edge_8mm/250/equiv_time_s,64,1.337,12
noise_head/noise.csv/edge_8mm/250/equiv_time_s,64,1.338,20
noise_head/noise.csv/edge_8mm/250/equiv_time_s,64,1.339,19
noise_head/noise.csv/edge_8mm/250/equiv_time_s,64,1.34,9
noise_head/noise.csv/edge_8mm/250/equiv_time_s,64,1.341,1
noise_head/noise.csv/edge_8mm/250/failure_rate,64,0,5
noise_head/noise.csv/edge_8mm/250/failure_rate,64,0.003,13
noise_head/noise.csv/edge_8mm/250/failure_rate,64,0.007,13
noise_head/noise.csv/edge_8mm/250/failure_rate,64,0.01,18
noise_head/noise.csv/edge_8mm/250/failure_rate,64,0.013,8
noise_head/noise.csv/edge_8mm/250/failure_rate,64,0.017,5
noise_head/noise.csv/edge_8mm/250/failure_rate,64,0.02,2
noise_head/noise.csv/edge_8mm/2500/failure_rate,64,0,64
noise_head/noise.csv/edge_8mm/5/equiv_time_s,64,0.027,64
noise_head/noise.csv/edge_8mm/50/equiv_time_s,64,0.267,15
noise_head/noise.csv/edge_8mm/50/equiv_time_s,64,0.268,49
noise_head/noise.csv/edge_8mm/500/failure_rate,64,0,62
noise_head/noise.csv/edge_8mm/500/failure_rate,64,0.003,2
noise_head/noise.csv/edge_8mm/5000/failure_rate,64,0,64
noise_orig/noise.csv/centered/10/equiv_time_s,64,0.117,23
noise_orig/noise.csv/centered/10/equiv_time_s,64,0.118,41
noise_orig/noise.csv/centered/100/equiv_time_s,64,1.172,2
noise_orig/noise.csv/centered/100/equiv_time_s,64,1.173,2
noise_orig/noise.csv/centered/100/equiv_time_s,64,1.174,8
noise_orig/noise.csv/centered/100/equiv_time_s,64,1.175,18
noise_orig/noise.csv/centered/100/equiv_time_s,64,1.176,25
noise_orig/noise.csv/centered/100/equiv_time_s,64,1.177,6
noise_orig/noise.csv/centered/100/equiv_time_s,64,1.178,1
noise_orig/noise.csv/centered/100/equiv_time_s,64,1.179,2
noise_orig/noise.csv/centered/100/failure_rate,64,0,16
noise_orig/noise.csv/centered/100/failure_rate,64,0.003,20
noise_orig/noise.csv/centered/100/failure_rate,64,0.007,14
noise_orig/noise.csv/centered/100/failure_rate,64,0.01,10
noise_orig/noise.csv/centered/100/failure_rate,64,0.013,3
noise_orig/noise.csv/centered/100/failure_rate,64,0.02,1
noise_orig/noise.csv/centered/1000/failure_rate,64,0,64
noise_orig/noise.csv/centered/25/equiv_time_s,64,0.293,7
noise_orig/noise.csv/centered/25/equiv_time_s,64,0.294,55
noise_orig/noise.csv/centered/25/equiv_time_s,64,0.295,2
noise_orig/noise.csv/centered/250/failure_rate,64,0,64
noise_orig/noise.csv/centered/2500/failure_rate,64,0,64
noise_orig/noise.csv/centered/2500/mean_error_mm,64,0.352,7
noise_orig/noise.csv/centered/2500/mean_error_mm,64,0.353,9
noise_orig/noise.csv/centered/2500/mean_error_mm,64,0.354,19
noise_orig/noise.csv/centered/2500/mean_error_mm,64,0.355,11
noise_orig/noise.csv/centered/2500/mean_error_mm,64,0.356,13
noise_orig/noise.csv/centered/2500/mean_error_mm,64,0.357,3
noise_orig/noise.csv/centered/2500/mean_error_mm,64,0.358,2
noise_orig/noise.csv/centered/2500/rms_error_mm,64,0.352,5
noise_orig/noise.csv/centered/2500/rms_error_mm,64,0.353,7
noise_orig/noise.csv/centered/2500/rms_error_mm,64,0.354,12
noise_orig/noise.csv/centered/2500/rms_error_mm,64,0.355,17
noise_orig/noise.csv/centered/2500/rms_error_mm,64,0.356,15
noise_orig/noise.csv/centered/2500/rms_error_mm,64,0.357,4
noise_orig/noise.csv/centered/2500/rms_error_mm,64,0.358,4
noise_orig/noise.csv/centered/5/equiv_time_s,64,0.059,64
noise_orig/noise.csv/centered/50/equiv_time_s,64,0.586,3
noise_orig/noise.csv/centered/50/equiv_time_s,64,0.587,20
noise_orig/noise.csv/centered/50/equiv_time_s,64,0.588,36
noise_orig/noise.csv/centered/50/equiv_time_s,64,0.589,5
noise_orig/noise.csv/centered/500/failure_rate,64,0,64
noise_orig/noise.csv/centered/5000/failure_rate,64,0,64
noise_orig/noise.csv/centered/5000/mean_error_mm,64,0.35,1
noise_orig/noise.csv/centered/5000/mean_error_mm,64,0.351,3
noise_orig/noise.csv/centered/5000/mean_error_mm,64,0.352,5
noise_orig/noise.csv/centered/5000/mean_error_mm,64,0.353,15
noise_orig/noise.csv/centered/5000/mean_error_mm,64,0.354,19
noise_orig/noise.csv/centered/5000/mean_error_mm,64,0.355,15
noise_orig/noise.csv/centered/5000/mean_error_mm,64,0.356,6
noise_orig/noise.csv/centered/5000/rms_error_mm,64,0.35,1
noise_orig/noise.csv/centered/5000/rms_error_mm,64,0.351,3
noise_orig/noise.csv/centered/5000/rms_error_mm,64,0.352,3
noise_orig/noise.csv/centered/5000/rms_error_mm,64,0.353,16
noise_orig/noise.csv/centered/5000/rms_error_mm,64,0.354,16
noise_orig/noise.csv/centered/5000/rms_error_mm,64,0.355,19
noise_orig/noise.csv/centered/5000/rms_error_mm,64,0.356,5
noise_orig/noise.csv/centered/5000/rms_error_mm,64,0.357,1
noise_orig/noise.csv/edge_8mm/10/equiv_time_s,64,0.121,25
noise_orig/noise.csv/edge_8mm/10/equiv_time_s,64,0.122,39
noise_orig/noise.csv/edge_8mm/100/equiv_time_s,64,1.212,1
noise_orig/noise.csv/edge_8mm/100/equiv_time_s,64,1.213,4
noise_orig/noise.csv/edge_8mm/100/equiv_time_s,64,1.214,11
noise_orig/noise.csv/edge_8mm/100/equiv_time_s,64,1.215,22
noise_orig/noise.csv/edge_8mm/100/equiv_time_s,64,1.216,17
noise_orig/noise.csv/edge_8mm/100/equiv_time_s,64,1.217,7
noise_orig/noise.csv/edge_8mm/100/equiv_time_s,64,1.218,2
noise_orig/noise.csv/edge_8mm/1000/failure_rate,64,0,64
noise_orig/noise.csv/edge_8mm/25/equiv_time_s,64,0.303,10
noise_orig/noise.csv/edge_8mm/25/equiv_time_s,64,0.304,54
noise_orig/noise.csv/edge_8mm/250/failure_rate,64,0,64
noise_orig/noise.csv/edge_8mm/2500/failure_rate,64,0,64
noise_orig/noise.csv/edge_8mm/5/equiv_time_s,64,0.061,64
noise_orig/noise.csv/edge_8mm/50/equiv_time_s,64,0.606,2
noise_orig/noise.csv/edge_8mm/50/equiv_time_s,64,0.607,23
noise_orig/noise.csv/edge_8mm/50/equiv_time_s,64,0.608,35
noise_orig/noise.csv/edge_8mm/50/equiv_time_s,64,0.609,4
noise_orig/noise.csv/edge_8mm/500/failure_rate,64,0,64
noise_orig/noise.csv/edge_8mm/5000/failure_rate,64,0,64
nonprop/nonprop.csv/1000/GAGG/peak_shift_pct,64,0.364,2
nonprop/nonprop.csv/1000/GAGG/peak_shift_pct,64,0.365,5
nonprop/nonprop.csv/1000/GAGG/peak_shift_pct,64,0.366,12
nonprop/nonprop.csv/1000/GAGG/peak_shift_pct,64,0.367,14
nonprop/nonprop.csv/1000/GAGG/peak_shift_pct,64,0.368,14
nonprop/nonprop.csv/1000/GAGG/peak_shift_pct,64,0.369,14
nonprop/nonprop.csv/1000/GAGG/peak_shift_pct,64,0.37,3
nonprop/nonprop.csv/1000/NaI/peak_shift_pct,64,-0.209,2
nonprop/nonprop.csv/1000/NaI/peak_shift_pct,64,-0.208,2
nonprop/nonprop.csv/1000/NaI/peak_shift_pct,64,-0.207,14
nonprop/nonprop.csv/1000/NaI/peak_shift_pct,64,-0.206,22
nonprop/nonprop.csv/1000/NaI/peak_shift_pct,64,-0.205,14
nonprop/nonprop.csv/1000/NaI/peak_shift_pct,64,-0.204,10
nonprop/nonprop.csv/1000/proportional/intrinsic_fwhm_pct,64,0,64
nonprop/nonprop.csv/1000/proportional/peak_shift_pct,64,0,64
nonprop/nonprop.csv/122/CsI/full_energy_frac,64,0.9886,4
nonprop/nonprop.csv/122/CsI/full_energy_frac,64,0.9887,12
nonprop/nonprop.csv/122/CsI/full_energy_frac,64,0.9888,12
nonprop/nonprop.csv/122/CsI/full_energy_frac,64,0.9889,26
nonprop/nonprop.csv/122/CsI/full_energy_frac,64,0.989,7
nonprop/nonprop.csv/122/CsI/full_energy_frac,64,0.9891,3
nonprop/nonprop.csv/122/CsI/peak_shift_pct,64,5.268,11
nonprop/nonprop.csv/122/CsI/peak_shift_pct,64,5.269,43
nonprop/nonprop.csv/122/CsI/peak_shift_pct,64,5.27,10
nonprop/nonprop.csv/122/GAGG/full_energy_frac,64,0.9886,4
nonprop/nonprop.csv/122/GAGG/full_energy_frac,64,0.9887,12
nonprop/nonprop.csv/122/GAGG/full_energy_frac,64,0.9888,12
nonprop/nonprop.csv/122/GAGG/full_energy_frac,64,0.9889,26
nonprop/nonprop.csv/122/GAGG/full_energy_frac,64,0.989,7
nonprop/nonprop.csv/122/GAGG/full_energy_frac,64,0.9891,3
nonprop/nonprop.csv/122/GAGG/intrinsic_fwhm_pct,64,0.834,1
nonprop/nonprop.csv/122/GAGG/intrinsic_fwhm_pct,64,0.835,8
nonprop/nonprop.csv/122/GAGG/intrinsic_fwhm_pct,64,0.836,10
nonprop/nonprop.csv/122/GAGG/intrinsic_fwhm_pct,64,0.837,15
nonprop/nonprop.csv/122/GAGG/intrinsic_fwhm_pct,64,0.838,14
nonprop/nonprop.csv/122/GAGG/intrinsic_fwhm_pct,64,0.839,10
nonprop/nonprop.csv/122/GAGG/intrinsic_fwhm_pct,64,0.84,5
nonprop/nonprop.csv/122/GAGG/intrinsic_fwhm_pct,64,0.841,1
nonprop/nonprop.csv/122/GAGG/peak_shift_pct,64,1.529,38
nonprop/nonprop.csv/122/GAGG/peak_shift_pct,64,1.53,26
nonprop/nonprop.csv/122/NaI/full_energy_frac,64,0.9886,4
nonprop/nonprop.csv/122/NaI/full_energy_frac,64,0.9887,12
nonprop/nonprop.csv/122/NaI/full_energy_frac,64,0.9888,12
nonprop/nonprop.csv/122/NaI/full_energy_frac,64,0.9889,26
nonprop/nonprop.csv/122/NaI/full_energy_frac,64,0.989,7
nonprop/nonprop.csv/122/NaI/full_energy_frac,64,0.9891,3
nonprop/nonprop.csv/122/NaI/peak_shift_pct,64,-3.245,3
nonprop/nonprop.csv/122/NaI/peak_shift_pct,64,-3.244,17
nonprop/nonprop.csv/122/NaI/peak_shift_pct,64,-3.243,17
nonprop/nonprop.csv/122/NaI/peak_shift_pct,64,-3.242,16
nonprop/nonprop.csv/122/NaI/peak_shift_pct,64,-3.241,9
nonprop/nonprop.csv/122/NaI/peak_shift_pct,64,-3.24,2
nonprop/nonprop.csv/122/proportional/full_energy_frac,64,0.9886,4
nonprop/nonprop.csv/122/proportional/full_energy_frac,64,0.9887,12
nonprop/nonprop.csv/122/proportional/full_energy_frac,64,0.9888,12
nonprop/nonprop.csv/122/proportional/full_energy_frac,64,0.9889,26
nonprop/nonprop.csv/122/proportional/full_energy_frac,64,0.989,7
nonprop/nonprop.csv/122/proportional/full_energy_frac,64,0.9891,3
nonprop/nonprop.csv/122/proportional/intrinsic_fwhm_pct,64,0,64
nonprop/nonprop.csv/122/proportional/peak_shift_pct,64,0,64
nonprop/nonprop.csv/1332/GAGG/peak_shift_pct,64,0.027,7
nonprop/nonprop.csv/1332/GAGG/peak_shift_pct,64,0.028,11
nonprop/nonprop.csv/1332/GAGG/peak_shift_pct,64,0.029,22
nonprop/nonprop.csv/1332/GAGG/peak_shift_pct,64,0.03,16
nonprop/nonprop.csv/1332/GAGG/peak_shift_pct,64,0.031,5
nonprop/nonprop.csv/1332/GAGG/peak_shift_pct,64,0.032,3
nonprop/nonprop.csv/1332/NaI/peak_shift_pct,64,-0.299,1
nonprop/nonprop.csv/1332/NaI/peak_shift_pct,64,-0.298,1
nonprop/nonprop.csv/1332/NaI/peak_shift_pct,64,-0.297,11
nonprop/nonprop.csv/1332/NaI/peak_shift_pct,64,-0.296,17
nonprop/nonprop.csv/1332/NaI/peak_shift_pct,64,-0.295,24
nonprop/nonprop.csv/1332/NaI/peak_shift_pct,64,-0.294,9
nonprop/nonprop.csv/1332/NaI/peak_shift_pct,64,-0.293,1
nonprop/nonprop.csv/1332/proportional/intrinsic_fwhm_pct,64,0,64
nonprop/nonprop.csv/1332/proportional/peak_shift_pct,64,0,64
nonprop/nonprop.csv/356/CsI/intrinsic_fwhm_pct,64,2.7,1
nonprop/nonprop.csv/356/CsI/intrinsic_fwhm_pct,64,2.701,16
nonprop/nonprop.csv/356/CsI/intrinsic_fwhm_pct,64,2.702,10
nonprop/nonprop.csv/356/CsI/intrinsic_fwhm_pct,64,2.703,22
nonprop/nonprop.csv/356/CsI/intrinsic_fwhm_pct,64,2.704,12
nonprop/nonprop.csv/356/CsI/intrinsic_fwhm_pct,64,2.705,3
nonprop/nonprop.csv/356/GAGG/intrinsic_fwhm_pct,64,0.738,2
nonprop/nonprop.csv/356/GAGG/intrinsic_fwhm_pct,64,0.739,24
nonprop/nonprop.csv/356/GAGG/intrinsic_fwhm_pct,64,0.74,35
nonprop/nonprop.csv/356/GAGG/intrinsic_fwhm_pct,64,0.741,3
nonprop/nonprop.csv/356/GAGG/peak_shift_pct,64,1.38,10
nonprop/nonprop.csv/356/GAGG/peak_shift_pct,64,1.381,43
nonprop/nonprop.csv/356/GAGG/peak_shift_pct,64,1.382,11
nonprop/nonprop.csv/356/proportional/intrinsic_fwhm_pct,64,0,64
nonprop/nonprop.csv/356/proportional/peak_shift_pct,64,0,64
nonprop/nonprop.csv/511/GAGG/intrinsic_fwhm_pct,64,1.182,1
nonprop/nonprop.csv/511/GAGG/intrinsic_fwhm_pct,64,1.183,29
nonprop/nonprop.csv/511/GAGG/intrinsic_fwhm_pct,64,1.184,29
nonprop/nonprop.csv/511/GAGG/intrinsic_fwhm_pct,64,1.185,5
nonprop/nonprop.csv/511/GAGG/peak_shift_pct,64,1.152,3
nonprop/nonprop.csv/511/GAGG/peak_shift_pct,64,1.153,15
nonprop/nonprop.csv/511/GAGG/peak_shift_pct,64,1.154,23
nonprop/nonprop.csv/511/GAGG/peak_shift_pct,64,1.155,16
nonprop/nonprop.csv/511/GAGG/peak_shift_pct,64,1.156,7
nonprop/nonprop.csv/511/NaI/peak_shift_pct,64,-0.279,1
nonprop/nonprop.csv/511/NaI/peak_shift_pct,64,-0.278,3
nonprop/nonprop.csv/511/NaI/peak_shift_pct,64,-0.277,1
nonprop/nonprop.csv/511/NaI/peak_shift_pct,64,-0.276,17
nonprop/nonprop.csv/511/NaI/peak_shift_pct,64,-0.275,16
nonprop/nonprop.csv/511/NaI/peak_shift_pct,64,-0.274,12
nonprop/nonprop.csv/511/NaI/peak_shift_pct,64,-0.273,9
nonprop/nonprop.csv/511/NaI/peak_shift_pct,64,-0.272,5
nonprop/nonprop.csv/511/proportional/intrinsic_fwhm_pct,64,0,64
nonprop/nonprop.csv/511/proportional/peak_shift_pct,64,0,64
nonprop/nonprop.csv/662/GAGG/intrinsic_fwhm_pct,64,1.362,1
nonprop/nonprop.csv/662/GAGG/intrinsic_fwhm_pct,64,1.363,6
nonprop/nonprop.csv/662/GAGG/intrinsic_fwhm_pct,64,1.364,9
nonprop/nonprop.csv/662/GAGG/intrinsic_fwhm_pct,64,1.365,12
nonprop/nonprop.csv/662/GAGG/intrinsic_fwhm_pct,64,1.366,16
nonprop/nonprop.csv/662/GAGG/intrinsic_fwhm_pct,64,1.367,10
nonprop/nonprop.csv/662/GAGG/intrinsic_fwhm_pct,64,1.368,7
nonprop/nonprop.csv/662/GAGG/intrinsic_fwhm_pct,64,1.369,3
nonprop/nonprop.csv/662/GAGG/peak_shift_pct,64,0.884,1
nonprop/nonprop.csv/662/GAGG/peak_shift_pct,64,0.886,3
nonprop/nonprop.csv/662/GAGG/peak_shift_pct,64,0.887,9
nonprop/nonprop.csv/662/GAGG/peak_shift_pct,64,0.888,17
nonprop/nonprop.csv/662/GAGG/peak_shift_pct,64,0.889,18
nonprop/nonprop.csv/662/GAGG/peak_shift_pct,64,0.89,11
nonprop/nonprop.csv/662/GAGG/peak_shift_pct,64,0.891,4
nonprop/nonprop.csv/662/GAGG/peak_shift_pct,64,0.892,1
nonprop/nonprop.csv/662/NaI/peak_shift_pct,64,-0.161,2
nonprop/nonprop.csv/662/NaI/peak_shift_pct,64,-0.16,7
nonprop/nonprop.csv/662/NaI/peak_shift_pct,64,-0.159,12
nonprop/nonprop.csv/662/NaI/peak_shift_pct,64,-0.158,19
nonprop/nonprop.csv/662/NaI/peak_shift_pct,64,-0.157,18
nonprop/nonprop.csv/662/NaI/peak_shift_pct,64,-0.156,5
nonprop/nonprop.csv/662/NaI/peak_shift_pct,64,-0.155,1
nonprop/nonprop.csv/662/proportional/intrinsic_fwhm_pct,64,0,64
nonprop/nonprop.csv/662/proportional/peak_shift_pct,64,0,64
precise/scenario/y,32,-0.194444,32
precise/scenario_ghost/y,32,-0.194444,32
precise/scenario_ir192/y,32,-0.194444,32
precise/scenario_offaxis/error,32,0.196419,32
precise/scenario_offaxis/x,32,6.02778,32
precise/scenario_offaxis/y,32,-0.194444,32
precise/scenario_orig_gagg/y,32,-0.194444,32
rtl_frontend/cusp_beats_crrc,32,1,32
rtl_material/CeBr3/rate,128,2e+06,128
rtl_material/GAGG/rate,128,1e+06,128
scan/11/1.00/30.0/fcfov_half_mm,32,23.83,32
scan/11/1.00/30.0/resolution_mm,32,4.33,32
scan/11/1.00/30.0/source_mm,32,100,32
scan/11/1.00/30.0/usable_fov_area_mm2,32,1830.3,1
scan/11/1.00/30.0/usable_fov_area_mm2,32,1847.2,13
scan/11/1.00/30.0/usable_fov_area_mm2,32,1864.2,11
scan/11/1.00/30.0/usable_fov_area_mm2,32,1881.1,6
scan/11/1.00/30.0/usable_fov_area_mm2,32,1898.1,1
scan/11/1.00/30.0/usable_fraction,32,0.893,1
scan/11/1.00/30.0/usable_fraction,32,0.901,13
scan/11/1.00/30.0/usable_fraction,32,0.909,11
scan/11/1.00/30.0/usable_fraction,32,0.917,6
scan/11/1.00/30.0/usable_fraction,32,0.926,1
scan/11/1.00/30.0/usable_half_mm,32,21.391,1
scan/11/1.00/30.0/usable_half_mm,32,21.4895,13
scan/11/1.00/30.0/usable_half_mm,32,21.5882,11
scan/11/1.00/30.0/usable_half_mm,32,21.6858,6
scan/11/1.00/30.0/usable_half_mm,32,21.7836,1
scan/13/1.50/20.0/fcfov_half_mm,32,58.5,32
scan/13/1.50/20.0/resolution_mm,32,9,32
scan/13/1.50/20.0/source_mm,32,100,32
scan/13/1.50/20.0/usable_fov_area_mm2,32,7657.6,7
scan/13/1.50/20.0/usable_fov_area_mm2,32,7759.7,17
scan/13/1.50/20.0/usable_fov_area_mm2,32,7861.8,8
scan/13/1.50/20.0/usable_fraction,32,0.62,7
scan/13/1.50/20.0/usable_fraction,32,0.628,17
scan/13/1.50/20.0/usable_fraction,32,0.636,8
scan/13/1.50/20.0/usable_half_mm,32,43.7539,7
scan/13/1.50/20.0/usable_half_mm,32,44.0446,17
scan/13/1.50/20.0/usable_half_mm,32,44.3334,8
scan/23/1.00/20.0/fcfov_half_mm,32,69,32
scan/23/1.00/20.0/resolution_mm,32,6,32
scan/23/1.00/20.0/source_mm,32,100,32
scan/23/1.00/20.0/usable_fov_area_mm2,32,2556.8,27
scan/23/1.00/20.0/usable_fov_area_mm2,32,2698.8,5
scan/23/1.00/20.0/usable_fraction,32,0.149,27
scan/23/1.00/20.0/usable_fraction,32,0.157,5
scan/23/1.00/20.0/usable_half_mm,32,25.2824,27
scan/23/1.00/20.0/usable_half_mm,32,25.975,5
scan/7/1.00/60.0/fcfov_half_mm,32,9.33,32
scan/7/1.00/60.0/median_efficiency,32,0.0002427,2
scan/7/1.00/60.0/median_efficiency,32,0.0002428,5
scan/7/1.00/60.0/median_efficiency,32,0.0002429,9
scan/7/1.00/60.0/median_efficiency,32,0.000243,8
scan/7/1.00/60.0/median_efficiency,32,0.0002431,6
scan/7/1.00/60.0/median_efficiency,32,0.0002432,1
scan/7/1.00/60.0/median_efficiency,32,0.0002433,1
scan/7/1.00/60.0/resolution_mm,32,2.67,32
scan/7/1.00/60.0/source_mm,32,100,32
scan/7/1.00/60.0/usable_fov_area_mm2,32,288.5,3
scan/7/1.00/60.0/usable_fov_area_mm2,32,291.1,13
scan/7/1.00/60.0/usable_fov_area_mm2,32,293.7,16
scan/7/1.00/60.0/usable_fraction,32,0.917,3
scan/7/1.00/60.0/usable_fraction,32,0.926,13
scan/7/1.00/60.0/usable_fraction,32,0.934,16
scan/7/1.00/60.0/usable_half_mm,32,8.49264,3
scan/7/1.00/60.0/usable_half_mm,32,8.53083,13
scan/7/1.00/60.0/usable_half_mm,32,8.56884,16
scan/r11/pass90,32,0,1
scan/r11/pass90,32,1,31
scanextra/0/23/1.00/20.0/fcfov_half_mm,32,69,32
scanextra/0/23/1.00/20.0/resolution_mm,32,6,32
scanextra/0/23/1.00/20.0/source_mm,32,100,32
scanextra/0/23/1.00/20.0/usable_fov_area_mm2,32,12925.9,4
scanextra/0/23/1.00/20.0/usable_fov_area_mm2,32,13068,12
scanextra/0/23/1.00/20.0/usable_fov_area_mm2,32,13210,14
scanextra/0/23/1.00/20.0/usable_fov_area_mm2,32,13352,2
scanextra/0/23/1.00/20.0/usable_fraction,32,0.752,4
scanextra/0/23/1.00/20.0/usable_fraction,32,0.76,12
scanextra/0/23/1.00/20.0/usable_fraction,32,0.769,14
scanextra/0/23/1.00/20.0/usable_fraction,32,0.777,2
scanextra/1/13/2.00/20.0/fcfov_half_mm,32,78,32
scanextra/1/13/2.00/20.0/resolution_mm,32,12,32
scanextra/1/13/2.00/20.0/source_mm,32,100,32
scanextra/1/13/2.00/20.0/usable_fov_area_mm2,32,6353,29
scanextra/1/13/2.00/20.0/usable_fov_area_mm2,32,6534.5,3
scanextra/1/13/2.00/20.0/usable_fraction,32,0.289,29
scanextra/1/13/2.00/20.0/usable_fraction,32,0.298,3
scanextra/1/13/2.00/30.0/fcfov_half_mm,32,56.33,32
scanextra/1/13/2.00/30.0/resolution_mm,32,8.67,32
scanextra/1/13/2.00/30.0/source_mm,32,100,32
scanextra/1/13/2.00/30.0/usable_fov_area_mm2,32,568.1,32
scanextra/1/13/2.00/30.0/usable_fraction,32,0.05,32
scanextra/1/13/2.00/40.0/fcfov_half_mm,32,45.5,32
scanextra/1/13/2.00/40.0/resolution_mm,32,7,32
scanextra/1/13/2.00/40.0/source_mm,32,100,32
scanextra/1/13/2.00/40.0/usable_fov_area_mm2,32,185.3,32
scanextra/1/13/2.00/40.0/usable_fraction,32,0.025,32
scanextra/1/13/2.00/60.0/fcfov_half_mm,32,34.67,32
scanextra/1/13/2.00/60.0/median_error_mm,32,52.621,32
scanextra/1/13/2.00/60.0/resolution_mm,32,5.33,32
scanextra/1/13/2.00/60.0/source_mm,32,100,32
scanextra/1/13/2.00/60.0/usable_fov_area_mm2,32,35.9,32
scanextra/1/13/2.00/60.0/usable_fraction,32,0.008,32
scanextra/1/13/2.00/80.0/fcfov_half_mm,32,29.25,32
scanextra/1/13/2.00/80.0/median_error_mm,32,44.399,32
scanextra/1/13/2.00/80.0/resolution_mm,32,4.5,32
scanextra/1/13/2.00/80.0/source_mm,32,100,32
scanextra/1/13/2.00/80.0/usable_fov_area_mm2,32,25.5,32
scanextra/1/13/2.00/80.0/usable_fraction,32,0.008,32
scanextra/1/17/2.00/20.0/fcfov_half_mm,32,102,32
scanextra/1/17/2.00/20.0/resolution_mm,32,12,32
scanextra/1/17/2.00/20.0/source_mm,32,100,32
scanextra/1/17/2.00/20.0/usable_fov_area_mm2,32,931.2,32
scanextra/1/17/2.00/20.0/usable_fraction,32,0.025,32
scanextra/1/17/2.00/30.0/fcfov_half_mm,32,73.67,32
scanextra/1/17/2.00/30.0/resolution_mm,32,8.67,32
scanextra/1/17/2.00/30.0/source_mm,32,100,32
scanextra/1/17/2.00/30.0/usable_fov_area_mm2,32,1133.3,30
scanextra/1/17/2.00/30.0/usable_fov_area_mm2,32,1295.3,2
scanextra/1/17/2.00/30.0/usable_fraction,32,0.058,30
scanextra/1/17/2.00/30.0/usable_fraction,32,0.066,2
scanextra/1/17/2.00/40.0/fcfov_half_mm,32,59.5,32
scanextra/1/17/2.00/40.0/resolution_mm,32,7,32
scanextra/1/17/2.00/40.0/source_mm,32,100,32
scanextra/1/17/2.00/40.0/usable_fov_area_mm2,32,739.4,32
scanextra/1/17/2.00/40.0/usable_fraction,32,0.058,32
scanextra/1/17/2.00/60.0/fcfov_half_mm,32,45.33,32
scanextra/1/17/2.00/60.0/resolution_mm,32,5.33,32
scanextra/1/17/2.00/60.0/source_mm,32,100,32
scanextra/1/17/2.00/60.0/usable_fov_area_mm2,32,429.2,18
scanextra/1/17/2.00/60.0/usable_fov_area_mm2,32,490.5,14
scanextra/1/17/2.00/60.0/usable_fraction,32,0.058,18
scanextra/1/17/2.00/60.0/usable_fraction,32,0.066,14
scanextra/1/17/2.00/80.0/fcfov_half_mm,32,38.25,32
scanextra/1/17/2.00/80.0/resolution_mm,32,4.5,32
scanextra/1/17/2.00/80.0/source_mm,32,100,32
scanextra/1/17/2.00/80.0/usable_fov_area_mm2,32,131,18
scanextra/1/17/2.00/80.0/usable_fov_area_mm2,32,174.6,14
scanextra/1/17/2.00/80.0/usable_fraction,32,0.025,18
scanextra/1/17/2.00/80.0/usable_fraction,32,0.033,14
scanextra/1/19/2.00/20.0/fcfov_half_mm,32,114,32
scanextra/1/19/2.00/20.0/resolution_mm,32,12,32
scanextra/1/19/2.00/20.0/source_mm,32,100,32
scanextra/1/19/2.00/20.0/usable_fov_area_mm2,32,3489.6,3
scanextra/1/19/2.00/20.0/usable_fov_area_mm2,32,3877.3,27
scanextra/1/19/2.00/20.0/usable_fov_area_mm2,32,4265.1,2
scanextra/1/19/2.00/20.0/usable_fraction,32,0.074,3
scanextra/1/19/2.00/20.0/usable_fraction,32,0.083,27
scanextra/1/19/2.00/20.0/usable_fraction,32,0.091,2
scanextra/1/19/2.00/30.0/fcfov_half_mm,32,82.33,32
scanextra/1/19/2.00/30.0/resolution_mm,32,8.67,32
scanextra/1/19/2.00/30.0/source_mm,32,100,32
scanextra/1/19/2.00/30.0/usable_fov_area_mm2,32,202.2,32
scanextra/1/19/2.00/30.0/usable_fraction,32,0.008,32
scanextra/1/19/2.00/40.0/fcfov_half_mm,32,66.5,32
scanextra/1/19/2.00/40.0/resolution_mm,32,7,32
scanextra/1/19/2.00/40.0/source_mm,32,100,32
scanextra/1/19/2.00/40.0/usable_fov_area_mm2,32,395.8,1
scanextra/1/19/2.00/40.0/usable_fov_area_mm2,32,527.7,6
scanextra/1/19/2.00/40.0/usable_fov_area_mm2,32,659.7,25
scanextra/1/19/2.00/40.0/usable_fraction,32,0.025,1
scanextra/1/19/2.00/40.0/usable_fraction,32,0.033,6
scanextra/1/19/2.00/40.0/usable_fraction,32,0.041,25
scanextra/1/19/2.00/60.0/fcfov_half_mm,32,50.67,32
scanextra/1/19/2.00/60.0/median_error_mm,32,52.722,32
scanextra/1/19/2.00/60.0/resolution_mm,32,5.33,32
scanextra/1/19/2.00/60.0/source_mm,32,100,32
scanextra/1/19/2.00/60.0/usable_fov_area_mm2,32,76.6,32
scanextra/1/19/2.00/60.0/usable_fraction,32,0.008,32
scanextra/1/19/2.00/80.0/fcfov_half_mm,32,42.75,32
scanextra/1/19/2.00/80.0/median_error_mm,32,44.484,32
scanextra/1/19/2.00/80.0/resolution_mm,32,4.5,32
scanextra/1/19/2.00/80.0/source_mm,32,100,32
scanextra/1/19/2.00/80.0/usable_fov_area_mm2,32,54.5,32
scanextra/1/19/2.00/80.0/usable_fraction,32,0.008,32
scanextra/1/23/2.00/20.0/fcfov_half_mm,32,138,32
scanextra/1/23/2.00/20.0/resolution_mm,32,12,32
scanextra/1/23/2.00/20.0/source_mm,32,100,32
scanextra/1/23/2.00/20.0/usable_fov_area_mm2,32,568.2,32
scanextra/1/23/2.00/20.0/usable_fraction,32,0.008,32
scanextra/1/23/2.00/30.0/fcfov_half_mm,32,99.67,32
scanextra/1/23/2.00/30.0/median_efficiency,32,0.0001586,6
scanextra/1/23/2.00/30.0/median_efficiency,32,0.0001587,3
scanextra/1/23/2.00/30.0/median_efficiency,32,0.0001588,5
scanextra/1/23/2.00/30.0/median_efficiency,32,0.0001589,3
scanextra/1/23/2.00/30.0/median_efficiency,32,0.000159,7
scanextra/1/23/2.00/30.0/median_efficiency,32,0.0001591,3
scanextra/1/23/2.00/30.0/median_efficiency,32,0.0001592,4
scanextra/1/23/2.00/30.0/median_efficiency,32,0.0001593,1
scanextra/1/23/2.00/30.0/resolution_mm,32,8.67,32
scanextra/1/23/2.00/30.0/source_mm,32,100,32
scanextra/1/23/2.00/30.0/usable_fov_area_mm2,32,592.7,32
scanextra/1/23/2.00/30.0/usable_fraction,32,0.017,32
scanextra/1/23/2.00/40.0/fcfov_half_mm,32,80.5,32
scanextra/1/23/2.00/40.0/resolution_mm,32,7,32
scanextra/1/23/2.00/40.0/source_mm,32,100,32
scanextra/1/23/2.00/40.0/usable_fov_area_mm2,32,386.7,32
scanextra/1/23/2.00/40.0/usable_fraction,32,0.017,32
scanextra/1/23/2.00/60.0/fcfov_half_mm,32,61.33,32
scanextra/1/23/2.00/60.0/resolution_mm,32,5.33,32
scanextra/1/23/2.00/60.0/source_mm,32,100,32
scanextra/1/23/2.00/60.0/usable_fov_area_mm2,32,112.2,32
scanextra/1/23/2.00/60.0/usable_fraction,32,0.008,32
scanextra/1/23/2.00/80.0/fcfov_half_mm,32,51.75,32
scanextra/1/23/2.00/80.0/median_error_mm,32,41.899,32
scanextra/1/23/2.00/80.0/resolution_mm,32,4.5,32
scanextra/1/23/2.00/80.0/source_mm,32,100,32
scanextra/1/23/2.00/80.0/usable_fov_area_mm2,32,79.9,32
scanextra/1/23/2.00/80.0/usable_fraction,32,0.008,32
shield/directional_delta,128,-2,14
shield/directional_delta,128,0,88
shield/directional_delta,128,2,26
shield/knee/co,128,25,83
shield/knee/co,128,30,45
shield/knee/cs,128,20,100
shield/knee/cs,128,25,28
shield/knee/dir,128,8,97
shield/knee/dir,128,10,31
shield/knee/scattered,128,8,109
shield/knee/scattered,128,10,19
shield/picked_mass/co,128,6.836,83
shield/picked_mass/co,128,9.785,45
shield/picked_mass/cs,128,4.491,100
shield/picked_mass/cs,128,6.836,28
shield/picked_mass/scattered,128,0.983,109
shield/picked_mass/scattered,128,1.383,19
shield/shield.csv/Co60_1250keV/0.0/bg_per_px,128,20,128
shield/shield.csv/Co60_1250keV/0.0/shield_kg,128,0,128
shield/shield.csv/Co60_1250keV/0.0/transmission,128,1,128
shield/shield.csv/Co60_1250keV/10.0/bg_per_px,128,6.526,128
shield/shield.csv/Co60_1250keV/10.0/shield_kg,128,1.383,128
shield/shield.csv/Co60_1250keV/10.0/transmission,128,0.3263,128
shield/shield.csv/Co60_1250keV/12.0/bg_per_px,128,5.216,128
shield/shield.csv/Co60_1250keV/12.0/shield_kg,128,1.852,128
shield/shield.csv/Co60_1250keV/12.0/transmission,128,0.2608,128
shield/shield.csv/Co60_1250keV/15.0/bg_per_px,128,3.727,128
shield/shield.csv/Co60_1250keV/15.0/shield_kg,128,2.692,128
shield/shield.csv/Co60_1250keV/15.0/transmission,128,0.1864,128
shield/shield.csv/Co60_1250keV/2.0/bg_per_px,128,15.986,128
shield/shield.csv/Co60_1250keV/2.0/shield_kg,128,0.161,128
shield/shield.csv/Co60_1250keV/2.0/transmission,128,0.7993,128
shield/shield.csv/Co60_1250keV/20.0/bg_per_px,128,2.129,128
shield/shield.csv/Co60_1250keV/20.0/fail_raw,128,0,119
shield/shield.csv/Co60_1250keV/20.0/fail_raw,128,0.004,9
shield/shield.csv/Co60_1250keV/20.0/shield_kg,128,4.491,128
shield/shield.csv/Co60_1250keV/20.0/transmission,128,0.1065,128
shield/shield.csv/Co60_1250keV/25.0/bg_per_px,128,1.216,128
shield/shield.csv/Co60_1250keV/25.0/fail_raw,128,0,126
shield/shield.csv/Co60_1250keV/25.0/fail_raw,128,0.004,2
shield/shield.csv/Co60_1250keV/25.0/shield_kg,128,6.836,128
shield/shield.csv/Co60_1250keV/25.0/transmission,128,0.0608,128
shield/shield.csv/Co60_1250keV/30.0/bg_per_px,128,0.695,128
shield/shield.csv/Co60_1250keV/30.0/fail_raw,128,0,128
shield/shield.csv/Co60_1250keV/30.0/shield_kg,128,9.785,128
shield/shield.csv/Co60_1250keV/30.0/transmission,128,0.0347,128
shield/shield.csv/Co60_1250keV/4.0/bg_per_px,128,12.778,128
shield/shield.csv/Co60_1250keV/4.0/shield_kg,128,0.376,128
shield/shield.csv/Co60_1250keV/4.0/transmission,128,0.6389,128
shield/shield.csv/Co60_1250keV/6.0/bg_per_px,128,10.214,128
shield/shield.csv/Co60_1250keV/6.0/shield_kg,128,0.649,128
shield/shield.csv/Co60_1250keV/6.0/transmission,128,0.5107,128
shield/shield.csv/Co60_1250keV/8.0/bg_per_px,128,8.164,128
shield/shield.csv/Co60_1250keV/8.0/shield_kg,128,0.983,128
shield/shield.csv/Co60_1250keV/8.0/transmission,128,0.4082,128
shield/shield.csv/Cs137_662keV/0.0/bg_per_px,128,20,128
shield/shield.csv/Cs137_662keV/0.0/shield_kg,128,0,128
shield/shield.csv/Cs137_662keV/0.0/transmission,128,1,128
shield/shield.csv/Cs137_662keV/10.0/bg_per_px,128,3.373,128
shield/shield.csv/Cs137_662keV/10.0/fail_raw,128,0,28
shield/shield.csv/Cs137_662keV/10.0/fail_raw,128,0.004,33
shield/shield.csv/Cs137_662keV/10.0/fail_raw,128,0.008,33
shield/shield.csv/Cs137_662keV/10.0/fail_raw,128,0.012,21
shield/shield.csv/Cs137_662keV/10.0/fail_raw,128,0.016,6
shield/shield.csv/Cs137_662keV/10.0/fail_raw,128,0.02,5
shield/shield.csv/Cs137_662keV/10.0/fail_raw,128,0.024,1
shield/shield.csv/Cs137_662keV/10.0/fail_raw,128,0.028,1
shield/shield.csv/Cs137_662keV/10.0/shield_kg,128,1.383,128
shield/shield.csv/Cs137_662keV/10.0/transmission,128,0.1686,128
shield/shield.csv/Cs137_662keV/12.0/bg_per_px,128,2.363,128
shield/shield.csv/Cs137_662keV/12.0/fail_raw,128,0,105
shield/shield.csv/Cs137_662keV/12.0/fail_raw,128,0.004,22
shield/shield.csv/Cs137_662keV/12.0/fail_raw,128,0.008,1
shield/shield.csv/Cs137_662keV/12.0/shield_kg,128,1.852,128
shield/shield.csv/Cs137_662keV/12.0/transmission,128,0.1181,128
shield/shield.csv/Cs137_662keV/15.0/bg_per_px,128,1.385,128
shield/shield.csv/Cs137_662keV/15.0/fail_raw,128,0,128
shield/shield.csv/Cs137_662keV/15.0/shield_kg,128,2.692,128
shield/shield.csv/Cs137_662keV/15.0/transmission,128,0.0693,128
shield/shield.csv/Cs137_662keV/2.0/bg_per_px,128,14.009,128
shield/shield.csv/Cs137_662keV/2.0/shield_kg,128,0.161,128
shield/shield.csv/Cs137_662keV/2.0/transmission,128,0.7005,128
shield/shield.csv/Cs137_662keV/20.0/bg_per_px,128,0.569,128
shield/shield.csv/Cs137_662keV/20.0/fail_raw,128,0,128
shield/shield.csv/Cs137_662keV/20.0/shield_kg,128,4.491,128
shield/shield.csv/Cs137_662keV/20.0/transmission,128,0.0284,128
shield/shield.csv/Cs137_662keV/25.0/bg_per_px,128,0.234,128
shield/shield.csv/Cs137_662keV/25.0/fail_raw,128,0,128
shield/shield.csv/Cs137_662keV/25.0/shield_kg,128,6.836,128
shield/shield.csv/Cs137_662keV/25.0/transmission,128,0.0117,128
shield/shield.csv/Cs137_662keV/30.0/bg_per_px,128,0.096,128
shield/shield.csv/Cs137_662keV/30.0/fail_raw,128,0,128
shield/shield.csv/Cs137_662keV/30.0/shield_kg,128,9.785,128
shield/shield.csv/Cs137_662keV/30.0/transmission,128,0.0048,128
shield/shield.csv/Cs137_662keV/4.0/bg_per_px,128,9.813,128
shield/shield.csv/Cs137_662keV/4.0/shield_kg,128,0.376,128
shield/shield.csv/Cs137_662keV/4.0/transmission,128,0.4907,128
shield/shield.csv/Cs137_662keV/6.0/bg_per_px,128,6.874,128
shield/shield.csv/Cs137_662keV/6.0/shield_kg,128,0.649,128
shield/shield.csv/Cs137_662keV/6.0/transmission,128,0.3437,128
shield/shield.csv/Cs137_662keV/8.0/bg_per_px,128,4.815,128
shield/shield.csv/Cs137_662keV/8.0/shield_kg,128,0.983,128
shield/shield.csv/Cs137_662keV/8.0/transmission,128,0.2407,128
shield/shield.csv/scattered_250keV/0.0/bg_per_px,128,20,128
shield/shield.csv/scattered_250keV/0.0/shield_kg,128,0,128
shield/shield.csv/scattered_250keV/0.0/transmission,128,1,128
shield/shield.csv/scattered_250keV/10.0/bg_per_px,128,0.135,128
shield/shield.csv/scattered_250keV/10.0/fail_raw,128,0,128
shield/shield.csv/scattered_250keV/10.0/shield_kg,128,1.383,128
shield/shield.csv/scattered_250keV/10.0/transmission,128,0.0067,128
shield/shield.csv/scattered_250keV/12.0/bg_per_px,128,0.05,128
shield/shield.csv/scattered_250keV/12.0/fail_raw,128,0,128
shield/shield.csv/scattered_250keV/12.0/shield_kg,128,1.852,128
shield/shield.csv/scattered_250keV/12.0/transmission,128,0.0025,128
shield/shield.csv/scattered_250keV/15.0/bg_per_px,128,0.011,128
shield/shield.csv/scattered_250keV/15.0/fail_raw,128,0,128
shield/shield.csv/scattered_250keV/15.0/shield_kg,128,2.692,128
shield/shield.csv/scattered_250keV/15.0/transmission,128,0.0006,128
shield/shield.csv/scattered_250keV/2.0/bg_per_px,128,7.358,128
shield/shield.csv/scattered_250keV/2.0/shield_kg,128,0.161,128
shield/shield.csv/scattered_250keV/2.0/transmission,128,0.3679,128
shield/shield.csv/scattered_250keV/20.0/bg_per_px,128,0.001,128
shield/shield.csv/scattered_250keV/20.0/fail_raw,128,0,128
shield/shield.csv/scattered_250keV/20.0/shield_kg,128,4.491,128
shield/shield.csv/scattered_250keV/20.0/transmission,128,0,128
shield/shield.csv/scattered_250keV/25.0/bg_per_px,128,0,128
shield/shield.csv/scattered_250keV/25.0/fail_raw,128,0,128
shield/shield.csv/scattered_250keV/25.0/shield_kg,128,6.836,128
shield/shield.csv/scattered_250keV/25.0/transmission,128,0,128
shield/shield.csv/scattered_250keV/30.0/bg_per_px,128,0,128
shield/shield.csv/scattered_250keV/30.0/fail_raw,128,0,128
shield/shield.csv/scattered_250keV/30.0/shield_kg,128,9.785,128
shield/shield.csv/scattered_250keV/30.0/transmission,128,0,128
shield/shield.csv/scattered_250keV/4.0/bg_per_px,128,2.707,128
shield/shield.csv/scattered_250keV/4.0/fail_raw,128,0,81
shield/shield.csv/scattered_250keV/4.0/fail_raw,128,0.004,34
shield/shield.csv/scattered_250keV/4.0/fail_raw,128,0.008,12
shield/shield.csv/scattered_250keV/4.0/fail_raw,128,0.012,1
shield/shield.csv/scattered_250keV/4.0/shield_kg,128,0.376,128
shield/shield.csv/scattered_250keV/4.0/transmission,128,0.1353,128
shield/shield.csv/scattered_250keV/6.0/bg_per_px,128,0.996,128
shield/shield.csv/scattered_250keV/6.0/fail_raw,128,0,128
shield/shield.csv/scattered_250keV/6.0/shield_kg,128,0.649,128
shield/shield.csv/scattered_250keV/6.0/transmission,128,0.0498,128
shield/shield.csv/scattered_250keV/8.0/bg_per_px,128,0.366,128
shield/shield.csv/scattered_250keV/8.0/fail_raw,128,0,128
shield/shield.csv/scattered_250keV/8.0/shield_kg,128,0.983,128
shield/shield.csv/scattered_250keV/8.0/transmission,128,0.0183,128
shield/shield.csv/scattered_250keV_dir/0.0/bg_per_px,128,20,128
shield/shield.csv/scattered_250keV_dir/0.0/fail_raw,128,1,128
shield/shield.csv/scattered_250keV_dir/0.0/shield_kg,128,0,128
shield/shield.csv/scattered_250keV_dir/0.0/transmission,128,1,128
shield/shield.csv/scattered_250keV_dir/10.0/bg_per_px,128,0.135,128
shield/shield.csv/scattered_250keV_dir/10.0/fail_raw,128,0,128
shield/shield.csv/scattered_250keV_dir/10.0/shield_kg,128,1.383,128
shield/shield.csv/scattered_250keV_dir/10.0/transmission,128,0.0067,128
shield/shield.csv/scattered_250keV_dir/12.0/bg_per_px,128,0.05,128
shield/shield.csv/scattered_250keV_dir/12.0/fail_raw,128,0,128
shield/shield.csv/scattered_250keV_dir/12.0/shield_kg,128,1.852,128
shield/shield.csv/scattered_250keV_dir/12.0/transmission,128,0.0025,128
shield/shield.csv/scattered_250keV_dir/15.0/bg_per_px,128,0.011,128
shield/shield.csv/scattered_250keV_dir/15.0/fail_raw,128,0,128
shield/shield.csv/scattered_250keV_dir/15.0/shield_kg,128,2.692,128
shield/shield.csv/scattered_250keV_dir/15.0/transmission,128,0.0006,128
shield/shield.csv/scattered_250keV_dir/2.0/bg_per_px,128,7.358,128
shield/shield.csv/scattered_250keV_dir/2.0/shield_kg,128,0.161,128
shield/shield.csv/scattered_250keV_dir/2.0/transmission,128,0.3679,128
shield/shield.csv/scattered_250keV_dir/20.0/bg_per_px,128,0.001,128
shield/shield.csv/scattered_250keV_dir/20.0/fail_raw,128,0,128
shield/shield.csv/scattered_250keV_dir/20.0/shield_kg,128,4.491,128
shield/shield.csv/scattered_250keV_dir/20.0/transmission,128,0,128
shield/shield.csv/scattered_250keV_dir/25.0/bg_per_px,128,0,128
shield/shield.csv/scattered_250keV_dir/25.0/fail_raw,128,0,128
shield/shield.csv/scattered_250keV_dir/25.0/shield_kg,128,6.836,128
shield/shield.csv/scattered_250keV_dir/25.0/transmission,128,0,128
shield/shield.csv/scattered_250keV_dir/30.0/bg_per_px,128,0,128
shield/shield.csv/scattered_250keV_dir/30.0/fail_raw,128,0,128
shield/shield.csv/scattered_250keV_dir/30.0/shield_kg,128,9.785,128
shield/shield.csv/scattered_250keV_dir/30.0/transmission,128,0,128
shield/shield.csv/scattered_250keV_dir/4.0/bg_per_px,128,2.707,128
shield/shield.csv/scattered_250keV_dir/4.0/shield_kg,128,0.376,128
shield/shield.csv/scattered_250keV_dir/4.0/transmission,128,0.1353,128
shield/shield.csv/scattered_250keV_dir/6.0/bg_per_px,128,0.996,128
shield/shield.csv/scattered_250keV_dir/6.0/fail_raw,128,0,127
shield/shield.csv/scattered_250keV_dir/6.0/fail_raw,128,0.004,1
shield/shield.csv/scattered_250keV_dir/6.0/shield_kg,128,0.649,128
shield/shield.csv/scattered_250keV_dir/6.0/transmission,128,0.0498,128
shield/shield.csv/scattered_250keV_dir/8.0/bg_per_px,128,0.366,128
shield/shield.csv/scattered_250keV_dir/8.0/fail_raw,128,0,128
shield/shield.csv/scattered_250keV_dir/8.0/shield_kg,128,0.983,128
shield/shield.csv/scattered_250keV_dir/8.0/transmission,128,0.0183,128
spatial/1/error0,128,0.471405,128
spatial/1/error1,128,1.09949,128
spatial/2/error0,128,0.471405,126
spatial/2/error0,128,8.74579,2
spatial/2/error1,128,1.09949,128
spatial/4/error0,128,7.96715,8
spatial/4/error0,128,8.74579,120
spatial/4/error1,128,1.09949,128
spatial/8/error0,128,7.96715,13
spatial/8/error0,128,8.74579,115
spatial/8/error1,128,1.09949,128
spatial/co2_cs_submm,128,0,2
spatial/co2_cs_submm,128,1,126
subcell/subcell.csv/0.60/floor_mm,64,0.1732,64
subcell/subcell.csv/0.60/mae_none,64,0.3096,64
subcell/subcell.csv/0.60/rms_none,64,0.3505,64
subcell/subcell.csv/0.90/floor_mm,64,0.2598,64
subcell/subcell.csv/0.90/mae_none,64,0.2513,64
subcell/subcell.csv/0.90/rms_none,64,0.2902,64
subcell/subcell.csv/1.20/floor_mm,64,0.3464,64
subcell/subcell.csv/1.20/mae_none,64,0.3053,64
subcell/subcell.csv/1.20/rms_none,64,0.361,64
subcell/subcell.csv/1.80/floor_mm,64,0.5196,64
subcell/subcell.csv/1.80/mae_none,64,0.4413,43
subcell/subcell.csv/1.80/mae_none,64,0.4465,21
subcell/subcell.csv/1.80/rms_none,64,0.5241,43
subcell/subcell.csv/1.80/rms_none,64,0.5331,21
subcell/subcell.csv/2.40/floor_mm,64,0.6928,64
subcell/subcell.csv/2.40/mae_none,64,0.561,64
subcell/subcell.csv/2.40/rms_none,64,0.6638,64
sweep/cyclic,64,143,2
sweep/cyclic,64,144,7
sweep/cyclic,64,145,12
sweep/cyclic,64,146,18
sweep/cyclic,64,147,19
sweep/cyclic,64,148,5
sweep/cyclic,64,149,1
thermal/thermal_off.csv/0.000/ambient_dC,64,0,64
thermal/thermal_off.csv/0.000/center_dC,64,0,64
thermal/thermal_off.csv/0.000/efficiency,64,1,64
thermal/thermal_off.csv/0.000/residual_cov,64,0,64
thermal/thermal_off.csv/0.083/ambient_dC,64,0.25,64
thermal/thermal_off.csv/0.083/center_dC,64,2.084,64
thermal/thermal_off.csv/0.083/efficiency,64,0.9979,64
thermal/thermal_off.csv/0.083/residual_cov,64,0.0022,1
thermal/thermal_off.csv/0.083/residual_cov,64,0.0023,63
thermal/thermal_off.csv/0.167/ambient_dC,64,0.5,64
thermal/thermal_off.csv/0.167/center_dC,64,3.724,64
thermal/thermal_off.csv/0.167/efficiency,64,0.9929,60
thermal/thermal_off.csv/0.167/efficiency,64,0.993,4
thermal/thermal_off.csv/0.167/residual_cov,64,0.0074,64
thermal/thermal_off.csv/0.250/ambient_dC,64,0.75,64
thermal/thermal_off.csv/0.250/center_dC,64,5.026,64
thermal/thermal_off.csv/0.250/efficiency,64,0.9862,60
thermal/thermal_off.csv/0.250/efficiency,64,0.9863,4
thermal/thermal_off.csv/0.250/residual_cov,64,0.0138,25
thermal/thermal_off.csv/0.250/residual_cov,64,0.0139,39
thermal/thermal_off.csv/0.333/ambient_dC,64,1,64
thermal/thermal_off.csv/0.333/center_dC,64,6.074,64
thermal/thermal_off.csv/0.333/efficiency,64,0.9784,37
thermal/thermal_off.csv/0.333/efficiency,64,0.9785,27
thermal/thermal_off.csv/0.333/residual_cov,64,0.0207,8
thermal/thermal_off.csv/0.333/residual_cov,64,0.0208,56
thermal/thermal_off.csv/0.417/ambient_dC,64,1.25,64
thermal/thermal_off.csv/0.417/center_dC,64,6.928,64
thermal/thermal_off.csv/0.417/efficiency,64,0.97,23
thermal/thermal_off.csv/0.417/efficiency,64,0.9701,41
thermal/thermal_off.csv/0.417/residual_cov,64,0.0276,24
thermal/thermal_off.csv/0.417/residual_cov,64,0.0277,40
thermal/thermal_off.csv/0.500/ambient_dC,64,1.5,64
thermal/thermal_off.csv/0.500/center_dC,64,7.635,64
thermal/thermal_off.csv/0.500/efficiency,64,0.9613,26
thermal/thermal_off.csv/0.500/efficiency,64,0.9614,35
thermal/thermal_off.csv/0.500/efficiency,64,0.9615,3
thermal/thermal_off.csv/0.500/residual_cov,64,0.0342,16
thermal/thermal_off.csv/0.500/residual_cov,64,0.0343,48
thermal/thermal_off.csv/0.583/ambient_dC,64,1.75,64
thermal/thermal_off.csv/0.583/center_dC,64,8.232,64
thermal/thermal_off.csv/0.583/efficiency,64,0.9524,16
thermal/thermal_off.csv/0.583/efficiency,64,0.9525,38
thermal/thermal_off.csv/0.583/efficiency,64,0.9526,10
thermal/thermal_off.csv/0.583/residual_cov,64,0.0404,1
thermal/thermal_off.csv/0.583/residual_cov,64,0.0405,45
thermal/thermal_off.csv/0.583/residual_cov,64,0.0406,18
thermal/thermal_off.csv/0.667/ambient_dC,64,2,64
thermal/thermal_off.csv/0.667/center_dC,64,8.744,64
thermal/thermal_off.csv/0.667/efficiency,64,0.9434,12
thermal/thermal_off.csv/0.667/efficiency,64,0.9435,31
thermal/thermal_off.csv/0.667/efficiency,64,0.9436,21
thermal/thermal_off.csv/0.667/residual_cov,64,0.0463,8
thermal/thermal_off.csv/0.667/residual_cov,64,0.0464,47
thermal/thermal_off.csv/0.667/residual_cov,64,0.0465,9
thermal/thermal_off.csv/0.750/ambient_dC,64,2.25,64
thermal/thermal_off.csv/0.750/center_dC,64,9.193,64
thermal/thermal_off.csv/0.750/efficiency,64,0.9343,8
thermal/thermal_off.csv/0.750/efficiency,64,0.9344,29
thermal/thermal_off.csv/0.750/efficiency,64,0.9345,24
thermal/thermal_off.csv/0.750/efficiency,64,0.9346,3
thermal/thermal_off.csv/0.750/residual_cov,64,0.0518,2
thermal/thermal_off.csv/0.750/residual_cov,64,0.0519,34
thermal/thermal_off.csv/0.750/residual_cov,64,0.052,28
thermal/thermal_off.csv/0.833/ambient_dC,64,2.5,64
thermal/thermal_off.csv/0.833/center_dC,64,9.593,64
thermal/thermal_off.csv/0.833/efficiency,64,0.9251,12
thermal/thermal_off.csv/0.833/efficiency,64,0.9252,25
thermal/thermal_off.csv/0.833/efficiency,64,0.9253,24
thermal/thermal_off.csv/0.833/efficiency,64,0.9254,3
thermal/thermal_off.csv/0.833/residual_cov,64,0.0571,16
thermal/thermal_off.csv/0.833/residual_cov,64,0.0572,38
thermal/thermal_off.csv/0.833/residual_cov,64,0.0573,10
thermal/thermal_off.csv/0.917/ambient_dC,64,2.75,64
thermal/thermal_off.csv/0.917/center_dC,64,9.957,64
thermal/thermal_off.csv/0.917/efficiency,64,0.9157,8
thermal/thermal_off.csv/0.917/efficiency,64,0.9158,26
thermal/thermal_off.csv/0.917/efficiency,64,0.9159,23
thermal/thermal_off.csv/0.917/efficiency,64,0.916,7
thermal/thermal_off.csv/0.917/residual_cov,64,0.0621,8
thermal/thermal_off.csv/0.917/residual_cov,64,0.0622,37
thermal/thermal_off.csv/0.917/residual_cov,64,0.0623,19
thermal/thermal_off.csv/1.000/ambient_dC,64,3,64
thermal/thermal_off.csv/1.000/center_dC,64,10.294,64
thermal/thermal_off.csv/1.000/efficiency,64,0.906,1
thermal/thermal_off.csv/1.000/efficiency,64,0.9061,14
thermal/thermal_off.csv/1.000/efficiency,64,0.9062,22
thermal/thermal_off.csv/1.000/efficiency,64,0.9063,20
thermal/thermal_off.csv/1.000/efficiency,64,0.9064,7
thermal/thermal_off.csv/1.000/residual_cov,64,0.0669,1
thermal/thermal_off.csv/1.000/residual_cov,64,0.067,22
thermal/thermal_off.csv/1.000/residual_cov,64,0.0671,35
thermal/thermal_off.csv/1.000/residual_cov,64,0.0672,6
thermal/thermal_on.csv/0.000/ambient_dC,64,0,64
thermal/thermal_on.csv/0.000/center_dC,64,0,64
thermal/thermal_on.csv/0.000/efficiency,64,1,64
thermal/thermal_on.csv/0.000/residual_cov,64,0,64
thermal/thermal_on.csv/0.083/ambient_dC,64,0.25,64
thermal/thermal_on.csv/0.083/center_dC,64,2.084,64
thermal/thermal_on.csv/0.083/efficiency,64,1,64
thermal/thermal_on.csv/0.083/residual_cov,64,0,64
thermal/thermal_on.csv/0.167/ambient_dC,64,0.5,64
thermal/thermal_on.csv/0.167/center_dC,64,3.724,64
thermal/thermal_on.csv/0.167/efficiency,64,0.9999,64
thermal/thermal_on.csv/0.167/residual_cov,64,0.0001,64
thermal/thermal_on.csv/0.250/ambient_dC,64,0.75,64
thermal/thermal_on.csv/0.250/center_dC,64,5.026,64
thermal/thermal_on.csv/0.250/efficiency,64,0.9999,64
thermal/thermal_on.csv/0.250/residual_cov,64,0.0001,64
thermal/thermal_on.csv/0.333/ambient_dC,64,1,64
thermal/thermal_on.csv/0.333/center_dC,64,6.074,64
thermal/thermal_on.csv/0.333/efficiency,64,0.9998,64
thermal/thermal_on.csv/0.333/residual_cov,64,0.0002,64
thermal/thermal_on.csv/0.417/ambient_dC,64,1.25,64
thermal/thermal_on.csv/0.417/center_dC,64,6.928,64
thermal/thermal_on.csv/0.417/efficiency,64,0.9998,64
thermal/thermal_on.csv/0.417/residual_cov,64,0.0003,64
thermal/thermal_on.csv/0.500/ambient_dC,64,1.5,64
thermal/thermal_on.csv/0.500/center_dC,64,7.635,64
thermal/thermal_on.csv/0.500/efficiency,64,0.9997,64
thermal/thermal_on.csv/0.500/residual_cov,64,0.0003,64
thermal/thermal_on.csv/0.583/ambient_dC,64,1.75,64
thermal/thermal_on.csv/0.583/center_dC,64,8.232,64
thermal/thermal_on.csv/0.583/efficiency,64,0.9997,64
thermal/thermal_on.csv/0.583/residual_cov,64,0.0004,64
thermal/thermal_on.csv/0.667/ambient_dC,64,2,64
thermal/thermal_on.csv/0.667/center_dC,64,8.744,64
thermal/thermal_on.csv/0.667/efficiency,64,0.9996,64
thermal/thermal_on.csv/0.667/residual_cov,64,0.0004,64
thermal/thermal_on.csv/0.750/ambient_dC,64,2.25,64
thermal/thermal_on.csv/0.750/center_dC,64,9.193,64
thermal/thermal_on.csv/0.750/efficiency,64,0.9996,64
thermal/thermal_on.csv/0.750/residual_cov,64,0.0005,64
thermal/thermal_on.csv/0.833/ambient_dC,64,2.5,64
thermal/thermal_on.csv/0.833/center_dC,64,9.593,64
thermal/thermal_on.csv/0.833/efficiency,64,0.9995,64
thermal/thermal_on.csv/0.833/residual_cov,64,0.0005,64
thermal/thermal_on.csv/0.917/ambient_dC,64,2.75,64
thermal/thermal_on.csv/0.917/center_dC,64,9.957,64
thermal/thermal_on.csv/0.917/efficiency,64,0.9995,64
thermal/thermal_on.csv/0.917/residual_cov,64,0.0005,64
thermal/thermal_on.csv/1.000/ambient_dC,64,3,64
thermal/thermal_on.csv/1.000/center_dC,64,10.294,64
thermal/thermal_on.csv/1.000/efficiency,64,0.9994,64
thermal/thermal_on.csv/1.000/residual_cov,64,0.0006,64
thickness/best,64,6,64
thickness/maxradius_member/10.0,64,1,64
thickness/maxradius_member/14.0,64,1,64
thickness/maxradius_member/18.0,64,1,64
thickness/maxradius_member/2.0,64,0,64
thickness/maxradius_member/24.0,64,1,64
thickness/maxradius_member/32.0,64,1,64
thickness/maxradius_member/4.0,64,0,64
thickness/maxradius_member/6.0,64,1,64
thickness/maxradius_member/8.0,64,1,64
thickness/thickness.csv/10.0/resolution_mm,64,2.67,64
thickness/thickness.csv/10.0/usable_radius_mm,64,8.87,64
thickness/thickness.csv/14.0/resolution_mm,64,2.67,64
thickness/thickness.csv/14.0/usable_radius_mm,64,8.87,64
thickness/thickness.csv/18.0/resolution_mm,64,2.67,64
thickness/thickness.csv/18.0/usable_radius_mm,64,8.87,64
thickness/thickness.csv/2.0/resolution_mm,64,2.67,64
thickness/thickness.csv/2.0/usable_radius_mm,64,0,64
thickness/thickness.csv/24.0/resolution_mm,64,2.67,64
thickness/thickness.csv/24.0/usable_radius_mm,64,8.87,64
thickness/thickness.csv/32.0/resolution_mm,64,2.67,64
thickness/thickness.csv/32.0/usable_radius_mm,64,8.87,64
thickness/thickness.csv/4.0/resolution_mm,64,2.67,64
thickness/thickness.csv/6.0/resolution_mm,64,2.67,64
thickness/thickness.csv/6.0/usable_radius_mm,64,8.87,64
thickness/thickness.csv/8.0/resolution_mm,64,2.67,64
thickness/thickness.csv/8.0/usable_radius_mm,64,8.87,64
thickness_wide/best,32,8,1
thickness_wide/best,32,10,21
thickness_wide/best,32,14,10
thickness_wide/thickness.csv/10.0/resolution_mm,32,6,32
thickness_wide/thickness.csv/10.0/usable_radius_mm,32,14.96,1
thickness_wide/thickness.csv/10.0/usable_radius_mm,32,16.62,9
thickness_wide/thickness.csv/10.0/usable_radius_mm,32,18.29,22
thickness_wide/thickness.csv/14.0/resolution_mm,32,6,32
thickness_wide/thickness.csv/14.0/usable_radius_mm,32,18.29,32
thickness_wide/thickness.csv/18.0/resolution_mm,32,6,32
thickness_wide/thickness.csv/18.0/usable_radius_mm,32,16.62,11
thickness_wide/thickness.csv/18.0/usable_radius_mm,32,18.29,21
thickness_wide/thickness.csv/2.0/resolution_mm,32,6,32
thickness_wide/thickness.csv/2.0/usable_radius_mm,32,0,32
thickness_wide/thickness.csv/24.0/resolution_mm,32,6,32
thickness_wide/thickness.csv/24.0/usable_radius_mm,32,13.3,1
thickness_wide/thickness.csv/24.0/usable_radius_mm,32,14.96,23
thickness_wide/thickness.csv/24.0/usable_radius_mm,32,16.62,8
thickness_wide/thickness.csv/32.0/resolution_mm,32,6,32
thickness_wide/thickness.csv/32.0/usable_radius_mm,32,13.3,23
thickness_wide/thickness.csv/32.0/usable_radius_mm,32,14.96,9
thickness_wide/thickness.csv/4.0/resolution_mm,32,6,32
thickness_wide/thickness.csv/4.0/usable_radius_mm,32,0,32
thickness_wide/thickness.csv/6.0/resolution_mm,32,6,32
thickness_wide/thickness.csv/6.0/usable_radius_mm,32,0,10
thickness_wide/thickness.csv/6.0/usable_radius_mm,32,1.66,11
thickness_wide/thickness.csv/6.0/usable_radius_mm,32,3.32,2
thickness_wide/thickness.csv/6.0/usable_radius_mm,32,4.99,7
thickness_wide/thickness.csv/6.0/usable_radius_mm,32,13.3,2
thickness_wide/thickness.csv/8.0/resolution_mm,32,6,32
thickness_wide/thickness.csv/8.0/usable_radius_mm,32,14.96,17
thickness_wide/thickness.csv/8.0/usable_radius_mm,32,16.62,14
thickness_wide/thickness.csv/8.0/usable_radius_mm,32,18.29,1
uniformity/uniformity.csv/0.000/fail_corrected,64,0,64
uniformity/uniformity.csv/0.000/fail_raw,64,0,64
uniformity/uniformity.csv/0.000/gain_gradient,64,0,64
uniformity/uniformity.csv/0.000/gain_sigma,64,0,64
uniformity/uniformity.csv/0.250/fail_corrected,64,0,64
uniformity/uniformity.csv/0.250/fail_raw,64,0,64
uniformity/uniformity.csv/0.250/gain_gradient,64,0.15,64
uniformity/uniformity.csv/0.250/gain_sigma,64,0.1,64
uniformity/uniformity.csv/0.500/fail_corrected,64,0,64
uniformity/uniformity.csv/0.500/fail_raw,64,0,64
uniformity/uniformity.csv/0.500/gain_gradient,64,0.3,64
uniformity/uniformity.csv/0.500/gain_sigma,64,0.2,64
uniformity/uniformity.csv/0.750/fail_corrected,64,0,64
uniformity/uniformity.csv/0.750/fail_raw,64,0,63
uniformity/uniformity.csv/0.750/fail_raw,64,0.008,1
uniformity/uniformity.csv/0.750/gain_gradient,64,0.45,64
uniformity/uniformity.csv/0.750/gain_sigma,64,0.3,64
uniformity/uniformity.csv/1.000/fail_corrected,64,0,63
uniformity/uniformity.csv/1.000/fail_corrected,64,0.008,1
uniformity/uniformity.csv/1.000/fail_raw,64,0,63
uniformity/uniformity.csv/1.000/fail_raw,64,0.008,1
uniformity/uniformity.csv/1.000/gain_gradient,64,0.6,64
uniformity/uniformity.csv/1.000/gain_sigma,64,0.4,64
uniformity/uniformity.csv/1.500/fail_corrected,64,0,27
uniformity/uniformity.csv/1.500/fail_corrected,64,0.008,21
uniformity/uniformity.csv/1.500/fail_corrected,64,0.017,14
uniformity/uniformity.csv/1.500/fail_corrected,64,0.025,2
uniformity/uniformity.csv/1.500/fail_raw,64,0,60
uniformity/uniformity.csv/1.500/fail_raw,64,0.008,4
uniformity/uniformity.csv/1.500/gain_gradient,64,0.9,64
uniformity/uniformity.csv/1.500/gain_sigma,64,0.6,64
uniformity/uniformity.csv/2.000/fail_corrected,64,0,3
uniformity/uniformity.csv/2.000/fail_corrected,64,0.008,17
uniformity/uniformity.csv/2.000/fail_corrected,64,0.017,12
uniformity/uniformity.csv/2.000/fail_corrected,64,0.025,15
uniformity/uniformity.csv/2.000/fail_corrected,64,0.033,6
uniformity/uniformity.csv/2.000/fail_corrected,64,0.042,8
uniformity/uniformity.csv/2.000/fail_corrected,64,0.05,3
uniformity/uniformity.csv/2.000/fail_raw,64,0,61
uniformity/uniformity.csv/2.000/fail_raw,64,0.008,3
uniformity/uniformity.csv/2.000/gain_gradient,64,1.2,64
uniformity/uniformity.csv/2.000/gain_sigma,64,0.8,64
viewer/current/300/0/all/BoundaryMaximum,32,0,32
viewer/current/300/0/all/FarCensored,32,0,32
viewer/current/300/0/all/MultipleModes,32,1,32
viewer/current/300/0/all/NearCensored,32,0,32
viewer/current/300/0/all/bias,32,-5.75123,1
viewer/current/300/0/all/bias,32,50.7373,31
viewer/current/300/0/all/estimate,32,294.249,1
viewer/current/300/0/all/estimate,32,350.737,31
viewer/current/300/0/window/BoundaryMaximum,32,0,32
viewer/current/300/0/window/FarCensored,32,0,32
viewer/current/300/0/window/MultipleModes,32,1,32
viewer/current/300/0/window/NearCensored,32,0,32
viewer/current/300/0/window/bias,32,-5.75123,9
viewer/current/300/0/window/bias,32,4.04238,21
viewer/current/300/0/window/bias,32,50.7373,2
viewer/current/300/0/window/estimate,32,294.249,9
viewer/current/300/0/window/estimate,32,304.042,21
viewer/current/300/0/window/estimate,32,350.737,2
viewer/current/300/15/all/BoundaryMaximum,32,0,32
viewer/current/300/15/all/FarCensored,32,0,32
viewer/current/300/15/all/MultipleModes,32,1,32
viewer/current/300/15/all/NearCensored,32,0,32
viewer/current/300/15/all/bias,32,50.7373,32
viewer/current/300/15/all/estimate,32,350.737,32
viewer/current/300/15/window/BoundaryMaximum,32,0,32
viewer/current/300/15/window/FarCensored,32,0,32
viewer/current/300/15/window/MultipleModes,32,1,32
viewer/current/300/15/window/NearCensored,32,0,32
viewer/current/300/15/window/bias,32,-5.75123,1
viewer/current/300/15/window/bias,32,50.7373,31
viewer/current/300/15/window/estimate,32,294.249,1
viewer/current/300/15/window/estimate,32,350.737,31
viewer/current/300/30/all/BoundaryMaximum,32,0,32
viewer/current/300/30/all/FarCensored,32,0,32
viewer/current/300/30/all/MultipleModes,32,1,32
viewer/current/300/30/all/NearCensored,32,0,32
viewer/current/300/30/all/bias,32,-23.5602,31
viewer/current/300/30/all/bias,32,-5.75123,1
viewer/current/300/30/all/estimate,32,276.44,31
viewer/current/300/30/all/estimate,32,294.249,1
viewer/current/300/30/window/BoundaryMaximum,32,0,32
viewer/current/300/30/window/FarCensored,32,0,32
viewer/current/300/30/window/MultipleModes,32,1,32
viewer/current/300/30/window/NearCensored,32,0,32
viewer/current/300/30/window/bias,32,-31.68,22
viewer/current/300/30/window/bias,32,-23.5602,7
viewer/current/300/30/window/bias,32,-5.75123,3
viewer/current/300/30/window/estimate,32,268.32,22
viewer/current/300/30/window/estimate,32,276.44,7
viewer/current/300/30/window/estimate,32,294.249,3
viewer/current/500/0/all/BoundaryMaximum,32,0,32
viewer/current/500/0/all/FarCensored,32,0,32
viewer/current/500/0/all/MultipleModes,32,1,32
viewer/current/500/0/all/NearCensored,32,0,32
viewer/current/500/0/all/bias,32,69.3336,32
viewer/current/500/0/all/estimate,32,569.334,32
viewer/current/500/0/window/BoundaryMaximum,32,0,32
viewer/current/500/0/window/FarCensored,32,0,32
viewer/current/500/0/window/MultipleModes,32,1,32
viewer/current/500/0/window/NearCensored,32,0,32
viewer/current/500/0/window/bias,32,-44.2776,12
viewer/current/500/0/window/bias,32,69.3336,19
viewer/current/500/0/window/bias,32,107.176,1
viewer/current/500/0/window/estimate,32,455.722,12
viewer/current/500/0/window/estimate,32,569.334,19
viewer/current/500/0/window/estimate,32,607.176,1
viewer/current/500/15/all/BoundaryMaximum,32,0,32
viewer/current/500/15/all/FarCensored,32,0,32
viewer/current/500/15/all/MultipleModes,32,1,32
viewer/current/500/15/all/NearCensored,32,0,32
viewer/current/500/15/all/bias,32,-44.2776,32
viewer/current/500/15/all/estimate,32,455.722,32
viewer/current/500/15/window/BoundaryMaximum,32,0,32
viewer/current/500/15/window/FarCensored,32,0,32
viewer/current/500/15/window/MultipleModes,32,1,32
viewer/current/500/15/window/NearCensored,32,0,32
viewer/current/500/15/window/bias,32,-44.2776,32
viewer/current/500/15/window/estimate,32,455.722,32
viewer/current/500/30/all/BoundaryMaximum,32,0,32
viewer/current/500/30/all/FarCensored,32,0,32
viewer/current/500/30/all/MultipleModes,32,1,32
viewer/current/500/30/all/NearCensored,32,0,32
viewer/current/500/30/all/bias,32,-44.2776,30
viewer/current/500/30/all/bias,32,-20.3488,2
viewer/current/500/30/all/estimate,32,455.722,30
viewer/current/500/30/all/estimate,32,479.651,2
viewer/current/500/30/window/BoundaryMaximum,32,0,32
viewer/current/500/30/window/FarCensored,32,0,32
viewer/current/500/30/window/MultipleModes,32,1,32
viewer/current/500/30/window/NearCensored,32,0,32
viewer/current/500/30/window/bias,32,-44.2776,24
viewer/current/500/30/window/bias,32,-20.3488,7
viewer/current/500/30/window/bias,32,35.9318,1
viewer/current/500/30/window/estimate,32,455.722,24
viewer/current/500/30/window/estimate,32,479.651,7
viewer/current/500/30/window/estimate,32,535.932,1
viewer/current/700/0/all/BoundaryMaximum,32,0,32
viewer/current/700/0/all/FarCensored,32,0,5
viewer/current/700/0/all/FarCensored,32,1,27
viewer/current/700/0/all/HiMm,32,173.205,1
viewer/current/700/0/all/HiMm,32,179.335,1
viewer/current/700/0/all/HiMm,32,182.333,1
viewer/current/700/0/all/HiMm,32,182.968,1
viewer/current/700/0/all/HiMm,32,2878.74,1
viewer/current/700/0/all/HiMm,32,3000,27
viewer/current/700/0/all/MultipleModes,32,1,32
viewer/current/700/0/all/NearCensored,32,0,32
viewer/current/700/0/all/WidthMm,5,37.4871,1
viewer/current/700/0/all/WidthMm,5,42.4072,1
viewer/current/700/0/all/WidthMm,5,46.6062,1
viewer/current/700/0/all/WidthMm,5,50.6772,1
viewer/current/700/0/all/WidthMm,5,2532.13,1
viewer/current/700/0/all/bias,32,-539.864,4
viewer/current/700/0/all/bias,32,-49.5935,15
viewer/current/700/0/all/bias,32,0.265252,12
viewer/current/700/0/all/bias,32,127.068,1
viewer/current/700/0/all/estimate,32,160.136,4
viewer/current/700/0/all/estimate,32,650.407,15
viewer/current/700/0/all/estimate,32,700.265,12
viewer/current/700/0/all/estimate,32,827.068,1
viewer/current/700/0/window/BoundaryMaximum,32,0,32
viewer/current/700/0/window/FarCensored,32,0,6
viewer/current/700/0/window/FarCensored,32,1,26
viewer/current/700/0/window/HiMm,32,182.464,1
viewer/current/700/0/window/HiMm,32,182.921,1
viewer/current/700/0/window/HiMm,32,2238.62,1
viewer/current/700/0/window/HiMm,32,2577.46,1
viewer/current/700/0/window/HiMm,32,2772.17,1
viewer/current/700/0/window/HiMm,32,2902.32,1
viewer/current/700/0/window/HiMm,32,3000,26
viewer/current/700/0/window/MultipleModes,32,1,32
viewer/current/700/0/window/NearCensored,32,0,32
viewer/current/700/0/window/WidthMm,6,45.7211,1
viewer/current/700/0/window/WidthMm,6,45.9413,1
viewer/current/700/0/window/WidthMm,6,1892.71,1
viewer/current/700/0/window/WidthMm,6,2235.37,1
viewer/current/700/0/window/WidthMm,6,2424.29,1
viewer/current/700/0/window/WidthMm,6,2513.39,1
viewer/current/700/0/window/bias,32,-539.864,1
viewer/current/700/0/window/bias,32,-534.046,1
viewer/current/700/0/window/bias,32,-92.8243,4
viewer/current/700/0/window/bias,32,-49.5935,20
viewer/current/700/0/window/bias,32,0.265252,4
viewer/current/700/0/window/bias,32,127.068,2
viewer/current/700/0/window/estimate,32,160.136,1
viewer/current/700/0/window/estimate,32,165.954,1
viewer/current/700/0/window/estimate,32,607.176,4
viewer/current/700/0/window/estimate,32,650.407,20
viewer/current/700/0/window/estimate,32,700.265,4
viewer/current/700/0/window/estimate,32,827.068,2
viewer/current/700/15/all/BoundaryMaximum,32,0,32
viewer/current/700/15/all/FarCensored,32,0,5
viewer/current/700/15/all/FarCensored,32,1,27
viewer/current/700/15/all/HiMm,32,175.161,1
viewer/current/700/15/all/HiMm,32,177.259,1
viewer/current/700/15/all/HiMm,32,179.313,1
viewer/current/700/15/all/HiMm,32,2192.59,1
viewer/current/700/15/all/HiMm,32,2216.88,1
viewer/current/700/15/all/HiMm,32,3000,27
viewer/current/700/15/all/MultipleModes,32,1,32
viewer/current/700/15/all/NearCensored,32,0,32
viewer/current/700/15/all/WidthMm,5,37.6952,1
viewer/current/700/15/all/WidthMm,5,39.2979,1
viewer/current/700/15/all/WidthMm,5,42.0043,1
viewer/current/700/15/all/WidthMm,5,1792.44,1
viewer/current/700/15/all/WidthMm,5,1832.45,1
viewer/current/700/15/all/bias,32,-539.864,3
viewer/current/700/15/all/bias,32,-130.666,29
viewer/current/700/15/all/estimate,32,160.136,3
viewer/current/700/15/all/estimate,32,569.334,29
viewer/current/700/15/window/BoundaryMaximum,32,0,32
viewer/current/700/15/window/FarCensored,32,0,12
viewer/current/700/15/window/FarCensored,32,1,20
viewer/current/700/15/window/MultipleModes,32,1,32
viewer/current/700/15/window/NearCensored,32,0,32
viewer/current/700/15/window/bias,32,-537.007,1
viewer/current/700/15/window/bias,32,-130.666,30
viewer/current/700/15/window/bias,32,-49.5935,1
viewer/current/700/15/window/estimate,32,162.993,1
viewer/current/700/15/window/estimate,32,569.334,30
viewer/current/700/15/window/estimate,32,650.407,1
viewer/current/700/30/all/BoundaryMaximum,32,0,32
viewer/current/700/30/all/FarCensored,32,1,32
viewer/current/700/30/all/HiMm,32,3000,32
viewer/current/700/30/all/MultipleModes,32,1,32
viewer/current/700/30/all/NearCensored,32,0,32
viewer/current/700/30/all/bias,32,-130.666,24
viewer/current/700/30/all/bias,32,-49.5935,6
viewer/current/700/30/all/bias,32,127.068,2
viewer/current/700/30/all/estimate,32,569.334,24
viewer/current/700/30/all/estimate,32,650.407,6
viewer/current/700/30/all/estimate,32,827.068,2
viewer/current/700/30/window/BoundaryMaximum,32,0,32
viewer/current/700/30/window/FarCensored,32,1,32
viewer/current/700/30/window/HiMm,32,3000,32
viewer/current/700/30/window/MultipleModes,32,1,32
viewer/current/700/30/window/NearCensored,32,0,32
viewer/current/700/30/window/bias,32,-164.068,13
viewer/current/700/30/window/bias,32,-130.666,7
viewer/current/700/30/window/bias,32,-49.5935,8
viewer/current/700/30/window/bias,32,58.4028,1
viewer/current/700/30/window/bias,32,127.068,3
viewer/current/700/30/window/estimate,32,535.932,13
viewer/current/700/30/window/estimate,32,569.334,7
viewer/current/700/30/window/estimate,32,650.407,8
viewer/current/700/30/window/estimate,32,758.403,1
viewer/current/700/30/window/estimate,32,827.068,3
viewer/manual/300/0/all/bias,32,10,2
viewer/manual/300/0/all/bias,32,60,30
viewer/manual/300/0/all/edge,32,0,32
viewer/manual/300/0/all/estimate,32,310,2
viewer/manual/300/0/all/estimate,32,360,30
viewer/manual/300/0/window/bias,32,10,32
viewer/manual/300/0/window/edge,32,0,32
viewer/manual/300/0/window/estimate,32,310,32
viewer/manual/300/15/all/bias,32,60,32
viewer/manual/300/15/all/edge,32,0,32
viewer/manual/300/15/all/estimate,32,360,32
viewer/manual/300/15/window/bias,32,10,3
viewer/manual/300/15/window/bias,32,50,4
viewer/manual/300/15/window/bias,32,60,25
viewer/manual/300/15/window/edge,32,0,32
viewer/manual/300/15/window/estimate,32,310,3
viewer/manual/300/15/window/estimate,32,350,4
viewer/manual/300/15/window/estimate,32,360,25
viewer/manual/300/30/all/bias,32,-20,32
viewer/manual/300/30/all/edge,32,0,32
viewer/manual/300/30/all/estimate,32,280,32
viewer/manual/300/30/window/bias,32,-30,4
viewer/manual/300/30/window/bias,32,-20,28
viewer/manual/300/30/window/edge,32,0,32
viewer/manual/300/30/window/estimate,32,270,4
viewer/manual/300/30/window/estimate,32,280,28
viewer/manual/500/0/all/bias,32,80,32
viewer/manual/500/0/all/edge,32,0,32
viewer/manual/500/0/all/estimate,32,580,32
viewer/manual/500/0/window/bias,32,-40,5
viewer/manual/500/0/window/bias,32,-30,1
viewer/manual/500/0/window/bias,32,80,21
viewer/manual/500/0/window/bias,32,90,5
viewer/manual/500/0/window/edge,32,0,32
viewer/manual/500/0/window/estimate,32,460,5
viewer/manual/500/0/window/estimate,32,470,1
viewer/manual/500/0/window/estimate,32,580,21
viewer/manual/500/0/window/estimate,32,590,5
viewer/manual/500/15/all/bias,32,-40,1
viewer/manual/500/15/all/bias,32,-30,24
viewer/manual/500/15/all/bias,32,60,7
viewer/manual/500/15/all/edge,32,0,32
viewer/manual/500/15/all/estimate,32,460,1
viewer/manual/500/15/all/estimate,32,470,24
viewer/manual/500/15/all/estimate,32,560,7
viewer/manual/500/15/window/bias,32,-50,1
viewer/manual/500/15/window/bias,32,-40,13
viewer/manual/500/15/window/bias,32,-30,17
viewer/manual/500/15/window/bias,32,60,1
viewer/manual/500/15/window/edge,32,0,32
viewer/manual/500/15/window/estimate,32,450,1
viewer/manual/500/15/window/estimate,32,460,13
viewer/manual/500/15/window/estimate,32,470,17
viewer/manual/500/15/window/estimate,32,560,1
viewer/manual/500/30/all/bias,32,-40,32
viewer/manual/500/30/all/edge,32,0,32
viewer/manual/500/30/all/estimate,32,460,32
viewer/manual/500/30/window/bias,32,-40,30
viewer/manual/500/30/window/bias,32,-30,2
viewer/manual/500/30/window/edge,32,0,32
viewer/manual/500/30/window/estimate,32,460,30
viewer/manual/500/30/window/estimate,32,470,2
viewer/manual/700/0/all/bias,32,-540,1
viewer/manual/700/0/all/bias,32,-70,1
viewer/manual/700/0/all/bias,32,-20,30
viewer/manual/700/0/all/edge,32,0,32
viewer/manual/700/0/all/estimate,32,160,1
viewer/manual/700/0/all/estimate,32,630,1
viewer/manual/700/0/all/estimate,32,680,30
viewer/manual/700/0/window/bias,32,-540,2
viewer/manual/700/0/window/bias,32,-110,2
viewer/manual/700/0/window/bias,32,-80,1
viewer/manual/700/0/window/bias,32,-20,23
viewer/manual/700/0/window/bias,32,-10,1
viewer/manual/700/0/window/bias,32,110,3
viewer/manual/700/0/window/edge,32,0,32
viewer/manual/700/0/window/estimate,32,160,2
viewer/manual/700/0/window/estimate,32,590,2
viewer/manual/700/0/window/estimate,32,620,1
viewer/manual/700/0/window/estimate,32,680,23
viewer/manual/700/0/window/estimate,32,690,1
viewer/manual/700/0/window/estimate,32,810,3
viewer/manual/700/15/all/bias,32,-540,2
viewer/manual/700/15/all/bias,32,-140,17
viewer/manual/700/15/all/bias,32,-120,13
viewer/manual/700/15/all/edge,32,0,32
viewer/manual/700/15/all/estimate,32,160,2
viewer/manual/700/15/all/estimate,32,560,17
viewer/manual/700/15/all/estimate,32,580,13
viewer/manual/700/15/window/bias,32,-140,11
viewer/manual/700/15/window/bias,32,-130,2
viewer/manual/700/15/window/bias,32,-120,18
viewer/manual/700/15/window/bias,32,-70,1
viewer/manual/700/15/window/edge,32,0,32
viewer/manual/700/15/window/estimate,32,560,11
viewer/manual/700/15/window/estimate,32,570,2
viewer/manual/700/15/window/estimate,32,580,18
viewer/manual/700/15/window/estimate,32,630,1
viewer/manual/700/30/all/bias,32,-140,32
viewer/manual/700/30/all/edge,32,0,32
viewer/manual/700/30/all/estimate,32,560,32
viewer/manual/700/30/window/bias,32,-140,29
viewer/manual/700/30/window/bias,32,80,1
viewer/manual/700/30/window/bias,32,110,1
viewer/manual/700/30/window/bias,32,150,1
viewer/manual/700/30/window/edge,32,0,32
viewer/manual/700/30/window/estimate,32,560,29
viewer/manual/700/30/window/estimate,32,780,1
viewer/manual/700/30/window/estimate,32,810,1
viewer/manual/700/30/window/estimate,32,850,1
