condition,Acquisitions,ActivityBq,CorrectAmongTrusted,CorrectAmongTrustedLower95,DecoderWithinResolution,ExpectedBackgroundCounts,ExpectedSourceCounts,FailureRate,MeanDxMm,MeanDxMmSd,MeanDyMm,MeanDyMmSd,ResolutionDeg,RmsErrorDegMean,RmsErrorMmMean,RmsErrorMmMedian,RmsErrorMmSd,Seeds,SubMmSeeds,Trusted,TrustedCorrect,TrustedCorrectLower95,TrustedCorrectUniversal,TrustedUniversal,WrongTrusted
head1m|centre|cs662|t=10|S=1000|F=0.05|BareCrystalAllFaces,38400,53319343.182765454,1.0,0.9999219891817117,1.0,2.1417410162907036,1000.1335941506238,0.506171875,-2.2255216808724994,0.1643822787349225,-0.22130556926003567,0.17708180889139058,1.041626676009974,0.20150412564339726,3.516939146932627,3.5275742265777135,0.158721016373238,128,0,1.0,1.0,0.9999219891817117,1.0,1.0,0.0
head1m|centre|cs662|t=10|S=1000|F=0.05|FrontOnlyThroughMask,38400,53319343.182765454,1.0,0.9999219891817117,1.0,0.052479675660385576,1000.1335941506238,0.5029947916666667,-2.2308083125721048,0.14506747529140032,-0.2439023109657175,0.16169930083160833,1.041626676009974,0.2019561406203255,3.524828634377812,3.5209063669781355,0.14886908952483732,128,0,1.0,1.0,0.9999219891817117,1.0,1.0,0.0
head1m|centre|cs662|t=10|S=1000|F=0.1|BareCrystalAllFaces,38400,53319343.182765454,1.0,0.9999219891817117,1.0,4.283482032581407,1000.1335941506238,0.5034375,-2.2491137486727677,0.16210561981448465,-0.21434843363093026,0.15800739534163852,1.041626676009974,0.20163923712618864,3.519297287619335,3.5145113261650147,0.13611208600803404,128,0,1.0,1.0,0.9999219891817117,1.0,1.0,0.0
head1m|centre|cs662|t=10|S=1000|F=0.1|FrontOnlyThroughMask,38400,53319343.182765454,1.0,0.9999219891817117,1.0,0.10495935132077115,1000.1335941506238,0.49875,-2.2275932652349555,0.15462244805862607,-0.2424697250938527,0.1471759605940026,1.041626676009974,0.20133441261269847,3.5139771477273922,3.507483253068009,0.13609157839587532,128,0,1.0,1.0,0.9999219891817117,1.0,1.0,0.0
head1m|centre|cs662|t=10|S=1000|F=0.2|BareCrystalAllFaces,38400,53319343.182765454,1.0,0.9999219891817117,1.0,8.566964065162814,1000.1335941506238,0.5067447916666666,-2.2578990552720337,0.1528510903499145,-0.22285869043562456,0.15971731935138872,1.041626676009974,0.2022652969233792,3.5302244576796897,3.5281398445400276,0.14858590578522735,128,0,1.0,1.0,0.9999219891817117,1.0,1.0,0.0
head1m|centre|cs662|t=10|S=1000|F=0.2|FrontOnlyThroughMask,38400,53319343.182765454,1.0,0.9999219891817117,1.0,0.2099187026415423,1000.1335941506238,0.496875,-2.2197115771838307,0.1566125727395315,-0.21785250602373696,0.16051215055283197,1.041626676009974,0.20072301727247094,3.503305792223993,3.4754276915762015,0.14152277279702477,128,0,1.0,1.0,0.9999219891817117,1.0,1.0,0.0
head1m|centre|cs662|t=10|S=1000|ideal,38400,53319343.182765454,,,1.0,0,1000.1335941506238,0.5041927083333333,-2.2133355385392353,0.15392236631445433,-0.23862766152165996,0.17078525894716345,1.041626676009974,0.2022538445955645,3.5300245588528685,3.5263919469348486,0.1359676293593942,128,0,,,,,,
head1m|centre|cs662|t=10|S=100|F=0.05|BareCrystalAllFaces,38400,5331934.318276546,0.8540737631813651,0.8510666328357457,0.8444270833333334,2.1417410162907036,100.0133594150624,0.851875,-1.2661319297827835,0.8950863557599624,-1.3932768887929754,0.8810288958474819,1.041626676009974,1.231379289254088,21.516120761985633,21.418958081293496,1.7213779477355104,128,0,0.9927604166666667,0.847890625,0.8448437129903401,0.2609375,0.263515625,0.14486979166666666
head1m|centre|cs662|t=10|S=100|F=0.05|FrontOnlyThroughMask,38400,5331934.318276546,0.86890625,0.8660396519084446,0.8542708333333333,0.052479675660385576,100.0133594150624,0.8458333333333333,-1.4135199044968196,0.9307200930534854,-1.4749886291440633,0.952641025319551,1.041626676009974,1.2070174833203253,21.09097804170159,21.124018774146535,1.7642331998410616,128,0,1.0,0.86890625,0.8660396519084446,0.34177083333333336,0.34619791666666666,0.13109375
head1m|centre|cs662|t=10|S=100|F=0.1|BareCrystalAllFaces,38400,5331934.318276546,0.8754072576115043,0.8724916462934479,0.84046875,4.283482032581407,100.0133594150624,0.85328125,-1.3816528187935984,0.9129414751104218,-1.3641922981489953,1.0171603860029377,1.041626676009974,1.2565022294629122,21.95548567049158,21.92777965141856,1.632524927880894,128,0,0.9271875,0.8116666666666666,0.808354450997927,0.2503385416666667,0.2528385416666667,0.11552083333333334
head1m|centre|cs662|t=10|S=100|F=0.1|FrontOnlyThroughMask,38400,5331934.318276546,0.8679947916666667,0.8651199055942408,0.85671875,0.10495935132077115,100.0133594150624,0.8465364583333334,-1.3121813678265455,0.9023771887753741,-1.4441590204190897,0.8246654644090369,1.041626676009974,1.1944142682660142,20.87029974814879,20.86856002008124,1.5549042766979946,128,0,1.0,0.8679947916666667,0.8651199055942408,0.34692708333333333,0.3515625,0.13200520833333335
head1m|centre|cs662|t=10|S=100|F=0.2|BareCrystalAllFaces,38400,5331934.318276546,0.9210555371535829,0.9183129208239939,0.8244010416666666,8.566964065162814,100.0133594150624,0.8572916666666667,-1.6192978742799462,0.9215821063840245,-1.1861219580297309,0.8580591127956647,1.041626676009974,1.3147460155127477,22.973458151028368,22.999803666237725,1.6201922600977916,128,0,0.707578125,0.65171875,0.6476982932126867,0.22692708333333333,0.22942708333333334,0.055859375
head1m|centre|cs662|t=10|S=100|F=0.2|FrontOnlyThroughMask,38400,5331934.318276546,0.8644010416666666,0.861493911465382,0.853828125,0.2099187026415423,100.0133594150624,0.845703125,-1.4233477623815765,0.9349429566176812,-1.4273001051351502,0.9333304230344549,1.041626676009974,1.2114359283498537,21.168181665519167,21.092834049825434,1.830378830975756,128,0,1.0,0.8644010416666666,0.861493911465382,0.34390625,0.34880208333333335,0.13559895833333332
head1m|centre|cs662|t=10|S=100|ideal,38400,5331934.318276546,,,0.8542447916666667,0,100.0133594150624,0.8473697916666667,-1.2342591203822666,0.8422906519000564,-1.4793358452301062,0.817048008080832,1.041626676009974,1.2038799583362085,21.03573138535222,21.101952408456143,1.712137015341448,128,0,,,,,,
head1m|centre|cs662|t=10|S=250|F=0.05|BareCrystalAllFaces,38400,13329835.795691364,0.9955729166666667,0.99497383954819,0.9944791666666667,2.1417410162907036,250.03339853765596,0.7337239583333334,-1.2554969388017487,0.26662084770373845,-0.903346363363818,0.29517574381223716,1.041626676009974,0.36539206122610496,6.379816069883248,6.2288109092432755,0.9507332558635835,128,0,1.0,0.9955729166666667,0.99497383954819,0.938671875,0.9397135416666667,0.004427083333333333
head1m|centre|cs662|t=10|S=250|F=0.05|FrontOnlyThroughMask,38400,13329835.795691364,0.9930208333333334,0.9922806325356246,0.9946875,0.052479675660385576,250.03339853765596,0.734375,-1.2449492206726898,0.24402053501539892,-0.8829021384388952,0.2542941478276455,1.041626676009974,0.36464189955517046,6.366769120340015,6.116820857533613,1.0703689104076193,128,0,1.0,0.9930208333333334,0.9922806325356246,0.9505729166666667,0.9533854166666667,0.0069791666666666665
head1m|centre|cs662|t=10|S=250|F=0.1|BareCrystalAllFaces,38400,13329835.795691364,0.9953380560475049,0.9947244669924966,0.993984375,4.283482032581407,250.03339853765596,0.73796875,-1.2738471567415084,0.24937434872310976,-0.8919819935022454,0.3018102874638147,1.041626676009974,0.37151702433065814,6.486914851414546,6.350668045128447,0.9488083697452784,128,0,0.9998958333333333,0.995234375,0.9946145462947831,0.939375,0.9403125,0.004661458333333333
head1m|centre|cs662|t=10|S=250|F=0.1|FrontOnlyThroughMask,38400,13329835.795691364,0.99234375,0.991570770967157,0.9941145833333334,0.10495935132077115,250.03339853765596,0.728203125,-1.2578144811823309,0.2611705738047442,-0.9137763364610763,0.32470388263550687,1.041626676009974,0.3709829425582576,6.477623244579815,6.29174427869661,1.1320100045955366,128,0,1.0,0.99234375,0.991570770967157,0.9507552083333334,0.9534114583333333,0.00765625
head1m|centre|cs662|t=10|S=250|F=0.2|BareCrystalAllFaces,38400,13329835.795691364,0.9953758131515009,0.9947635101030052,0.9936979166666666,8.566964065162814,250.03339853765596,0.7354947916666666,-1.3565185096230736,0.24574267198899824,-0.8280988974847485,0.27971916341239783,1.041626676009974,0.3786134550367195,6.611089381903093,6.530367686686589,1.0278430193662278,128,0,0.996796875,0.9921875,0.9914071696143485,0.9329166666666666,0.9344010416666667,0.004609375
head1m|centre|cs662|t=10|S=250|F=0.2|FrontOnlyThroughMask,38400,13329835.795691364,0.9931510416666667,0.9924173277824988,0.99421875,0.2099187026415423,250.03339853765596,0.7328645833333334,-1.2488698218183563,0.23539237745467484,-0.9131228937005941,0.2598278341361296,1.041626676009974,0.36968228828100613,6.454794652091943,6.351200865637923,1.0230514453179966,128,0,1.0,0.9931510416666667,0.9924173277824988,0.95171875,0.9545572916666667,0.006848958333333334
head1m|centre|cs662|t=10|S=250|ideal,38400,13329835.795691364,,,0.994375,0,250.03339853765596,0.7340104166666667,-1.2387337586289415,0.23730755965625336,-0.8547258849597338,0.3007294509534435,1.041626676009974,0.3742048250393402,6.53405963794333,6.39942771914302,1.126990038054588,128,0,,,,,,
head1m|centre|cs662|t=10|S=25|F=0.05|BareCrystalAllFaces,38400,1332983.5795691365,0.3673450899867134,0.36298129229804255,0.342890625,2.1417410162907036,25.0033398537656,0.966328125,-3.415381256685781,1.7379962499274804,-9.224316518822985,1.7653069548175644,1.041626676009974,2.543583452205892,44.45092521822662,44.4563454522725,1.3823584725209341,128,0,0.8623958333333334,0.316796875,0.3128891254322435,0.0026302083333333334,0.00296875,0.5455989583333334
head1m|centre|cs662|t=10|S=25|F=0.05|FrontOnlyThroughMask,38400,1332983.5795691365,0.40393229166666667,0.3998060024867959,0.36161458333333335,0.052479675660385576,25.0033398537656,0.960859375,-3.284430185097502,1.955120608485896,-9.764464236001507,1.838132807024947,1.041626676009974,2.5015981069115,43.71689245391876,43.82787143318673,1.2924915860341917,128,0,1.0,0.40393229166666667,0.3998060024867959,0.005546875,0.006145833333333333,0.5960677083333333
head1m|centre|cs662|t=10|S=25|F=0.1|BareCrystalAllFaces,38400,1332983.5795691365,0.41886539856083005,0.41278648029580023,0.32028645833333336,4.283482032581407,25.0033398537656,0.9688802083333333,-3.846480511495159,1.8038101641645934,-8.423905246883688,1.6515872592270868,1.041626676009974,2.5801584003931355,45.090052171993236,45.2798926266062,1.2280064473061028,128,0,0.46684895833333334,0.195546875,0.19222175380086934,0.0020833333333333333,0.00265625,0.27130208333333333
head1m|centre|cs662|t=10|S=25|F=0.1|FrontOnlyThroughMask,38400,1332983.5795691365,0.401953125,0.39783023357946806,0.35552083333333334,0.10495935132077115,25.0033398537656,0.9608854166666667,-3.6128804319234002,1.6568412131467027,-9.791837760645837,1.9184792434148668,1.041626676009974,2.5185614561427165,44.01359433468029,43.94112929115954,1.2989670522146124,128,0,1.0,0.401953125,0.39783023357946806,0.004296875,0.0046875,0.598046875
head1m|centre|cs662|t=10|S=25|F=0.2|BareCrystalAllFaces,38400,1332983.5795691365,0.5023866348448688,0.49069003647647275,0.30330729166666665,8.566964065162814,25.0033398537656,0.97265625,-3.857870006687774,1.752479734403688,-7.635427567180645,1.770914382975849,1.041626676009974,2.595186907832943,45.35203395559536,45.336031889506685,1.2178736325333877,128,0,0.1309375,0.06578125,0.06371171675686035,0.0022395833333333334,0.002890625,0.06515625
head1m|centre|cs662|t=10|S=25|F=0.2|FrontOnlyThroughMask,38400,1332983.5795691365,0.39934895833333334,0.3952306439292632,0.35716145833333335,0.2099187026415423,25.0033398537656,0.9626302083333333,-3.4330033349694062,1.840816645725923,-9.707516285507378,1.5504897737554335,1.041626676009974,2.516928658583649,43.9851618647063,44.037211963800786,1.1556217984747177,128,0,1.0,0.39934895833333334,0.3952306439292632,0.003411458333333333,0.0038541666666666668,0.6006510416666667
head1m|centre|cs662|t=10|S=25|ideal,38400,1332983.5795691365,,,0.3605729166666667,0,25.0033398537656,0.96234375,-3.5416947250280577,1.6099950771834093,-9.718918418670208,1.6214959759805427,1.041626676009974,2.5071995724444665,43.81502859507859,43.78101697943817,1.3497840647930583,128,0,,,,,,
head1m|centre|cs662|t=10|S=500|F=0.05|BareCrystalAllFaces,38400,26659671.591382727,0.9999479166666667,0.999836056211534,0.9999739583333334,2.1417410162907036,500.0667970753119,0.6251822916666666,-1.7412520079371456,0.18259478170392265,-0.5898668470649316,0.2225340884929297,1.041626676009974,0.2471565842329701,4.313778065919931,4.2964401657686455,0.1932508893641406,128,0,1.0,0.9999479166666667,0.999836056211534,0.999921875,0.9999739583333334,5.208333333333334e-05
head1m|centre|cs662|t=10|S=500|F=0.05|FrontOnlyThroughMask,38400,26659671.591382727,0.9998958333333333,0.9997616431038913,0.9999739583333334,0.052479675660385576,500.0667970753119,0.625234375,-1.7087377024226589,0.20994036514664044,-0.5600642117780734,0.2173315969877004,1.041626676009974,0.24638793927032773,4.300334509331659,4.290007500516121,0.1580043817061934,128,0,1.0,0.9998958333333333,0.9997616431038913,0.9997395833333333,0.99984375,0.00010416666666666667
head1m|centre|cs662|t=10|S=500|F=0.1|BareCrystalAllFaces,38400,26659671.591382727,0.9999739583333334,0.9998764678836031,1.0,4.283482032581407,500.0667970753119,0.629765625,-1.7307752571786177,0.19170094219838738,-0.5437870143316529,0.2280476015619834,1.041626676009974,0.24657969941620195,4.303680625811086,4.308773170560226,0.16144039952989025,128,0,1.0,0.9999739583333334,0.9998764678836031,0.9998958333333333,0.999921875,2.604166666666667e-05
head1m|centre|cs662|t=10|S=500|F=0.1|FrontOnlyThroughMask,38400,26659671.591382727,0.9997395833333333,0.9995583155847172,0.9999739583333334,0.10495935132077115,500.0667970753119,0.623515625,-1.719457267985795,0.1856070025900167,-0.551901603158679,0.20020456557137511,1.041626676009974,0.24547148479982525,4.284339779358083,4.277696265473392,0.15196953403364738,128,0,1.0,0.9997395833333333,0.9995583155847172,0.999609375,0.99984375,0.00026041666666666666
head1m|centre|cs662|t=10|S=500|F=0.2|BareCrystalAllFaces,38400,26659671.591382727,0.9999739583333334,0.9998764678836031,1.0,8.566964065162814,500.0667970753119,0.632421875,-1.7763057301732201,0.1816092954917225,-0.5586110780104183,0.22618974033163056,1.041626676009974,0.24767314838921095,4.3227657704954945,4.3088896145835385,0.16579426480690806,128,0,1.0,0.9999739583333334,0.9998764678836031,0.9998958333333333,0.999921875,2.604166666666667e-05
head1m|centre|cs662|t=10|S=500|F=0.2|FrontOnlyThroughMask,38400,26659671.591382727,0.9998177083333334,0.9996576286129569,1.0,0.2099187026415423,500.0667970753119,0.625859375,-1.7264479374359658,0.18561180133585756,-0.5866936574459687,0.21635095784338873,1.041626676009974,0.24662373481465988,4.304449346568461,4.319062265704135,0.1667624201788494,128,0,1.0,0.9998177083333334,0.9996576286129569,0.9997395833333333,0.999921875,0.00018229166666666667
head1m|centre|cs662|t=10|S=500|ideal,38400,26659671.591382727,,,0.9999479166666667,0,500.0667970753119,0.6262239583333333,-1.70917637253912,0.19141573869140277,-0.5840156151972403,0.23466515706127206,1.041626676009974,0.2468672441080907,4.308710733104219,4.2855335509107295,0.19637754484380956,128,0,,,,,,
head1m|centre|cs662|t=10|S=50|F=0.05|BareCrystalAllFaces,38400,2665967.159138273,0.6008362906109873,0.5965917287196039,0.581328125,2.1417410162907036,50.0066797075312,0.9235677083333333,-2.483328816761471,1.2702166038363236,-3.7570730619059365,1.4140380298980615,1.041626676009974,2.0135260079053006,35.18647665542723,35.175600454205124,1.4199541427358464,128,0,0.946640625,0.5687760416666666,0.564602242694348,0.03395833333333333,0.035390625,0.37786458333333334
head1m|centre|cs662|t=10|S=50|F=0.05|FrontOnlyThroughMask,38400,2665967.159138273,0.630390625,0.6263187060865889,0.5967447916666667,0.052479675660385576,50.0066797075312,0.9198177083333333,-2.2316965739650843,1.3438373458824278,-4.011996760626613,1.3271236385066143,1.041626676009974,1.9729064903121687,34.47614026237397,34.363018746425055,1.5062834390235866,128,0,1.0,0.630390625,0.6263187060865889,0.056640625,0.058645833333333335,0.369609375
head1m|centre|cs662|t=10|S=50|F=0.1|BareCrystalAllFaces,38400,2665967.159138273,0.6575388649559842,0.6527303607494719,0.5684635416666667,4.283482032581407,50.0066797075312,0.9252083333333333,-2.3946336274172744,1.3347838611925888,-3.4423879006073013,1.5399013418142553,1.041626676009974,2.037347170415154,35.60238491836485,35.589508939975126,1.5306662422386963,128,0,0.6951822916666667,0.457109375,0.4529173922601934,0.03270833333333333,0.033854166666666664,0.23807291666666666
head1m|centre|cs662|t=10|S=50|F=0.1|FrontOnlyThroughMask,38400,2665967.159138273,0.6254166666666666,0.6213339784626033,0.5931510416666667,0.10495935132077115,50.0066797075312,0.9196614583333333,-2.3292013196014145,1.4072808631398381,-4.071372132356981,1.4080188377296243,1.041626676009974,1.9837974280646804,34.6666559780345,34.67060687768734,1.470882729806853,128,0,1.0,0.6254166666666666,0.6213339784626033,0.05390625,0.05609375,0.3745833333333333
head1m|centre|cs662|t=10|S=50|F=0.2|BareCrystalAllFaces,38400,2665967.159138273,0.7556515957446809,0.7491211409547963,0.5398958333333334,8.566964065162814,50.0066797075312,0.9291927083333333,-2.7165836373359604,1.497391835370652,-3.1019572904878596,1.31687128666734,1.041626676009974,2.0982809122364037,36.667052326083606,36.51993053168228,1.4063305878335035,128,0,0.31333333333333335,0.23677083333333335,0.23320436387394233,0.026875,0.028385416666666666,0.0765625
head1m|centre|cs662|t=10|S=50|F=0.2|FrontOnlyThroughMask,38400,2665967.159138273,0.6243229166666666,0.6202379218808565,0.5921614583333333,0.2099187026415423,50.0066797075312,0.9194010416666667,-2.345559674059763,1.3101603395515944,-4.038862897654919,1.4573560536464303,1.041626676009974,1.9806129327792044,34.61094646339187,34.57324434922141,1.4528971648332887,128,0,1.0,0.6243229166666666,0.6202379218808565,0.05424479166666667,0.05640625,0.37567708333333333
head1m|centre|cs662|t=10|S=50|ideal,38400,2665967.159138273,,,0.5959114583333334,0,50.0066797075312,0.9180729166666667,-2.18911930001685,1.3294688928122609,-3.719119602114837,1.366320362040727,1.041626676009974,1.9722982634161494,34.46556003743992,34.57010879249269,1.5904361310648492,128,0,,,,,,
head1m|centre|cs662|t=10|default|F=0.05|BareCrystalAllFaces,38400,1000000,0.30001586546089165,0.2957676898502175,0.2697395833333333,2.1417410162907036,18.757425250390174,0.9766145833333333,-3.8286306807221515,1.9780779332192895,-12.042238574985971,1.7799955586773988,1.041626676009974,2.688956575025627,46.99221674232049,47.06596190010796,1.1774715686228492,128,0,0.820703125,0.24622395833333333,0.24260903266412492,0.000703125,0.0008854166666666666,0.5744791666666667
head1m|centre|cs662|t=10|default|F=0.05|FrontOnlyThroughMask,38400,1000000,0.327265625,0.32332382014261746,0.2841666666666667,0.052479675660385576,18.757425250390174,0.972265625,-4.033395930331965,1.7710528364567137,-13.166008226799242,2.056856354214585,1.041626676009974,2.6859064490629145,46.93944509974121,46.8784543505578,1.208199160027531,128,0,1.0,0.327265625,0.32332382014261746,0.0008854166666666666,0.0010677083333333333,0.672734375
head1m|centre|cs662|t=10|default|F=0.1|BareCrystalAllFaces,38400,1000000,0.3416721527320606,0.3353324511075007,0.25669270833333335,4.283482032581407,18.757425250390174,0.97828125,-4.09250906142589,1.8192322993798262,-10.74402203458193,1.9476275813511592,1.041626676009974,2.7133089712366334,47.41788503838242,47.31267225069346,1.179759327919282,128,0,0.39557291666666666,0.13515625,0.13229389518501325,0.000703125,0.0008072916666666667,0.2604166666666667
head1m|centre|cs662|t=10|default|F=0.1|FrontOnlyThroughMask,38400,1000000,0.3277083333333333,0.32376513778480587,0.2808333333333333,0.10495935132077115,18.757425250390174,0.9751302083333333,-3.770817358699845,1.8500198344187375,-13.09851970223064,1.7017266835014577,1.041626676009974,2.679498625242637,46.82716725946923,46.92920310919752,1.1737190007449825,128,0,1.0,0.3277083333333333,0.32376513778480587,0.0011979166666666666,0.001328125,0.6722916666666666
head1m|centre|cs662|t=10|default|F=0.2|BareCrystalAllFaces,38400,1000000,0.3889201349831271,0.3754036215031229,0.23473958333333333,8.566964065162814,18.757425250390174,0.9821875,-4.648505248338418,2.056243584477872,-9.458297890471556,1.926398307714264,1.041626676009974,2.728308554581208,47.67918597325032,47.7335434061242,1.3026037229364384,128,0,0.09260416666666667,0.036015625,0.0344645836284924,0.0005208333333333333,0.0007291666666666667,0.056588541666666665
head1m|centre|cs662|t=10|default|F=0.2|FrontOnlyThroughMask,38400,1000000,0.33075520833333333,0.3268025492144156,0.28328125,0.2099187026415423,18.757425250390174,0.97359375,-3.6134164452686584,1.746867958053776,-13.303750394570708,2.064483147758682,1.041626676009974,2.689701322500222,47.00590526000266,47.065295134691866,1.3717850795497286,128,0,1.0,0.33075520833333333,0.3268025492144156,0.00109375,0.0012760416666666666,0.6692447916666666
head1m|centre|cs662|t=10|default|ideal,38400,1000000,,,0.28643229166666667,0,18.757425250390174,0.9748958333333333,-3.8108921106683145,1.9236565417074445,-12.94778211531548,2.072751115043587,1.041626676009974,2.681666197871233,46.86535171911591,46.77021553559358,1.3053767512561036,128,0,,,,,,
head1m|centre|cs662|t=60|S=1000|F=0.05|BareCrystalAllFaces,38400,8886557.197127577,1.0,0.9999219891817117,1.0,12.850446097744221,1000.1335941506239,0.51046875,-2.2868336002839538,0.158538354810615,-0.21952383151405683,0.1615081056721486,1.041626676009974,0.2021985052321552,3.529058487066743,3.5205267675920715,0.1417793724980998,128,0,1.0,1.0,0.9999219891817117,1.0,1.0,0.0
head1m|centre|cs662|t=60|S=1000|F=0.05|FrontOnlyThroughMask,38400,8886557.197127577,1.0,0.9999219891817117,1.0,0.31487805396231344,1000.1335941506239,0.5009375,-2.2299597285700083,0.16102174926523108,-0.2277518021533139,0.16001706333206228,1.041626676009974,0.20112111374395428,3.510254104310135,3.5212012200620015,0.1583106489016942,128,0,1.0,1.0,0.9999219891817117,1.0,1.0,0.0
head1m|centre|cs662|t=60|S=1000|F=0.1|BareCrystalAllFaces,38400,8886557.197127577,1.0,0.9999219891817117,1.0,25.700892195488443,1000.1335941506239,0.517734375,-2.314981849566684,0.14447374507894886,-0.21114766824682277,0.16695338148193456,1.041626676009974,0.20437565563841162,3.567058163578392,3.548256184121515,0.14697185706359608,128,0,1.0,1.0,0.9999219891817117,1.0,1.0,0.0
head1m|centre|cs662|t=60|S=1000|F=0.1|FrontOnlyThroughMask,38400,8886557.197127577,1.0,0.9999219891817117,1.0,0.6297561079246269,1000.1335941506239,0.49778645833333335,-2.2338439940767083,0.14754217777942688,-0.23112434129862175,0.15890793710377754,1.041626676009974,0.20111023979946788,3.510064512078246,3.527903596345501,0.14514001974147026,128,0,1.0,1.0,0.9999219891817117,1.0,1.0,0.0
head1m|centre|cs662|t=60|S=1000|F=0.2|BareCrystalAllFaces,38400,8886557.197127577,1.0,0.9999219891817117,1.0,51.401784390976886,1000.1335941506239,0.5323177083333334,-2.3936347210420474,0.14215320345175667,-0.20179601969567273,0.1596492034415241,1.041626676009974,0.20604989544046856,3.5962797629160272,3.6112408424745572,0.1436547560168812,128,0,1.0,1.0,0.9999219891817117,1.0,1.0,0.0
head1m|centre|cs662|t=60|S=1000|F=0.2|FrontOnlyThroughMask,38400,8886557.197127577,1.0,0.9999219891817117,1.0,1.2595122158492538,1000.1335941506239,0.501484375,-2.220222594972179,0.1553014347533936,-0.22948159454103795,0.15152746153933908,1.041626676009974,0.20206274265012408,3.5266892032805335,3.5211922947260175,0.1230277014271665,128,0,1.0,1.0,0.9999219891817117,1.0,1.0,0.0
head1m|centre|cs662|t=60|S=1000|ideal,38400,8886557.197127577,,,1.0,0,1000.1335941506239,0.49736979166666667,-2.2382084582643618,0.1593116108353542,-0.22072765074554446,0.15781873530483181,1.041626676009974,0.2008890307269992,3.5062035094412307,3.5018971146649878,0.14788371611573883,128,0,,,,,,
head1m|centre|cs662|t=60|S=100|F=0.05|BareCrystalAllFaces,38400,888655.7197127576,0.9472101735015773,0.9445554155033025,0.8122395833333333,12.850446097744221,100.01335941506238,0.8642708333333333,-1.5545569350573112,0.8597709241471899,-0.872001678406567,1.0937967816575331,1.041626676009974,1.3564629173459066,23.702423679528362,23.69973275095372,1.6320673676266424,128,0,0.5283333333333333,0.5004427083333334,0.496232837126586,0.214921875,0.21791666666666668,0.027890625
head1m|centre|cs662|t=60|S=100|F=0.05|FrontOnlyThroughMask,38400,888655.7197127576,0.8665364583333334,0.8636484048010524,0.8509375,0.31487805396231344,100.01335941506238,0.8494270833333334,-1.252248632792036,0.9193751344060919,-1.4550893366647888,0.9039933962669052,1.041626676009974,1.2164390622973824,21.25537661937642,21.1197156797248,1.7155465185481573,128,0,1.0,0.8665364583333334,0.8636484048010524,0.3385416666666667,0.34307291666666667,0.13346354166666666
head1m|centre|cs662|t=60|S=100|F=0.1|BareCrystalAllFaces,38400,888655.7197127576,0.9645384025232291,0.9616003284882205,0.7699479166666666,25.700892195488443,100.01335941506238,0.8811197916666667,-2.0225056677269064,1.081015196222863,-0.49202136525067974,1.0860570532899423,1.041626676009974,1.483732416619189,25.926715552358658,25.806281480116454,1.5476372103219556,128,0,0.30549479166666665,0.29466145833333335,0.2908333165178173,0.170625,0.17330729166666667,0.010833333333333334
head1m|centre|cs662|t=60|S=100|F=0.1|FrontOnlyThroughMask,38400,888655.7197127576,0.8665625,0.8636746806013843,0.8528645833333334,0.6297561079246269,100.01335941506238,0.8459375,-1.265024572610526,0.9414012210367044,-1.3877523435383268,0.9872039108969403,1.041626676009974,1.2056427848497344,21.066540729877737,21.083289518330396,1.6225143378973523,128,0,1.0,0.8665625,0.8636746806013843,0.341171875,0.34520833333333334,0.1334375
head1m|centre|cs662|t=60|S=100|F=0.2|BareCrystalAllFaces,38400,888655.7197127576,0.9631870902672718,0.9589151313478281,0.687265625,51.401784390976886,100.01335941506238,0.9007552083333333,-2.6230366328165693,1.1439107054328816,0.2722550838969736,1.245205806050136,1.041626676009974,1.702083357088061,29.742503161515906,29.65551435532339,1.6276381412422933,128,0,0.154921875,0.14921875,0.14623462602675275,0.110625,0.11356770833333334,0.005703125
head1m|centre|cs662|t=60|S=100|F=0.2|FrontOnlyThroughMask,38400,888655.7197127576,0.8650619985412108,0.862160288609387,0.8516145833333333,1.2595122158492538,100.01335941506238,0.8470052083333334,-1.3277333012791523,0.8348579136674559,-1.3518341373623286,0.8456059959040236,1.041626676009974,1.2116651002614893,21.171916165730874,21.22963015604818,1.4978690760889382,128,0,0.9996875,0.8647916666666666,0.8618880081421263,0.3350520833333333,0.33921875,0.13489583333333333
head1m|centre|cs662|t=60|S=100|ideal,38400,888655.7197127576,,,0.8538541666666667,0,100.01335941506238,0.8437239583333334,-1.273999785178052,0.8544189790466572,-1.4894522249845847,0.9203282133503158,1.041626676009974,1.2064368105437373,21.08068494342918,21.114781497874105,1.851758885090496,128,0,,,,,,
head1m|centre|cs662|t=60|S=250|F=0.05|BareCrystalAllFaces,38400,2221639.299281894,0.9960424252018363,0.9954694925006248,0.9922135416666666,12.850446097744221,250.03339853765598,0.7466145833333333,-1.4141663392913817,0.2593579129800037,-0.8826275591969439,0.3401415497375,1.041626676009974,0.39446083864382975,6.8880286435734455,6.764454813896817,1.162685688196818,128,0,0.98703125,0.983125,0.9820033494551276,0.9227864583333333,0.9241666666666667,0.00390625
head1m|centre|cs662|t=60|S=250|F=0.05|FrontOnlyThroughMask,38400,2221639.299281894,0.9922916666666667,0.9915162287339804,0.99484375,0.31487805396231344,250.03339853765598,0.734375,-1.252138543427861,0.28944071663120857,-0.8259548733575724,0.29990426339351756,1.041626676009974,0.3685331900590255,6.434996766081866,6.362863826930821,1.0604428292729882,128,0,1.0,0.9922916666666667,0.9915162287339804,0.9491927083333334,0.9518489583333334,0.0077083333333333335
head1m|centre|cs662|t=60|S=250|F=0.1|BareCrystalAllFaces,38400,2221639.299281894,0.9970447089445001,0.9965358480225401,0.9896354166666667,25.700892195488443,250.03339853765598,0.7533854166666667,-1.5297776175417221,0.3305687157271549,-0.8216675733831729,0.3810700226546291,1.041626676009974,0.4285917377592505,7.485006300044579,7.516893451649369,1.2371884355652578,128,0,0.9604947916666666,0.95765625,0.9559271456525382,0.90765625,0.9090625,0.0028385416666666667
head1m|centre|cs662|t=60|S=250|F=0.1|FrontOnlyThroughMask,38400,2221639.299281894,0.9923177083333333,0.9915434987856162,0.9940885416666667,0.6297561079246269,250.03339853765598,0.7322135416666666,-1.2299791845802173,0.25103563204182033,-0.8945616243210883,0.32073673035578953,1.041626676009974,0.3730266706805049,6.513561000682621,6.475674710583156,1.1350177424501517,128,0,1.0,0.9923177083333333,0.9915434987856162,0.9515364583333333,0.9539583333333334,0.007682291666666666
head1m|centre|cs662|t=60|S=250|F=0.2|BareCrystalAllFaces,38400,2221639.299281894,0.9967196934509986,0.9961659475717375,0.983125,51.401784390976886,250.03339853765598,0.7657552083333333,-1.7737357717510136,0.3253138457949495,-0.7430800750347694,0.3950708054635638,1.041626676009974,0.4940704188203784,8.629791378958688,8.553316689040669,1.4747599275762355,128,0,0.8970833333333333,0.894140625,0.891523101725333,0.8586979166666666,0.8609114583333334,0.002942708333333333
head1m|centre|cs662|t=60|S=250|F=0.2|FrontOnlyThroughMask,38400,2221639.299281894,0.99125,0.9904270598508684,0.9940885416666667,1.2595122158492538,250.03339853765598,0.7300520833333334,-1.2255538785088826,0.2600634011814927,-0.8805302817776065,0.2754026489403524,1.041626676009974,0.3780519218433873,6.6013779452987436,6.466903993800358,1.0448751453203615,128,0,1.0,0.99125,0.9904270598508684,0.9487760416666666,0.9521614583333333,0.00875
head1m|centre|cs662|t=60|S=250|ideal,38400,2221639.299281894,,,0.9941145833333334,0,250.03339853765598,0.733125,-1.2460958884747424,0.2702292453479402,-0.8735771900663645,0.32275113179163994,1.041626676009974,0.36868143443301465,6.437349634235596,6.40140853609369,1.0203945528410021,128,0,,,,,,
head1m|centre|cs662|t=60|S=25|F=0.05|BareCrystalAllFaces,38400,222163.9299281894,0.5404640633842671,0.5206410353632145,0.2819010416666667,12.850446097744221,25.003339853765596,0.974453125,-4.199554314451331,1.9165931935958453,-6.452206928123565,1.8931607458378583,1.041626676009974,2.6228953271772864,45.83607011014287,45.891128981833006,1.150743201172563,128,0,0.046015625,0.024869791666666665,0.023576250291739542,0.0018229166666666667,0.002578125,0.021145833333333332
head1m|centre|cs662|t=60|S=25|F=0.05|FrontOnlyThroughMask,38400,222163.9299281894,0.39783854166666666,0.3937229374099834,0.357578125,0.31487805396231344,25.003339853765596,0.9628385416666667,-3.564225607907914,1.7893876628216143,-9.523340426638544,1.654488870169959,1.041626676009974,2.510182572755984,43.867156819769434,43.841310268944355,1.2645217118703658,128,0,1.0,0.39783854166666666,0.3937229374099834,0.00453125,0.005234375,0.6021614583333333
head1m|centre|cs662|t=60|S=25|F=0.1|BareCrystalAllFaces,38400,222163.9299281894,0.5018656716417911,0.46546704865398175,0.24567708333333332,25.700892195488443,25.003339853765596,0.9798697916666667,-4.8910464906921165,2.077955407257164,-4.20481530875633,1.7683862190113495,1.041626676009974,2.6586848927838242,46.460794287131485,46.49376996053263,1.1696509982868624,128,0,0.013958333333333333,0.007005208333333333,0.006319873543198491,0.0012239583333333334,0.0023177083333333335,0.006953125
head1m|centre|cs662|t=60|S=25|F=0.1|FrontOnlyThroughMask,38400,222163.9299281894,0.3913009506446152,0.387197281029985,0.3514583333333333,0.6297561079246269,25.003339853765596,0.962890625,-3.356116284371492,1.7930318392158862,-9.373759472437044,2.040770835572511,1.041626676009974,2.534499594977268,44.29257722598288,44.35192268490967,1.2939606613770969,128,0,0.9998697916666667,0.39125,0.38714669611741204,0.004166666666666667,0.004713541666666667,0.6086197916666667
head1m|centre|cs662|t=60|S=25|F=0.2|BareCrystalAllFaces,38400,222163.9299281894,0.3805309734513274,0.32660947624722636,0.20088541666666668,51.401784390976886,25.003339853765596,0.9856510416666666,-5.0092708585091055,2.337350358904068,-0.43770811904227364,2.049747692631968,1.041626676009974,2.704670874657873,47.263620430645375,47.29345500402348,1.2705706896267457,128,0,0.005885416666666666,0.0022395833333333334,0.0018580274070858379,0.00109375,0.002734375,0.0036458333333333334
head1m|centre|cs662|t=60|S=25|F=0.2|FrontOnlyThroughMask,38400,222163.9299281894,0.3890566237618518,0.38492283082071244,0.349140625,1.2595122158492538,25.003339853765596,0.9648697916666666,-3.414141016830632,1.7363841513107894,-9.331850187132131,1.8135212293453649,1.041626676009974,2.5251686329496064,44.129146770257215,43.99676539036101,1.1928562862397536,128,0,0.98328125,0.38255208333333335,0.3784662193006888,0.004348958333333333,0.0050260416666666665,0.6007291666666666
head1m|centre|cs662|t=60|S=25|ideal,38400,222163.9299281894,,,0.361796875,0,25.003339853765596,0.96203125,-3.3115768440401485,1.7127726896192614,-9.674583497488696,1.6516678919666539,1.041626676009974,2.5027081532226663,43.736499111048055,43.76855158849324,1.3712609380084952,128,0,,,,,,
head1m|centre|cs662|t=60|S=500|F=0.05|BareCrystalAllFaces,38400,4443278.598563788,0.999921875,0.999798094358986,0.9999739583333334,12.850446097744221,500.06679707531197,0.6331770833333333,-1.8105434219429006,0.17987814474355446,-0.5346444903246451,0.2281635542722402,1.041626676009974,0.24797434349144432,4.328023295267042,4.328941794453911,0.16559143181660338,128,0,1.0,0.999921875,0.999798094358986,0.999921875,1.0,7.8125e-05
head1m|centre|cs662|t=60|S=500|F=0.05|FrontOnlyThroughMask,38400,4443278.598563788,0.9997395833333333,0.9995583155847172,1.0,0.31487805396231344,500.06679707531197,0.6222916666666667,-1.696471314074918,0.19021147403070685,-0.5514152475067042,0.2189086277700955,1.041626676009974,0.24575736109779947,4.289327994752704,4.285855192158298,0.15716097023628245,128,0,1.0,0.9997395833333333,0.9995583155847172,0.9996875,0.9999479166666667,0.00026041666666666666
head1m|centre|cs662|t=60|S=500|F=0.1|BareCrystalAllFaces,38400,4443278.598563788,0.9999218709307777,0.9997980838431705,0.9999479166666667,25.700892195488443,500.06679707531197,0.6473697916666666,-1.861674574183019,0.19781757547886533,-0.5539002554841992,0.23225577231647782,1.041626676009974,0.2518956182099445,4.396488042283077,4.378193083002667,0.2037213229838599,128,0,0.9999479166666667,0.9998697916666667,0.9997262427017626,0.9998697916666667,0.9999479166666667,7.8125e-05
head1m|centre|cs662|t=60|S=500|F=0.1|FrontOnlyThroughMask,38400,4443278.598563788,0.9998697916666667,0.9997262427017626,0.9999739583333334,0.6297561079246269,500.06679707531197,0.6296614583333333,-1.7055836926517511,0.20396771308307168,-0.5495742678893585,0.21919206775941213,1.041626676009974,0.24612308518820025,4.295726478374738,4.307504259069189,0.19087548701744658,128,0,1.0,0.9998697916666667,0.9997262427017626,0.9998177083333334,0.9999479166666667,0.00013020833333333333
head1m|centre|cs662|t=60|S=500|F=0.2|BareCrystalAllFaces,38400,4443278.598563788,0.999973953585289,0.99987644536172,1.0,51.401784390976886,500.06679707531197,0.6629166666666667,-2.053719232231089,0.17157043414165263,-0.5625475516454448,0.23349221613331966,1.041626676009974,0.2559499137561791,4.467227303428074,4.45517984985563,0.15925385434945552,128,0,0.9998177083333334,0.9997916666666666,0.999624129158168,0.9997135416666667,0.9997395833333333,2.604166666666667e-05
head1m|centre|cs662|t=60|S=500|F=0.2|FrontOnlyThroughMask,38400,4443278.598563788,0.9997135416666667,0.9995258904814887,1.0,1.2595122158492538,500.06679707531197,0.6268489583333333,-1.7108048292317328,0.18396247171857452,-0.5832125045078631,0.20636378617739753,1.041626676009974,0.246466496510247,4.301705237957224,4.308490069684147,0.1461222068871381,128,0,1.0,0.9997135416666667,0.9995258904814887,0.9996875,0.9999479166666667,0.00028645833333333333
head1m|centre|cs662|t=60|S=500|ideal,38400,4443278.598563788,,,1.0,0,500.06679707531197,0.6231510416666667,-1.7172293404003312,0.20111813528057254,-0.5650561118623334,0.22359660231652387,1.041626676009974,0.24617461498658155,4.296611065982972,4.290526058736276,0.16614129445621012,128,0,,,,,,
head1m|centre|cs662|t=60|S=50|F=0.05|BareCrystalAllFaces,38400,444327.8598563788,0.8187806113832123,0.8103463699267591,0.5166145833333333,12.850446097744221,50.00667970753119,0.938515625,-2.8658660268083356,1.6848430455987804,-3.0999298919092086,1.5346907120936013,1.041626676009974,2.1345177326911497,37.299893775452766,37.359280318552294,1.4125524995603354,128,0,0.15419270833333334,0.12625,0.12347006135345377,0.023984375,0.025260416666666667,0.027942708333333333
head1m|centre|cs662|t=60|S=50|F=0.05|FrontOnlyThroughMask,38400,444327.8598563788,0.6222135416666666,0.6181241608465622,0.59296875,0.31487805396231344,50.00667970753119,0.919609375,-2.1996577153726036,1.301623216471999,-4.011745961525125,1.4454452445411667,1.041626676009974,1.978077010425602,34.56626737823791,34.39272283796421,1.4668360614948923,128,0,1.0,0.6222135416666666,0.6181241608465622,0.05484375,0.056276041666666665,0.37778645833333335
head1m|centre|cs662|t=60|S=50|F=0.1|BareCrystalAllFaces,38400,444327.8598563788,0.8242918867018723,0.8100001089629933,0.454375,25.700892195488443,50.00667970753119,0.9471614583333333,-3.194117846694825,1.626745102599077,-2.027820266428956,1.5283866939847717,1.041626676009974,2.264628055581798,39.573994431192865,39.601638563505176,1.3952964711119737,128,0,0.05424479166666667,0.04471354166666667,0.04299123154440374,0.015703125,0.017291666666666667,0.00953125
head1m|centre|cs662|t=60|S=50|F=0.1|FrontOnlyThroughMask,38400,444327.8598563788,0.6255371233625876,0.6214546371226985,0.5932552083333333,0.6297561079246269,50.00667970753119,0.9188802083333333,-2.2049036065985343,1.4649575966703516,-4.037574874160456,1.4566472632115903,1.041626676009974,1.9856403659375337,34.698911175229966,34.66594329547772,1.5785703319954405,128,0,0.9999739583333334,0.6255208333333333,0.6214383659576751,0.053411458333333335,0.05546875,0.374453125
head1m|centre|cs662|t=60|S=50|F=0.2|BareCrystalAllFaces,38400,444327.8598563788,0.787531806615776,0.7621119748108336,0.370625,51.401784390976886,50.00667970753119,0.9628385416666667,-4.328133108793977,1.966339523915189,0.17101545004421467,1.6786625484847781,1.041626676009974,2.39297487331046,41.8162291098353,41.88269674232057,1.334618528292704,128,0,0.02046875,0.016119791666666668,0.01507683999638259,0.009921875,0.012005208333333333,0.004348958333333333
head1m|centre|cs662|t=60|S=50|F=0.2|FrontOnlyThroughMask,38400,444327.8598563788,0.6199754164814185,0.615872713019997,0.5867447916666667,1.2595122158492538,50.00667970753119,0.918984375,-2.2876477068697123,1.4873771541340604,-3.9125236447339304,1.4778484931548537,1.041626676009974,1.992643660060086,34.821046491679155,34.97738554854571,1.3752631416547483,128,0,0.9957552083333333,0.61734375,0.6132445558335406,0.054296875,0.056276041666666665,0.37841145833333334
head1m|centre|cs662|t=60|S=50|ideal,38400,444327.8598563788,,,0.598671875,0,50.00667970753119,0.918828125,-2.165568111936705,1.2861182717737027,-4.177904757661615,1.5195553893317213,1.041626676009974,1.9639260859859138,34.3191990704063,34.34622428752128,1.3368088107663672,128,0,,,,,,
head1m|centre|cs662|t=60|default|F=0.05|BareCrystalAllFaces,38400,1000000,0.9576831750339213,0.9554636437760112,0.85046875,12.850446097744221,112.54455150234104,0.8490104166666667,-1.5094054542225381,0.9212902904023879,-0.9671648554836462,0.8576552871026933,1.041626676009974,1.216605770861065,21.25840324134141,20.946051961279714,1.6635276907132273,128,0,0.6141666666666666,0.5881770833333333,0.5840280845883954,0.2836197916666667,0.2864583333333333,0.025989583333333333
head1m|centre|cs662|t=60|default|F=0.05|FrontOnlyThroughMask,38400,1000000,0.8959635416666667,0.8933656369375669,0.8888020833333333,0.31487805396231344,112.54455150234104,0.830234375,-1.145733753349764,0.7142906818663773,-1.137076388090206,0.8468811388779923,1.041626676009974,1.07208786800659,18.732941053431887,18.732557967872342,1.6303535834822631,128,0,1.0,0.8959635416666667,0.8933656369375669,0.4279427083333333,0.432734375,0.10403645833333333
head1m|centre|cs662|t=60|default|F=0.1|BareCrystalAllFaces,38400,1000000,0.9704361659817049,0.9680663787420299,0.8161979166666666,25.700892195488443,112.54455150234104,0.8643489583333334,-1.9725051541888374,0.9618550531667885,-0.6473324562508735,1.052642302111114,1.041626676009974,1.3344115842516953,23.317255667430395,23.284371657987485,1.710461311859227,128,0,0.39286458333333335,0.38125,0.37716686529964205,0.23377604166666666,0.23697916666666666,0.011614583333333333
head1m|centre|cs662|t=60|default|F=0.1|FrontOnlyThroughMask,38400,1000000,0.8964583333333334,0.8938657956707419,0.8888541666666666,0.6297561079246269,112.54455150234104,0.8325520833333333,-1.2116439651236166,0.7298685605792811,-1.2344001338334916,0.7592754842634755,1.041626676009974,1.0614023260639234,18.545936050220682,18.457691430085013,1.7135261580652053,128,0,1.0,0.8964583333333334,0.8938657956707419,0.42809895833333333,0.43286458333333333,0.10354166666666667
head1m|centre|cs662|t=60|default|F=0.2|BareCrystalAllFaces,38400,1000000,0.974682025437965,0.9716653998254632,0.744375,51.401784390976886,112.54455150234104,0.8863020833333334,-2.5112967934511308,1.179885105087275,0.018802005054097206,1.0746192803726233,1.041626676009974,1.54837375718418,27.056215705842483,27.158100625672407,1.6709937094189613,128,0,0.21703125,0.21153645833333334,0.20811159422496533,0.16057291666666668,0.16354166666666667,0.005494791666666667
head1m|centre|cs662|t=60|default|F=0.2|FrontOnlyThroughMask,38400,1000000,0.8943694984113756,0.8917543560360093,0.8815885416666667,1.2595122158492538,112.54455150234104,0.8373177083333333,-1.208976138573613,0.7965494964553734,-1.269194862321065,0.9011613007084297,1.041626676009974,1.0959423781748512,19.149669436004274,19.184883268993794,1.6812443044650112,128,0,0.9999479166666667,0.8943229166666666,0.8917073443829817,0.42440104166666665,0.42908854166666666,0.105625
head1m|centre|cs662|t=60|default|ideal,38400,1000000,,,0.8884895833333334,0,112.54455150234104,0.8306510416666667,-1.2023817438071402,0.7377061861537176,-1.204753649799389,0.7111096947963883,1.041626676009974,1.0684719825310964,18.66963288605498,18.74594945330412,1.5782686211856198,128,0,,,,,,
head1m|centre|open|t=10|S=1000|F=0.05|BareCrystalAllFaces,38400,21023146.540315185,1.0,0.9999219891817117,1.0,167.61869200345845,1000.3739371437906,0.7622135416666667,-3.1222329227414845,0.04249909863500665,1.024248921561914,0.10008926082063081,1.041626676009974,0.20494078342218391,3.5769108946923187,3.580976440562144,0.0674134173828648,128,0,1.0,1.0,0.9999219891817117,1.0,1.0,0.0
head1m|centre|open|t=10|S=1000|F=0.05|FrontOnlyThroughMask,38400,21023146.540315185,1.0,0.9999219891817117,1.0,0.6423989303000013,1000.3739371437906,0.492578125,-2.6113340075627964,0.09144434730587718,0.12019027528101411,0.08603621899451448,1.041626676009974,0.1835858325308264,3.204193548519512,3.200585807317135,0.07155491978198056,128,0,1.0,1.0,0.9999219891817117,1.0,1.0,0.0
head1m|centre|open|t=10|S=1000|F=0.1|BareCrystalAllFaces,38400,21023146.540315185,1.0,0.9999219891817117,1.0,335.2373840069169,1000.3739371437906,0.9294010416666667,-3.3029588607627627,0.028674238172776936,1.737731969842938,0.10486201511547799,1.041626676009974,0.23047932575631136,4.022649676942078,4.019785650100461,0.0686093270968659,128,0,1.0,1.0,0.9999219891817117,1.0,1.0,0.0
head1m|centre|open|t=10|S=1000|F=0.1|FrontOnlyThroughMask,38400,21023146.540315185,1.0,0.9999219891817117,1.0,1.2847978606000026,1000.3739371437906,0.49083333333333334,-2.61023969777419,0.08915797607067871,0.12111881224762953,0.08778764215246804,1.041626676009974,0.18319306856284875,3.1973382735156233,3.1929111196875612,0.06712853637619118,128,0,1.0,1.0,0.9999219891817117,1.0,1.0,0.0
head1m|centre|open|t=10|S=1000|F=0.2|BareCrystalAllFaces,38400,21023146.540315185,1.0,0.9999219891817117,0.9999739583333334,670.4747680138338,1000.3739371437906,0.9971875,-3.502600675738021,0.022595208385791668,2.9904580071755245,0.11240471423304503,1.041626676009974,0.27952592197518383,4.878692827006307,4.885129300801498,0.07021620609623701,128,0,1.0,1.0,0.9999219891817117,1.0,1.0,0.0
head1m|centre|open|t=10|S=1000|F=0.2|FrontOnlyThroughMask,38400,21023146.540315185,1.0,0.9999219891817117,1.0,2.569595721200005,1000.3739371437906,0.49421875,-2.6237249827419262,0.08720297748555719,0.12252675079287784,0.09351593579563053,1.041626676009974,0.18368298795894322,3.2058892275984445,3.199872343555981,0.07820320074108,128,0,1.0,1.0,0.9999219891817117,1.0,1.0,0.0
head1m|centre|open|t=10|S=1000|ideal,38400,21023146.540315185,,,1.0,0,1000.3739371437906,0.4917708333333333,-2.620788906428519,0.0933314883862842,0.13222388187603393,0.09083191036097045,1.041626676009974,0.18304344637749054,3.1947266128117353,3.190530775649938,0.07497856992386352,128,0,,,,,,
head1m|centre|open|t=10|S=100|F=0.05|BareCrystalAllFaces,38400,2102314.654031519,0.8473167916907097,0.8408171230404515,0.511953125,167.61869200345845,100.03739371437909,0.99015625,-6.083058787753965,1.645633834687956,9.40539227171362,0.3816106863410929,1.041626676009974,1.7993704577027696,31.431639136759703,31.39607920280847,1.1813972975293388,128,0,0.22565104166666666,0.19119791666666666,0.1879013800144338,0.15890625,0.18270833333333333,0.034453125
head1m|centre|open|t=10|S=100|F=0.05|FrontOnlyThroughMask,38400,2102314.654031519,0.9384375,0.9363822976742282,0.9119010416666666,0.6423989303000013,100.03739371437909,0.8200260416666667,-1.5547705191329182,0.7204857887797441,-0.6886349135785624,0.6723106231049935,1.041626676009974,0.9469516160610328,16.545327506362128,16.69819422271317,1.859035884910577,128,0,1.0,0.9384375,0.9363822976742282,0.403203125,0.40421875,0.0615625
head1m|centre|open|t=10|S=100|F=0.1|BareCrystalAllFaces,38400,2102314.654031519,0.7730471498944406,0.7597421183654117,0.28265625,335.2373840069169,100.03739371437909,0.9997135416666667,-7.657605588855008,2.0790518514514393,12.632304173584368,0.2538997001469735,1.041626676009974,2.171716411984197,37.935876033306684,37.94268386050302,0.908051250615942,128,0,0.07401041666666666,0.057213541666666666,0.05527584600471538,0.045989583333333334,0.058333333333333334,0.016796875
head1m|centre|open|t=10|S=100|F=0.1|FrontOnlyThroughMask,38400,2102314.654031519,0.9362987655607062,0.9342112276996886,0.9084375,1.2847978606000026,100.03739371437909,0.8201822916666667,-1.5093186857904906,0.719690101420099,-0.7936137602331976,0.6522085368616011,1.041626676009974,0.9635763720799676,16.83602627397915,16.77172334203926,1.5675407226067437,128,0,0.9999479166666667,0.93625,0.9341617892617771,0.39609375,0.397734375,0.06369791666666667
head1m|centre|open|t=10|S=100|F=0.2|BareCrystalAllFaces,38400,2102314.654031519,0.6061320754716981,0.5777003098451482,0.13208333333333333,670.4747680138338,100.03739371437909,1.0,-8.658133530385392,2.6081493236896955,14.475284201371526,0.17947184651770345,1.041626676009974,2.4027388382899284,41.97193241506493,41.96690622521438,0.9328961886902096,128,0,0.022083333333333333,0.013385416666666667,0.012435116635317869,0.01125,0.017838541666666666,0.008697916666666666
head1m|centre|open|t=10|S=100|F=0.2|FrontOnlyThroughMask,38400,2102314.654031519,0.9376868607395752,0.9356128136961305,0.9027083333333333,2.569595721200005,100.03739371437909,0.82453125,-1.5827141285000663,0.6511730229267952,-0.6809779152328092,0.656713815942881,1.041626676009974,0.9833304964577739,17.18094667685424,17.23571141272331,1.7429251321503914,128,0,0.99296875,0.93109375,0.9289304017496114,0.384375,0.38567708333333334,0.061875
head1m|centre|open|t=10|S=100|ideal,38400,2102314.654031519,,,0.9124479166666667,0,100.03739371437909,0.819765625,-1.5379138718629912,0.7478395788947713,-0.7425308921550307,0.6498552732772219,1.041626676009974,0.9371995245400874,16.374802305288757,16.557847396477655,1.675595475524364,128,0,,,,,,
head1m|centre|open|t=10|S=250|F=0.05|BareCrystalAllFaces,38400,5255786.635078796,0.9790564951044557,0.9778109483163578,0.952109375,167.61869200345845,250.09348428594765,0.9456770833333333,-3.6457638619132084,0.5107539763458695,3.420102243123495,0.24894635321568356,1.041626676009974,0.6144854979985731,10.731776014456832,10.823020435599547,1.2217649462905373,128,0,0.9947395833333333,0.97390625,0.9725283044735904,0.9722916666666667,0.992265625,0.020833333333333332
head1m|centre|open|t=10|S=250|F=0.05|FrontOnlyThroughMask,38400,5255786.635078796,0.9996875,0.9994937321570765,0.9986458333333333,0.6423989303000013,250.09348428594765,0.7055208333333334,-1.6471232339005284,0.20787756527066328,-0.25061932141725113,0.2311498894326274,1.041626676009974,0.28857891111275924,5.037550623078407,4.76709072890323,0.6661206591314568,128,0,1.0,0.9996875,0.9994937321570765,0.985,0.985078125,0.0003125
head1m|centre|open|t=10|S=250|F=0.1|BareCrystalAllFaces,38400,5255786.635078796,0.9509784653395851,0.9490552263964236,0.7918229166666667,335.2373840069169,250.09348428594765,0.9959895833333333,-4.604103261576824,1.0252247438116548,6.827826972288583,0.33728117453165796,1.041626676009974,1.1850776275525174,20.699776014279717,20.70978793281288,1.4770814428598265,128,0,0.9275260416666666,0.8820572916666667,0.8793155369117179,0.868046875,0.9097395833333334,0.04546875
head1m|centre|open|t=10|S=250|F=0.1|FrontOnlyThroughMask,38400,5255786.635078796,0.9998177083333334,0.9996576286129569,0.9990104166666667,1.2847978606000026,250.09348428594765,0.7066927083333333,-1.6665193705284382,0.18954868091443805,-0.2747240704091048,0.21340507103346432,1.041626676009974,0.28159204537450844,4.915258612488464,4.716944430524994,0.5219290702623113,128,0,1.0,0.9998177083333334,0.9996576286129569,0.9847916666666666,0.9848697916666667,0.00018229166666666667
head1m|centre|open|t=10|S=250|F=0.2|BareCrystalAllFaces,38400,5255786.635078796,0.9170884447113322,0.9140578707887577,0.43953125,670.4747680138338,250.09348428594765,1.0,-6.764262473433281,1.8270268583334854,11.613528870776308,0.3613880509701703,1.041626676009974,1.9331083054357343,33.76761533347144,33.56323263294787,1.2487474013617244,128,0,0.6071354166666667,0.556796875,0.5526110177830404,0.5332552083333333,0.578125,0.05033854166666667
head1m|centre|open|t=10|S=250|F=0.2|FrontOnlyThroughMask,38400,5255786.635078796,0.9997395833333333,0.9995583155847172,0.9986197916666667,2.569595721200005,250.09348428594765,0.7050260416666667,-1.6766791317197787,0.18889776107402748,-0.30486235644868764,0.2488275409361658,1.041626676009974,0.28809288265806376,5.028887165351873,4.77585967723255,0.6707873129383908,128,0,1.0,0.9997395833333333,0.9995583155847172,0.9832291666666667,0.9833333333333333,0.00026041666666666666
head1m|centre|open|t=10|S=250|ideal,38400,5255786.635078796,,,0.9983854166666667,0,250.09348428594765,0.6976822916666666,-1.643606411933387,0.1980435997603197,-0.30400720613066956,0.21693960471501703,1.041626676009974,0.28988675722425317,5.060307505215173,4.7760909641315274,0.6360029645702168,128,0,,,,,,
head1m|centre|open|t=10|S=25|F=0.05|BareCrystalAllFaces,38400,525578.6635078797,0.21991701244813278,0.17671833794021385,0.15328125,167.61869200345845,25.009348428594773,0.9996614583333333,-8.341897347614651,2.308921139605393,12.224435303757401,0.36215074418656573,1.041626676009974,2.361306189867066,41.24830591987223,41.209671968129555,0.8360846333066867,128,0,0.006276041666666667,0.0013802083333333333,0.0010840041291396922,0.0007552083333333333,0.00390625,0.004895833333333334
head1m|centre|open|t=10|S=25|F=0.05|FrontOnlyThroughMask,38400,525578.6635078797,0.45037372711409746,0.44618720988219296,0.40361979166666667,0.6423989303000013,25.009348428594773,0.95421875,-3.5894246979740583,1.6995542045380458,-8.475631697987211,1.6475350184859519,1.041626676009974,2.409403651569991,42.105400421059606,42.120990852135904,1.380825474776629,128,0,0.999921875,0.45033854166666665,0.4461522197995752,0.004401041666666667,0.004713541666666667,0.5495833333333333
head1m|centre|open|t=10|S=25|F=0.1|BareCrystalAllFaces,38400,525578.6635078797,0.1686046511627907,0.12332280863656929,0.10182291666666667,335.2373840069169,25.009348428594773,1.0,-8.656732978522346,2.3824921142895135,13.662396101141544,0.20928131555014906,1.041626676009974,2.4394051092697215,42.61253594024128,42.64016517842621,0.871650853080387,128,0,0.004479166666666667,0.0007552083333333333,0.0005403108666663354,0.0005208333333333333,0.003046875,0.0037239583333333335
head1m|centre|open|t=10|S=25|F=0.1|FrontOnlyThroughMask,38400,525578.6635078797,0.4452681388012618,0.4410667812131684,0.3999479166666667,1.2847978606000026,25.009348428594773,0.955,-3.665269668403176,1.5322138765661153,-8.44860624747913,1.6586275469536738,1.041626676009974,2.4206357220693935,42.30194149109603,42.38110636397157,1.3455392322846809,128,0,0.990625,0.44109375,0.43691641948834187,0.00375,0.004114583333333333,0.54953125
head1m|centre|open|t=10|S=25|F=0.2|BareCrystalAllFaces,38400,525578.6635078797,0.125,0.08123564080228159,0.07161458333333333,670.4747680138338,25.009348428594773,1.0,-9.15178246875225,2.459160805653121,14.623816396409634,0.1401243273628797,1.041626676009974,2.4967239511716715,43.61410740106082,43.6391162202102,0.9033684233540474,128,0,0.0035416666666666665,0.0004427083333333333,0.00028210597311729144,0.00036458333333333335,0.0025520833333333333,0.0030989583333333333
head1m|centre|open|t=10|S=25|F=0.2|FrontOnlyThroughMask,38400,525578.6635078797,0.4695499521225662,0.46489843621228716,0.39026041666666667,2.569595721200005,25.009348428594773,0.956171875,-3.307612406070251,1.6526256583687746,-8.131982109257425,1.7234105804603443,1.041626676009974,2.4337500179940057,42.530974012007434,42.50842630235276,1.317307188404307,128,0,0.8158854166666667,0.38309895833333335,0.3790119572259673,0.00453125,0.004869791666666666,0.43278645833333335
head1m|centre|open|t=10|S=25|ideal,38400,525578.6635078797,,,0.4146875,0,25.009348428594773,0.9514322916666667,-3.5660515922123692,1.6694489948202398,-8.926016419372464,1.7345765367648835,1.041626676009974,2.3952468871974095,41.85828575362177,41.904675569203974,1.386213261684537,128,0,,,,,,
head1m|centre|open|t=10|S=500|F=0.05|BareCrystalAllFaces,38400,10511573.270157592,0.9999739583333334,0.9998764678836031,0.99984375,167.61869200345845,500.1869685718953,0.8741666666666666,-3.265853609408371,0.0565454213075161,1.757161181546922,0.14549366253077745,1.041626676009974,0.24894468978594456,4.344986764244702,4.328538440503932,0.17284295796931723,128,0,1.0,0.9999739583333334,0.9998764678836031,0.9999739583333334,1.0,2.604166666666667e-05
head1m|centre|open|t=10|S=500|F=0.05|FrontOnlyThroughMask,38400,10511573.270157592,1.0,0.9999219891817117,1.0,0.6423989303000013,500.1869685718953,0.5972916666666667,-2.1737269261892633,0.1302558791864877,0.01395650883761095,0.16024166847204027,1.041626676009974,0.2180257419615748,3.8053014791984676,3.8239270354844352,0.11489531822511972,128,0,1.0,1.0,0.9999219891817117,1.0,1.0,0.0
head1m|centre|open|t=10|S=500|F=0.1|BareCrystalAllFaces,38400,10511573.270157592,0.999609375,0.9993985756627383,0.9960416666666667,335.2373840069169,500.1869685718953,0.980234375,-3.5081786687442094,0.15165152358877465,2.982237598205864,0.1442780973872578,1.041626676009974,0.32605119709121655,5.691896002386989,5.576904092391658,0.704122861063125,128,0,1.0,0.999609375,0.9993985756627383,0.999609375,1.0,0.000390625
head1m|centre|open|t=10|S=500|F=0.1|FrontOnlyThroughMask,38400,10511573.270157592,1.0,0.9999219891817117,1.0,1.2847978606000026,500.1869685718953,0.59625,-2.201939246823688,0.12061606384101142,-0.0026327326113138225,0.13867576731881026,1.041626676009974,0.21763819183625113,3.798537042073861,3.7995452622234245,0.11942821420563368,128,0,1.0,1.0,0.9999219891817117,1.0,1.0,0.0
head1m|centre|open|t=10|S=500|F=0.2|BareCrystalAllFaces,38400,10511573.270157592,0.9970830294822377,0.9965881255670368,0.9295572916666667,670.4747680138338,500.1869685718953,0.9997395833333333,-4.056569700648669,0.6603589810797288,5.288027346235026,0.22478888999018573,1.041626676009974,0.7447928194623915,13.007926286784802,13.1452835125273,1.438736738186079,128,0,0.9998958333333333,0.9969791666666666,0.9964763586150304,0.9969791666666666,0.9998958333333333,0.002916666666666667
head1m|centre|open|t=10|S=500|F=0.2|FrontOnlyThroughMask,38400,10511573.270157592,1.0,0.9999219891817117,1.0,2.569595721200005,500.1869685718953,0.6015625,-2.175627512613827,0.13454298201757453,-0.001956126485137335,0.15507930550441518,1.041626676009974,0.21870095503407497,3.8170863243758832,3.810112428094056,0.10715534567372687,128,0,1.0,1.0,0.9999219891817117,1.0,1.0,0.0
head1m|centre|open|t=10|S=500|ideal,38400,10511573.270157592,,,1.0,0,500.1869685718953,0.5945833333333334,-2.187718773490285,0.12573890354684158,0.008284542543664418,0.13930338707316048,1.041626676009974,0.21723893992436477,3.791568545110056,3.802680410281059,0.11525440302512258,128,0,,,,,,
head1m|centre|open|t=10|S=50|F=0.05|BareCrystalAllFaces,38400,1051157.3270157594,0.583843329253366,0.5546739514082191,0.25669270833333335,167.61869200345845,50.018696857189546,0.9980989583333333,-7.707679420191043,2.134728132650971,11.660276706114908,0.3799248843424954,1.041626676009974,2.208113945700315,38.57196782997487,38.499902915170644,1.0361611276540459,128,0,0.021276041666666665,0.012421875,0.011506549267338637,0.008932291666666667,0.014140625,0.008854166666666666
head1m|centre|open|t=10|S=50|F=0.05|FrontOnlyThroughMask,38400,1051157.3270157594,0.7142447916666667,0.7104277552193301,0.667109375,0.6423989303000013,50.018696857189546,0.8991927083333333,-2.4900781566545653,1.2695915144401402,-3.021084029538323,1.1268428802093062,1.041626676009974,1.7967752116356157,31.39817823653394,31.52011800061672,1.3898426417411418,128,0,1.0,0.7142447916666667,0.7104277552193301,0.06302083333333333,0.06385416666666667,0.28575520833333334
head1m|centre|open|t=10|S=50|F=0.1|BareCrystalAllFaces,38400,1051157.3270157594,0.4322916666666667,0.389903716417358,0.14705729166666667,335.2373840069169,50.018696857189546,0.999921875,-8.6110820858492,2.3445787597645733,13.533209177923116,0.2549219303748738,1.041626676009974,2.3744365662950604,41.477501262141686,41.45595467201795,0.8599746149406053,128,0,0.01,0.004322916666666667,0.0037871943921651686,0.003125,0.0069010416666666664,0.0056770833333333335
head1m|centre|open|t=10|S=50|F=0.1|FrontOnlyThroughMask,38400,1051157.3270157594,0.710369114386331,0.7065337698712323,0.6653385416666666,1.2847978606000026,50.018696857189546,0.9009114583333333,-2.30556870934956,1.230181070724294,-2.88422089534409,1.3515950861617545,1.041626676009974,1.7914256220218407,31.304433962391567,31.394500621260665,1.6470029996356577,128,0,0.9983072916666667,0.7091666666666666,0.7053299931721092,0.05979166666666667,0.06075520833333333,0.289140625
head1m|centre|open|t=10|S=50|F=0.2|BareCrystalAllFaces,38400,1051157.3270157594,0.2621359223300971,0.21212261394313886,0.085234375,670.4747680138338,50.018696857189546,1.0,-9.302372642703185,2.5383362277542503,14.618747788445644,0.15882639803716478,1.041626676009974,2.478897430894005,43.302665188386,43.336754715663425,0.8469264561543872,128,0,0.005364583333333333,0.00140625,0.001107116173533104,0.00109375,0.004244791666666667,0.003958333333333334
head1m|centre|open|t=10|S=50|F=0.2|FrontOnlyThroughMask,38400,1051157.3270157594,0.7170305190465582,0.713093988090933,0.6481770833333333,2.569595721200005,50.018696857189546,0.9027864583333334,-2.469267991416355,1.2988387114311437,-2.94675525788844,1.4785076416712808,1.041626676009974,1.8399671065006815,32.152781616117856,32.14906608074725,1.5870352855405245,128,0,0.9352083333333333,0.6705729166666666,0.6666052955377366,0.05671875,0.057604166666666665,0.2646354166666667
head1m|centre|open|t=10|S=50|ideal,38400,1051157.3270157594,,,0.6786979166666667,0,50.018696857189546,0.8960677083333334,-2.2798612171692336,1.271101884076867,-3.0344410666417354,1.2089689320593395,1.041626676009974,1.7511874908658058,30.6010298391901,30.717853803127475,1.628123160291081,128,0,,,,,,
head1m|centre|open|t=10|default|F=0.05|BareCrystalAllFaces,38400,1000000,0.5457025920873124,0.5146738041359323,0.24046875,167.61869200345845,47.584405846451986,0.9984635416666666,-7.446411260053628,2.1782846054481855,11.724961956721797,0.30020015816478923,1.041626676009974,2.2258893722289703,38.88241574499925,38.87803274326657,0.9039437929151611,128,0,0.019088541666666667,0.010416666666666666,0.009578946725865052,0.0071875,0.012942708333333334,0.008671875
head1m|centre|open|t=10|default|F=0.05|FrontOnlyThroughMask,38400,1000000,0.6892546486796187,0.685346367161378,0.644296875,0.6423989303000013,47.584405846451986,0.9040625,-2.6817324386641825,1.3989762445315872,-3.241904631729331,1.337590330181685,1.041626676009974,1.8512019031173974,32.349220686650625,32.568467682079415,1.549247818301968,128,0,0.9999479166666667,0.68921875,0.6853104496765874,0.05388020833333333,0.0546875,0.31072916666666667
head1m|centre|open|t=10|default|F=0.1|BareCrystalAllFaces,38400,1000000,0.4169184290030212,0.3715212093639417,0.14177083333333335,335.2373840069169,47.584405846451986,0.9999479166666667,-8.30048292949534,2.2375842178944,13.57479831695272,0.21789864797523012,1.041626676009974,2.3810983277818347,41.59390122052787,41.62798162412398,0.9918688035055293,128,0,0.008619791666666666,0.00359375,0.003106507942839339,0.002864583333333333,0.006145833333333333,0.0050260416666666665
head1m|centre|open|t=10|default|F=0.1|FrontOnlyThroughMask,38400,1000000,0.6888691610747016,0.6849544994714398,0.645390625,1.2847978606000026,47.584405846451986,0.9071614583333333,-2.538201283325129,1.3361950195801293,-3.182997909622184,1.2767008601917396,1.041626676009974,1.8507808917454633,32.34170093384272,32.241551878290174,1.3512335405938736,128,0,0.9973697916666666,0.6870572916666666,0.683141744314306,0.05153645833333333,0.052473958333333334,0.3103125
head1m|centre|open|t=10|default|F=0.2|BareCrystalAllFaces,38400,1000000,0.30412371134020616,0.24975199269475537,0.08372395833333333,670.4747680138338,47.584405846451986,1.0,-9.288923950332979,2.3009112744906965,14.635875511460807,0.14088081956559695,1.041626676009974,2.480587568189588,43.33223310272971,43.26817279322067,0.8237892403497249,128,0,0.005052083333333333,0.0015364583333333333,0.0012230702586692678,0.001171875,0.0038020833333333335,0.003515625
head1m|centre|open|t=10|default|F=0.2|FrontOnlyThroughMask,38400,1000000,0.7038150353972357,0.6998082930621802,0.633671875,2.569595721200005,47.584405846451986,0.906328125,-2.6608860969715606,1.3323142515119095,-2.9902211357463337,1.3908390832915751,1.041626676009974,1.876225617566861,32.786360151672916,32.99336082093423,1.5485599986651586,128,0,0.9269791666666667,0.652421875,0.6484032630882195,0.048255208333333334,0.04903645833333333,0.27455729166666665
head1m|centre|open|t=10|default|ideal,38400,1000000,,,0.6569270833333334,0,47.584405846451986,0.903046875,-2.3843989714351044,1.3825794282486885,-3.3561142422496437,1.0771957995488342,1.041626676009974,1.8169098202460303,31.749751243309177,31.87290507039662,1.5099990410710886,128,0,,,,,,
head1m|centre|open|t=60|S=1000|F=0.05|BareCrystalAllFaces,38400,3503857.756719197,1.0,0.9999219891817117,0.9993229166666666,1005.7121520207509,1000.3739371437906,0.999921875,-3.621428633732918,0.06144027096919843,3.9190591328908937,0.0966370909576058,1.041626676009974,0.321674673239417,5.614519608510751,5.53043443053882,0.2612637462829339,128,0,1.0,1.0,0.9999219891817117,1.0,1.0,0.0
head1m|centre|open|t=60|S=1000|F=0.05|FrontOnlyThroughMask,38400,3503857.756719197,1.0,0.9999219891817117,1.0,3.854393581800008,1000.3739371437906,0.5015364583333334,-2.6188368264686033,0.09437288141215723,0.13525992991328623,0.09269418105703854,1.041626676009974,0.18392718777802833,3.210151287583749,3.2052406022890265,0.07480521250165521,128,0,1.0,1.0,0.9999219891817117,1.0,1.0,0.0
head1m|centre|open|t=60|S=1000|F=0.1|BareCrystalAllFaces,38400,3503857.756719197,0.9998958333333333,0.9997616431038913,0.911796875,2011.4243040415017,1000.3739371437906,1.0,-4.221067021396491,0.6980679080390791,6.194039854400549,0.22413222168697172,1.041626676009974,0.8388728805756656,14.651367163395468,14.729987766144513,1.2957474986559234,128,0,1.0,0.9998958333333333,0.9997616431038913,0.9998958333333333,1.0,0.00010416666666666667
head1m|centre|open|t=60|S=1000|F=0.1|FrontOnlyThroughMask,38400,3503857.756719197,1.0,0.9999219891817117,1.0,7.708787163600016,1000.3739371437906,0.4998697916666667,-2.6299831542698904,0.09862252571844575,0.12368056830737684,0.08064509901040459,1.041626676009974,0.1844219013092656,3.218785993009787,3.2183936001567925,0.07701488732448898,128,0,1.0,1.0,0.9999219891817117,1.0,1.0,0.0
head1m|centre|open|t=60|S=1000|F=0.2|BareCrystalAllFaces,38400,3503857.756719197,0.9941913469302701,0.9935118088268312,0.306640625,4022.8486080830035,1000.3739371437906,1.0,-9.318554268887974,2.879375895008532,13.42317028136477,0.32057941229484244,1.041626676009974,2.2057600361092167,38.530997035311565,38.59064177081967,1.3216733191207988,128,0,0.999765625,0.9939583333333334,0.993266322417675,0.9939583333333334,0.999765625,0.005807291666666666
head1m|centre|open|t=60|S=1000|F=0.2|FrontOnlyThroughMask,38400,3503857.756719197,1.0,0.9999219891817117,1.0,15.417574327200033,1000.3739371437906,0.5,-2.6330644546630717,0.08948880566211004,0.14784683445944766,0.09409272505998457,1.041626676009974,0.18410493499688665,3.2132535677250145,3.2066541219404265,0.07184538633158599,128,0,1.0,1.0,0.9999219891817117,1.0,1.0,0.0
head1m|centre|open|t=60|S=1000|ideal,38400,3503857.756719197,,,1.0,0,1000.3739371437906,0.492109375,-2.6272504818764677,0.07954483320190205,0.11377514919439259,0.087359332670755,1.041626676009974,0.18331964114023575,3.1995475473572648,3.1976489667376997,0.07905412956675541,128,0,,,,,,
head1m|centre|open|t=60|S=100|F=0.05|BareCrystalAllFaces,38400,350385.77567191975,0.49904397705544934,0.4621973828959237,0.08736979166666667,1005.7121520207509,100.03739371437906,1.0,-9.11544100088424,2.3751294870315625,14.946064970801633,0.1072523647099173,1.041626676009974,2.486372823842525,43.433353300407134,43.48546765028982,0.8129635745284478,128,0,0.013619791666666667,0.006796875,0.006121972474834951,0.005390625,0.010546875,0.006822916666666666
head1m|centre|open|t=60|S=100|F=0.05|FrontOnlyThroughMask,38400,350385.77567191975,0.9407901790500697,0.938741391501495,0.8995833333333333,3.854393581800008,100.03739371437906,0.8255989583333333,-1.5168898053797388,0.7202850312994293,-0.6563162614648544,0.7707604041111928,1.041626676009974,1.005625977771062,17.570859890802684,17.70820611282369,1.6825543227306854,128,0,0.9715625,0.9140364583333334,0.9116473384995929,0.376953125,0.37822916666666667,0.057526041666666666
head1m|centre|open|t=60|S=100|F=0.1|BareCrystalAllFaces,38400,350385.77567191975,0.37786259541984735,0.3279069518764939,0.05625,2011.4243040415017,100.03739371437906,1.0,-10.314501700414333,2.734676575167711,15.178482462881956,0.034262422946773535,1.041626676009974,2.554892498953586,44.63052755382929,44.64446114321904,1.0199975782305106,128,0,0.006822916666666666,0.002578125,0.0021676523096076524,0.0018489583333333333,0.0050260416666666665,0.004244791666666667
head1m|centre|open|t=60|S=100|F=0.1|FrontOnlyThroughMask,38400,350385.77567191975,0.9616427383079672,0.9598430261851377,0.8911979166666667,7.708787163600016,100.03739371437906,0.82796875,-1.5375209737177375,0.7730086308167077,-0.6289439440369688,0.7723518927576933,1.041626676009974,1.0357342148850277,18.09692673212849,18.204459581338085,1.6272784355990253,128,0,0.8452604166666666,0.8128385416666667,0.8095341251097473,0.35083333333333333,0.35213541666666665,0.032421875
head1m|centre|open|t=60|S=100|F=0.2|BareCrystalAllFaces,38400,350385.77567191975,0.2948717948717949,0.23495021453283899,0.03619791666666667,4022.8486080830035,100.03739371437906,1.0,-11.38202125891288,3.3686400484461414,15.182227266843967,0.009357400179911964,1.041626676009974,2.614746371882244,45.67645236946794,45.67361764629185,0.969865848060371,128,0,0.0040625,0.0011979166666666666,0.0009230520493606851,0.0011979166666666666,0.0040625,0.002864583333333333
head1m|centre|open|t=60|S=100|F=0.2|FrontOnlyThroughMask,38400,350385.77567191975,0.9789330615018689,0.9773278356655891,0.862734375,15.417574327200033,100.03739371437906,0.8402604166666666,-2.0234141145601905,0.9276004352646493,-0.43324837834007723,0.8608007087667268,1.041626676009974,1.1648539537187947,20.353831736697142,20.447845700451385,1.6387830634453413,128,0,0.613125,0.6002083333333333,0.596078034402816,0.303828125,0.30484375,0.012916666666666667
head1m|centre|open|t=60|S=100|ideal,38400,350385.77567191975,,,0.9132291666666666,0,100.03739371437906,0.8194010416666667,-1.4902104949476715,0.6465371150105133,-0.7554654817030051,0.6702538127062566,1.041626676009974,0.9389792365323628,16.40609610146055,16.43258496680122,1.5163796941536083,128,0,,,,,,
head1m|centre|open|t=60|S=250|F=0.05|BareCrystalAllFaces,38400,875964.4391797993,0.8878591954022989,0.8833640936271947,0.24559895833333334,1005.7121520207509,250.09348428594765,1.0,-8.252153308936014,2.070183978984334,13.773622607933566,0.25905880535235337,1.041626676009974,2.2498367650054742,39.300882612213485,39.29971367605648,1.0383534604685818,128,0,0.3625,0.3218489583333333,0.3179244926159691,0.29489583333333336,0.328203125,0.040651041666666665
head1m|centre|open|t=60|S=250|F=0.05|FrontOnlyThroughMask,38400,875964.4391797993,0.9995052083333333,0.9992740620766148,0.9983333333333333,3.854393581800008,250.09348428594765,0.7025,-1.685935157782517,0.1968744175166299,-0.28848101340478177,0.20528518092920514,1.041626676009974,0.2921006891813463,5.099037268055092,4.829222394774994,0.6064826215623902,128,0,1.0,0.9995052083333333,0.9992740620766148,0.9826822916666667,0.9828385416666666,0.0004947916666666667
head1m|centre|open|t=60|S=250|F=0.1|BareCrystalAllFaces,38400,875964.4391797993,0.8056286165176223,0.7947683190920036,0.0884375,2011.4243040415017,250.09348428594765,1.0,-9.72632749419871,2.7741117297682836,15.127783909072251,0.06620342780272102,1.041626676009974,2.500217027904611,43.675079191199885,43.51989316257887,0.895461316597497,128,0,0.09901041666666667,0.079765625,0.07750199248244377,0.070625,0.08578125,0.019244791666666667
head1m|centre|open|t=60|S=250|F=0.1|FrontOnlyThroughMask,38400,875964.4391797993,0.999452911293474,0.9992122755445738,0.9984895833333334,7.708787163600016,250.09348428594765,0.7065625,-1.6923368268742267,0.19325211638404752,-0.26621503231962435,0.22572052178083035,1.041626676009974,0.29469038506004713,5.144406156066152,4.827321284304881,0.7252848344613861,128,0,0.999609375,0.9990625,0.9987621461320878,0.9801822916666667,0.9803385416666667,0.000546875
head1m|centre|open|t=60|S=250|F=0.2|BareCrystalAllFaces,38400,875964.4391797993,0.6420940170940171,0.6154793182561462,0.049296875,4022.8486080830035,250.09348428594765,1.0,-11.646549408560743,3.553819357038675,15.202525911729134,0.008985055802944942,1.041626676009974,2.598106061894513,45.38570725485003,45.37455094370395,1.0187655602277317,128,0,0.024375,0.015651041666666667,0.014623353657662458,0.015651041666666667,0.024375,0.008723958333333334
head1m|centre|open|t=60|S=250|F=0.2|FrontOnlyThroughMask,38400,875964.4391797993,0.9997650069192408,0.9995899673195038,0.9977083333333333,15.417574327200033,250.09348428594765,0.7128645833333334,-1.7791367959754307,0.1898081491495268,-0.2725905243155248,0.2362566396217934,1.041626676009974,0.3012211587246774,5.258379296045065,4.929319384195402,0.7127467057881997,128,0,0.9973697916666666,0.9971354166666667,0.9966445954557797,0.975390625,0.97546875,0.000234375
head1m|centre|open|t=60|S=250|ideal,38400,875964.4391797993,,,0.99859375,0,250.09348428594765,0.7019791666666667,-1.695552242509911,0.2036765283540555,-0.2944980406689257,0.20208852710276684,1.041626676009974,0.2867539257833271,5.005565244321485,4.76289967568244,0.668019954265274,128,0,,,,,,
head1m|centre|open|t=60|S=25|F=0.05|BareCrystalAllFaces,38400,87596.44391797994,0.16083916083916083,0.11249128002877759,0.05796875,1005.7121520207509,25.009348428594766,1.0,-9.745669790761182,2.550379227999139,14.959224822821783,0.09533585985655044,1.041626676009974,2.5385903999722266,44.34573039986056,44.34605118863858,0.8542603213049752,128,0,0.0037239583333333335,0.0005989583333333333,0.0004093954012090451,0.00046875,0.0027864583333333335,0.003125
head1m|centre|open|t=60|S=25|F=0.05|FrontOnlyThroughMask,38400,87596.44391797994,0.501381152923063,0.49582426175854827,0.37182291666666667,3.854393581800008,25.009348428594766,0.959453125,-3.79955832866026,1.7486597829941373,-7.745651378695811,1.6471808362153957,1.041626676009974,2.469496740408363,43.15567430748957,43.24335342330319,1.1758065602635543,128,0,0.575078125,0.28833333333333333,0.28452991517023,0.0036458333333333334,0.004114583333333333,0.28674479166666667
head1m|centre|open|t=60|S=25|F=0.1|BareCrystalAllFaces,38400,87596.44391797994,0.14049586776859505,0.09153994595603225,0.045234375,2011.4243040415017,25.009348428594766,1.0,-10.43808855431936,3.1002611063711454,15.161015491061038,0.03359008537654986,1.041626676009974,2.5755317311567563,44.991206970156284,45.00003201001472,0.7820400765566587,128,0,0.0031510416666666666,0.0004427083333333333,0.00028210597311729144,0.00028645833333333333,0.0022395833333333334,0.0027083333333333334
head1m|centre|open|t=60|S=25|F=0.1|FrontOnlyThroughMask,38400,87596.44391797994,0.592425735604674,0.5827383504403423,0.34002604166666667,7.708787163600016,25.009348428594766,0.9638020833333333,-3.832809492145651,2.005430044194394,-6.66400863512014,1.5573914008976535,1.041626676009974,2.528890705855921,44.193706086750765,44.26761485224852,1.3478801323617717,128,0,0.18497395833333333,0.10958333333333334,0.1069701968667396,0.00375,0.0040885416666666665,0.075390625
head1m|centre|open|t=60|S=25|F=0.2|BareCrystalAllFaces,38400,87596.44391797994,0.09734513274336283,0.05555474681555069,0.03197916666666667,4022.8486080830035,25.009348428594766,1.0,-11.750016462652665,3.278297409430769,15.17217524284846,0.00893437240011042,1.041626676009974,2.6211459219617828,45.78820963505202,45.81096708732204,0.93990189808697,128,0,0.002942708333333333,0.00028645833333333333,0.00016065924609382504,0.00028645833333333333,0.002942708333333333,0.00265625
head1m|centre|open|t=60|S=25|F=0.2|FrontOnlyThroughMask,38400,87596.44391797994,0.6430288461538461,0.6232329018274606,0.2997916666666667,15.417574327200033,25.009348428594766,0.9702604166666666,-3.9969783194854953,1.8431494520952136,-4.662732824884369,1.9488230243042515,1.041626676009974,2.5874447872735122,45.21637051764975,45.26152414363084,1.2778155623049954,128,0,0.043333333333333335,0.027864583333333335,0.026496527640613353,0.0025520833333333333,0.003125,0.01546875
head1m|centre|open|t=60|S=25|ideal,38400,87596.44391797994,,,0.4125,0,25.009348428594766,0.9533854166666667,-3.6881142835691985,1.7180565325685224,-8.794829808501683,1.6989696439997084,1.041626676009974,2.4034554648398023,42.00194637497499,41.969687503151235,1.4166690913576858,128,0,,,,,,
head1m|centre|open|t=60|S=500|F=0.05|BareCrystalAllFaces,38400,1751928.8783595986,0.9859368069507136,0.9849066811096915,0.757734375,1005.7121520207509,500.1869685718953,1.0,-5.109049703343056,1.1650416924370584,8.00031270319997,0.3358025878848655,1.041626676009974,1.2979034582028177,22.670852501417723,22.50695882091948,1.442424435083232,128,0,0.9980989583333333,0.9840625,0.9829707377639438,0.9834635416666667,0.9972395833333333,0.014036458333333333
head1m|centre|open|t=60|S=500|F=0.05|FrontOnlyThroughMask,38400,1751928.8783595986,1.0,0.9999219891817117,1.0,3.854393581800008,500.1869685718953,0.5991145833333333,-2.182597952994351,0.14089092823494362,0.032180241986756924,0.14418351744051427,1.041626676009974,0.21775029540305454,3.8004936537859146,3.802559440730989,0.10507698471113779,128,0,1.0,1.0,0.9999219891817117,1.0,1.0,0.0
head1m|centre|open|t=60|S=500|F=0.1|BareCrystalAllFaces,38400,1751928.8783595986,0.9481702850780815,0.9461535242059084,0.2705208333333333,2011.4243040415017,500.1869685718953,1.0,-8.538346068006081,2.5404764300672613,13.657397484267,0.24129974308719038,1.041626676009974,2.2334318178443784,39.014326713023216,38.993876345105264,1.008522221797028,128,0,0.888828125,0.8427604166666667,0.8396726689393024,0.8291666666666667,0.8717447916666666,0.04606770833333333
head1m|centre|open|t=60|S=500|F=0.1|FrontOnlyThroughMask,38400,1751928.8783595986,1.0,0.9999219891817117,1.0,7.708787163600016,500.1869685718953,0.6041927083333334,-2.206973346750717,0.13653450501197145,-0.005252756108722457,0.14521950035478057,1.041626676009974,0.21978482731437704,3.8360040146601553,3.8441064497904893,0.12272335615834193,128,0,1.0,1.0,0.9999219891817117,1.0,1.0,0.0
head1m|centre|open|t=60|S=500|F=0.2|BareCrystalAllFaces,38400,1751928.8783595986,0.9064131485659039,0.9024782242702781,0.07783854166666666,4022.8486080830035,500.1869685718953,1.0,-11.071467737108435,3.422402451025143,15.201093561803834,0.03886683849038865,1.041626676009974,2.54091468442607,44.38623709729133,44.39226093406215,1.0110231120171393,128,0,0.40403645833333335,0.3662239583333333,0.3621745830330254,0.3662239583333333,0.40403645833333335,0.0378125
head1m|centre|open|t=60|S=500|F=0.2|FrontOnlyThroughMask,38400,1751928.8783595986,1.0,0.9999219891817117,0.9999739583333334,15.417574327200033,500.1869685718953,0.603203125,-2.216763586856941,0.13269882225458618,0.01477678038923396,0.1405083602113592,1.041626676009974,0.22046592025754386,3.8478923141472845,3.8464211453601447,0.11993197144703925,128,0,1.0,1.0,0.9999219891817117,1.0,1.0,0.0
head1m|centre|open|t=60|S=500|ideal,38400,1751928.8783595986,,,1.0,0,500.1869685718953,0.59359375,-2.1687485338553767,0.13567618836898,-0.0026065988277243204,0.1469750872601958,1.041626676009974,0.2181278726123081,3.8070840378183424,3.8123786773872714,0.11338976257599226,128,0,,,,,,
head1m|centre|open|t=60|S=50|F=0.05|BareCrystalAllFaces,38400,175192.88783595987,0.21052631578947367,0.16289954461684097,0.06627604166666666,1005.7121520207509,50.01869685718953,1.0,-9.609931266770875,2.6194270701965827,14.985084916275468,0.1016623351127564,1.041626676009974,2.5164321221631782,43.95847010303121,43.88369215550348,0.9092900598769827,128,0,0.0049479166666666664,0.0010416666666666667,0.0007864375523100987,0.0008072916666666667,0.0036458333333333334,0.00390625
head1m|centre|open|t=60|S=50|F=0.05|FrontOnlyThroughMask,38400,175192.88783595987,0.7607433974567982,0.7567019113393415,0.6440885416666666,3.854393581800008,50.01869685718953,0.9059114583333333,-2.521523680887584,1.3182544329686559,-2.8715223535323333,1.306253851254486,1.041626676009974,1.8383118702533459,32.123490721222076,32.11968673503867,1.6024569631189864,128,0,0.7986979166666667,0.6076041666666666,0.6034866429818154,0.053072916666666664,0.053828125,0.19109375
head1m|centre|open|t=60|S=50|F=0.1|BareCrystalAllFaces,38400,175192.88783595987,0.16666666666666666,0.12111820704333594,0.049296875,2011.4243040415017,50.01869685718953,1.0,-10.545866531522577,2.9845333024411502,15.16662032134393,0.03275169016438416,1.041626676009974,2.569632664492721,44.88810210376715,44.880149019328414,0.9182382967586041,128,0,0.004375,0.0007291666666666667,0.0005182937210888188,0.000546875,0.0032552083333333335,0.0036458333333333334
head1m|centre|open|t=60|S=50|F=0.1|FrontOnlyThroughMask,38400,175192.88783595987,0.8399095399631018,0.8351833450471914,0.611953125,7.708787163600016,50.01869685718953,0.9115364583333333,-2.8281345536620455,1.3570857620388477,-2.3231073908496036,1.2376560989309862,1.041626676009974,1.9293286667411298,33.71445427189206,33.553476175659895,1.440482872850557,128,0,0.437578125,0.3675260416666667,0.3634735747905711,0.046822916666666665,0.04770833333333333,0.07005208333333333
head1m|centre|open|t=60|S=50|F=0.2|BareCrystalAllFaces,38400,175192.88783595987,0.061946902654867256,0.029431671446218784,0.030963541666666667,4022.8486080830035,50.01869685718953,1.0,-12.146127149216927,4.075217868777239,15.175287209302848,0.009227072708140296,1.041626676009974,2.625510010232884,45.86447927355319,45.80605456721629,0.9402978082675747,128,0,0.002942708333333333,0.00018229166666666667,8.555812051616448e-05,0.00018229166666666667,0.002942708333333333,0.0027604166666666667
head1m|centre|open|t=60|S=50|F=0.2|FrontOnlyThroughMask,38400,175192.88783595987,0.8982372981780476,0.8919828132396493,0.5621354166666667,15.417574327200033,50.01869685718953,0.9210677083333333,-2.974279425689153,1.4639318017688325,-1.662389785682651,1.5250310633252728,1.041626676009974,2.037358783210495,35.60217702423261,35.61028990492404,1.453949810142158,128,0,0.17580729166666667,0.15791666666666668,0.1548618947788467,0.034609375,0.035546875,0.017890625
head1m|centre|open|t=60|S=50|ideal,38400,175192.88783595987,,,0.6735416666666667,0,50.01869685718953,0.89890625,-2.2588826518473333,1.1864885019335654,-3.045595450233382,1.2691974218369535,1.041626676009974,1.7706335393241166,30.94105569758594,31.227051414678705,1.424543961592339,128,0,,,,,,
head1m|centre|open|t=60|default|F=0.05|BareCrystalAllFaces,38400,1000000,0.9063010277591009,0.9029131532286314,0.31106770833333336,1005.7121520207509,285.50643507871195,1.0,-7.813909712557214,2.063628745660995,13.133660953350718,0.26915797103326594,1.041626676009974,2.145589362190696,37.479609329393185,37.53619553113477,1.1130335547315653,128,0,0.5422395833333333,0.4914322916666667,0.48722353838429433,0.46338541666666666,0.5062239583333333,0.050807291666666664
head1m|centre|open|t=60|default|F=0.05|FrontOnlyThroughMask,38400,1000000,0.9999739583333334,0.9998764678836031,0.9995833333333334,3.854393581800008,285.50643507871195,0.6845833333333333,-1.8044814392746251,0.1556852872213519,-0.2253603710190676,0.20350299766037439,1.041626676009974,0.2648034625552497,4.621956247143993,4.545241500115421,0.3690237149075663,128,0,1.0,0.9999739583333334,0.9998764678836031,0.9944270833333333,0.9944270833333333,2.604166666666667e-05
head1m|centre|open|t=60|default|F=0.1|BareCrystalAllFaces,38400,1000000,0.8435812837432514,0.8360782346102416,0.10213541666666667,2011.4243040415017,285.50643507871195,1.0,-9.791376178856698,3.0243057046036466,15.084410751276375,0.08409967273726573,1.041626676009974,2.480772658825246,43.33548816712546,43.36517005881656,1.0400593752237925,128,0,0.17364583333333333,0.146484375,0.14352317434603445,0.13171875,0.15442708333333333,0.027161458333333333
head1m|centre|open|t=60|default|F=0.1|FrontOnlyThroughMask,38400,1000000,0.9997656127923329,0.9995910243977583,0.9992447916666667,7.708787163600016,285.50643507871195,0.686484375,-1.7740332031226613,0.18774702763224815,-0.22094547235926668,0.20073776196017504,1.041626676009974,0.2703304274529438,4.718559997383182,4.603970460628394,0.46908835772538765,128,0,0.9999479166666667,0.9997135416666667,0.9995258904814887,0.9937760416666667,0.9938541666666667,0.000234375
head1m|centre|open|t=60|default|F=0.2|BareCrystalAllFaces,38400,1000000,0.7244688142563399,0.7045616431247813,0.05260416666666667,4022.8486080830035,285.50643507871195,1.0,-11.361110677303566,3.771392834213871,15.206002922279417,0.010582383706698313,1.041626676009974,2.590111556796439,45.24598763278542,45.331858071426105,1.0100504967910235,128,0,0.037994791666666666,0.027526041666666667,0.026166184435481188,0.027526041666666667,0.037994791666666666,0.01046875
head1m|centre|open|t=60|default|F=0.2|FrontOnlyThroughMask,38400,1000000,0.9998436400594167,0.9996914107797628,0.9989583333333333,15.417574327200033,285.50643507871195,0.6920052083333333,-1.8261898455526957,0.1932440153616656,-0.2496425701266659,0.22356652209216013,1.041626676009974,0.27803453428192987,4.853320962483553,4.653332189769996,0.5791185160365891,128,0,0.999296875,0.999140625,0.9988510757897724,0.9919791666666666,0.9920572916666667,0.00015625
head1m|centre|open|t=60|default|ideal,38400,1000000,,,0.9995572916666666,0,285.50643507871195,0.6837239583333333,-1.7540932963451379,0.17232610537648663,-0.23849695411016994,0.2254442103613823,1.041626676009974,0.2657260072767118,4.638177133708974,4.529549090305773,0.42851437451980484,128,0,,,,,,
head1m|edge3deg|cs662|t=10|S=1000|F=0.05|BareCrystalAllFaces,38400,63051213.32430157,0.981484375,0.9803124550365825,0.94796875,2.1417410162907036,1000.6086969610059,0.9269791666666667,-1.21918567200281,1.8435088649098983,-0.6845436176454036,0.17437934711285072,1.041626676009974,1.5325586557184445,26.7810381666353,26.572768862823224,3.841806135068836,128,0,1.0,0.981484375,0.9803124550365825,0.981484375,1.0,0.018515625
head1m|edge3deg|cs662|t=10|S=1000|F=0.05|FrontOnlyThroughMask,38400,63051213.32430157,0.958671875,0.956962217073646,0.9470833333333334,0.052479675660385576,1000.6086969610059,0.9248697916666667,-1.3296973102397254,2.018571796654131,-0.6934703078421837,0.192993426259623,1.041626676009974,1.5434336409473586,26.971044085930302,27.355778977265686,4.077784722713657,128,0,1.0,0.958671875,0.956962217073646,0.958671875,1.0,0.041328125
head1m|edge3deg|cs662|t=10|S=1000|F=0.1|BareCrystalAllFaces,38400,63051213.32430157,0.9822135416666666,0.9810636604583182,0.9491145833333333,4.283482032581407,1000.6086969610059,0.9270833333333334,-1.0804943519208443,1.8729555663302022,-0.6895444726835139,0.21374072449238746,1.041626676009974,1.5163256449015179,26.497413764730773,26.522869343104826,3.846611356190363,128,0,1.0,0.9822135416666666,0.9810636604583182,0.9822135416666666,1.0,0.017786458333333335
head1m|edge3deg|cs662|t=10|S=1000|F=0.1|FrontOnlyThroughMask,38400,63051213.32430157,0.9587760416666666,0.9570683935918414,0.9475520833333333,0.10495935132077115,1000.6086969610059,0.926953125,-1.2701186406893408,1.8833882202190955,-0.6673680750261317,0.1920134608672843,1.041626676009974,1.5370515445570059,26.85953921603082,26.97089755923526,4.0039749611595505,128,0,1.0,0.9587760416666666,0.9570683935918414,0.9587760416666666,1.0,0.04122395833333333
head1m|edge3deg|cs662|t=10|S=1000|F=0.2|BareCrystalAllFaces,38400,63051213.32430157,0.98109375,0.9799102123475857,0.9466927083333333,8.566964065162814,1000.6086969610059,0.9275260416666666,-1.3744069291205,2.1745488760292764,-0.6837544617105172,0.19656550466041103,1.041626676009974,1.5475113444530053,27.042310109251826,27.37356980353563,4.287229578945779,128,0,1.0,0.98109375,0.9799102123475857,0.98109375,1.0,0.01890625
head1m|edge3deg|cs662|t=10|S=1000|F=0.2|FrontOnlyThroughMask,38400,63051213.32430157,0.9591927083333334,0.9574931287268318,0.949296875,0.2099187026415423,1000.6086969610059,0.9286197916666666,-1.0511710172326607,1.836140928804529,-0.6650198500233134,0.18658114564816855,1.041626676009974,1.5139301794197444,26.45556246642506,26.547206468272933,3.8043401137212367,128,0,1.0,0.9591927083333334,0.9574931287268318,0.9591927083333334,1.0,0.04080729166666667
head1m|edge3deg|cs662|t=10|S=1000|ideal,38400,63051213.32430157,,,0.9496354166666666,0,1000.6086969610059,0.9286979166666667,-1.0081473970873318,2.233421508642641,-0.7002088592716321,0.21369934738121124,1.041626676009974,1.502054193449327,26.248095953810235,25.729739194620137,4.590693800133989,128,0,,,,,,
head1m|edge3deg|cs662|t=10|S=100|F=0.05|BareCrystalAllFaces,38400,6305121.332430157,0.5539308722499933,0.5496871694162522,0.5315885416666667,2.1417410162907036,100.06086969610058,0.9322916666666666,-34.21896245782982,2.7371775463649892,-0.7659357646178167,1.1486610496002672,1.041626676009974,3.6054953417503617,63.00303482214029,62.96173583147291,2.497384329402458,128,0,0.9741927083333334,0.5396354166666667,0.5354365607174721,0.071015625,0.08213541666666667,0.4345572916666667
head1m|edge3deg|cs662|t=10|S=100|F=0.05|FrontOnlyThroughMask,38400,6305121.332430157,0.6221875,0.6180980655438155,0.5293229166666666,0.052479675660385576,100.06086969610058,0.9324479166666667,-34.673997696808534,2.901456388951156,-0.8345510527704334,1.1117953220053285,1.041626676009974,3.6272089394246345,63.38226265010373,63.259405953943,2.651853064966922,128,0,1.0,0.6221875,0.6180980655438155,0.166171875,0.193828125,0.3778125
head1m|edge3deg|cs662|t=10|S=100|F=0.1|BareCrystalAllFaces,38400,6305121.332430157,0.5876800154644157,0.5830621799685778,0.518671875,4.283482032581407,100.06086969610058,0.9357552083333334,-34.79205228952478,3.1553513577766377,-0.5067096592281612,1.3038185843973045,1.041626676009974,3.6290984462229106,63.41560402459228,63.25942354209867,2.777199918993489,128,0,0.8083072916666667,0.4750260416666667,0.4708228270524913,0.06588541666666667,0.07666666666666666,0.33328125
head1m|edge3deg|cs662|t=10|S=100|F=0.1|FrontOnlyThroughMask,38400,6305121.332430157,0.6275260416666667,0.6234478644203609,0.5359375,0.10495935132077115,100.06086969610058,0.9317447916666667,-34.129446185985906,2.9500267127439677,-0.5500047090839018,1.1117228421196137,1.041626676009974,3.6005967630312488,62.91736187105628,62.872375599936035,2.6712378277792737,128,0,1.0,0.6275260416666667,0.6234478644203609,0.16908854166666668,0.19708333333333333,0.37247395833333335
head1m|edge3deg|cs662|t=10|S=100|F=0.2|BareCrystalAllFaces,38400,6305121.332430157,0.6790961709706145,0.6733188251923777,0.5163541666666667,8.566964065162814,100.06086969610058,0.9340364583333334,-34.84450747803837,2.6040973727601435,-0.3496453051682126,1.1067480803161953,1.041626676009974,3.6184822063545297,63.22980639720895,63.15349727753711,2.3422320153509486,128,0,0.46791666666666665,0.31776041666666666,0.3138494381245934,0.061171875,0.071328125,0.15015625
head1m|edge3deg|cs662|t=10|S=100|F=0.2|FrontOnlyThroughMask,38400,6305121.332430157,0.6298958333333333,0.6258228225174487,0.5369270833333334,0.2099187026415423,100.06086969610058,0.9326041666666667,-34.15693017741525,3.042573509541003,-0.6595246947263543,1.1747031773922063,1.041626676009974,3.601446410963792,62.932039621367906,63.25595961924598,2.769354560134642,128,0,1.0,0.6298958333333333,0.6258228225174487,0.165625,0.19463541666666667,0.3701041666666667
head1m|edge3deg|cs662|t=10|S=100|ideal,38400,6305121.332430157,,,0.5350520833333333,0,100.06086969610058,0.9322395833333333,-34.105258769296306,2.8790235317529445,-0.5688173807993766,1.0855406666153713,1.041626676009974,3.6042202869632267,62.98068632985544,62.97560269012156,2.5701000174011948,128,0,,,,,,
head1m|edge3deg|cs662|t=10|S=250|F=0.05|BareCrystalAllFaces,38400,15762803.331075393,0.849347537311489,0.8463121577186972,0.7707552083333333,2.1417410162907036,250.15217424025147,0.8906770833333333,-20.735857894649158,2.921636245997303,-0.7786539763972082,0.48709334041207636,1.041626676009974,2.9943480004334897,52.32246803961205,52.14956176150396,3.1148015456062828,128,0,0.9998177083333334,0.8491927083333334,0.8461563484957212,0.5813020833333333,0.636484375,0.150625
head1m|edge3deg|cs662|t=10|S=250|F=0.05|FrontOnlyThroughMask,38400,15762803.331075393,0.8610416666666667,0.8581050063661515,0.7736979166666667,0.052479675660385576,250.15217424025147,0.8901302083333333,-20.444443376396183,3.1394956550536675,-0.81481261804532,0.44348962597332175,1.041626676009974,2.976067226105414,52.00309460717776,52.185656726183254,3.4138870345227654,128,0,1.0,0.8610416666666667,0.8581050063661515,0.7534114583333333,0.8435416666666666,0.13895833333333332
head1m|edge3deg|cs662|t=10|S=250|F=0.1|BareCrystalAllFaces,38400,15762803.331075393,0.8517246802264625,0.8486991706801579,0.7703645833333334,4.283482032581407,250.15217424025147,0.8912239583333333,-20.511919142505537,2.855194629321752,-0.7778896648223385,0.4976439915307746,1.041626676009974,2.97976961008307,52.06779614209701,52.068773006066365,3.106368952998071,128,0,0.9935416666666667,0.8462239583333333,0.843163651499995,0.5721614583333333,0.6265625,0.14731770833333332
head1m|edge3deg|cs662|t=10|S=250|F=0.1|FrontOnlyThroughMask,38400,15762803.331075393,0.8576302083333334,0.8546641455620237,0.77046875,0.10495935132077115,250.15217424025147,0.8928645833333333,-20.72152161005056,2.9676900645845565,-0.7896348636418162,0.4572034800497864,1.041626676009974,2.995038570087142,52.334599715740886,52.30906818185862,3.145395182373835,128,0,1.0,0.8576302083333334,0.8546641455620237,0.7473177083333333,0.8396614583333334,0.14236979166666666
head1m|edge3deg|cs662|t=10|S=250|F=0.2|BareCrystalAllFaces,38400,15762803.331075393,0.8631509413189474,0.8601498888039419,0.7677604166666666,8.566964065162814,250.15217424025147,0.8948958333333333,-20.77008274930435,3.0289139712605953,-0.6578855442470274,0.5065059279350096,1.041626676009974,2.9935578441814337,52.30881685282089,52.11798899347264,3.189719062064507,128,0,0.9461458333333334,0.8166666666666667,0.8133880674822456,0.5619270833333333,0.6153385416666667,0.12947916666666667
head1m|edge3deg|cs662|t=10|S=250|F=0.2|FrontOnlyThroughMask,38400,15762803.331075393,0.8568229166666667,0.8538499804449539,0.7699739583333334,0.2099187026415423,250.15217424025147,0.8938802083333334,-20.82762771419161,3.060850404818928,-0.8161347103800041,0.5213878600924273,1.041626676009974,2.998461481645045,52.39441780787293,52.37296164374256,3.2105801020395863,128,0,1.0,0.8568229166666667,0.8538499804449539,0.7447395833333333,0.836796875,0.14317708333333334
head1m|edge3deg|cs662|t=10|S=250|ideal,38400,15762803.331075393,,,0.771953125,0,250.15217424025147,0.89453125,-20.554833340437224,3.226788138174074,-0.7366341631216143,0.47307775063145047,1.041626676009974,2.9845283111666,52.151004923365704,52.59029183514092,3.4756855071025567,128,0,,,,,,
head1m|edge3deg|cs662|t=10|S=25|F=0.05|BareCrystalAllFaces,38400,1576280.3331075392,0.20288948652198385,0.19919483293394497,0.19986979166666666,2.1417410162907036,25.015217424025145,0.9840885416666667,-48.87240448992571,2.3159171297895504,-8.933309097375666,1.6818063536430397,1.041626676009974,4.180424985931333,73.05285891629245,73.2529286326736,1.8869172907243463,128,0,0.8327604166666667,0.16895833333333332,0.16581856902414455,0.00078125,0.0013020833333333333,0.6638020833333333
head1m|edge3deg|cs662|t=10|S=25|F=0.05|FrontOnlyThroughMask,38400,1576280.3331075392,0.25276041666666665,0.2491133627667803,0.20486979166666666,0.052479675660385576,25.015217424025145,0.9822395833333334,-48.406809419010585,2.5754616394539918,-9.433875936557413,1.764261715741298,1.041626676009974,4.168136794285247,72.83892953612165,72.80201672457068,2.0980911932467032,128,0,1.0,0.25276041666666665,0.2491133627667803,0.0020052083333333332,0.0027864583333333335,0.7472395833333333
head1m|edge3deg|cs662|t=10|S=25|F=0.1|BareCrystalAllFaces,38400,1576280.3331075392,0.22845904095904096,0.22300781092061076,0.19229166666666667,4.283482032581407,25.015217424025145,0.9839322916666666,-49.03936618911655,2.5150578468558344,-7.94978077661479,1.8579798236586318,1.041626676009974,4.170101285444793,72.87205472644972,72.8896923713301,2.0266252239537628,128,0,0.4170833333333333,0.09528645833333334,0.09283158427607553,0.0007552083333333333,0.0015625,0.321796875
head1m|edge3deg|cs662|t=10|S=25|F=0.1|FrontOnlyThroughMask,38400,1576280.3331075392,0.246015625,0.2424017416202389,0.19731770833333334,0.10495935132077115,25.015217424025145,0.9838802083333333,-48.68750373691341,2.5767676084287703,-9.556115215742494,1.7768551829334385,1.041626676009974,4.18300015015746,73.09852432619803,72.9078123688486,2.119215949687768,128,0,1.0,0.246015625,0.2424017416202389,0.001796875,0.0027083333333333334,0.753984375
head1m|edge3deg|cs662|t=10|S=25|F=0.2|BareCrystalAllFaces,38400,1576280.3331075392,0.2618125484120837,0.25019971382253464,0.18255208333333334,8.566964065162814,25.015217424025145,0.98484375,-49.99752848949964,2.322755659192421,-7.173704188945962,1.741920395486337,1.041626676009974,4.201386141368917,73.41827144038741,73.27870131387603,1.9056630361375613,128,0,0.100859375,0.02640625,0.025073907659013846,0.00026041666666666666,0.0011979166666666666,0.074453125
head1m|edge3deg|cs662|t=10|S=25|F=0.2|FrontOnlyThroughMask,38400,1576280.3331075392,0.24830729166666668,0.24468200559275285,0.200234375,0.2099187026415423,25.015217424025145,0.9829166666666667,-48.598406577463805,2.448976918851944,-9.60873016211077,1.6403744644184755,1.041626676009974,4.181752108117791,73.07675446613099,72.9016904622989,1.9025129420302684,128,0,1.0,0.24830729166666668,0.24468200559275285,0.0016666666666666668,0.002578125,0.7516927083333333
head1m|edge3deg|cs662|t=10|S=25|ideal,38400,1576280.3331075392,,,0.202890625,0,25.015217424025145,0.9828385416666666,-48.81752844416387,2.4311071620135194,-9.382180887951485,1.891874070856853,1.041626676009974,4.188363034454707,73.19219389040549,73.21901400091872,1.9236005052668692,128,0,,,,,,
head1m|edge3deg|cs662|t=10|S=500|F=0.05|BareCrystalAllFaces,38400,31525606.662150785,0.9470052083333333,0.9450866199674883,0.8749479166666667,2.1417410162907036,500.30434848050294,0.8927864583333334,-10.287135894123587,2.8501771522333987,-0.9277092013627656,0.27117854759054993,1.041626676009974,2.3464642203786212,41.001947466037656,41.186575329873904,3.8850088137569294,128,0,1.0,0.9470052083333333,0.9450866199674883,0.9386458333333333,0.9893229166666667,0.052994791666666666
head1m|edge3deg|cs662|t=10|S=500|F=0.05|FrontOnlyThroughMask,38400,31525606.662150785,0.9284635416666667,0.9262632114948329,0.8751822916666666,0.052479675660385576,500.30434848050294,0.8926822916666667,-10.303751852117099,2.97538551640947,-0.9534975032631825,0.25513317595092977,1.041626676009974,2.3464064435436875,41.00093391927729,41.12182288776975,4.0120596362620455,128,0,1.0,0.9284635416666667,0.9262632114948329,0.925703125,0.9958072916666667,0.07153645833333333
head1m|edge3deg|cs662|t=10|S=500|F=0.1|BareCrystalAllFaces,38400,31525606.662150785,0.9447135416666667,0.9427571880704287,0.8728385416666666,4.283482032581407,500.30434848050294,0.89671875,-10.540326831197703,2.721914127167775,-0.9415383842581234,0.2588755256579781,1.041626676009974,2.367099101958255,41.36248644245339,41.65901179779128,3.6700996577959133,128,0,1.0,0.9447135416666667,0.9427571880704287,0.9358854166666667,0.988125,0.05528645833333334
head1m|edge3deg|cs662|t=10|S=500|F=0.1|FrontOnlyThroughMask,38400,31525606.662150785,0.929765625,0.9275834939927259,0.876953125,0.10495935132077115,500.30434848050294,0.892109375,-10.05866994013896,2.7162204603078273,-0.9494344259602179,0.25067117707121084,1.041626676009974,2.330982268761371,40.73143717369676,40.2247421437224,3.6751315988273303,128,0,1.0,0.929765625,0.9275834939927259,0.9271614583333333,0.99609375,0.070234375
head1m|edge3deg|cs662|t=10|S=500|F=0.2|BareCrystalAllFaces,38400,31525606.662150785,0.9440247968326735,0.9420570670603765,0.874609375,8.566964065162814,500.30434848050294,0.8920572916666667,-10.351138682655714,2.714882897869143,-0.9339020715667602,0.232685350736352,1.041626676009974,2.3519388831027865,41.09760943062472,40.667123262276775,3.6330335817221298,128,0,0.9997916666666666,0.943828125,0.9418574304831688,0.9345833333333333,0.9879427083333333,0.055963541666666665
head1m|edge3deg|cs662|t=10|S=500|F=0.2|FrontOnlyThroughMask,38400,31525606.662150785,0.928203125,0.9259991800958511,0.8738802083333334,0.2099187026415423,500.30434848050294,0.8943489583333334,-10.406931768991168,2.7336885969190217,-0.9430646279201652,0.24311322989907616,1.041626676009974,2.3568497185325383,41.183430859992534,41.202350489462745,3.6958143554123386,128,0,1.0,0.928203125,0.9259991800958511,0.925625,0.9962760416666666,0.071796875
head1m|edge3deg|cs662|t=10|S=500|ideal,38400,31525606.662150785,,,0.878203125,0,500.30434848050294,0.8900520833333333,-9.921442068040522,2.930601578353341,-0.9540204744309957,0.2340904447662255,1.041626676009974,2.317279074299113,40.49201394058315,40.581220138332725,3.9869048791476818,128,0,,,,,,
head1m|edge3deg|cs662|t=10|S=50|F=0.05|BareCrystalAllFaces,38400,3152560.6662150784,0.3370876450746098,0.3329262173172412,0.34046875,2.1417410162907036,50.03043484805029,0.9634895833333333,-42.50965165876207,2.8996569115009856,-3.222226978454784,1.4717272320715487,1.041626676009974,3.9194488838772656,68.49040481559169,68.49844712728427,2.377144237015638,128,0,0.9109895833333334,0.3070833333333333,0.3032092241909745,0.007942708333333333,0.010546875,0.60390625
head1m|edge3deg|cs662|t=10|S=50|F=0.05|FrontOnlyThroughMask,38400,3152560.6662150784,0.4113541666666667,0.4072157542162627,0.34484375,0.052479675660385576,50.03043484805029,0.96421875,-42.47689361620696,2.4508931065556148,-3.7762170010151603,1.4393155830866147,1.041626676009974,3.9254005035193917,68.59457168361249,68.60825788392916,2.1230946436926303,128,0,1.0,0.4113541666666667,0.4072157542162627,0.024036458333333333,0.029244791666666665,0.5886458333333333
head1m|edge3deg|cs662|t=10|S=50|F=0.1|BareCrystalAllFaces,38400,3152560.6662150784,0.3801508995937319,0.37480529269431445,0.32794270833333333,4.283482032581407,50.03043484805029,0.96703125,-43.04620970153293,2.475685608409689,-3.018857731292627,1.5764531328506444,1.041626676009974,3.9356048424753385,68.77255001150752,68.74368217940484,2.0866002031672237,128,0,0.5833072916666666,0.22174479166666666,0.21826041310472905,0.007109375,0.009895833333333333,0.3615625
head1m|edge3deg|cs662|t=10|S=50|F=0.1|FrontOnlyThroughMask,38400,3152560.6662150784,0.4099479166666667,0.4058117265209436,0.338515625,0.10495935132077115,50.03043484805029,0.964921875,-42.8780816823638,2.780065012248109,-3.729408478515885,1.6037838717049795,1.041626676009974,3.9484312561294317,68.99745589937463,68.76645634849928,2.387013265116983,128,0,1.0,0.4099479166666667,0.4058117265209436,0.024921875,0.030677083333333334,0.5900520833333334
head1m|edge3deg|cs662|t=10|S=50|F=0.2|BareCrystalAllFaces,38400,3152560.6662150784,0.4625644897445577,0.45331308341303117,0.3148958333333333,8.566964065162814,50.03043484805029,0.9682291666666667,-43.741490821310414,2.869990472224179,-2.663652087782984,1.6021720854585573,1.041626676009974,3.9595797294164936,69.19144182438242,69.25294530645084,2.4897805858785786,128,0,0.206953125,0.09572916666666667,0.0932691538063439,0.006588541666666667,0.009479166666666667,0.11122395833333333
head1m|edge3deg|cs662|t=10|S=50|F=0.2|FrontOnlyThroughMask,38400,3152560.6662150784,0.40838541666666667,0.40425173665998176,0.34578125,0.2099187026415423,50.03043484805029,0.9636458333333333,-42.490536718797514,2.755104356922587,-3.8263842771329744,1.5922985308054751,1.041626676009974,3.9307970505380423,68.68911693463524,68.76318032538254,2.3971603899208858,128,0,1.0,0.40838541666666667,0.40425173665998176,0.02216145833333333,0.028359375,0.5916145833333334
head1m|edge3deg|cs662|t=10|S=50|ideal,38400,3152560.6662150784,,,0.33815104166666665,0,50.03043484805029,0.964375,-42.81231468385458,2.6211872958550804,-3.94964861669703,1.5600891742724332,1.041626676009974,3.9407442204762804,68.86277526159073,68.90164331621236,2.24655619198609,128,0,,,,,,
head1m|edge3deg|cs662|t=10|default|F=0.05|BareCrystalAllFaces,38400,1000000,0.14942989935466613,0.14604753793834774,0.13895833333333332,2.1417410162907036,15.869777030529328,0.9901041666666667,-51.38896197708422,2.5300360783394256,-13.533170778422244,1.8858929167355518,1.041626676009974,4.29090875513961,74.98540047896248,75.14890513886783,2.0380329352140554,128,0,0.778828125,0.11638020833333333,0.11369693472711352,7.8125e-05,0.00013020833333333333,0.6624479166666667
head1m|edge3deg|cs662|t=10|default|F=0.05|FrontOnlyThroughMask,38400,1000000,0.19109375,0.18779790594414875,0.142421875,0.052479675660385576,15.869777030529328,0.9891145833333334,-51.412908351238485,2.5461712630161863,-15.141359627634857,1.7916400018517422,1.041626676009974,4.320658553211696,75.50702005566907,75.73645552062949,2.0718403886705627,128,0,1.0,0.19109375,0.18779790594414875,0.00013020833333333333,0.0003125,0.80890625
head1m|edge3deg|cs662|t=10|default|F=0.1|BareCrystalAllFaces,38400,1000000,0.15751512331316891,0.15225696650783052,0.13317708333333333,4.283482032581407,15.869777030529328,0.9905989583333333,-52.1480552289387,2.5480160362407656,-12.438337735387332,1.8092016627158454,1.041626676009974,4.311925357330323,75.35220611769971,75.29398482681529,1.976009006860746,128,0,0.33578125,0.052890625,0.05102397536812829,5.208333333333334e-05,0.00020833333333333335,0.282890625
head1m|edge3deg|cs662|t=10|default|F=0.1|FrontOnlyThroughMask,38400,1000000,0.19508320529180448,0.1917610578863393,0.14072916666666666,0.10495935132077115,15.869777030529328,0.9895572916666666,-51.3722373852457,2.7664190034969516,-15.077346859984395,1.9225883407624864,1.041626676009974,4.314043959078647,75.39097700062976,75.2596654385977,2.089049004177447,128,0,0.9999739583333334,0.195078125,0.1917560538933987,2.604166666666667e-05,0.00010416666666666667,0.8048958333333334
head1m|edge3deg|cs662|t=10|default|F=0.2|BareCrystalAllFaces,38400,1000000,0.1721189591078067,0.16022954468173214,0.133359375,8.566964065162814,15.869777030529328,0.9907552083333333,-52.33153100379187,2.3742059303302927,-10.053873826201965,1.9468878182988165,1.041626676009974,4.290813800052875,74.98152941093653,75.18273944553161,1.9023432946216419,128,0,0.07005208333333333,0.012057291666666666,0.011155565217827698,0.00026041666666666666,0.0004166666666666667,0.05799479166666666
head1m|edge3deg|cs662|t=10|default|F=0.2|FrontOnlyThroughMask,38400,1000000,0.19096851480507304,0.18767346107805266,0.13856770833333334,0.2099187026415423,15.869777030529328,0.9895833333333334,-51.536388882860734,2.2480222166112958,-15.093863014366761,1.9079823826847946,1.041626676009974,4.3242887495630535,75.5700837642552,75.31724581103687,1.8654898187904239,128,0,0.9999739583333334,0.19096354166666665,0.18766856388319308,0.00013020833333333333,0.0004166666666666667,0.8090104166666666
head1m|edge3deg|cs662|t=10|default|ideal,38400,1000000,,,0.14484375,0,15.869777030529328,0.9898958333333333,-51.30666114486884,2.248040499774727,-14.984649240341788,2.0809389627601496,1.041626676009974,4.317502545377741,75.45175529964608,75.61540231319023,1.6793217130053222,128,0,,,,,,
head1m|edge3deg|cs662|t=60|S=1000|F=0.05|BareCrystalAllFaces,38400,10508535.554050261,0.981015625,0.9798297791206169,0.9467708333333333,12.850446097744221,1000.6086969610056,0.9276302083333333,-1.3646630684646808,2.0071712762466656,-0.6758466131855158,0.1886779428725628,1.041626676009974,1.5484356037414841,27.05844434214007,26.571710933397313,4.039500281079442,128,0,1.0,0.981015625,0.9798297791206169,0.981015625,1.0,0.018984375
head1m|edge3deg|cs662|t=60|S=1000|F=0.05|FrontOnlyThroughMask,38400,10508535.554050261,0.9558854166666667,0.9541230341604832,0.9479947916666667,0.31487805396231344,1000.6086969610056,0.9285416666666667,-1.2024053092756724,2.0156099428627097,-0.7032229537684559,0.18584547364824508,1.041626676009974,1.5294734468198985,26.727148619524023,27.35822184434619,4.178559750144739,128,0,1.0,0.9558854166666667,0.9541230341604832,0.9558854166666667,1.0,0.04411458333333333
head1m|edge3deg|cs662|t=60|S=1000|F=0.1|BareCrystalAllFaces,38400,10508535.554050261,0.981171875,0.9799906506366443,0.9475520833333333,25.700892195488443,1000.6086969610056,0.9285416666666667,-1.272556370842565,1.9280514347505766,-0.673251736125344,0.18283808987018493,1.041626676009974,1.5373750412335652,26.865192606994288,26.94806997102588,4.032819756442962,128,0,1.0,0.981171875,0.9799906506366443,0.981171875,1.0,0.018828125
head1m|edge3deg|cs662|t=60|S=1000|F=0.1|FrontOnlyThroughMask,38400,10508535.554050261,0.958046875,0.9563252181917334,0.949453125,0.6297561079246269,1000.6086969610056,0.929375,-1.0155369079067649,2.2377417210462127,-0.6964258638918909,0.21180808579468297,1.041626676009974,1.5055798052978997,26.30969067368281,25.689642844990942,4.450251135530017,128,0,1.0,0.958046875,0.9563252181917334,0.958046875,1.0,0.041953125
head1m|edge3deg|cs662|t=60|S=1000|F=0.2|BareCrystalAllFaces,38400,10508535.554050261,0.9788020833333333,0.9775528210948664,0.943984375,51.401784390976886,1000.6086969610056,0.9241927083333333,-1.728523871434627,2.0626983618765817,-0.6352089437580054,0.2199975168562154,1.041626676009974,1.5865779341625963,27.72485446102938,27.378375469040815,4.102032271504377,128,0,1.0,0.9788020833333333,0.9775528210948664,0.9788020833333333,1.0,0.021197916666666667
head1m|edge3deg|cs662|t=60|S=1000|F=0.2|FrontOnlyThroughMask,38400,10508535.554050261,0.9563802083333334,0.9546270457623671,0.9480729166666667,1.2595122158492538,1000.6086969610056,0.9301822916666667,-1.1943236431122999,2.3285493317362236,-0.6742632788422585,0.20008078068631524,1.041626676009974,1.5216819135324913,26.591030914479894,26.551811707899088,4.884991852626587,128,0,1.0,0.9563802083333334,0.9546270457623671,0.9563802083333334,1.0,0.043619791666666664
head1m|edge3deg|cs662|t=60|S=1000|ideal,38400,10508535.554050261,,,0.9475260416666667,0,1000.6086969610056,0.9283854166666666,-1.2609882772447014,2.045009285624598,-0.6816493209944855,0.183650770414053,1.041626676009974,1.5354346670508308,26.831304838634352,26.94706316005425,4.289004516395963,128,0,,,,,,
head1m|edge3deg|cs662|t=60|S=100|F=0.05|BareCrystalAllFaces,38400,1050853.5554050263,0.7311656671664168,0.7240134845581769,0.5061979166666667,12.850446097744221,100.0608696961006,0.9407291666666666,-35.520182362364395,2.8369211992863113,-0.026107792436496472,1.0138418114415133,1.041626676009974,3.6494681692878097,63.77120817331311,63.971984943627376,2.490960117379105,128,0,0.27791666666666665,0.203203125,0.19982921754828392,0.05604166666666666,0.06489583333333333,0.07471354166666666
head1m|edge3deg|cs662|t=60|S=100|F=0.05|FrontOnlyThroughMask,38400,1050853.5554050263,0.6264583333333333,0.6223778624545921,0.5306510416666667,0.31487805396231344,100.0608696961006,0.93328125,-34.49284821194755,2.8774124892350534,-0.7279728559484447,1.1266588180846877,1.041626676009974,3.6201414607648617,63.25878989080607,63.01539543026752,2.540250387962934,128,0,1.0,0.6264583333333333,0.6223778624545921,0.168125,0.196640625,0.37354166666666666
head1m|edge3deg|cs662|t=60|S=100|F=0.1|BareCrystalAllFaces,38400,1050853.5554050263,0.7717666948436179,0.7615027808961592,0.473359375,25.700892195488443,100.0608696961006,0.9458333333333333,-36.95687954965137,2.756705575741644,0.42602970289245595,1.2013130493748827,1.041626676009974,3.6919825261347796,64.51355845543016,64.27131866865207,2.4085604370496716,128,0,0.12322916666666667,0.09510416666666667,0.09265141330450265,0.04255208333333333,0.05140625,0.028125
head1m|edge3deg|cs662|t=60|S=100|F=0.1|FrontOnlyThroughMask,38400,1050853.5554050263,0.6214583333333333,0.6173674021341609,0.530859375,0.6297561079246269,100.0608696961006,0.933828125,-34.37214016423496,2.9124390705914025,-0.7625457469793426,1.1581624303141314,1.041626676009974,3.610578021672666,63.09161274065317,63.19800365003938,2.5558852924912565,128,0,1.0,0.6214583333333333,0.6173674021341609,0.161328125,0.18901041666666665,0.37854166666666667
head1m|edge3deg|cs662|t=60|S=100|F=0.2|BareCrystalAllFaces,38400,1050853.5554050263,0.7719211822660098,0.7560703577698545,0.433203125,51.401784390976886,100.0608696961006,0.952890625,-39.01847127845393,3.2877660012124568,1.7460962164341343,1.3310311626268907,1.041626676009974,3.749060811444796,65.51041469781724,65.4329828159616,2.8336718518848056,128,0,0.05286458333333333,0.04080729166666667,0.039159326658435446,0.027395833333333335,0.03401041666666667,0.012057291666666666
head1m|edge3deg|cs662|t=60|S=100|F=0.2|FrontOnlyThroughMask,38400,1050853.5554050263,0.6298631921824104,0.6257887764201705,0.53484375,1.2595122158492538,100.0608696961006,0.9330989583333333,-34.264556534623544,2.966059938488965,-0.7047120943714761,1.1208835736897693,1.041626676009974,3.6076123663218826,63.03991437584285,63.106672234523515,2.703997734378748,128,0,0.9993489583333334,0.629453125,0.6253791410873195,0.1653125,0.19221354166666665,0.3698958333333333
head1m|edge3deg|cs662|t=60|S=100|ideal,38400,1050853.5554050263,,,0.5300260416666667,0,100.0608696961006,0.9346354166666667,-34.76747920475658,3.1816463137396536,-0.7016815162284065,1.2585378659750261,1.041626676009974,3.633906311611637,63.49926237030583,63.75684901060756,2.819884084723936,128,0,,,,,,
head1m|edge3deg|cs662|t=60|S=250|F=0.05|BareCrystalAllFaces,38400,2627133.8885125653,0.8752053035506316,0.8721957137444741,0.7618229166666667,12.850446097744221,250.1521742402514,0.89578125,-21.322933172439058,3.345942214933095,-0.7164630903215085,0.5506517595858256,1.041626676009974,3.021156664986039,52.79099115785728,52.6804743270537,3.491307514609256,128,0,0.8720572916666667,0.7632291666666666,0.7596332644918838,0.550625,0.6038541666666667,0.108828125
head1m|edge3deg|cs662|t=60|S=250|F=0.05|FrontOnlyThroughMask,38400,2627133.8885125653,0.8547135416666667,0.8517227954237441,0.7717708333333333,0.31487805396231344,250.1521742402514,0.8933072916666667,-20.750138143950974,3.1968119976211353,-0.7829244574250677,0.4523812352539848,1.041626676009974,2.9957999318315163,52.347911485176105,52.14797697681589,3.4251333530424155,128,0,1.0,0.8547135416666667,0.8517227954237441,0.7428125,0.8354166666666667,0.14528645833333334
head1m|edge3deg|cs662|t=60|S=250|F=0.1|BareCrystalAllFaces,38400,2627133.8885125653,0.8877082136703044,0.884548770002033,0.7515885416666667,25.700892195488443,250.1521742402514,0.9001041666666667,-22.06252446971291,3.360354848977825,-0.505322721558035,0.5526488024377154,1.041626676009974,3.0578238736862557,53.43166986288032,53.79721334491927,3.4799213086250367,128,0,0.7254166666666667,0.6439583333333333,0.6399181488565135,0.5089322916666666,0.560859375,0.08145833333333333
head1m|edge3deg|cs662|t=60|S=250|F=0.1|FrontOnlyThroughMask,38400,2627133.8885125653,0.8581510416666667,0.8551894303728914,0.7700260416666667,0.6297561079246269,250.1521742402514,0.892734375,-20.723985691402476,3.0673434807515325,-0.8322861977389072,0.44040960671979884,1.041626676009974,2.9941001006788848,52.31821063788534,52.293607247998956,3.2181547038464036,128,0,1.0,0.8581510416666667,0.8551894303728914,0.7440104166666667,0.8353645833333333,0.14184895833333333
head1m|edge3deg|cs662|t=60|S=250|F=0.2|BareCrystalAllFaces,38400,2627133.8885125653,0.8963647226435039,0.8929038628134213,0.73484375,51.401784390976886,250.1521742402514,0.9067447916666667,-22.835251317273087,3.128209175292172,-0.1114144971324377,0.5457144637331007,1.041626676009974,3.08812509893149,53.96119109107598,53.854988690169606,3.176400679653869,128,0,0.566640625,0.5079166666666667,0.5037069023346753,0.4416145833333333,0.488046875,0.05872395833333333
head1m|edge3deg|cs662|t=60|S=250|F=0.2|FrontOnlyThroughMask,38400,2627133.8885125653,0.857578125,0.854611617815606,0.7732291666666666,1.2595122158492538,250.1521742402514,0.8915625,-20.39646805995935,3.0925974507148233,-0.7797167924430939,0.39871918127735473,1.041626676009974,2.9715133865672145,51.92353681735418,51.89905284180536,3.2881086557535815,128,0,1.0,0.857578125,0.854611617815606,0.7461979166666667,0.8372916666666667,0.142421875
head1m|edge3deg|cs662|t=60|S=250|ideal,38400,2627133.8885125653,,,0.7755729166666666,0,250.1521742402514,0.8901822916666666,-20.159066662447692,2.765208586062765,-0.7616494669878298,0.4720071514577887,1.041626676009974,2.9610390524389962,51.74050911383309,51.88645920482722,2.975880500537152,128,0,,,,,,
head1m|edge3deg|cs662|t=60|S=25|F=0.05|BareCrystalAllFaces,38400,262713.3888512566,0.2744220730797912,0.25438617637296657,0.17822916666666666,12.850446097744221,25.01521742402515,0.986328125,-50.69368105107597,2.3682893615686105,-6.242754386510304,1.9189104867662492,1.041626676009974,4.2122007082062645,73.60631267122875,73.77140268046486,1.9898963988231722,128,0,0.034921875,0.009583333333333333,0.0087801247962565,0.0008333333333333334,0.0016927083333333334,0.025338541666666665
head1m|edge3deg|cs662|t=60|S=25|F=0.05|FrontOnlyThroughMask,38400,262713.3888512566,0.2545572916666667,0.25090159831713443,0.20328125,0.31487805396231344,25.01521742402515,0.983359375,-48.27640080367876,2.3311244998339182,-9.59622541181823,1.5812515141846997,1.041626676009974,4.1632214931984866,72.75280720433307,72.85856053182317,1.8722029897231458,128,0,1.0,0.2545572916666667,0.25090159831713443,0.001979166666666667,0.00296875,0.7454427083333334
head1m|edge3deg|cs662|t=60|S=25|F=0.1|BareCrystalAllFaces,38400,262713.3888512566,0.28415300546448086,0.24541522810882976,0.16489583333333332,25.700892195488443,25.01521742402515,0.9890885416666667,-51.51235600614835,2.3468049588170947,-3.6078945361974624,1.9744044782284373,1.041626676009974,4.219758069331712,73.7371833457068,73.58337833931321,1.8109418446323995,128,0,0.00953125,0.0027083333333333334,0.002287253718381702,0.0006510416666666666,0.0020052083333333332,0.006822916666666666
head1m|edge3deg|cs662|t=60|S=25|F=0.1|FrontOnlyThroughMask,38400,262713.3888512566,0.2521813872320475,0.2485368027777992,0.20263020833333334,0.6297561079246269,25.01521742402515,0.9826041666666666,-48.80334745089389,2.67673555794974,-9.323933316454475,1.639386932008217,1.041626676009974,4.184082144397737,73.11745022539853,73.1830345880303,2.178733352792427,128,0,0.9998177083333334,0.25213541666666667,0.2484913871115858,0.0019270833333333334,0.0027604166666666667,0.7476822916666667
head1m|edge3deg|cs662|t=60|S=25|F=0.2|BareCrystalAllFaces,38400,262713.3888512566,0.2692307692307692,0.2155309153935324,0.15559895833333334,51.401784390976886,25.01521742402515,0.9899479166666667,-53.07952263267953,2.776998494159333,0.08679118071803024,1.7492329610656248,1.041626676009974,4.22943659996748,73.90381387675399,73.92225621078201,2.229583480926631,128,0,0.0047395833333333335,0.0012760416666666666,0.0009918441797929283,0.0008333333333333334,0.0022916666666666667,0.003463541666666667
head1m|edge3deg|cs662|t=60|S=25|F=0.2|FrontOnlyThroughMask,38400,262713.3888512566,0.24653415289641042,0.24287849789126204,0.19765625,1.2595122158492538,25.01521742402515,0.9833072916666666,-48.54060728462219,2.452445655379857,-9.111780450247025,1.8425271777803003,1.041626676009974,4.166561452164963,72.81105497179033,72.9281657484823,1.8671178207154866,128,0,0.978671875,0.24127604166666666,0.23768618030101155,0.00171875,0.002578125,0.7373958333333334
head1m|edge3deg|cs662|t=60|S=25|ideal,38400,262713.3888512566,,,0.19971354166666666,0,25.01521742402515,0.98296875,-48.64012942437316,2.8831362732708046,-9.838555093031005,1.9032417936954265,1.041626676009974,4.184076976907327,73.11752265544806,72.96612484264158,2.3392736081147505,128,0,,,,,,
head1m|edge3deg|cs662|t=60|S=500|F=0.05|BareCrystalAllFaces,38400,5254267.777025131,0.9444690669238992,0.9425076200187598,0.8746875,12.850446097744221,500.3043484805028,0.8917447916666666,-10.26081126071529,2.814985669977243,-0.9232219680336043,0.26965041202821055,1.041626676009974,2.3407166758325952,40.90152980309641,41.71507988859011,3.9282268852840523,128,0,0.9988802083333334,0.9434114583333333,0.9414340619404387,0.93453125,0.9872395833333333,0.05546875
head1m|edge3deg|cs662|t=60|S=500|F=0.05|FrontOnlyThroughMask,38400,5254267.777025131,0.9303385416666666,0.928164485487166,0.876640625,0.31487805396231344,500.3043484805028,0.893359375,-10.097843531552973,2.9320594544746363,-0.9352029636931636,0.26374959083623467,1.041626676009974,2.3300997110559933,40.7160090940791,40.62071934369632,4.015576956781147,128,0,1.0,0.9303385416666666,0.928164485487166,0.9282291666666667,0.9965364583333334,0.06966145833333333
head1m|edge3deg|cs662|t=60|S=500|F=0.1|BareCrystalAllFaces,38400,5254267.777025131,0.9432189863149907,0.9412336764688856,0.8708854166666666,25.700892195488443,500.3043484805028,0.894921875,-10.742154028910592,2.90524974144496,-0.8634366857047294,0.26881419345497853,1.041626676009974,2.3768576555800074,41.53302688674913,41.7043582837011,3.872750285896932,128,0,0.995234375,0.9387239583333333,0.9366731313049064,0.9291927083333333,0.9833854166666667,0.05651041666666667
head1m|edge3deg|cs662|t=60|S=500|F=0.1|FrontOnlyThroughMask,38400,5254267.777025131,0.9284375,0.9262368079816574,0.8790104166666667,0.6297561079246269,500.3043484805028,0.892890625,-9.829651436210362,2.67219603024432,-0.937951983965985,0.24683649403858526,1.041626676009974,2.3106024854315637,40.37533106981247,40.06320697067117,3.637242123271433,128,0,1.0,0.9284375,0.9262368079816574,0.9258854166666667,0.9966145833333333,0.0715625
head1m|edge3deg|cs662|t=60|S=500|F=0.2|BareCrystalAllFaces,38400,5254267.777025131,0.9426383203486068,0.9406342883710236,0.8629166666666667,51.401784390976886,500.3043484805028,0.8951041666666667,-11.666509263466509,2.8444527018295225,-0.8586542909973395,0.2849560549265517,1.041626676009974,2.4441435915094116,42.708676007758314,42.367212011987235,3.648245855813479,128,0,0.9860677083333333,0.9295052083333334,0.927319420617293,0.922265625,0.97734375,0.0565625
head1m|edge3deg|cs662|t=60|S=500|F=0.2|FrontOnlyThroughMask,38400,5254267.777025131,0.931015625,0.9288511656379824,0.8786458333333333,1.2595122158492538,500.3043484805028,0.8913020833333334,-9.845778519177992,2.687916548827049,-0.946342377013621,0.2702122324588866,1.041626676009974,2.31320386080407,40.420813879552746,40.61735637498974,3.7182113306982667,128,0,1.0,0.931015625,0.9288511656379824,0.9288541666666666,0.9966145833333333,0.068984375
head1m|edge3deg|cs662|t=60|S=500|ideal,38400,5254267.777025131,,,0.8752864583333333,0,500.3043484805028,0.8927604166666666,-10.236306066376768,3.017895707466341,-0.915297099935871,0.23495773748513202,1.041626676009974,2.341694909049419,40.918622569624986,40.710360631571234,4.067499948440266,128,0,,,,,,
head1m|edge3deg|cs662|t=60|S=50|F=0.05|BareCrystalAllFaces,38400,525426.7777025132,0.5209790209790209,0.5061601442975654,0.302578125,12.850446097744221,50.0304348480503,0.9688020833333333,-44.729024349679094,2.6253952619249197,-2.3149916543556963,1.4860787729257403,1.041626676009974,3.996089779843185,69.82922596840979,69.79738413500282,2.157906821545239,128,0,0.08192708333333333,0.042682291666666664,0.04099815764853843,0.005651041666666667,0.00765625,0.03924479166666667
head1m|edge3deg|cs662|t=60|S=50|F=0.05|FrontOnlyThroughMask,38400,525426.7777025132,0.4033333333333333,0.3992080650735382,0.3386458333333333,0.31487805396231344,50.0304348480503,0.96296875,-42.746744182716185,2.9109110307180455,-3.568956119171222,1.7898917401421026,1.041626676009974,3.941087272887716,68.86900251584743,68.83127630105588,2.428530422578983,128,0,1.0,0.4033333333333333,0.3992080650735382,0.022239583333333333,0.028177083333333332,0.5966666666666667
head1m|edge3deg|cs662|t=60|S=50|F=0.1|BareCrystalAllFaces,38400,525426.7777025132,0.5462868769074263,0.5195821437998622,0.277734375,25.700892195488443,50.0304348480503,0.9724739583333334,-45.889947172309064,2.9363579102532955,-0.5444419405907911,1.730204239743533,1.041626676009974,4.016373242453568,70.18290443490403,70.19270393376064,2.3984851926867026,128,0,0.025598958333333335,0.013984375,0.013012991146733915,0.004140625,0.00640625,0.011614583333333333
head1m|edge3deg|cs662|t=60|S=50|F=0.1|FrontOnlyThroughMask,38400,525426.7777025132,0.4039583333333333,0.39983199991020735,0.3378125,0.6297561079246269,50.0304348480503,0.9634375,-42.702835132964346,2.5232655570559235,-3.6630246277614735,1.640510442467164,1.041626676009974,3.9355114888960068,68.77141681258621,69.02942881148388,2.1641004645007644,128,0,1.0,0.4039583333333333,0.39983199991020735,0.023229166666666665,0.02984375,0.5960416666666667
head1m|edge3deg|cs662|t=60|S=50|F=0.2|BareCrystalAllFaces,38400,525426.7777025132,0.4719626168224299,0.4313397139412385,0.2471875,51.401784390976886,50.0304348480503,0.9795572916666667,-47.733241291911376,2.9450419350868677,1.203742253447424,1.5751978484849116,1.041626676009974,4.05387600508978,70.83685290174614,70.84939624223907,2.4182333244720775,128,0,0.011145833333333334,0.005260416666666667,0.004668107720160715,0.00296875,0.005546875,0.005885416666666666
head1m|edge3deg|cs662|t=60|S=50|F=0.2|FrontOnlyThroughMask,38400,525426.7777025132,0.39497537462014043,0.39085274190637764,0.33390625,1.2595122158492538,50.0304348480503,0.9657291666666666,-42.91715189289471,2.582426712886267,-3.4021661888705124,1.5684473049401304,1.041626676009974,3.9386025396488633,68.82522543433727,68.51763893755724,2.225013489465335,128,0,0.9940625,0.39263020833333334,0.38852426303677434,0.021692708333333335,0.0271875,0.6014322916666667
head1m|edge3deg|cs662|t=60|S=50|ideal,38400,525426.7777025132,,,0.3445052083333333,0,50.0304348480503,0.963203125,-42.46226010013634,2.7197529197985104,-3.492869640169297,1.6858021672647576,1.041626676009974,3.9280163345325083,68.64052806433573,68.44672872194678,2.2354896614517137,128,0,,,,,,
head1m|edge3deg|cs662|t=60|default|F=0.05|BareCrystalAllFaces,38400,1000000,0.7202509513524632,0.7126635463774108,0.48770833333333335,12.850446097744221,95.21866218317597,0.9427864583333333,-36.426869792862746,2.9962626986797884,-0.0587389573460513,1.0706811825717304,1.041626676009974,3.684391211322369,64.3813160292704,64.36414782455796,2.597100625686389,128,0,0.253203125,0.18236979166666667,0.17913330579541656,0.046171875,0.05388020833333333,0.07083333333333333
head1m|edge3deg|cs662|t=60|default|F=0.05|FrontOnlyThroughMask,38400,1000000,0.6089583333333334,0.6048432552765639,0.51796875,0.31487805396231344,95.21866218317597,0.9359895833333334,-35.24614950027457,2.9275001160126224,-0.9718461159455242,1.2297745765681143,1.041626676009974,3.6546346038945487,63.86176158325324,63.7471468399621,2.5335524578017257,128,0,1.0,0.6089583333333334,0.6048432552765639,0.14625,0.16997395833333334,0.3910416666666667
head1m|edge3deg|cs662|t=60|default|F=0.1|BareCrystalAllFaces,38400,1000000,0.7697478991596639,0.7587595210546653,0.4611458333333333,25.700892195488443,95.21866218317597,0.947421875,-37.678376080314926,3.0475015572814392,0.7597111213378293,1.461138883496605,1.041626676009974,3.722403938399985,65.04537197102049,65.33489198035865,2.6813943274959136,128,0,0.10846354166666666,0.08348958333333334,0.08117797482401189,0.035729166666666666,0.0428125,0.024973958333333334
head1m|edge3deg|cs662|t=60|default|F=0.1|FrontOnlyThroughMask,38400,1000000,0.6049479166666667,0.6008256917348209,0.5173697916666666,0.6297561079246269,95.21866218317597,0.935078125,-35.041733935368114,2.785594698226355,-0.8149250418599335,1.1942672476959806,1.041626676009974,3.6373304699230506,63.55919919368413,63.76254769623547,2.4382387748226106,128,0,1.0,0.6049479166666667,0.6008256917348209,0.14638020833333334,0.17158854166666668,0.39505208333333336
head1m|edge3deg|cs662|t=60|default|F=0.2|BareCrystalAllFaces,38400,1000000,0.7700477960701009,0.7535251682379893,0.419296875,51.401784390976886,95.21866218317597,0.954921875,-39.58849067430021,2.840070299433745,1.6933765406787054,1.4882960639468765,1.041626676009974,3.7749544634659093,65.96289008956246,65.79543820860616,2.425634432101978,128,0,0.04903645833333333,0.037760416666666664,0.03617328913652603,0.025364583333333333,0.031484375,0.011276041666666667
head1m|edge3deg|cs662|t=60|default|F=0.2|FrontOnlyThroughMask,38400,1000000,0.6037996455748984,0.5996739163477427,0.5120052083333333,1.2595122158492538,95.21866218317597,0.9360677083333333,-35.505101424113164,2.8731834631158337,-0.8558192003942336,1.184550582357929,1.041626676009974,3.661258806901399,63.977416901858845,64.14693358197052,2.5371059234426854,128,0,0.9992708333333333,0.603359375,0.5992343991201601,0.143203125,0.16708333333333333,0.39591145833333335
head1m|edge3deg|cs662|t=60|default|ideal,38400,1000000,,,0.5168229166666667,0,95.21866218317597,0.9371614583333333,-34.79791777157146,2.7357708769593567,-0.756242212126754,1.2814583301851514,1.041626676009974,3.6302207947527934,63.435357730683144,63.42696035437716,2.511461484038136,128,0,,,,,,
head1m|edge3deg|open|t=10|S=1000|F=0.05|BareCrystalAllFaces,38400,24771340.93788968,0.8498177083333334,0.8467864410569926,0.95984375,167.61869200345845,1000.1573593541787,0.9408072916666667,0.27349540175827747,1.4396055384436988,0.8664235710502931,0.12119881573023084,1.041626676009974,1.3537042249183686,23.65614394991294,23.857008006428167,3.3989481971128646,128,0,1.0,0.8498177083333334,0.8467864410569926,0.8498177083333334,1.0,0.15018229166666666
head1m|edge3deg|open|t=10|S=1000|F=0.05|FrontOnlyThroughMask,38400,24771340.93788968,0.9945833333333334,0.9939255959110533,0.9673177083333333,0.6423989303000013,1000.1573593541787,0.9313802083333333,1.2626623862539368,1.3867804740063119,-0.22470585685030522,0.11387890232882106,1.041626676009974,1.2235279152725944,21.3818222228109,20.871707674054342,3.651364062748486,128,0,1.0,0.9945833333333334,0.9939255959110533,0.9945833333333334,1.0,0.005416666666666667
head1m|edge3deg|open|t=10|S=1000|F=0.1|BareCrystalAllFaces,38400,24771340.93788968,0.8088802083333333,0.8055496410828626,0.9583333333333334,335.2373840069169,1000.1573593541787,0.954921875,-0.0688043887907978,1.4912094047744842,1.8545314084634332,0.14514414434682288,1.041626676009974,1.374138931940087,24.013197507448425,23.97290269253002,3.509608190774084,128,0,1.0,0.8088802083333333,0.8055496410828626,0.8088802083333333,1.0,0.19111979166666668
head1m|edge3deg|open|t=10|S=1000|F=0.1|FrontOnlyThroughMask,38400,24771340.93788968,0.9940104166666667,0.9933211909484293,0.9639583333333334,1.2847978606000026,1000.1573593541787,0.9290104166666666,0.84385878650563,1.4708787229007887,-0.2305514821106528,0.09647298814738234,1.041626676009974,1.2818660863338243,22.401048231362076,22.874118459140405,3.717059409340924,128,0,1.0,0.9940104166666667,0.9933211909484293,0.9940104166666667,1.0,0.005989583333333334
head1m|edge3deg|open|t=10|S=1000|F=0.2|BareCrystalAllFaces,38400,24771340.93788968,0.7428385416666666,0.739143323357669,0.9447916666666667,670.4747680138338,1000.1573593541787,0.9844270833333333,-1.743666932382818,1.7715531858420466,3.590776985656334,0.1791599113700887,1.041626676009974,1.4973785731036928,26.16642873024948,26.006407290243367,3.7158416871763373,128,0,1.0,0.7428385416666666,0.739143323357669,0.7428385416666666,1.0,0.2571614583333333
head1m|edge3deg|open|t=10|S=1000|F=0.2|FrontOnlyThroughMask,38400,24771340.93788968,0.9937760416666667,0.9930743774190214,0.9651822916666667,2.569595721200005,1000.1573593541787,0.9299479166666667,0.9949007839809543,1.4113991313893752,-0.22585782562460213,0.10842196721441756,1.041626676009974,1.2618656796153862,22.051615992949586,21.90959632606507,3.589722405369741,128,0,1.0,0.9937760416666667,0.9930743774190214,0.9937760416666667,1.0,0.006223958333333333
head1m|edge3deg|open|t=10|S=1000|ideal,38400,24771340.93788968,,,0.96609375,0,1000.1573593541787,0.9308072916666666,1.1137614443525725,1.3846280216899993,-0.21595041337277515,0.10244368594731103,1.041626676009974,1.2462144335192518,21.77816689056471,21.9025203849843,3.5545070148477045,128,0,,,,,,
head1m|edge3deg|open|t=10|S=100|F=0.05|BareCrystalAllFaces,38400,2477134.093788968,0.21417565485362094,0.19895161108915568,0.44848958333333333,167.61869200345845,100.01573593541787,0.9869010416666667,-41.670874830494206,2.732949870702483,9.925017685098846,0.3825589444484633,1.041626676009974,3.6483890758210924,63.74151345602712,63.68811309305062,2.3946548736941193,128,0,0.050703125,0.010859375,0.010003899099859607,0.007578125,0.03440104166666667,0.03984375
head1m|edge3deg|open|t=10|S=100|F=0.05|FrontOnlyThroughMask,38400,2477134.093788968,0.7285677083333333,0.7248092521623135,0.5948958333333333,0.6423989303000013,100.01573593541787,0.91859375,-31.53858682529798,3.456447227760359,-0.08052894236744994,0.8476361820206486,1.041626676009974,3.480495394893749,60.817500657716174,60.50258116542973,3.2009598530527845,128,0,1.0,0.7285677083333333,0.7248092521623135,0.18473958333333335,0.20377604166666666,0.27143229166666666
head1m|edge3deg|open|t=10|S=100|F=0.1|BareCrystalAllFaces,38400,2477134.093788968,0.1713961407491487,0.15078179374529144,0.3463541666666667,335.2373840069169,100.01573593541787,0.9982291666666666,-48.24366844195636,2.7413413684302737,12.53614493277941,0.2795719014322073,1.041626676009974,3.842947817601229,67.13769586090876,67.5273699756248,2.25858398421222,128,0,0.022942708333333332,0.003932291666666666,0.0034219758586934994,0.002942708333333333,0.0165625,0.019010416666666665
head1m|edge3deg|open|t=10|S=100|F=0.1|FrontOnlyThroughMask,38400,2477134.093788968,0.7260316798666111,0.7222617106992475,0.5971614583333333,1.2847978606000026,100.01573593541787,0.9177083333333333,-31.445265931673454,2.6311165374124648,-0.1167790282590134,0.8842692431674042,1.041626676009974,3.4794057592674137,60.798585833205465,60.844136007239214,2.4160021092391863,128,0,0.9995833333333334,0.7257291666666666,0.7219587194895057,0.181953125,0.20169270833333333,0.2738541666666667
head1m|edge3deg|open|t=10|S=100|F=0.2|BareCrystalAllFaces,38400,2477134.093788968,0.11688311688311688,0.09091971490867648,0.268203125,670.4747680138338,100.01573593541787,1.0,-53.85855406190238,2.6838542589195917,14.273868043846118,0.19632897780281905,1.041626676009974,4.027544989149015,70.3607462307552,70.26794232303689,2.2009148279312933,128,0,0.010026041666666667,0.001171875,0.0009001891634856202,0.001015625,0.007942708333333333,0.008854166666666666
head1m|edge3deg|open|t=10|S=100|F=0.2|FrontOnlyThroughMask,38400,2477134.093788968,0.7282456093878308,0.7244533802664928,0.5922135416666666,2.569595721200005,100.01573593541787,0.9175260416666666,-31.64435206727022,2.531311629399772,-0.13853470317668315,0.8590713419229488,1.041626676009974,3.4871208380149845,60.93324639094089,60.917119246295314,2.361336456248568,128,0,0.9830989583333334,0.7159375,0.7121271391821649,0.17984375,0.19934895833333333,0.2671614583333333
head1m|edge3deg|open|t=10|S=100|ideal,38400,2477134.093788968,,,0.5988802083333333,0,100.01573593541787,0.9159895833333334,-31.183454728231524,2.8989294363936793,-0.11235857996539424,0.9831807929903691,1.041626676009974,3.466275907928247,60.56903050348749,60.79924242107549,2.6725417785819188,128,0,,,,,,
head1m|edge3deg|open|t=10|S=250|F=0.05|BareCrystalAllFaces,38400,6192835.23447242,0.376961926961927,0.37198439833559466,0.735,167.61869200345845,250.03933983854466,0.95203125,-21.434456927090302,2.459091435174308,5.258677662331445,0.3096150414551283,1.041626676009974,2.8784305048565537,50.2947935301673,50.246085210840576,2.778018118191932,128,0,0.6703125,0.25268229166666667,0.2490356152632555,0.22658854166666667,0.58734375,0.4176302083333333
head1m|edge3deg|open|t=10|S=250|F=0.05|FrontOnlyThroughMask,38400,6192835.23447242,0.9271875,0.9249695362674889,0.814453125,0.6423989303000013,250.03933983854466,0.8738541666666667,-16.785610775992946,2.6152172928292523,-0.28063791109079406,0.2957273360789994,1.041626676009974,2.763446263164666,48.28768031510384,48.286744726568,3.013505412408002,128,0,1.0,0.9271875,0.9249695362674889,0.8433854166666667,0.8992708333333334,0.0728125
head1m|edge3deg|open|t=10|S=250|F=0.1|BareCrystalAllFaces,38400,6192835.23447242,0.35649332196646777,0.34983982069902664,0.6201302083333333,335.2373840069169,250.03933983854466,0.98859375,-28.253200660855907,2.7851657633749167,8.733612565886455,0.3896513535890113,1.041626676009974,3.0991830378324523,54.1491481110304,54.15759856413007,2.7292009720445924,128,0,0.3665625,0.13067708333333333,0.1278556341020203,0.11268229166666667,0.30940104166666665,0.23588541666666665
head1m|edge3deg|open|t=10|S=250|F=0.1|FrontOnlyThroughMask,38400,6192835.23447242,0.9262239583333334,0.9239928087519015,0.81015625,1.2847978606000026,250.03933983854466,0.8745833333333334,-17.160777191302614,2.56308568120475,-0.25269174902644526,0.30552288631223157,1.041626676009974,2.786530929002522,48.69106314693756,49.110621020056215,2.979465004680225,128,0,1.0,0.9262239583333334,0.9239928087519015,0.842734375,0.8979427083333333,0.07377604166666667
head1m|edge3deg|open|t=10|S=250|F=0.2|BareCrystalAllFaces,38400,6192835.23447242,0.3094040247678019,0.2988122598404515,0.44809895833333335,670.4747680138338,250.03933983854466,0.99953125,-39.85654153905722,2.6041151167534684,12.40376058650263,0.28509677700313835,1.041626676009974,3.5208399318034975,61.512342409056444,61.70173620083146,2.244611350336495,128,0,0.13458333333333333,0.041640625,0.03997647086289159,0.036744791666666665,0.11559895833333333,0.09294270833333333
head1m|edge3deg|open|t=10|S=250|F=0.2|FrontOnlyThroughMask,38400,6192835.23447242,0.9264005000390656,0.9241716696576548,0.8086197916666666,2.569595721200005,250.03933983854466,0.875078125,-17.22829408116002,3.078183095895178,-0.2623356560957388,0.309511873951314,1.041626676009974,2.7888646462455267,48.731809063341956,49.17144387889355,3.488297239567279,128,0,0.999921875,0.926328125,0.9240983956243958,0.8391145833333333,0.89421875,0.07359375
head1m|edge3deg|open|t=10|S=250|ideal,38400,6192835.23447242,,,0.8121614583333333,0,250.03933983854466,0.878203125,-16.94853943839393,2.7253404015161773,-0.21587434595071137,0.3108678538947698,1.041626676009974,2.773425405406514,48.462114558128256,48.59747227141966,3.117953682488245,128,0,,,,,,
head1m|edge3deg|open|t=10|S=25|F=0.05|BareCrystalAllFaces,38400,619283.523447242,0.059907834101382486,0.035795992131442876,0.24916666666666668,167.61869200345845,25.003933983854466,0.99765625,-55.76729530827602,2.5331813777649526,11.998961789191084,0.3213864167661265,1.041626676009974,4.07492137192884,71.18784254244083,71.15218305713339,1.9733138958749405,128,0,0.005651041666666667,0.0003385416666666667,0.0002002606751686466,0.00013020833333333333,0.002994791666666667,0.0053125
head1m|edge3deg|open|t=10|S=25|F=0.05|FrontOnlyThroughMask,38400,619283.523447242,0.2914864794456312,0.2876699341902156,0.23341145833333332,0.6423989303000013,25.003933983854466,0.9783072916666666,-47.78831462455402,2.6908264184903685,-8.511441701082001,1.6985363333460073,1.041626676009974,4.13809697812919,72.31267122027448,72.36988669835108,2.1781871502790313,128,0,0.9996354166666667,0.29138020833333333,0.28756477441186473,0.001979166666666667,0.0025,0.7082552083333333
head1m|edge3deg|open|t=10|S=25|F=0.1|BareCrystalAllFaces,38400,619283.523447242,0.060240963855421686,0.03304351096761401,0.22348958333333332,335.2373840069169,25.003933983854466,0.999921875,-58.34412805102982,2.3995390459129267,13.512459839843192,0.2328797262248112,1.041626676009974,4.178626712855166,72.99880654862463,72.93284449922041,1.8309684168748066,128,0,0.004322916666666667,0.00026041666666666666,0.00014129318342801184,0.00015625,0.0027604166666666667,0.0040625
head1m|edge3deg|open|t=10|S=25|F=0.1|FrontOnlyThroughMask,38400,619283.523447242,0.28594766936312616,0.2821314238785286,0.22890625,1.2847978606000026,25.003933983854466,0.978515625,-47.924254231920294,2.57102481519509,-8.189703664944105,1.7632016639346495,1.041626676009974,4.14028929806419,72.35094007616216,72.23546804457922,2.0755221074446664,128,0,0.9883072916666666,0.28260416666666666,0.27882391138285784,0.0017708333333333332,0.002265625,0.705703125
head1m|edge3deg|open|t=10|S=25|F=0.2|BareCrystalAllFaces,38400,619283.523447242,0.06060606060606061,0.03051111784158933,0.20434895833333333,670.4747680138338,25.003933983854466,1.0,-60.05063182080763,2.449421065129562,14.563234742993833,0.1498824345742123,1.041626676009974,4.249742937392751,74.24077388174989,74.07285292889159,1.9265587436554052,128,0,0.0034375,0.00020833333333333335,0.00010367133577899776,0.00018229166666666667,0.0026822916666666666,0.0032291666666666666
head1m|edge3deg|open|t=10|S=25|F=0.2|FrontOnlyThroughMask,38400,619283.523447242,0.2988490541076862,0.29451683334465434,0.220390625,2.569595721200005,25.003933983854466,0.9791927083333334,-48.14904552170219,2.216654883064589,-7.816540061531109,1.644283683852672,1.041626676009974,4.143020702582478,72.39858296460726,72.49584041812435,1.8052748573208799,128,0,0.7873958333333333,0.2353125,0.23175372075024153,0.001640625,0.00234375,0.5520833333333334
head1m|edge3deg|open|t=10|S=25|ideal,38400,619283.523447242,,,0.23278645833333333,0,25.003933983854466,0.977578125,-47.87513704153077,2.70454319928177,-8.578801156939104,1.6838776348789957,1.041626676009974,4.1442621889017,72.42053497733606,72.37952435366853,2.174239852173848,128,0,,,,,,
head1m|edge3deg|open|t=10|S=500|F=0.05|BareCrystalAllFaces,38400,12385670.46894484,0.5809149168967853,0.5767551046295422,0.8890625,167.61869200345845,500.0786796770893,0.9259375,-8.267115117200623,2.1663883579339007,2.179752977287642,0.18668941666656075,1.041626676009974,2.152603919601129,37.61459702968658,37.82419868924188,3.2028344119768395,128,0,0.9996354166666667,0.580703125,0.5765437949717076,0.5806510416666667,0.9994270833333333,0.4189322916666667
head1m|edge3deg|open|t=10|S=500|F=0.05|FrontOnlyThroughMask,38400,12385670.46894484,0.9733072916666666,0.9719145318830451,0.8988802083333334,0.6423989303000013,500.0786796770893,0.8819270833333334,-7.3225006005294935,2.1844780262288617,-0.30796189658802975,0.1848802040381052,1.041626676009974,2.1194798959026446,37.03591549580748,37.43794582383413,3.3302832885196705,128,0,1.0,0.9733072916666666,0.9719145318830451,0.9731770833333333,0.99984375,0.026692708333333332
head1m|edge3deg|open|t=10|S=500|F=0.1|BareCrystalAllFaces,38400,12385670.46894484,0.5194111175145387,0.5151908703034187,0.8548958333333333,335.2373840069169,500.0786796770893,0.966484375,-10.91291006194261,2.3796292498910883,4.219663765063176,0.24782003376065842,1.041626676009974,2.2697780911641856,39.66155969395091,40.050558681074804,3.3501973325114203,128,0,0.9941145833333334,0.5163541666666667,0.5121456503590185,0.5147916666666666,0.98984375,0.4777604166666667
head1m|edge3deg|open|t=10|S=500|F=0.1|FrontOnlyThroughMask,38400,12385670.46894484,0.974921875,0.973569476965474,0.901875,1.2847978606000026,500.0786796770893,0.88296875,-6.98622324055508,2.2935773448162027,-0.3216379443435795,0.18169952560265806,1.041626676009974,2.088979838328599,36.50298298365563,37.11731952905639,3.5152855770294997,128,0,1.0,0.974921875,0.973569476965474,0.9747395833333333,0.9997916666666666,0.025078125
head1m|edge3deg|open|t=10|S=500|F=0.2|BareCrystalAllFaces,38400,12385670.46894484,0.4531317995880356,0.44871004675968107,0.742890625,670.4747680138338,500.0786796770893,0.996015625,-18.157911735186932,2.5425839028219115,7.747790603557353,0.35210261358655826,1.041626676009974,2.580296653359619,45.084975077349156,45.15989240222248,3.1645177493079357,128,0,0.8976302083333333,0.40674479166666666,0.4026137937349269,0.3995052083333333,0.8759895833333333,0.4908854166666667
head1m|edge3deg|open|t=10|S=500|F=0.2|FrontOnlyThroughMask,38400,12385670.46894484,0.9731510416666667,0.971754447069216,0.89828125,2.569595721200005,500.0786796770893,0.8820572916666667,-7.41036727553412,2.2766670802188154,-0.34135216361690224,0.18411360713943625,1.041626676009974,2.125560951268229,37.142147951171516,37.1183523826775,3.3774739691770614,128,0,1.0,0.9731510416666667,0.971754447069216,0.97296875,0.9997916666666666,0.026848958333333332
head1m|edge3deg|open|t=10|S=500|ideal,38400,12385670.46894484,,,0.904140625,0,500.0786796770893,0.8847135416666667,-6.6968067520796914,2.3481038045005174,-0.30916228049757066,0.17140050963752337,1.041626676009974,2.0633041676925434,36.05438311344678,36.418471199967186,3.6303488154084764,128,0,,,,,,
head1m|edge3deg|open|t=10|S=50|F=0.05|BareCrystalAllFaces,38400,1238567.046894484,0.13452914798206278,0.10869558811130786,0.30927083333333333,167.61869200345845,50.00786796770893,0.9963020833333334,-51.109856184878524,2.3844107877893124,11.569377515072143,0.379131046014177,1.041626676009974,3.9402350759860987,68.83685715339891,68.82745938745144,1.959147143343662,128,0,0.011614583333333333,0.0015625,0.0012463351012493961,0.0009114583333333333,0.006953125,0.010052083333333333
head1m|edge3deg|open|t=10|S=50|F=0.05|FrontOnlyThroughMask,38400,1238567.046894484,0.47989478618678055,0.47568934565966814,0.39375,0.6423989303000013,50.00786796770893,0.954140625,-40.5339085819259,2.7143394757584365,-2.4980796925639637,1.2894292609054896,1.041626676009974,3.8403845886556764,67.10807566947634,67.07006861527861,2.3210164343874418,128,0,0.9999479166666667,0.47986979166666666,0.4756644708063084,0.022682291666666667,0.026588541666666667,0.520078125
head1m|edge3deg|open|t=10|S=50|F=0.1|BareCrystalAllFaces,38400,1238567.046894484,0.07480314960629922,0.049535132123374535,0.2578125,335.2373840069169,50.00786796770893,0.9996354166666667,-55.02247294979039,2.602038102890486,13.322409934154459,0.2351387627848296,1.041626676009974,4.0646744824426255,71.00924890793357,71.04651465761796,1.9493127104194201,128,0,0.006614583333333333,0.0004947916666666667,0.00032403262454585766,0.000234375,0.004166666666666667,0.006119791666666667
head1m|edge3deg|open|t=10|S=50|F=0.1|FrontOnlyThroughMask,38400,1238567.046894484,0.4765477933486718,0.4723355065400764,0.3865625,1.2847978606000026,50.00786796770893,0.9552083333333333,-40.957302625304706,2.813974217265597,-2.5187551065980127,1.3072783582649838,1.041626676009974,3.8585014888134235,67.42448782299314,67.50806032511638,2.3687983008487428,128,0,0.9960416666666667,0.47466145833333334,0.4704584182449199,0.022786458333333332,0.02606770833333333,0.5213802083333333
head1m|edge3deg|open|t=10|S=50|F=0.2|BareCrystalAllFaces,38400,1238567.046894484,0.07741935483870968,0.04527767638633556,0.22705729166666666,670.4747680138338,50.00786796770893,1.0,-58.00049168051845,2.576241199797041,14.518499175342008,0.1622185581671879,1.041626676009974,4.180804902261634,73.03709376405617,73.0240181062982,2.024532607191472,128,0,0.004036458333333334,0.0003125,0.00018032760484915498,0.00028645833333333333,0.002916666666666667,0.0037239583333333335
head1m|edge3deg|open|t=10|S=50|F=0.2|FrontOnlyThroughMask,38400,1238567.046894484,0.48912446922210345,0.484691684760515,0.3809375,2.569595721200005,50.00786796770893,0.9572135416666666,-41.393910796250886,2.9188318866175704,-2.4122199593231937,1.379247620815715,1.041626676009974,3.872028269037852,67.66064610261695,67.96625335128623,2.52302968573384,128,0,0.9015364583333333,0.4409635416666667,0.4367863482350296,0.02125,0.024947916666666667,0.46057291666666667
head1m|edge3deg|open|t=10|S=50|ideal,38400,1238567.046894484,,,0.4010416666666667,0,50.00786796770893,0.95359375,-39.87854154147401,3.03175928916165,-2.7578797643224875,1.4602614318974028,1.041626676009974,3.8121644647064636,66.61489111996832,66.62765121492288,2.590975140127251,128,0,,,,,,
head1m|edge3deg|open|t=10|default|F=0.05|BareCrystalAllFaces,38400,1000000,0.07763975155279502,0.05455230020209917,0.28520833333333334,167.61869200345845,40.375584101882865,0.9961458333333333,-53.262700898451534,2.363684578246523,11.692106655522522,0.35260921842941106,1.041626676009974,4.011955284764358,70.08916798006949,70.06422730490539,1.938021736131829,128,0,0.008385416666666666,0.0006510416666666666,0.0004526985418597762,0.0005208333333333333,0.005130208333333333,0.007734375
head1m|edge3deg|open|t=10|default|F=0.05|FrontOnlyThroughMask,38400,1000000,0.4156726912860045,0.41152756355331577,0.33502604166666666,0.6423989303000013,40.375584101882865,0.9619791666666667,-43.28157435588785,2.8671095147494507,-4.081339856235541,1.5653663598339318,1.041626676009974,3.953482949082275,69.08479774667671,69.05391038220029,2.389411601349695,128,0,0.9999479166666667,0.41565104166666667,0.4115060543983906,0.011588541666666667,0.01375,0.584296875
head1m|edge3deg|open|t=10|default|F=0.1|BareCrystalAllFaces,38400,1000000,0.12060301507537688,0.08457031028259485,0.24302083333333332,335.2373840069169,40.375584101882865,0.9996614583333333,-56.14528607171503,2.588099809109302,13.411776466978099,0.22047430752457942,1.041626676009974,4.099589926033472,71.61869336208915,71.46132001454382,2.049281643168027,128,0,0.005182291666666667,0.000625,0.00043100075755612825,0.0004427083333333333,0.003463541666666667,0.004557291666666667
head1m|edge3deg|open|t=10|default|F=0.1|FrontOnlyThroughMask,38400,1000000,0.40549179898338833,0.4013502203365191,0.33057291666666666,1.2847978606000026,40.375584101882865,0.963984375,-43.51151360376403,2.9709709319734627,-3.919204061457775,1.645648654009132,1.041626676009974,3.95329147552025,69.08141085264002,69.08412413148608,2.3812669172114784,128,0,0.99390625,0.40302083333333333,0.3988961002585285,0.0109375,0.013151041666666667,0.5908854166666667
head1m|edge3deg|open|t=10|default|F=0.2|BareCrystalAllFaces,38400,1000000,0.0949367088607595,0.05943411167454338,0.2159375,670.4747680138338,40.375584101882865,1.0,-58.72405185207034,2.350530133263671,14.569386524029566,0.14062467787841526,1.041626676009974,4.199656266878382,73.36611911118227,73.40467905519253,1.8516609544750275,128,0,0.004114583333333333,0.000390625,0.00024080476280701838,0.0003385416666666667,0.002994791666666667,0.0037239583333333335
head1m|edge3deg|open|t=10|default|F=0.2|FrontOnlyThroughMask,38400,1000000,0.4291418963550111,0.42467059042521993,0.3284375,2.569595721200005,40.375584101882865,0.963828125,-43.553870495735474,2.98948492623438,-4.005363880168937,1.7186746608372978,1.041626676009974,3.9561289225971685,69.13105817651073,68.92898218894905,2.4076599375711543,128,0,0.86734375,0.37221354166666665,0.3681502074621803,0.010859375,0.013333333333333334,0.4951302083333333
head1m|edge3deg|open|t=10|default|ideal,38400,1000000,,,0.339765625,0,40.375584101882865,0.9616666666666667,-43.22702498715576,2.532478637790307,-3.9830685549664886,1.4728576172988466,1.041626676009974,3.9557660546012587,69.12490489512919,69.23414637804237,2.072557089655295,128,0,,,,,,
head1m|edge3deg|open|t=60|S=1000|F=0.05|BareCrystalAllFaces,38400,4128556.822981613,0.69046875,0.686564685823309,0.92,1005.7121520207509,1000.1573593541787,0.9963541666666667,-3.7905860652432,1.9287261273660936,5.089101094328566,0.23914843308772085,1.041626676009974,1.6229620878284534,28.360459894291886,28.0771737714918,3.604320919174234,128,0,1.0,0.69046875,0.686564685823309,0.69046875,1.0,0.30953125
head1m|edge3deg|open|t=60|S=1000|F=0.05|FrontOnlyThroughMask,38400,4128556.822981613,0.9942708333333333,0.9935957218398792,0.965234375,3.854393581800008,1000.1573593541787,0.9291927083333333,0.999238241678111,1.3190780411171248,-0.21471523937866538,0.09906266051445047,1.041626676009974,1.2632614645343323,22.07598433813477,21.890439606777566,3.3346232344940274,128,0,1.0,0.9942708333333333,0.9935957218398792,0.9942708333333333,1.0,0.005729166666666666
head1m|edge3deg|open|t=60|S=1000|F=0.1|BareCrystalAllFaces,38400,4128556.822981613,0.5608400730498304,0.5566541782100303,0.751015625,2011.4243040415017,1000.1573593541787,1.0,-15.840802372373481,2.521195711507946,9.735265969041496,0.3798774613924372,1.041626676009974,2.3420764799276057,40.9224462921349,41.29657328232586,3.3676723219396054,128,0,0.9981770833333333,0.5598177083333333,0.5556346594381414,0.5594010416666667,0.996953125,0.438359375
head1m|edge3deg|open|t=60|S=1000|F=0.1|FrontOnlyThroughMask,38400,4128556.822981613,0.9940625,0.9933760718099757,0.9665625,7.708787163600016,1000.1573593541787,0.9314322916666666,1.176502523098048,1.4204029912835985,-0.22237382479737536,0.09735019869776355,1.041626676009974,1.238076179975481,21.63597576018569,21.849457653857733,3.5332069834424518,128,0,1.0,0.9940625,0.9933760718099757,0.9940625,1.0,0.0059375
head1m|edge3deg|open|t=60|S=1000|F=0.2|BareCrystalAllFaces,38400,4128556.822981613,0.46119740896798944,0.4565865527134244,0.4942708333333333,4022.8486080830035,1000.1573593541787,1.0,-36.021795236715526,3.3775321217174685,14.68783726504636,0.15861151525011313,1.041626676009974,3.3221690066789775,58.041734763875354,58.68115201868373,3.2646506322119477,128,0,0.8281770833333333,0.381953125,0.3778685126075383,0.381953125,0.8281770833333333,0.44622395833333334
head1m|edge3deg|open|t=60|S=1000|F=0.2|FrontOnlyThroughMask,38400,4128556.822981613,0.9939583333333334,0.993266322417675,0.9627604166666667,15.417574327200033,1000.1573593541787,0.927734375,0.6875969215784962,1.5155233058254047,-0.2041138680619798,0.10657109785704443,1.041626676009974,1.3029381475204518,22.769185170519552,22.87954323399709,3.6356982677827108,128,0,1.0,0.9939583333333334,0.993266322417675,0.9939583333333334,1.0,0.0060416666666666665
head1m|edge3deg|open|t=60|S=1000|ideal,38400,4128556.822981613,,,0.9651822916666667,0,1000.1573593541787,0.9286458333333333,0.9974945422922716,1.438707439089539,-0.22652835727191659,0.10816184921563421,1.041626676009974,1.262382594308313,22.06064237991198,21.900959922281558,3.5495398033382264,128,0,,,,,,
head1m|edge3deg|open|t=60|S=100|F=0.05|BareCrystalAllFaces,38400,412855.6822981613,0.10819672131147541,0.08024784174274315,0.248359375,1005.7121520207509,100.01573593541787,1.0,-56.28960261123025,3.0706414020061206,14.83079406008931,0.13539005092968906,1.041626676009974,4.127651377918891,72.10899481038787,72.17301705746287,2.26857673413638,128,0,0.007942708333333333,0.000859375,0.0006290405619783767,0.0007291666666666667,0.0059375,0.007083333333333333
head1m|edge3deg|open|t=60|S=100|F=0.05|FrontOnlyThroughMask,38400,412855.6822981613,0.744027972027972,0.7402029418001493,0.5882291666666667,3.854393581800008,100.01573593541787,0.9197916666666667,-31.748388601037018,2.8059981269716197,-0.17533604944257333,0.9032055605519853,1.041626676009974,3.4895341476082766,60.97553814186987,60.95721989122451,2.6440467394866705,128,0,0.9309895833333334,0.6926822916666666,0.6887858104782512,0.17197916666666666,0.18986979166666668,0.23830729166666667
head1m|edge3deg|open|t=60|S=100|F=0.1|BareCrystalAllFaces,38400,412855.6822981613,0.11016949152542373,0.07835185597522513,0.23325520833333332,2011.4243040415017,100.01573593541787,1.0,-58.97158610955102,3.015774737689449,15.163311801342317,0.04370910697334893,1.041626676009974,4.249562295486135,74.23807732393514,74.26900807457527,2.2049126530687224,128,0,0.006145833333333333,0.0006770833333333334,0.00047448322138911065,0.0004166666666666667,0.004661458333333333,0.00546875
head1m|edge3deg|open|t=60|S=100|F=0.1|FrontOnlyThroughMask,38400,412855.6822981613,0.7877293790546802,0.7835927759952359,0.5727083333333334,7.708787163600016,100.01573593541787,0.921796875,-32.556495955322,3.1788421446782755,0.21443726154214163,0.9642346623843879,1.041626676009974,3.5219403941390577,61.54165799409044,61.61096332261416,2.917954258305074,128,0,0.7024739583333334,0.553359375,0.5491705120928505,0.15588541666666667,0.17299479166666668,0.14911458333333333
head1m|edge3deg|open|t=60|S=100|F=0.2|BareCrystalAllFaces,38400,412855.6822981613,0.1056338028169014,0.06625021021748466,0.231953125,4022.8486080830035,100.01573593541787,1.0,-61.38275603837055,3.3369421469435765,15.17781008613561,0.012601486807315822,1.041626676009974,4.369838141865713,76.33879137363527,76.41879390386796,2.3524884596665423,128,0,0.0036979166666666666,0.000390625,0.00024080476280701838,0.000390625,0.0036979166666666666,0.0033072916666666667
head1m|edge3deg|open|t=60|S=100|F=0.2|FrontOnlyThroughMask,38400,412855.6822981613,0.8367993047364827,0.8319341556203521,0.5541145833333333,15.417574327200033,100.01573593541787,0.9246875,-33.1218176222545,3.2950697428521663,0.6540390393599254,1.0443376669747468,1.041626676009974,3.5307297858577367,61.6952957277352,61.82264902542724,3.009581783275065,128,0,0.4195052083333333,0.35104166666666664,0.347030706935984,0.13674479166666667,0.15234375,0.06846354166666667
head1m|edge3deg|open|t=60|S=100|ideal,38400,412855.6822981613,,,0.600859375,0,100.01573593541787,0.9158854166666667,-31.09888937127365,2.6765976691833093,-0.09755671507424825,0.8708816579309461,1.041626676009974,3.4617198283987807,60.48951815355775,60.56088298303726,2.5343725828529005,128,0,,,,,,
head1m|edge3deg|open|t=60|S=250|F=0.05|BareCrystalAllFaces,38400,1032139.2057454033,0.29292221443587946,0.27889629050558096,0.36161458333333335,1005.7121520207509,250.03933983854466,0.9999739583333334,-46.2867304557938,2.6548738970581898,13.92995033567756,0.2412305497032734,1.041626676009974,3.761576459616489,65.71649953594273,65.66177901591566,2.1997623132763575,128,0,0.07432291666666667,0.021770833333333333,0.020559681262929435,0.0184375,0.06013020833333333,0.05255208333333333
head1m|edge3deg|open|t=60|S=250|F=0.05|FrontOnlyThroughMask,38400,1032139.2057454033,0.9262606793081892,0.9240297939679721,0.8080729166666667,3.854393581800008,250.03933983854466,0.8774479166666667,-17.304337923997508,2.6256706279854893,-0.26317934397144915,0.3481267366962484,1.041626676009974,2.7942132024753987,48.825333330455756,48.97649340359884,3.0108904848607763,128,0,0.9997916666666666,0.9260677083333333,0.9238344308315101,0.8353385416666667,0.8909114583333333,0.07372395833333334
head1m|edge3deg|open|t=60|S=250|F=0.1|BareCrystalAllFaces,38400,1032139.2057454033,0.19670442842430483,0.1759086302674364,0.2875260416666667,2011.4243040415017,250.03933983854466,1.0,-53.424248585065484,3.0326359029573875,15.08385706129664,0.07979524128233181,1.041626676009974,4.040482381533564,70.58693096004637,70.39072219202964,2.442183597287419,128,0,0.025286458333333334,0.004973958333333334,0.00439835373809123,0.0040625,0.019973958333333333,0.0203125
head1m|edge3deg|open|t=60|S=250|F=0.1|FrontOnlyThroughMask,38400,1032139.2057454033,0.9248167539267016,0.9225605623693168,0.8038020833333334,7.708787163600016,250.03933983854466,0.879765625,-17.694624824288898,2.552993856727429,-0.1890334616969109,0.3733470983845047,1.041626676009974,2.8166157611200444,49.2167357886435,49.71798884796013,2.909555151812872,128,0,0.9947916666666666,0.92,0.9176862217739322,0.825,0.8804947916666667,0.07479166666666667
head1m|edge3deg|open|t=60|S=250|F=0.2|BareCrystalAllFaces,38400,1032139.2057454033,0.17391304347826086,0.14209652152083627,0.273125,4022.8486080830035,250.03933983854466,1.0,-57.05771255913274,4.057538913791029,15.189631676851429,0.013374478606459517,1.041626676009974,4.208934094333921,73.52882892354353,74.04252543355206,2.9603743779317417,128,0,0.009583333333333333,0.0016666666666666668,0.001339621145325473,0.0016666666666666668,0.009583333333333333,0.007916666666666667
head1m|edge3deg|open|t=60|S=250|F=0.2|FrontOnlyThroughMask,38400,1032139.2057454033,0.922634339541854,0.9203232378759124,0.7973697916666667,15.417574327200033,250.03933983854466,0.8794791666666667,-18.334503385438897,3.1938902144151324,-0.17442787440293675,0.3952113304501604,1.041626676009974,2.851087827586531,49.81900814480426,49.77946516192903,3.4919373811537566,128,0,0.973125,0.8978385416666667,0.8952610716512233,0.806953125,0.8657291666666667,0.07528645833333333
head1m|edge3deg|open|t=60|S=250|ideal,38400,1032139.2057454033,,,0.8144010416666667,0,250.03933983854466,0.8743489583333334,-16.765440867601093,2.799434748257892,-0.2970317318210237,0.347092424023458,1.041626676009974,2.762695241909822,48.27461763174633,48.59434411316069,3.1911774245658204,128,0,,,,,,
head1m|edge3deg|open|t=60|S=25|F=0.05|BareCrystalAllFaces,38400,103213.92057454033,0.05755395683453238,0.028957290475120162,0.2028125,1005.7121520207509,25.003933983854466,1.0,-60.92207962828636,2.544156195629367,14.927392585070006,0.1034941065307561,1.041626676009974,4.295205458245198,75.03494484075752,75.08033854053713,1.8758632178585364,128,0,0.0036197916666666666,0.00020833333333333335,0.00010367133577899776,0.00018229166666666667,0.0027864583333333335,0.003411458333333333
head1m|edge3deg|open|t=60|S=25|F=0.05|FrontOnlyThroughMask,38400,103213.92057454033,0.3327372969751155,0.32726829589767803,0.218984375,3.854393581800008,25.003933983854466,0.9810677083333333,-48.04942721032333,2.459701555523944,-7.337851633741932,1.5215319420974047,1.041626676009974,4.13533530341101,72.26414584063096,72.30548932706347,1.9671895740512495,128,0,0.524296875,0.174453125,0.17127290216655014,0.0016666666666666668,0.0022395833333333334,0.34984375
head1m|edge3deg|open|t=60|S=25|F=0.1|BareCrystalAllFaces,38400,103213.92057454033,0.04411764705882353,0.019384991142020715,0.20484375,2011.4243040415017,25.003933983854466,1.0,-62.06825104572025,3.0303010062434494,15.15889674756261,0.030230305266008665,1.041626676009974,4.3633859013322445,76.2257854526597,76.31079360050296,2.1836376071182126,128,0,0.0035416666666666665,0.00015625,6.804937404071531e-05,0.00013020833333333333,0.002734375,0.0033854166666666668
head1m|edge3deg|open|t=60|S=25|F=0.1|FrontOnlyThroughMask,38400,103213.92057454033,0.40096618357487923,0.39051556145399313,0.20419270833333333,7.708787163600016,25.003933983854466,0.980546875,-48.7004309497622,2.649609643496559,-5.884783070555221,1.7810453669160464,1.041626676009974,4.1487841311499425,72.49883983244769,72.58717433051876,2.1371073162382834,128,0,0.156328125,0.06268229166666667,0.06065917140849353,0.00140625,0.0022395833333333334,0.09364583333333333
head1m|edge3deg|open|t=60|S=25|F=0.2|BareCrystalAllFaces,38400,103213.92057454033,0.07339449541284404,0.03704226890068116,0.21044270833333334,4022.8486080830035,25.003933983854466,1.0,-63.491377096227254,3.6234955370100117,15.171776152933056,0.008617615389127826,1.041626676009974,4.444320461503043,77.63959522343595,77.63511701056278,2.485278390124825,128,0,0.0028385416666666667,0.00020833333333333335,0.00010367133577899776,0.00020833333333333335,0.0028385416666666667,0.0026302083333333334
head1m|edge3deg|open|t=60|S=25|F=0.2|FrontOnlyThroughMask,38400,103213.92057454033,0.42890262751159197,0.40602219120749217,0.18080729166666668,15.417574327200033,25.003933983854466,0.9841927083333334,-49.83739672081851,2.578758146301528,-4.073965193483126,1.8154899192577576,1.041626676009974,4.171715468464278,72.89862567778414,72.84676412068377,2.041215448451181,128,0,0.03369791666666667,0.014453125,0.013465566928498766,0.0011458333333333333,0.002265625,0.019244791666666667
head1m|edge3deg|open|t=60|S=25|ideal,38400,103213.92057454033,,,0.23700520833333333,0,25.003933983854466,0.9785677083333333,-47.395178098555796,2.604517260395004,-8.763679392767637,1.8046574540835747,1.041626676009974,4.124198576446242,72.06995084779585,72.123748540697,2.0202005086319605,128,0,,,,,,
head1m|edge3deg|open|t=60|S=500|F=0.05|BareCrystalAllFaces,38400,2064278.4114908066,0.418204849800941,0.41331218657791163,0.6201302083333333,1005.7121520207509,500.0786796770893,0.9997395833333333,-26.161148953520215,2.352717260953895,10.529862863319247,0.3240470928601292,1.041626676009974,2.9224271424881567,51.06027873489058,50.88722008603564,2.449756907451924,128,0,0.71953125,0.3009114583333333,0.2970597687628212,0.28606770833333334,0.6727604166666666,0.4186197916666667
head1m|edge3deg|open|t=60|S=500|F=0.05|FrontOnlyThroughMask,38400,2064278.4114908066,0.9736979166666667,0.9723147976138696,0.901171875,3.854393581800008,500.0786796770893,0.889921875,-7.0313034779630526,2.2924686583015412,-0.3472092899381571,0.18620214706626614,1.041626676009974,2.094630655145365,36.60173316052892,37.11157999034802,3.511100629658767,128,0,1.0,0.9736979166666667,0.9723147976138696,0.9736458333333333,0.9998697916666667,0.026302083333333334
head1m|edge3deg|open|t=60|S=500|F=0.1|BareCrystalAllFaces,38400,2064278.4114908066,0.36549657534246577,0.3581497859736387,0.4097395833333333,2011.4243040415017,500.0786796770893,1.0,-42.51657280741546,3.312650699594607,14.364483126652294,0.20301303373216406,1.041626676009974,3.6115036431752996,63.09532882109234,63.0380616542997,2.90595629686368,128,0,0.30416666666666664,0.111171875,0.10854207069232617,0.1,0.26875,0.19299479166666667
head1m|edge3deg|open|t=60|S=500|F=0.1|FrontOnlyThroughMask,38400,2064278.4114908066,0.9720052083333334,0.9705808555587265,0.8980729166666667,7.708787163600016,500.0786796770893,0.8833333333333333,-7.43171734269671,2.382070375936275,-0.3255630837669218,0.18010780331126647,1.041626676009974,2.126997965134608,37.167263230647926,37.114802435118094,3.541234565302415,128,0,1.0,0.9720052083333334,0.9705808555587265,0.971875,0.99984375,0.027994791666666668
head1m|edge3deg|open|t=60|S=500|F=0.2|BareCrystalAllFaces,38400,2064278.4114908066,0.3068662544744549,0.29315914728550896,0.3419270833333333,4022.8486080830035,500.0786796770893,1.0,-50.230065085014694,3.5392799934490444,15.188685701160306,0.03095046814103533,1.041626676009974,3.9446537363280667,68.9135577238498,68.94433347620247,2.799949757353132,128,0,0.08002604166666667,0.024557291666666668,0.023271798890676647,0.024557291666666668,0.08002604166666667,0.05546875
head1m|edge3deg|open|t=60|S=500|F=0.2|FrontOnlyThroughMask,38400,2064278.4114908066,0.9730989583333334,0.9717010881624041,0.8979427083333333,15.417574327200033,500.0786796770893,0.8835416666666667,-7.46873718875908,2.307989148562988,-0.29354349632940935,0.2026411792936397,1.041626676009974,2.1279205637169256,37.183379106192675,37.126865584655704,3.3902510694896,128,0,1.0,0.9730989583333334,0.9717010881624041,0.97296875,0.99984375,0.026901041666666667
head1m|edge3deg|open|t=60|S=500|ideal,38400,2064278.4114908066,,,0.90140625,0,500.0786796770893,0.885625,-7.01849677382253,2.120071292669244,-0.2930223432295069,0.18942393503284488,1.041626676009974,2.095914363054211,36.62414963007276,36.802514501590565,3.1976554811137197,128,0,,,,,,
head1m|edge3deg|open|t=60|S=50|F=0.05|BareCrystalAllFaces,38400,206427.84114908066,0.08426966292134831,0.05266203254598235,0.214609375,1005.7121520207509,50.00786796770893,1.0,-59.36680947692378,2.616411700373619,14.921743290207846,0.108812774138108,1.041626676009974,4.23618839366761,74.00430992127814,74.06701999435303,1.9790577613113334,128,0,0.004635416666666667,0.000390625,0.00024080476280701838,0.00028645833333333333,0.0031510416666666666,0.004244791666666667
head1m|edge3deg|open|t=60|S=50|F=0.05|FrontOnlyThroughMask,38400,206427.84114908066,0.5256175827327811,0.5206797813931386,0.37497395833333336,3.854393581800008,50.00786796770893,0.9562239583333333,-41.5557951777098,3.0056018164622818,-2.1898494250197316,1.3849069800297584,1.041626676009974,3.878417159627534,67.77268173869525,68.00526045650552,2.531112150738005,128,0,0.726328125,0.38177083333333334,0.37768660317733527,0.019557291666666667,0.023125,0.34455729166666665
head1m|edge3deg|open|t=60|S=50|F=0.1|BareCrystalAllFaces,38400,206427.84114908066,0.04827586206896552,0.022873604279266328,0.21411458333333333,2011.4243040415017,50.00786796770893,1.0,-60.939937478433706,3.3005189404885664,15.153000553525537,0.04028161496646168,1.041626676009974,4.319774229290132,75.46419444883807,75.55990300779,2.39239537950701,128,0,0.0037760416666666667,0.00018229166666666667,8.555812051616448e-05,0.00010416666666666667,0.0026822916666666666,0.00359375
head1m|edge3deg|open|t=60|S=50|F=0.1|FrontOnlyThroughMask,38400,206427.84114908066,0.6144166537206773,0.6073031494083092,0.3537239583333333,7.708787163600016,50.00786796770893,0.9609635416666666,-42.60657834954621,2.7446403867921356,-1.7408009286295936,1.6737762847057363,1.041626676009974,3.9142575194745417,68.39873194826663,68.57970175066836,2.247168297106199,128,0,0.33526041666666667,0.20598958333333334,0.20259839326691972,0.018671875,0.021536458333333335,0.12927083333333333
head1m|edge3deg|open|t=60|S=50|F=0.2|BareCrystalAllFaces,38400,206427.84114908066,0.028846153846153848,0.00790762131612641,0.22171875,4022.8486080830035,50.00786796770893,1.0,-62.62731688043631,3.7080208690878296,15.174048393715811,0.01050318651082553,1.041626676009974,4.415868548474797,77.14272081661407,77.17701766204023,2.5487875842518464,128,0,0.0027083333333333334,7.8125e-05,2.1294375927528334e-05,7.8125e-05,0.0027083333333333334,0.0026302083333333334
head1m|edge3deg|open|t=60|S=50|F=0.2|FrontOnlyThroughMask,38400,206427.84114908066,0.6650508967523024,0.6527598436185114,0.3231510416666667,15.417574327200033,50.00786796770893,0.9654947916666666,-44.06865913814566,2.458295719091392,-0.9411816003095006,1.3883353958090399,1.041626676009974,3.9656576270602044,69.29692946615882,69.63108842235044,2.1102772795508153,128,0,0.10744791666666667,0.07145833333333333,0.06930714911336106,0.012942708333333334,0.015859375,0.03598958333333333
head1m|edge3deg|open|t=60|S=50|ideal,38400,206427.84114908066,,,0.39677083333333335,0,50.00786796770893,0.9545833333333333,-40.59211584079752,2.5978639388984193,-2.694821331899634,1.4209009044685543,1.041626676009974,3.847131857521311,67.22612513963514,67.31734009596254,2.189792019911288,128,0,,,,,,
head1m|edge3deg|open|t=60|default|F=0.05|BareCrystalAllFaces,38400,1000000,0.25834314880251275,0.24409114083656858,0.3565364583333333,1005.7121520207509,242.2535046112972,0.9999739583333334,-46.84523397855174,2.6721254385586906,14.029058193389762,0.22537649252873765,1.041626676009974,3.78247545859255,66.08126131054372,66.03900251354827,2.241261891029544,128,0,0.066328125,0.017135416666666667,0.0160601735680898,0.014036458333333333,0.0528125,0.049192708333333335
head1m|edge3deg|open|t=60|default|F=0.05|FrontOnlyThroughMask,38400,1000000,0.9211773899452983,0.9188786125115938,0.8042447916666666,3.854393581800008,242.2535046112972,0.8801822916666666,-17.61195666671609,2.3836474961303744,-0.1701818725985866,0.3348457545967112,1.041626676009974,2.8127109064061315,49.14854824632849,49.469239277506546,2.7204807259200963,128,0,0.9997395833333333,0.9209375,0.9186358964085211,0.8150520833333333,0.8729166666666667,0.07880208333333333
head1m|edge3deg|open|t=60|default|F=0.1|BareCrystalAllFaces,38400,1000000,0.20278969957081544,0.1813076963242759,0.28848958333333335,2011.4243040415017,242.2535046112972,1.0,-53.18074225382658,2.9240294075227515,15.098989453416792,0.07537579696517353,1.041626676009974,4.02910869719415,70.38816753571504,70.55110769720541,2.2680364424506667,128,0,0.024270833333333332,0.004921875,0.004349359584078688,0.003932291666666666,0.019427083333333334,0.019348958333333333
head1m|edge3deg|open|t=60|default|F=0.1|FrontOnlyThroughMask,38400,1000000,0.9226759567278728,0.920390424997009,0.79953125,7.708787163600016,242.2535046112972,0.8808854166666666,-18.23151956791574,2.983272194762121,-0.19287246626366,0.3293541280677376,1.041626676009974,2.848845371423172,49.77982656680781,49.45918708356095,3.3004550379509006,128,0,0.9941927083333333,0.9173177083333334,0.9149696021858995,0.8105989583333333,0.867265625,0.076875
head1m|edge3deg|open|t=60|default|F=0.2|BareCrystalAllFaces,38400,1000000,0.1540785498489426,0.12233628814200599,0.26848958333333334,4022.8486080830035,242.2535046112972,1.0,-57.307651016524716,3.487180910082009,15.189553213965223,0.012911282520815151,1.041626676009974,4.217017196926781,73.67002908148241,73.51125445351488,2.5226540378603843,128,0,0.008619791666666666,0.001328125,0.001037864820476976,0.001328125,0.008619791666666666,0.007291666666666667
head1m|edge3deg|open|t=60|default|F=0.2|FrontOnlyThroughMask,38400,1000000,0.920782726045884,0.9184368360369308,0.793046875,15.417574327200033,242.2535046112972,0.882890625,-18.604275619727044,2.627886169155211,-0.1381323712194983,0.411575440555412,1.041626676009974,2.8665163181139657,50.088658531507924,50.15441494428926,2.9439323758697067,128,0,0.96484375,0.8884114583333333,0.885733810862394,0.7895572916666667,0.8471614583333333,0.07643229166666667
head1m|edge3deg|open|t=60|default|ideal,38400,1000000,,,0.8030989583333333,0,242.2535046112972,0.8751041666666667,-17.834521924791044,2.9763616539944975,-0.22952113258001955,0.3138188322700232,1.041626676009974,2.82722985212349,49.40217202286927,49.16795381207485,3.3227688923402607,128,0,,,,,,
head5m|centre|cs662|t=10|S=1000|F=0.05|BareCrystalAllFaces,38400,1385468397.5354178,1.0,0.9999219891817117,1.0,2.1417410162907036,998.7639223295871,1.0,-30.12104364611454,1.1045002225543985,-19.88497867050538,0.01566910000180316,1.041626676009974,0.44631828770078097,38.9494059989329,38.94818704920917,0.009998703374534549,128,0,1.0,1.0,0.9999219891817117,1.0,1.0,0.0
head5m|centre|cs662|t=10|S=1000|F=0.05|FrontOnlyThroughMask,38400,1385468397.5354178,1.0,0.9999219891817117,1.0,0.052479675660385576,998.7639223295871,1.0,-30.258679088411295,1.133116309433465,-19.88117182254504,0.03125743453219394,1.041626676009974,0.4463066258983375,38.94838827045402,38.94756402519418,0.010085853178638308,128,0,1.0,1.0,0.9999219891817117,1.0,1.0,0.0
head5m|centre|cs662|t=10|S=1000|F=0.1|BareCrystalAllFaces,38400,1385468397.5354178,1.0,0.9999219891817117,1.0,4.283482032581407,998.7639223295871,1.0,-30.276706169346834,1.208801135258679,-19.882904482581026,0.02755330983478071,1.041626676009974,0.44634842243148853,38.9520359277535,38.95162233611979,0.010379250577732329,128,0,1.0,1.0,0.9999219891817117,1.0,1.0,0.0
head5m|centre|cs662|t=10|S=1000|F=0.1|FrontOnlyThroughMask,38400,1385468397.5354178,1.0,0.9999219891817117,1.0,0.10495935132077115,998.7639223295871,1.0,-30.24134851475984,1.0764434822055013,-19.883599188186974,0.022028345469091368,1.041626676009974,0.4462998568220718,38.94779750793162,38.94757234384642,0.010184282659088955,128,0,1.0,1.0,0.9999219891817117,1.0,1.0,0.0
head5m|centre|cs662|t=10|S=1000|F=0.2|BareCrystalAllFaces,38400,1385468397.5354178,1.0,0.9999219891817117,1.0,8.566964065162814,998.7639223295871,1.0,-30.312804166884234,1.136322810143229,-19.886363636363676,0.0,1.041626676009974,0.4463700940856404,38.95392722886683,38.95270760598281,0.010242285433856059,128,0,1.0,1.0,0.9999219891817117,1.0,1.0,0.0
head5m|centre|cs662|t=10|S=1000|F=0.2|FrontOnlyThroughMask,38400,1385468397.5354178,1.0,0.9999219891817117,1.0,0.2099187026415423,998.7639223295871,1.0,-30.212176354617558,1.06011906772773,-19.882557081675344,0.02724024967888348,1.041626676009974,0.4463124409329516,38.94889575414519,38.94806340808148,0.0115908198264711,128,0,1.0,1.0,0.9999219891817117,1.0,1.0,0.0
head5m|centre|cs662|t=10|S=1000|ideal,38400,1385468397.5354178,,,1.0,0,998.7639223295871,1.0,-30.229687782332466,1.0199388248617272,-19.887399384469738,0.006711995417640786,1.041626676009974,0.44630988187746495,38.948672416301754,38.94829476921137,0.010809726188496911,128,0,,,,,,
head5m|centre|cs662|t=10|S=100|F=0.05|BareCrystalAllFaces,38400,138546839.7535418,0.9919659858622218,0.9911746771705566,0.9911458333333333,2.1417410162907036,99.87639223295874,1.0,-19.16983730392532,2.0168632284201773,-19.434933868286613,1.5174161376693522,1.041626676009974,0.5658735108658812,49.400361268877845,49.32195340269751,4.23694904315454,128,0,0.998359375,0.9903385416666667,0.9894763677861513,0.729375,0.7294270833333333,0.008020833333333333
head5m|centre|cs662|t=10|S=100|F=0.05|FrontOnlyThroughMask,38400,138546839.7535418,0.990703125,0.9898564062098155,0.9920572916666667,0.052479675660385576,99.87639223295874,1.0,-19.14191720572636,1.9516030490808498,-19.635567709426596,1.4763019450152053,1.041626676009974,0.5602800923132923,48.91120704335643,47.95565010421247,4.816757242467425,128,0,1.0,0.990703125,0.9898564062098155,0.7610677083333334,0.7612760416666666,0.009296875
head5m|centre|cs662|t=10|S=100|F=0.1|BareCrystalAllFaces,38400,138546839.7535418,0.9924551118588817,0.9916835839256375,0.9882552083333334,4.283482032581407,99.87639223295874,1.0,-19.70873198839885,2.1280256487253766,-18.934537752312508,1.800208594534248,1.041626676009974,0.5879368278680946,51.33047463149946,51.08315941268552,5.410219409503417,128,0,0.9905989583333333,0.983125,0.9820033494551276,0.7109895833333333,0.7112239583333333,0.007473958333333333
head5m|centre|cs662|t=10|S=100|F=0.1|FrontOnlyThroughMask,38400,138546839.7535418,0.9898697916666667,0.9889881814683139,0.9921354166666667,0.10495935132077115,99.87639223295874,1.0,-19.22665716446276,2.0475744955771504,-19.94080559834584,1.5064795767186931,1.041626676009974,0.5574452057592366,48.66301373059898,48.00733521826204,4.518783126422763,128,0,1.0,0.9898697916666667,0.9889881814683139,0.7663541666666667,0.766875,0.010130208333333333
head5m|centre|cs662|t=10|S=100|F=0.2|BareCrystalAllFaces,38400,138546839.7535418,0.9955200781949988,0.9949040878944942,0.9872395833333333,8.566964065162814,99.87639223295874,1.0,-20.341883265256833,2.184759708715833,-18.096427508046418,1.6319608947973727,1.041626676009974,0.5931937636566477,51.791023467508325,51.67421320714324,5.745222339470706,128,0,0.959140625,0.95484375,0.9530621497792364,0.6740625,0.67421875,0.004296875
head5m|centre|cs662|t=10|S=100|F=0.2|FrontOnlyThroughMask,38400,138546839.7535418,0.9909114583333334,0.9900737111278282,0.9923177083333333,0.2099187026415423,99.87639223295874,1.0,-19.108369337036525,1.9998824791330618,-19.67417944306061,1.3609081789448638,1.041626676009974,0.5579280480485498,48.70549567007276,48.475438723279936,4.383723121346332,128,0,1.0,0.9909114583333334,0.9900737111278282,0.7620572916666667,0.76234375,0.009088541666666667
head5m|centre|cs662|t=10|S=100|ideal,38400,138546839.7535418,,,0.991640625,0,99.87639223295874,1.0,-19.097114472761724,2.0905433320573454,-19.84875993639997,1.5113468898774436,1.041626676009974,0.5611139868972194,48.983877894587366,48.546881198871866,4.348405379673092,128,0,,,,,,
head5m|centre|cs662|t=10|S=250|F=0.05|BareCrystalAllFaces,38400,346367099.38385445,1.0,0.9999219891817117,0.9999739583333334,2.1417410162907036,249.69098058239678,1.0,-22.424781102584657,1.647804853650782,-19.656231536654463,0.45675368078985507,1.041626676009974,0.45501142096538044,39.708105503335844,39.69465033111791,0.2348241770580358,128,0,1.0,1.0,0.9999219891817117,0.999921875,0.999921875,0.0
head5m|centre|cs662|t=10|S=250|F=0.05|FrontOnlyThroughMask,38400,346367099.38385445,1.0,0.9999219891817117,1.0,0.052479675660385576,249.69098058239678,1.0,-22.162842493835353,1.6712409300291085,-19.685288809384446,0.48128750474240406,1.041626676009974,0.4550135329167709,39.708268665170934,39.685016688469375,0.15957269107866484,128,0,1.0,1.0,0.9999219891817117,0.9997135416666667,0.9997135416666667,0.0
head5m|centre|cs662|t=10|S=250|F=0.1|BareCrystalAllFaces,38400,346367099.38385445,1.0,0.9999219891817117,0.9999739583333334,4.283482032581407,249.69098058239678,1.0,-22.525045815868687,1.631887882674118,-19.472998372990983,0.5249779309076203,1.041626676009974,0.45477736779551564,39.687679013837915,39.67611113907266,0.2207491811556322,128,0,1.0,1.0,0.9999219891817117,0.999921875,0.999921875,0.0
head5m|centre|cs662|t=10|S=250|F=0.1|FrontOnlyThroughMask,38400,346367099.38385445,1.0,0.9999219891817117,1.0,0.10495935132077115,249.69098058239678,1.0,-22.204226710868916,1.6865039608791037,-19.662470329028515,0.4918313755028866,1.041626676009974,0.4550292164686331,39.70963743638121,39.70281273418967,0.13384791233914642,128,0,1.0,1.0,0.9999219891817117,0.9998697916666667,0.9998697916666667,0.0
head5m|centre|cs662|t=10|S=250|F=0.2|BareCrystalAllFaces,38400,346367099.38385445,1.0,0.9999219891817117,0.9999739583333334,8.566964065162814,249.69098058239678,1.0,-23.173146638036204,1.5405398372309838,-19.41276101504628,0.4771756568735067,1.041626676009974,0.45403565709172455,39.62295969012428,39.60750847339817,0.26742096968302775,128,0,1.0,1.0,0.9999219891817117,0.9998177083333334,0.9998177083333334,0.0
head5m|centre|cs662|t=10|S=250|F=0.2|FrontOnlyThroughMask,38400,346367099.38385445,1.0,0.9999219891817117,1.0,0.2099187026415423,249.69098058239678,1.0,-22.476951496205782,1.6538875920876077,-19.62157940808228,0.5495453341871298,1.041626676009974,0.45519401593842895,39.724020053395066,39.72191353013519,0.15463260118206085,128,0,1.0,1.0,0.9999219891817117,0.999765625,0.999765625,0.0
head5m|centre|cs662|t=10|S=250|ideal,38400,346367099.38385445,,,1.0,0,249.69098058239678,1.0,-22.34476700483024,1.7237974812587653,-19.782125848275328,0.47503879397282245,1.041626676009974,0.4549207889891647,39.70017460324167,39.69677604487279,0.15318766867633257,128,0,,,,,,
head5m|centre|cs662|t=10|S=25|F=0.05|BareCrystalAllFaces,38400,34636709.93838545,0.6529862836159412,0.6482586387181162,0.52203125,2.1417410162907036,24.969098058239684,1.0,-41.199135269553956,7.848264617420663,-49.67989551215756,7.250981830679475,1.041626676009974,2.2984363128614533,200.8565349751535,201.4766226508328,7.1003238931299455,128,0,0.723359375,0.47234375,0.4681418717893187,0.008619791666666666,0.008671875,0.251015625
head5m|centre|cs662|t=10|S=25|F=0.05|FrontOnlyThroughMask,38400,34636709.93838545,0.6065625,0.6024431175569853,0.5517447916666667,0.052479675660385576,24.969098058239684,1.0,-40.064038384330736,6.684661611212416,-52.76852840430054,8.47276174271283,1.041626676009974,2.243046235682767,196.0176573577186,195.54754950108088,8.08052961228533,128,0,1.0,0.6065625,0.6024431175569853,0.015026041666666667,0.015052083333333334,0.3934375
head5m|centre|cs662|t=10|S=25|F=0.1|BareCrystalAllFaces,38400,34636709.93838545,0.7420674268715914,0.7363393803846172,0.49854166666666666,4.283482032581407,24.969098058239684,1.0,-42.101961529709584,7.98769124862531,-48.842412512378466,8.44040822268858,1.041626676009974,2.351535106654041,205.49784403135592,206.41585676794108,7.187229097251103,128,0,0.42020833333333335,0.31182291666666667,0.3079321443764915,0.007578125,0.0076302083333333335,0.10838541666666666
head5m|centre|cs662|t=10|S=25|F=0.1|FrontOnlyThroughMask,38400,34636709.93838545,0.6018489583333333,0.5977214087458852,0.5503645833333334,0.10495935132077115,24.969098058239684,1.0,-40.30440042771142,6.970925764932396,-52.49882995134056,7.500419550618148,1.041626676009974,2.2476926692749264,196.42349046409055,196.91041936137043,7.768071718407965,128,0,1.0,0.6018489583333333,0.5977214087458852,0.013385416666666667,0.013385416666666667,0.39815104166666665
head5m|centre|cs662|t=10|S=25|F=0.2|BareCrystalAllFaces,38400,34636709.93838545,0.8368214004720692,0.829004012167208,0.45979166666666665,8.566964065162814,24.969098058239684,1.0,-43.74576051996655,8.38494023155025,-44.58288188903623,9.055298316010694,1.041626676009974,2.4158870651453253,211.11802124372127,211.30731295439438,7.777164353200915,128,0,0.16549479166666667,0.13848958333333333,0.13559747349869625,0.006614583333333333,0.00671875,0.027005208333333332
head5m|centre|cs662|t=10|S=25|F=0.2|FrontOnlyThroughMask,38400,34636709.93838545,0.6004947916666666,0.5963649693150254,0.5500520833333333,0.2099187026415423,24.969098058239684,1.0,-36.80239928377595,7.7331578422383105,-52.500746191425,7.010093211977784,1.041626676009974,2.2424026797066428,195.9597752190915,194.89050670383486,8.047768319673951,128,0,1.0,0.6004947916666666,0.5963649693150254,0.012942708333333334,0.013072916666666667,0.3995052083333333
head5m|centre|cs662|t=10|S=25|ideal,38400,34636709.93838545,,,0.5477864583333333,0,24.969098058239684,1.0,-40.11863033498992,7.751640864056729,-52.21918448013053,6.784017317098984,1.041626676009974,2.2457810254146344,196.25469803468587,195.4899074813548,7.576184339969147,128,0,,,,,,
head5m|centre|cs662|t=10|S=500|F=0.05|BareCrystalAllFaces,38400,692734198.7677089,1.0,0.9999219891817117,1.0,2.1417410162907036,499.38196116479355,1.0,-26.46508485604129,1.3735223970232924,-19.828765359742988,0.1689015255417771,1.041626676009974,0.4471006403334329,39.01768436119622,39.01114674260843,0.043050502555345226,128,0,1.0,1.0,0.9999219891817117,1.0,1.0,0.0
head5m|centre|cs662|t=10|S=500|F=0.05|FrontOnlyThroughMask,38400,692734198.7677089,1.0,0.9999219891817117,1.0,0.052479675660385576,499.38196116479355,1.0,-26.359303919059887,1.429373240562119,-19.83951718554301,0.1295346551714928,1.041626676009974,0.44703854469739,39.01226507614292,39.012351930117724,0.041679566933676894,128,0,1.0,1.0,0.9999219891817117,1.0,1.0,0.0
head5m|centre|cs662|t=10|S=500|F=0.1|BareCrystalAllFaces,38400,692734198.7677089,1.0,0.9999219891817117,1.0,4.283482032581407,499.38196116479355,1.0,-26.445054933313838,1.4908601001432766,-19.83050445894565,0.14062690700194522,1.041626676009974,0.44710967924653433,39.01847315727024,39.01465490451103,0.03904984570116646,128,0,1.0,1.0,0.9999219891817117,1.0,1.0,0.0
head5m|centre|cs662|t=10|S=500|F=0.1|FrontOnlyThroughMask,38400,692734198.7677089,1.0,0.9999219891817117,1.0,0.10495935132077115,499.38196116479355,1.0,-26.228059583068365,1.520053744282041,-19.79862901917221,0.1544239474861566,1.041626676009974,0.4471723041210679,39.02393873203464,39.01489610312678,0.04923877507187055,128,0,1.0,1.0,0.9999219891817117,1.0,1.0,0.0
head5m|centre|cs662|t=10|S=500|F=0.2|BareCrystalAllFaces,38400,692734198.7677089,1.0,0.9999219891817117,1.0,8.566964065162814,499.38196116479355,1.0,-26.804258361568987,1.3245199324173906,-19.805585426278267,0.15389364417237625,1.041626676009974,0.4471053151695161,39.01809218342293,39.01084382705813,0.04041343069010402,128,0,1.0,1.0,0.9999219891817117,1.0,1.0,0.0
head5m|centre|cs662|t=10|S=500|F=0.2|FrontOnlyThroughMask,38400,692734198.7677089,1.0,0.9999219891817117,1.0,0.2099187026415423,499.38196116479355,1.0,-26.26808623986728,1.6009452042980408,-19.826324909033946,0.14970591926348079,1.041626676009974,0.44717514304180955,39.024186487750306,39.018437317903114,0.04278673688751734,128,0,1.0,1.0,0.9999219891817117,1.0,1.0,0.0
head5m|centre|cs662|t=10|S=500|ideal,38400,692734198.7677089,,,1.0,0,499.38196116479355,1.0,-26.218942418129277,1.539229729831797,-19.822884986427024,0.14521807457688066,1.041626676009974,0.4470454231660079,39.01286540871502,39.011184853126174,0.04192762277268493,128,0,,,,,,
head5m|centre|cs662|t=10|S=50|F=0.05|BareCrystalAllFaces,38400,69273419.8767709,0.8959149101613485,0.8932304054449225,0.8542447916666667,2.1417410162907036,49.93819611647937,1.0,-24.547921704814055,4.6689558070202395,-24.49894308169841,4.545812294570285,1.041626676009974,1.3133511562004219,114.75051604207378,115.76966813558002,8.021931538058377,128,0,0.937734375,0.8401302083333333,0.8370219713691822,0.14979166666666666,0.149921875,0.09760416666666667
head5m|centre|cs662|t=10|S=50|F=0.05|FrontOnlyThroughMask,38400,69273419.8767709,0.881640625,0.8788947566728089,0.8697395833333333,0.052479675660385576,49.93819611647937,1.0,-24.040419666019233,4.362664033616394,-24.41208059448779,4.149722606448007,1.041626676009974,1.2520284460477111,109.39050091423132,109.32032025296493,8.239041713801505,128,0,1.0,0.881640625,0.8788947566728089,0.18989583333333335,0.19033854166666667,0.118359375
head5m|centre|cs662|t=10|S=50|F=0.1|BareCrystalAllFaces,38400,69273419.8767709,0.9298894196165675,0.9274404712767963,0.8388541666666667,4.283482032581407,49.93819611647937,1.0,-25.947531286870976,4.747850726712945,-23.422137874315094,4.890517838806579,1.041626676009974,1.3700909786782363,119.71005222231338,119.43334857927019,8.586574906804012,128,0,0.7959895833333334,0.7401822916666667,0.7364749231836427,0.13700520833333332,0.13721354166666666,0.05580729166666667
head5m|centre|cs662|t=10|S=50|F=0.1|FrontOnlyThroughMask,38400,69273419.8767709,0.8764322916666667,0.8736358998180753,0.8645572916666666,0.10495935132077115,49.93819611647937,1.0,-24.66492164871453,3.9732656691272736,-25.231320531118936,4.372647471735022,1.041626676009974,1.2752166198086075,111.41857561718722,111.90472773515704,8.948503275605422,128,0,1.0,0.8764322916666667,0.8736358998180753,0.18640625,0.18666666666666668,0.12356770833333333
head5m|centre|cs662|t=10|S=50|F=0.2|BareCrystalAllFaces,38400,69273419.8767709,0.9620288248337029,0.9598226103509662,0.8181770833333334,8.566964065162814,49.93819611647937,1.0,-28.579691808970118,5.378015204855303,-21.361524728553693,4.706827666805269,1.041626676009974,1.4501862553240386,126.71268749736069,126.14116022526974,8.440225857353399,128,0,0.56375,0.54234375,0.5381466126014904,0.11302083333333333,0.11315104166666666,0.02140625
head5m|centre|cs662|t=10|S=50|F=0.2|FrontOnlyThroughMask,38400,69273419.8767709,0.8789322916666666,0.8761599463188668,0.8670572916666667,0.2099187026415423,49.93819611647937,1.0,-25.011192316117455,4.569759250639816,-24.555134562556706,4.002124163116972,1.041626676009974,1.2572131643977027,109.842754211818,110.2490577244343,7.8924509251253365,128,0,1.0,0.8789322916666666,0.8761599463188668,0.18877604166666667,0.18901041666666665,0.12106770833333333
head5m|centre|cs662|t=10|S=50|ideal,38400,69273419.8767709,,,0.86578125,0,49.93819611647937,1.0,-24.638092448980636,4.9570771751544225,-24.639240724900773,4.499664005475827,1.041626676009974,1.2769124511420928,111.56679453362776,112.11458484833325,8.244723149680375,128,0,,,,,,
head5m|centre|cs662|t=10|default|F=0.05|BareCrystalAllFaces,38400,1000000,0.0734341252699784,0.05449575427798033,0.009036458333333334,2.1417410162907036,0.7208853872858222,1.0,-149.60866395070494,10.543868911269998,-282.08360007957236,5.113303400389919,1.041626676009974,4.299035152661239,375.95862822245186,376.04774504466695,3.9747555034180126,128,0,0.012057291666666666,0.0008854166666666666,0.0006513728994684757,0.0,0.0,0.011171875
head5m|centre|cs662|t=10|default|F=0.05|FrontOnlyThroughMask,38400,1000000,0.16082974137931033,0.15384846198378854,0.000390625,0.052479675660385576,0.7208853872858222,1.0,-263.48200428766864,5.7591302242241,-316.66418826941407,0.884465933726908,1.041626676009974,4.8768253475581504,426.6522989355914,426.67552817316846,2.274876589988423,128,0,0.19333333333333333,0.03109375,0.02965007826841232,0.0,0.0,0.16223958333333333
head5m|centre|cs662|t=10|default|F=0.1|BareCrystalAllFaces,38400,1000000,0.09230769230769231,0.06446687237755958,0.02390625,4.283482032581407,0.7208853872858222,1.0,-95.3643987893256,12.36023557933222,-216.70398462982666,8.560353555173458,1.041626676009974,3.826810844980571,334.5658328091558,334.39894245356334,4.630573905449026,128,0,0.0067708333333333336,0.000625,0.00043100075755612825,0.0,0.0,0.006145833333333333
head5m|centre|cs662|t=10|default|F=0.1|FrontOnlyThroughMask,38400,1000000,0.1851106639839034,0.1765047913000315,0.000390625,0.10495935132077115,0.7208853872858222,1.0,-260.5180959990533,6.626524720386666,-316.44797585227394,0.9616899730930781,1.041626676009974,4.862999480959969,425.4382653233614,425.56521309960124,2.4192114119424577,128,0,0.14236979166666666,0.026354166666666668,0.02502311933040298,0.0,0.0,0.116015625
head5m|centre|cs662|t=10|default|F=0.2|BareCrystalAllFaces,38400,1000000,0.08839779005524862,0.05623363258189039,0.04609375,8.566964065162814,0.7208853872858222,1.0,-70.14480381889642,10.402574553074025,-129.51093850760012,10.209642871137358,1.041626676009974,3.402523852566746,297.39320663703484,297.1342317389608,5.216702359966276,128,0,0.004713541666666667,0.0004166666666666667,0.00026136993531256764,0.0,0.0,0.004296875
head5m|centre|cs662|t=10|default|F=0.2|FrontOnlyThroughMask,38400,1000000,0.16151007663922792,0.15138039351678365,0.0004947916666666667,0.2099187026415423,0.7208853872858222,1.0,-252.94303714225603,7.103793533838636,-315.99198774858075,1.0653151092084998,1.041626676009974,4.830673296130144,422.600666721846,422.5970067263238,2.6361420573432874,128,0,0.09174479166666667,0.014817708333333334,0.013817758654408504,0.0,0.0,0.07692708333333333
head5m|centre|cs662|t=10|default|ideal,38400,1000000,,,0.000234375,0,0.7208853872858222,1.0,-266.9210332491586,5.56121522600857,-317.0262973156052,0.7663304550116529,1.041626676009974,4.890461319585765,427.84911627813216,428.018848740855,2.2014454901394314,128,0,,,,,,
head5m|centre|cs662|t=60|S=1000|F=0.05|BareCrystalAllFaces,38400,230911399.58923635,1.0,0.9999219891817117,1.0,12.850446097744221,998.7639223295874,1.0,-30.549528138708297,1.0830141523974404,-19.883594532549946,0.02206547449040979,1.041626676009974,0.44640592151189235,38.9570539606184,38.956620483866296,0.010744729831368798,128,0,1.0,1.0,0.9999219891817117,1.0,1.0,0.0
head5m|centre|cs662|t=60|S=1000|F=0.05|FrontOnlyThroughMask,38400,230911399.58923635,1.0,0.9999219891817117,1.0,0.31487805396231344,998.7639223295874,1.0,-30.34827881810044,1.1006808546905147,-19.882214751511007,0.026886172395279052,1.041626676009974,0.4463113886982645,38.94880391974457,38.948121832435724,0.010811742740366257,128,0,1.0,1.0,0.9999219891817117,1.0,1.0,0.0
head5m|centre|cs662|t=60|S=1000|F=0.1|BareCrystalAllFaces,38400,230911399.58923635,1.0,0.9999219891817117,1.0,25.700892195488443,998.7639223295874,1.0,-30.73596372145741,0.9224343189669847,-19.880833892506946,0.030909290539040905,1.041626676009974,0.4465029033146183,38.96551774279627,38.96340024926015,0.011864198681287892,128,0,1.0,1.0,0.9999219891817117,1.0,1.0,0.0
head5m|centre|cs662|t=60|S=1000|F=0.1|FrontOnlyThroughMask,38400,230911399.58923635,1.0,0.9999219891817117,1.0,0.6297561079246269,998.7639223295874,1.0,-30.217739989116215,1.0969413436265376,-19.886708885732364,0.0039060507167818603,1.041626676009974,0.4463054915844129,38.94828925912437,38.94792062589471,0.010404581067382256,128,0,1.0,1.0,0.9999219891817117,1.0,1.0,0.0
head5m|centre|cs662|t=60|S=1000|F=0.2|BareCrystalAllFaces,38400,230911399.58923635,1.0,0.9999219891817117,1.0,51.401784390976886,998.7639223295874,1.0,-31.27907152021845,0.8970922471895824,-19.883598099299657,0.022037025712125603,1.041626676009974,0.4466839615710094,38.98131900844672,38.98083083813539,0.010997907107737607,128,0,1.0,1.0,0.9999219891817117,1.0,1.0,0.0
head5m|centre|cs662|t=60|S=1000|F=0.2|FrontOnlyThroughMask,38400,230911399.58923635,1.0,0.9999219891817117,1.0,1.2595122158492538,998.7639223295874,1.0,-30.18717626814047,1.048703066307399,-19.883944307951417,0.022415947700269945,1.041626676009974,0.44630148616226906,38.94793970776043,38.94633347998554,0.010782579893405841,128,0,1.0,1.0,0.9999219891817117,1.0,1.0,0.0
head5m|centre|cs662|t=60|S=1000|ideal,38400,230911399.58923635,,,1.0,0,998.7639223295874,1.0,-30.238126006451264,1.1318399948876678,-19.88498028491596,0.015650835031105273,1.041626676009974,0.4462977772915041,38.947616019345965,38.94664862624624,0.010333713612443092,128,0,,,,,,
head5m|centre|cs662|t=60|S=100|F=0.05|BareCrystalAllFaces,38400,23091139.958923634,0.9962991213944684,0.9957226498411066,0.9851822916666667,12.850446097744221,99.87639223295874,1.0,-20.59790011664876,2.0607589339659818,-17.169675715935337,1.770180632686806,1.041626676009974,0.6031926517680138,52.66446782723991,51.83041509658311,5.2919494285950055,128,0,0.921796875,0.9183854166666666,0.9160508866426162,0.6403385416666667,0.6406770833333333,0.003411458333333333
head5m|centre|cs662|t=60|S=100|F=0.05|FrontOnlyThroughMask,38400,23091139.958923634,0.99109375,0.9902639399553891,0.9924739583333333,0.31487805396231344,99.87639223295874,1.0,-19.05267012030014,1.8242426181375846,-19.886833381351224,1.591660606456355,1.041626676009974,0.5551833552121063,48.46519035180203,47.80907777063274,4.926510767890765,128,0,1.0,0.99109375,0.9902639399553891,0.76171875,0.76203125,0.00890625
head5m|centre|cs662|t=60|S=100|F=0.1|BareCrystalAllFaces,38400,23091139.958923634,0.9965835882084987,0.9959833791037455,0.9741666666666666,25.700892195488443,99.87639223295874,1.0,-22.65293732855401,2.442039550070723,-15.084076617025806,2.4045571610438072,1.041626676009974,0.6855433641675817,59.867114539756884,59.79570352720829,7.308009467463586,128,0,0.8003645833333334,0.7976302083333333,0.7942282298156673,0.543984375,0.544296875,0.002734375
head5m|centre|cs662|t=60|S=100|F=0.1|FrontOnlyThroughMask,38400,23091139.958923634,0.989296875,0.9883921284292801,0.9913020833333334,0.6297561079246269,99.87639223295874,1.0,-19.188370079538387,2.0343208911625537,-19.73064192224079,1.499208153805155,1.041626676009974,0.567668307329969,49.558422307004555,49.616509820594786,4.630279493860577,128,0,1.0,0.989296875,0.9883921284292801,0.754375,0.7546614583333333,0.010703125
head5m|centre|cs662|t=60|S=100|F=0.2|BareCrystalAllFaces,38400,23091139.958923634,0.9955059990672829,0.9947210450791857,0.9504947916666666,51.401784390976886,99.87639223295874,1.0,-26.106389072470094,2.923268035411596,-11.532670158358432,3.1005322496531575,1.041626676009974,0.8267714635500993,72.21424819050425,71.36801736277286,8.163232862776153,128,0,0.6142447916666667,0.611484375,0.6073739475235571,0.38729166666666665,0.38776041666666666,0.0027604166666666667
head5m|centre|cs662|t=60|S=100|F=0.2|FrontOnlyThroughMask,38400,23091139.958923634,0.9896850824411971,0.9887958318749935,0.9909895833333333,1.2595122158492538,99.87639223295874,1.0,-18.975251008157805,2.0442954907838593,-19.522297694519622,1.4878196199303653,1.041626676009974,0.563055143105917,49.15347729384496,48.26094531471474,4.618907217067615,128,0,0.999765625,0.989453125,0.9885546236482646,0.7502604166666667,0.7505989583333333,0.0103125
head5m|centre|cs662|t=60|S=100|ideal,38400,23091139.958923634,,,0.9916666666666667,0,99.87639223295874,1.0,-18.96928242540685,2.0250422310062266,-19.806887872945346,1.618755016489098,1.041626676009974,0.5601251500020585,48.89695702401489,48.68022884790757,4.326987145686726,128,0,,,,,,
head5m|centre|cs662|t=60|S=250|F=0.05|BareCrystalAllFaces,38400,57727849.89730909,1.0,0.9999219871502063,1.0,12.850446097744221,249.69098058239686,1.0,-23.321267541845945,1.5900063494374466,-19.339428991271227,0.5370485391391312,1.041626676009974,0.45365563780810136,39.58976015436551,39.579259874864576,0.12526506425584727,128,0,0.9999739583333334,0.9999739583333334,0.9998764678836031,0.999765625,0.999765625,0.0
head5m|centre|cs662|t=60|S=250|F=0.05|FrontOnlyThroughMask,38400,57727849.89730909,1.0,0.9999219891817117,1.0,0.31487805396231344,249.69098058239686,1.0,-22.113762628090857,1.6670308246942074,-19.7359409310945,0.4660329120296663,1.041626676009974,0.45469740403819636,39.680679060347686,39.67309462886277,0.16107772242651566,128,0,1.0,1.0,0.9999219891817117,0.999609375,0.999609375,0.0
head5m|centre|cs662|t=60|S=250|F=0.1|BareCrystalAllFaces,38400,57727849.89730909,1.0,0.9999219891817117,0.9999739583333334,25.700892195488443,249.69098058239686,1.0,-24.714851357432412,1.5110388888981752,-19.0181132050853,0.5205099219282923,1.041626676009974,0.4532603073589366,39.555288133765025,39.54680636081066,0.23388925042805808,128,0,1.0,1.0,0.9999219891817117,0.9997395833333333,0.9997395833333333,0.0
head5m|centre|cs662|t=60|S=250|F=0.1|FrontOnlyThroughMask,38400,57727849.89730909,1.0,0.9999219891817117,0.9999479166666667,0.6297561079246269,249.69098058239686,1.0,-22.360786071163744,1.703186736392559,-19.639261954203146,0.5142379677580796,1.041626676009974,0.4552549515011732,39.72944040793976,39.670072848213195,0.39954332002378395,128,0,1.0,1.0,0.9999219891817117,0.9997135416666667,0.9997135416666667,0.0
head5m|centre|cs662|t=60|S=250|F=0.2|BareCrystalAllFaces,38400,57727849.89730909,0.9999739576551473,0.9998764646666939,1.0,51.401784390976886,249.69098058239686,1.0,-26.221634307286582,1.517806113613459,-18.586518828925335,0.6050054675692642,1.041626676009974,0.4525062237653678,39.4894453396064,39.472575255158745,0.11882359008342883,128,0,0.9999739583333334,0.9999479166666667,0.999836056211534,0.9986458333333333,0.9986458333333333,2.604166666666667e-05
head5m|centre|cs662|t=60|S=250|F=0.2|FrontOnlyThroughMask,38400,57727849.89730909,0.9999739583333334,0.9998764678836031,1.0,1.2595122158492538,249.69098058239686,1.0,-22.40409949535426,1.7599318082347604,-19.698716780918872,0.45908257073443826,1.041626676009974,0.45495812166516936,39.703432759273255,39.712660667172614,0.13628750300382922,128,0,1.0,0.9999739583333334,0.9998764678836031,0.9996614583333333,0.9996614583333333,2.604166666666667e-05
head5m|centre|cs662|t=60|S=250|ideal,38400,57727849.89730909,,,1.0,0,249.69098058239686,1.0,-22.110205391720193,1.8203826500646132,-19.724412749393277,0.4861795307818631,1.041626676009974,0.45461596107833907,39.673571256102264,39.66531471022893,0.14576648959385613,128,0,,,,,,
head5m|centre|cs662|t=60|S=25|F=0.05|BareCrystalAllFaces,38400,5772784.989730909,0.8554077501445922,0.845203473162841,0.42997395833333335,12.850446097744221,24.969098058239684,1.0,-44.79923355921488,7.981639539581676,-39.784510232615034,8.521228170524536,1.041626676009974,2.469240687415736,215.77888370087345,216.37880718237943,7.253220065980788,128,0,0.09005208333333334,0.07703125,0.0748037715585028,0.005182291666666667,0.005260416666666667,0.013020833333333334
head5m|centre|cs662|t=60|S=25|F=0.05|FrontOnlyThroughMask,38400,5772784.989730909,0.6034204077376297,0.5992932688734356,0.5497135416666666,0.31487805396231344,24.969098058239684,1.0,-39.49605769704337,6.72159107196772,-53.256308528656874,7.437197030307391,1.041626676009974,2.2470030426752747,196.36325933952168,196.71963949064758,7.366266143681274,128,0,0.99890625,0.6027604166666667,0.598634415290753,0.012265625,0.01234375,0.3961458333333333
head5m|centre|cs662|t=60|S=25|F=0.1|BareCrystalAllFaces,38400,5772784.989730909,0.8450834879406308,0.8257962263143378,0.3595052083333333,25.700892195488443,24.969098058239684,1.0,-50.47623714014533,10.014884452050612,-30.293753535867975,8.839744411655571,1.041626676009974,2.5747804507681593,224.99790714241485,224.70877176843004,6.771958171930452,128,0,0.028072916666666666,0.023723958333333333,0.022460201680133303,0.0027083333333333334,0.002734375,0.004348958333333333
head5m|centre|cs662|t=60|S=25|F=0.1|FrontOnlyThroughMask,38400,5772784.989730909,0.5991137997824298,0.5949427253337007,0.5428125,0.6297561079246269,24.969098058239684,1.0,-40.87688023909633,8.458966193921697,-52.42524336299232,8.197721432919023,1.041626676009974,2.2547002124213305,197.03486134787852,198.0139250545522,7.6870587404553445,128,0,0.981484375,0.5880208333333333,0.5838716085680489,0.013177083333333334,0.013255208333333334,0.3934635416666667
head5m|centre|cs662|t=60|S=25|F=0.2|BareCrystalAllFaces,38400,5772784.989730909,0.7521367521367521,0.7171012558578447,0.29239583333333335,51.401784390976886,24.969098058239684,1.0,-55.22705194876535,9.812938371757191,-14.461535130342586,10.711911726720132,1.041626676009974,2.658242416368173,232.28334716764633,231.95204815564966,7.231312301148225,128,0,0.0121875,0.009166666666666667,0.008381293589467558,0.0015885416666666667,0.001979166666666667,0.0030208333333333333
head5m|centre|cs662|t=60|S=25|F=0.2|FrontOnlyThroughMask,38400,5772784.989730909,0.6145540730337079,0.6102019599850143,0.52828125,1.2595122158492538,24.969098058239684,1.0,-40.518921010744535,7.729996317399651,-51.51759025197066,7.596464347302862,1.041626676009974,2.294050844414678,200.4745314040321,200.02153283733875,7.2455067375825095,128,0,0.89,0.546953125,0.542759198722226,0.012291666666666666,0.012317708333333333,0.343046875
head5m|centre|cs662|t=60|S=25|ideal,38400,5772784.989730909,,,0.555546875,0,24.969098058239684,1.0,-40.59876529524707,6.938331990063136,-51.83734692346751,8.368463305510897,1.041626676009974,2.224791935409284,194.41984862314635,193.10814826671526,8.05984273858739,128,0,,,,,,
head5m|centre|cs662|t=60|S=500|F=0.05|BareCrystalAllFaces,38400,115455699.79461817,1.0,0.9999219891817117,1.0,12.850446097744221,499.3819611647937,1.0,-27.010920122827326,1.328034658715698,-19.800784645696297,0.15345376439741087,1.041626676009974,0.4471704578807044,39.02377728689269,39.01757806092145,0.0402394763162046,128,0,1.0,1.0,0.9999219891817117,1.0,1.0,0.0
head5m|centre|cs662|t=60|S=500|F=0.05|FrontOnlyThroughMask,38400,115455699.79461817,1.0,0.9999219891817117,1.0,0.31487805396231344,499.3819611647937,1.0,-26.119042322894014,1.5307835195900037,-19.824962574651643,0.14985364578281485,1.041626676009974,0.44710106229816127,39.01772120224841,39.01312012978971,0.04011633656154533,128,0,1.0,1.0,0.9999219891817117,1.0,1.0,0.0
head5m|centre|cs662|t=60|S=500|F=0.1|BareCrystalAllFaces,38400,115455699.79461817,1.0,0.9999219891817117,1.0,25.700892195488443,499.3819611647937,1.0,-27.61782419081418,1.372767426586066,-19.800781911537968,0.1501244179087591,1.041626676009974,0.4472583704597311,39.03144944418272,39.02475983847304,0.03729836196684886,128,0,1.0,1.0,0.9999219891817117,1.0,1.0,0.0
head5m|centre|cs662|t=60|S=500|F=0.1|FrontOnlyThroughMask,38400,115455699.79461817,1.0,0.9999219891817117,1.0,0.6297561079246269,499.3819611647937,1.0,-26.410252840677444,1.5493215733855032,-19.837067694238897,0.1527552219565243,1.041626676009974,0.4471010232067826,39.017717792338445,39.00506290570011,0.04753187542199774,128,0,1.0,1.0,0.9999219891817117,1.0,1.0,0.0
head5m|centre|cs662|t=60|S=500|F=0.2|BareCrystalAllFaces,38400,115455699.79461817,1.0,0.9999219891817117,1.0,51.401784390976886,499.3819611647937,1.0,-28.680883130662764,1.3914535115272804,-19.735718501164207,0.16733420174295405,1.041626676009974,0.44759577259972366,39.0608950593094,39.05570257046444,0.035544149367773725,128,0,1.0,1.0,0.9999219891817117,1.0,1.0,0.0
head5m|centre|cs662|t=60|S=500|F=0.2|FrontOnlyThroughMask,38400,115455699.79461817,1.0,0.9999219891817117,1.0,1.2595122158492538,499.3819611647937,1.0,-26.45100426936243,1.5522244292663283,-19.832188104236256,0.15985948915231776,1.041626676009974,0.4471278489457746,39.020058948679306,39.0171437546326,0.040163505375020864,128,0,1.0,1.0,0.9999219891817117,1.0,1.0,0.0
head5m|centre|cs662|t=60|S=500|ideal,38400,115455699.79461817,,,1.0,0,499.3819611647937,1.0,-26.238716658246435,1.5805851344707915,-19.83396115264445,0.15928500478767094,1.041626676009974,0.44704302613272684,39.01265620132117,39.009376793832615,0.04448158736174907,128,0,,,,,,
head5m|centre|cs662|t=60|S=50|F=0.05|BareCrystalAllFaces,38400,11545569.979461817,0.9709360219068957,0.9686609068623354,0.7923697916666667,12.850446097744221,49.93819611647937,1.0,-28.562311374651035,5.5255363812151925,-19.747549043788798,5.8747764648970495,1.041626676009974,1.5252033757926056,133.26798167132503,133.71327773763653,8.468290503424438,128,0,0.4184375,0.40627604166666664,0.4021458187900691,0.09296875,0.09325520833333334,0.012161458333333333
head5m|centre|cs662|t=60|S=50|F=0.05|FrontOnlyThroughMask,38400,11545569.979461817,0.8771162160754284,0.8743261449984935,0.863984375,0.31487805396231344,49.93819611647937,1.0,-24.271483492642307,4.531649891154968,-24.796053916448837,4.633557774723193,1.041626676009974,1.2787024436500158,111.72247535700085,111.94412025817458,8.681608679065556,128,0,0.99984375,0.8769791666666666,0.8741880032151761,0.18921875,0.18950520833333334,0.12286458333333333
head5m|centre|cs662|t=60|S=50|F=0.1|BareCrystalAllFaces,38400,11545569.979461817,0.9767384615384616,0.9737960038161216,0.7340104166666667,25.700892195488443,49.93819611647937,1.0,-33.4101154132432,6.434147094297709,-15.306947469162704,6.068138296331277,1.041626676009974,1.6893588694048303,147.6123014501629,148.20398663959025,9.26606697758693,128,0,0.21158854166666666,0.20666666666666667,0.20327131442731133,0.05815104166666667,0.058515625,0.004921875
head5m|centre|cs662|t=60|S=50|F=0.1|FrontOnlyThroughMask,38400,11545569.979461817,0.8766798006419122,0.8738829330211965,0.8637239583333334,0.6297561079246269,49.93819611647937,1.0,-24.561029049622245,3.9344839637948192,-24.528696509603684,4.171310319226731,1.041626676009974,1.277114091630955,111.58328706647553,111.77323444842439,7.1730088532177625,128,0,0.9979947916666667,0.874921875,0.87211113397176,0.18729166666666666,0.18755208333333334,0.12307291666666667
head5m|centre|cs662|t=60|S=50|F=0.2|BareCrystalAllFaces,38400,11545569.979461817,0.9663707290825935,0.9610919280071356,0.6278645833333333,51.401784390976886,49.93819611647937,1.0,-39.75757510207336,7.166135269477776,-7.012058308263944,7.246575078658394,1.041626676009974,1.9495515456815944,170.34900158743736,169.47963028034988,9.260136878312185,128,0,0.096796875,0.09354166666666666,0.0911072047427812,0.02666666666666667,0.026979166666666665,0.0032552083333333335
head5m|centre|cs662|t=60|S=50|F=0.2|FrontOnlyThroughMask,38400,11545569.979461817,0.878342919239842,0.8755399704571857,0.8578125,1.2595122158492538,49.93819611647937,1.0,-24.753787431481044,4.186967047611042,-24.979107587296028,4.416532715569244,1.041626676009974,1.3046349939668591,113.99027427091762,113.94386351626287,8.306295547764412,128,0,0.9825260416666667,0.8629947916666667,0.8600752292761258,0.18080729166666668,0.18098958333333334,0.11953125
head5m|centre|cs662|t=60|S=50|ideal,38400,11545569.979461817,,,0.8684114583333333,0,49.93819611647937,1.0,-24.83839660329931,4.334324790359883,-24.339101010916718,4.401585315375468,1.041626676009974,1.2598419489047985,110.07240246211134,110.05191022779951,7.53013176412678,128,0,,,,,,
head5m|centre|cs662|t=60|default|F=0.05|BareCrystalAllFaces,38400,1000000,0.17406143344709898,0.13850620762226176,0.08140625,12.850446097744221,4.325312323714933,1.0,-61.27784751267008,9.846885124893227,-86.09735840391772,11.411014739451897,1.041626676009974,3.1810545939291446,278.00359391703324,278.58033924691847,5.138711460217208,128,0,0.0076302083333333335,0.001328125,0.001037864820476976,0.0,0.0,0.006302083333333333
head5m|centre|cs662|t=60|default|F=0.05|FrontOnlyThroughMask,38400,1000000,0.1977351347823249,0.1939975243983937,0.053385416666666664,0.31487805396231344,4.325312323714933,1.0,-100.24191541061667,10.317975095944812,-227.09248593519814,7.19768952890625,1.041626676009974,3.846285576235815,336.28373803123793,336.1736747850051,4.264597318445127,128,0,0.79796875,0.15778645833333332,0.15473271934297694,0.0,0.0,0.6401822916666666
head5m|centre|cs662|t=60|default|F=0.1|BareCrystalAllFaces,38400,1000000,0.1095890410958904,0.0699581735992738,0.08471354166666667,25.700892195488443,4.325312323714933,1.0,-61.60790100734909,11.489081293405063,-54.66806155082925,11.30155194404038,1.041626676009974,3.091908820506392,270.1976952569584,269.50985812185223,5.343382746370982,128,0,0.0038020833333333335,0.0004166666666666667,0.00026136993531256764,0.0,0.0,0.0033854166666666668
head5m|centre|cs662|t=60|default|F=0.1|FrontOnlyThroughMask,38400,1000000,0.1905670333238625,0.18645810989659173,0.057317708333333335,0.6297561079246269,4.325312323714933,1.0,-92.93475752808035,10.229837012040962,-218.20319172081025,9.124726419998549,1.041626676009974,3.7795846865942764,330.4391870256572,329.826947526596,5.5446306607819364,128,0,0.6415885416666667,0.122265625,0.1195240045389295,0.0,0.0,0.5193229166666666
head5m|centre|cs662|t=60|default|F=0.2|BareCrystalAllFaces,38400,1000000,0.11320754716981132,0.06663602074408756,0.08190104166666666,51.401784390976886,4.325312323714933,1.0,-64.08747833940059,12.446897275887043,-25.31211612100286,11.646420830398418,1.041626676009974,3.01199055453093,263.19789879208463,263.3158559867669,6.09963832909584,128,0,0.0027604166666666667,0.0003125,0.00018032760484915498,0.0,7.8125e-05,0.002447916666666667
head5m|centre|cs662|t=60|default|F=0.2|FrontOnlyThroughMask,38400,1000000,0.1834817012858556,0.1781433881810782,0.06135416666666667,1.2595122158492538,4.325312323714933,1.0,-85.34853416982328,10.533000298629695,-201.14033544264234,9.250782644005401,1.041626676009974,3.6859316847087165,322.2318293438313,322.6554250767357,4.965742228308268,128,0,0.36859375,0.06763020833333333,0.06553361932944604,0.0,0.0,0.30096354166666667
head5m|centre|cs662|t=60|default|ideal,38400,1000000,,,0.05067708333333333,0,4.325312323714933,1.0,-103.41903820102073,9.357400896055687,-236.34409463285186,7.529849982813591,1.041626676009974,3.8967152009333255,340.7025103333229,340.97986973507534,4.6557849758094,128,0,,,,,,
head5m|centre|open|t=10|S=1000|F=0.05|BareCrystalAllFaces,38400,551509757.9998616,1.0,0.9999219891817117,1.0,167.61869200345845,997.9996207830275,1.0,-33.78265315741231,0.010899357428364335,-19.87253958044164,0.0525942774427842,1.041626676009974,0.44923342203064975,39.20381505195434,39.202091958821654,0.013435779219207104,128,0,1.0,1.0,0.9999219891817117,1.0,1.0,0.0
head5m|centre|open|t=10|S=1000|F=0.05|FrontOnlyThroughMask,38400,551509757.9998616,1.0,0.9999219891817117,1.0,0.6423989303000013,997.9996207830275,1.0,-32.43494522961343,0.5048537137893429,-19.886363636363676,0.0,1.041626676009974,0.44652965419919677,38.967852321074346,38.967555588870766,0.008184013727511198,128,0,1.0,1.0,0.9999219891817117,1.0,1.0,0.0
head5m|centre|open|t=10|S=1000|F=0.1|BareCrystalAllFaces,38400,551509757.9998616,1.0,0.9999219891817117,1.0,335.2373840069169,997.9996207830275,1.0,-34.05406933838101,0.01361847128750723,-19.735554940507797,0.15412657656524628,1.041626676009974,0.452183511927339,39.461275333546276,39.46148065833268,0.027050964208814997,128,0,1.0,1.0,0.9999219891817117,1.0,1.0,0.0
head5m|centre|open|t=10|S=1000|F=0.1|FrontOnlyThroughMask,38400,551509757.9998616,1.0,0.9999219891817117,1.0,1.2847978606000026,997.9996207830275,1.0,-32.450879012571214,0.501680359269435,-19.886363636363676,0.0,1.041626676009974,0.44653508333282443,38.968326131144515,38.968978510955296,0.007304587664877725,128,0,1.0,1.0,0.9999219891817117,1.0,1.0,0.0
head5m|centre|open|t=10|S=1000|F=0.2|BareCrystalAllFaces,38400,551509757.9998616,1.0,0.9999219891817117,1.0,670.4747680138338,997.9996207830275,1.0,-34.599259106350395,0.019941480285083198,-17.816427177857065,0.6590281813361283,1.041626676009974,0.4612632036217585,40.25368375589558,40.250214309033126,0.10585683193970234,128,0,1.0,1.0,0.9999219891817117,1.0,1.0,0.0
head5m|centre|open|t=10|S=1000|F=0.2|FrontOnlyThroughMask,38400,551509757.9998616,1.0,0.9999219891817117,1.0,2.569595721200005,997.9996207830275,1.0,-32.467845018470136,0.51499981076145,-19.886363636363676,0.0,1.041626676009974,0.44654605650848933,38.96928377940488,38.9694946018014,0.007566047777600303,128,0,1.0,1.0,0.9999219891817117,1.0,1.0,0.0
head5m|centre|open|t=10|S=1000|ideal,38400,551509757.9998616,,,1.0,0,997.9996207830275,1.0,-32.472098431177464,0.4905231140927622,-19.886363636363676,0.0,1.041626676009974,0.4465353335878482,38.96834797126725,38.968578204077616,0.008229683151884517,128,0,,,,,,
head5m|centre|open|t=10|S=100|F=0.05|BareCrystalAllFaces,38400,55150975.79998616,0.9826719073580998,0.981210612717416,0.940703125,167.61869200345845,99.79996207830274,1.0,-36.168290641249406,3.078794494390181,6.312140588624308,1.849370592189556,1.041626676009974,0.7749330542959256,67.65834225881939,67.68587988536504,5.5474920116578055,128,0,0.616171875,0.6054947916666666,0.6013735242647698,0.40088541666666666,0.4034114583333333,0.010677083333333334
head5m|centre|open|t=10|S=100|F=0.05|FrontOnlyThroughMask,38400,55150975.79998616,0.99875,0.9984103258348922,0.9977083333333333,0.6423989303000013,99.79996207830274,1.0,-21.652143520538687,1.6354536239502488,-20.128215412264954,1.0604334899819823,1.041626676009974,0.5020935164872825,43.82173674373671,42.622031259398014,2.6305004546580206,128,0,1.0,0.99875,0.9984103258348922,0.879375,0.8794270833333333,0.00125
head5m|centre|open|t=10|S=100|F=0.1|BareCrystalAllFaces,38400,55150975.79998616,0.9685069246822234,0.9655639092968371,0.7963802083333333,335.2373840069169,99.79996207830274,1.0,-36.00197907650829,5.029849968547339,20.315366715335852,1.659843805339811,1.041626676009974,1.1807917853242833,103.10889194156934,103.10252231883132,5.647474211952396,128,0,0.27453125,0.26588541666666665,0.2621771218724139,0.12791666666666668,0.12934895833333335,0.008645833333333333
head5m|centre|open|t=10|S=100|F=0.1|FrontOnlyThroughMask,38400,55150975.79998616,0.9984373372226274,0.9980629313409526,0.9976041666666666,1.2847978606000026,99.79996207830274,1.0,-21.790692968600823,1.5575493000616916,-19.805838606645516,0.9596044679073252,1.041626676009974,0.5018075343802886,43.796704612859244,42.99538364602867,2.288564346650951,128,0,0.9998958333333333,0.9983333333333333,0.997948183177046,0.87578125,0.875859375,0.0015625
head5m|centre|open|t=10|S=100|F=0.2|BareCrystalAllFaces,38400,55150975.79998616,0.9162995594713657,0.907435077025988,0.510546875,670.4747680138338,99.79996207830274,1.0,-30.51036721095294,8.906173043091583,32.52268796188307,0.9858821109917103,1.041626676009974,1.714868421603177,149.7573428622217,150.0679192817562,5.320182713460428,128,0,0.07684895833333333,0.07041666666666667,0.06828015427750243,0.025130208333333334,0.025911458333333335,0.006432291666666667
head5m|centre|open|t=10|S=100|F=0.2|FrontOnlyThroughMask,38400,55150975.79998616,0.9983322475570032,0.9979468467465962,0.9972135416666666,2.569595721200005,99.79996207830274,1.0,-21.43258642740442,1.6301318140188898,-19.763022391206203,1.0958159955555284,1.041626676009974,0.5049716562758154,44.07399973091292,42.92131555496488,2.7985491843839942,128,0,0.9993489583333334,0.9976822916666667,0.9972362437635753,0.8671875,0.867265625,0.0016666666666666668
head5m|centre|open|t=10|S=100|ideal,38400,55150975.79998616,,,0.9977083333333333,0,99.79996207830274,1.0,-21.20400236865294,1.7587823785352044,-19.945792764959805,1.0536560832370863,1.041626676009974,0.49943187179077364,43.5886302483389,42.523338713270206,2.2063726746814174,128,0,,,,,,
head5m|centre|open|t=10|S=250|F=0.05|BareCrystalAllFaces,38400,137877439.4999654,1.0,0.9999219891817117,1.0,167.61869200345845,249.49990519575687,1.0,-34.573287374416225,0.08717294700560736,-10.842973410150169,1.238960279062307,1.041626676009974,0.4747145028133453,41.42762647955293,41.407555083834154,0.20136107571031797,128,0,1.0,1.0,0.9999219891817117,0.9999479166666667,0.9999479166666667,0.0
head5m|centre|open|t=10|S=250|F=0.05|FrontOnlyThroughMask,38400,137877439.4999654,1.0,0.9999219891817117,1.0,0.6423989303000013,249.49990519575687,1.0,-25.71546236510119,1.479991693869826,-19.786481298783528,0.382527322063631,1.041626676009974,0.4526604299526133,39.50290539360539,39.49597320899739,0.11784749418719792,128,0,1.0,1.0,0.9999219891817117,1.0,1.0,0.0
head5m|centre|open|t=10|S=250|F=0.1|BareCrystalAllFaces,38400,137877439.4999654,0.9995049117961279,0.9992736270597992,0.9997395833333333,335.2373840069169,249.49990519575687,1.0,-35.596595740111624,0.21778532758596908,0.21707481668710427,1.6677558233115546,1.041626676009974,0.5065679748544729,44.2077872217871,44.1170007958719,0.5648484740284443,128,0,0.9994010416666667,0.99890625,0.9985855409399517,0.9959635416666667,0.9963020833333334,0.0004947916666666667
head5m|centre|open|t=10|S=250|F=0.1|FrontOnlyThroughMask,38400,137877439.4999654,1.0,0.9999219891817117,1.0,1.2847978606000026,249.49990519575687,1.0,-25.87582595253463,1.3616827794031532,-19.82312319188867,0.40494823589869783,1.041626676009974,0.4524501675674624,39.484555050361514,39.485950650348144,0.11791902894858831,128,0,1.0,1.0,0.9999219891817117,1.0,1.0,0.0
head5m|centre|open|t=10|S=250|F=0.2|BareCrystalAllFaces,38400,137877439.4999654,0.9953274836326098,0.9946992322288387,0.9880729166666666,670.4747680138338,249.49990519575687,1.0,-36.88954140588921,1.3259701156451749,17.070504138562114,1.6471258539775453,1.041626676009974,0.6006086269973178,52.420023865941886,52.17347205559089,2.5345704708209076,128,0,0.9586197916666667,0.954140625,0.9523461970294804,0.8865885416666667,0.8883072916666667,0.004479166666666667
head5m|centre|open|t=10|S=250|F=0.2|FrontOnlyThroughMask,38400,137877439.4999654,1.0,0.9999219891817117,1.0,2.569595721200005,249.49990519575687,1.0,-25.783912502851496,1.3301317086477293,-19.768949738963205,0.38340365414749805,1.041626676009974,0.4523444506129957,39.475328726139615,39.472286150174924,0.1127139910593122,128,0,1.0,1.0,0.9999219891817117,1.0,1.0,0.0
head5m|centre|open|t=10|S=250|ideal,38400,137877439.4999654,,,1.0,0,249.49990519575687,1.0,-25.7682468163801,1.2815206717262,-19.841738657401876,0.39703494133074607,1.041626676009974,0.45271256461097437,39.507455390734485,39.51402619202785,0.12475481863956228,128,0,,,,,,
head5m|centre|open|t=10|S=25|F=0.05|BareCrystalAllFaces,38400,13787743.94999654,0.5375375375375375,0.49097846558772595,0.28619791666666666,167.61869200345845,24.949990519575685,1.0,-47.56278965658332,9.500391180985464,29.566347462305057,2.0869598153874334,1.041626676009974,2.123324201796103,185.45192227741472,185.51546302413607,4.6693906261011895,128,0,0.008671875,0.004661458333333333,0.004104643832340506,0.0008072916666666667,0.001328125,0.0040104166666666665
head5m|centre|open|t=10|S=25|F=0.05|FrontOnlyThroughMask,38400,13787743.94999654,0.6903406095117579,0.6864119511855239,0.6312760416666666,0.6423989303000013,24.949990519575685,1.0,-36.51928922430659,6.5842188442917635,-46.61919201200417,6.4799962244401454,1.041626676009974,2.034563065300013,177.79355801288722,178.27750018426343,8.261569494283577,128,0,0.9878125,0.6819270833333333,0.677994727848124,0.017682291666666666,0.017734375,0.3058854166666667
head5m|centre|open|t=10|S=25|F=0.1|BareCrystalAllFaces,38400,13787743.94999654,0.3282051282051282,0.2725818917054409,0.17473958333333334,335.2373840069169,24.949990519575685,1.0,-40.834993090005476,10.688104529644843,35.35775109592953,0.851257581728462,1.041626676009974,2.239712799156399,195.61095636556465,195.92352897407108,4.700397101570677,128,0,0.005078125,0.0016666666666666668,0.001339621145325473,0.00013020833333333333,0.0005208333333333333,0.003411458333333333
head5m|centre|open|t=10|S=25|F=0.1|FrontOnlyThroughMask,38400,13787743.94999654,0.7076170549649401,0.7036121132321245,0.6224739583333333,1.2847978606000026,24.949990519575685,1.0,-36.97152318285775,6.645867945480093,-45.063708984297634,7.193915671890573,1.041626676009974,2.056522542329348,179.71297317430907,180.89578676448224,8.122836903564785,128,0,0.9210416666666666,0.6517447916666667,0.647724403036928,0.019244791666666667,0.019270833333333334,0.269296875
head5m|centre|open|t=10|S=25|F=0.2|BareCrystalAllFaces,38400,13787743.94999654,0.23809523809523808,0.18130149017992314,0.08919270833333333,670.4747680138338,24.949990519575685,1.0,-30.744742185638017,11.527976756693235,37.99942226939769,0.4208162754803117,1.041626676009974,2.3226256883097265,202.84875709473565,203.20560920474924,4.243377711104029,128,0,0.003828125,0.0009114583333333333,0.0006737598577993919,0.00015625,0.00046875,0.002916666666666667
head5m|centre|open|t=10|S=25|F=0.2|FrontOnlyThroughMask,38400,13787743.94999654,0.7638539272554814,0.759595623398251,0.5996354166666666,2.569595721200005,24.949990519575685,1.0,-38.47024499156654,7.390110911088835,-46.049243743631365,7.8490874382766345,1.041626676009974,2.1194190797127845,185.21203072238774,184.26690431408255,7.940172201014312,128,0,0.713828125,0.5452604166666667,0.5410652692196645,0.0159375,0.015989583333333335,0.16856770833333334
head5m|centre|open|t=10|S=25|ideal,38400,13787743.94999654,,,0.6474479166666667,0,24.949990519575685,1.0,-37.156381848575776,6.146512767215973,-46.3563289471901,7.110160106557031,1.041626676009974,1.9980946359005047,174.60702203866597,175.33784109271056,7.729772265991639,128,0,,,,,,
head5m|centre|open|t=10|S=500|F=0.05|BareCrystalAllFaces,38400,275754878.9999308,1.0,0.9999219891817117,1.0,167.61869200345845,498.99981039151373,1.0,-34.0460027013489,0.06397600890385094,-18.66534910395399,0.5306405417963542,1.041626676009974,0.45433308346793505,39.64887589218102,39.639279941504356,0.09115901800630687,128,0,1.0,1.0,0.9999219891817117,1.0,1.0,0.0
head5m|centre|open|t=10|S=500|F=0.05|FrontOnlyThroughMask,38400,275754878.9999308,1.0,0.9999219891817117,1.0,0.6423989303000013,498.99981039151373,1.0,-29.8203884292455,0.916182219940224,-19.871745112210963,0.09355208039670322,1.041626676009974,0.44692252208264643,39.00213908953105,39.00081531615524,0.026764798489897254,128,0,1.0,1.0,0.9999219891817117,1.0,1.0,0.0
head5m|centre|open|t=10|S=500|F=0.1|BareCrystalAllFaces,38400,275754878.9999308,1.0,0.9999219891817117,1.0,335.2373840069169,498.99981039151373,1.0,-34.593782753648895,0.024653848849073175,-14.72605456959859,0.9060166949042413,1.041626676009974,0.46714580351733354,40.76707923398847,40.74161541528966,0.1508067308688714,128,0,1.0,1.0,0.9999219891817117,1.0,1.0,0.0
head5m|centre|open|t=10|S=500|F=0.1|FrontOnlyThroughMask,38400,275754878.9999308,1.0,0.9999219891817117,1.0,1.2847978606000026,498.99981039151373,1.0,-29.663064161532184,0.8886152873026525,-19.875242029371822,0.08240170922400557,1.041626676009974,0.44688792955600926,38.99912009540621,38.995062403889904,0.0266042208775462,128,0,1.0,1.0,0.9999219891817117,1.0,1.0,0.0
head5m|centre|open|t=10|S=500|F=0.2|BareCrystalAllFaces,38400,275754878.9999308,1.0,0.9999219891817117,1.0,670.4747680138338,498.99981039151373,1.0,-35.567424252233955,0.04669386968837541,-1.6197858892967825,1.6341971154944246,1.041626676009974,0.5007316331591127,43.69822403868058,43.69812182501657,0.24472836545144283,128,0,1.0,1.0,0.9999219891817117,1.0,1.0,0.0
head5m|centre|open|t=10|S=500|F=0.2|FrontOnlyThroughMask,38400,275754878.9999308,1.0,0.9999219891817117,1.0,2.569595721200005,498.99981039151373,1.0,-29.779432557175593,0.915395951638806,-19.86761305680699,0.08675756075182903,1.041626676009974,0.4468893344357813,38.99924267074036,38.99668895187946,0.024437512373256306,128,0,1.0,1.0,0.9999219891817117,1.0,1.0,0.0
head5m|centre|open|t=10|S=500|ideal,38400,275754878.9999308,,,1.0,0,498.99981039151373,1.0,-29.621866404580672,1.006989382587204,-19.87451102916823,0.09404804642158829,1.041626676009974,0.44699865002692735,39.008783033026766,39.00510206636445,0.030817780516803832,128,0,,,,,,
head5m|centre|open|t=10|S=50|F=0.05|BareCrystalAllFaces,38400,27575487.89999308,0.9016129032258065,0.8912191302286302,0.5928125,167.61869200345845,49.89998103915137,1.0,-41.212254636312686,7.109458679490111,21.569373411359496,2.1373424380138175,1.041626676009974,1.6270389372793337,142.09891940685498,142.48969944022653,6.3881084470819545,128,0,0.06458333333333334,0.058229166666666665,0.05627524661436666,0.017786458333333335,0.0184375,0.006354166666666667
head5m|centre|open|t=10|S=50|F=0.05|FrontOnlyThroughMask,38400,27575487.89999308,0.9383488438778969,0.9362912255472384,0.9214583333333334,0.6423989303000013,49.89998103915137,1.0,-24.00426942557501,3.3187095305304193,-22.793608585533654,2.9705039655328043,1.041626676009974,1.0177438419862481,88.91020032302364,88.23018245462332,8.123147599946533,128,0,0.998984375,0.9373958333333333,0.9353248247270557,0.26393229166666665,0.26403645833333333,0.06158854166666667
head5m|centre|open|t=10|S=50|F=0.1|BareCrystalAllFaces,38400,27575487.89999308,0.7663316582914573,0.740320090505947,0.3882552083333333,335.2373840069169,49.89998103915137,1.0,-39.483197895504816,8.70667895886883,30.996596019153912,1.2191638983517565,1.041626676009974,1.935781361359156,169.06108619977678,169.1716697307878,4.73385307352719,128,0,0.020729166666666667,0.015885416666666666,0.01485006732243934,0.0034895833333333333,0.0040885416666666665,0.00484375
head5m|centre|open|t=10|S=50|F=0.1|FrontOnlyThroughMask,38400,27575487.89999308,0.9421101037971358,0.9401027542731398,0.9205208333333333,1.2847978606000026,49.89998103915137,1.0,-24.13441809281519,3.222174366832716,-22.9137791501547,3.747104511297651,1.041626676009974,1.024451814453949,89.49729721310973,89.74220603708537,7.2204336719074185,128,0,0.991015625,0.9336458333333333,0.9315192219674795,0.26026041666666666,0.260390625,0.05736979166666667
head5m|centre|open|t=10|S=50|F=0.2|BareCrystalAllFaces,38400,27575487.89999308,0.589171974522293,0.541423237787306,0.195546875,670.4747680138338,49.89998103915137,1.0,-30.668495208163563,11.292530925664748,36.87893319596293,0.6248774336927272,1.041626676009974,2.1798493797787937,190.37578175830888,190.5538728644176,4.360734840351065,128,0,0.008177083333333333,0.0048177083333333336,0.004251421457753609,0.0008333333333333334,0.0013020833333333333,0.003359375
head5m|centre|open|t=10|S=50|F=0.2|FrontOnlyThroughMask,38400,27575487.89999308,0.9476116260629426,0.9456551327004108,0.9126302083333333,2.569595721200005,49.89998103915137,1.0,-24.470028595430573,3.241364778795575,-22.68373018163844,3.5281371573669995,1.041626676009974,1.0661000307846231,93.13931292539813,93.21938780639746,7.312374833514943,128,0,0.952421875,0.9025260416666666,0.9000008346489985,0.241015625,0.24114583333333334,0.049895833333333334
head5m|centre|open|t=10|S=50|ideal,38400,27575487.89999308,,,0.9248177083333333,0,49.89998103915137,1.0,-23.817883980723533,3.460402230496408,-23.03774760452259,3.536327682012171,1.041626676009974,0.9980932885138187,87.1927653291664,88.0169725488668,7.362788162380092,128,0,,,,,,
head5m|centre|open|t=10|default|F=0.05|BareCrystalAllFaces,38400,1000000,0.06299212598425197,0.03172717559772418,0.07377604166666667,167.61869200345845,1.809577448642854,1.0,-54.57761985435371,11.680729945204487,34.65204339526205,1.7485891059026206,1.041626676009974,2.424693742460287,211.77928037476602,211.6459993800238,3.5522436407800884,128,0,0.0033072916666666667,0.00020833333333333335,0.00010367133577899776,2.604166666666667e-05,0.0004166666666666667,0.0030989583333333333
head5m|centre|open|t=10|default|F=0.05|FrontOnlyThroughMask,38400,1000000,0.2458559687978827,0.23750448259119908,0.009635416666666667,0.6423989303000013,1.809577448642854,1.0,-164.5001755017623,10.071707166338362,-293.8417405664728,4.110094673379733,1.041626676009974,4.397769097540429,384.61826335479486,384.9437565423931,3.700546506733642,128,0,0.186953125,0.04596354166666667,0.04421823041637131,0.0,0.0,0.14098958333333333
head5m|centre|open|t=10|default|F=0.1|BareCrystalAllFaces,38400,1000000,0.05714285714285714,0.0287481429190432,0.053072916666666664,335.2373840069169,1.809577448642854,1.0,-45.017944830411494,13.033755724403415,37.36294823477076,0.8203505211068314,1.041626676009974,2.4115075163562247,210.6197616732776,210.41609927351774,4.184040892634983,128,0,0.0036458333333333334,0.00020833333333333335,0.00010367133577899776,2.604166666666667e-05,0.0003385416666666667,0.0034375
head5m|centre|open|t=10|default|F=0.1|FrontOnlyThroughMask,38400,1000000,0.18499030739407366,0.1744146321970014,0.014088541666666666,1.2847978606000026,1.809577448642854,1.0,-137.71658109414457,9.342702908130375,-276.7196361400468,5.456071472120976,1.041626676009974,4.22600677245465,369.5552833869568,369.1037377281434,4.209127684003559,128,0,0.09403645833333334,0.017395833333333333,0.016312473584843775,0.0,0.0,0.076640625
head5m|centre|open|t=10|default|F=0.2|BareCrystalAllFaces,38400,1000000,0.11206896551724138,0.0675763597823975,0.03375,670.4747680138338,1.809577448642854,1.0,-29.166699383882193,12.562969474094803,38.544004681769096,0.3538063603320787,1.041626676009974,2.3998013017895823,209.59121644094427,208.98954439893566,3.8998146266722733,128,0,0.0030208333333333333,0.0003385416666666667,0.0002002606751686466,2.604166666666667e-05,0.00046875,0.0026822916666666666
head5m|centre|open|t=10|default|F=0.2|FrontOnlyThroughMask,38400,1000000,0.160431654676259,0.14442258077227077,0.025598958333333335,2.569595721200005,1.809577448642854,1.0,-106.08276654895316,9.424383553464097,-237.56935607704648,7.70581252794574,1.041626676009974,3.946568487109603,345.06217925519906,345.32013737894624,4.499648702098542,128,0,0.03619791666666667,0.005807291666666666,0.005184329779021913,0.0,0.0,0.030390625
head5m|centre|open|t=10|default|ideal,38400,1000000,,,0.005130208333333333,0,1.809577448642854,1.0,-195.91106088554793,9.18206860992431,-305.29269255050605,2.902102041793185,1.041626676009974,4.559836928896176,398.8344127476695,398.93940931531694,3.478810730716227,128,0,,,,,,
head5m|centre|open|t=60|S=1000|F=0.05|BareCrystalAllFaces,38400,91918292.99997693,1.0,0.9999219891817117,1.0,1005.7121520207509,997.9996207830275,1.0,-35.10989144270606,0.026544004078995733,-12.619622608173895,1.1425163646068415,1.041626676009974,0.47605099713481025,41.544260474481376,41.54769223681814,0.1804825007516761,128,0,1.0,1.0,0.9999219891817117,1.0,1.0,0.0
head5m|centre|open|t=60|S=1000|F=0.05|FrontOnlyThroughMask,38400,91918292.99997693,1.0,0.9999219891817117,1.0,3.854393581800008,997.9996207830275,1.0,-32.525554124520895,0.45665812494692964,-19.886363636363676,0.0,1.041626676009974,0.4465479189595481,38.969446318941465,38.96945575821306,0.007699474333173238,128,0,1.0,1.0,0.9999219891817117,1.0,1.0,0.0
head5m|centre|open|t=60|S=1000|F=0.1|BareCrystalAllFaces,38400,91918292.99997693,1.0,0.9999219891817117,1.0,2011.4243040415017,997.9996207830275,1.0,-36.37384556347445,0.05436460883124228,13.966082165514988,2.0235529462036537,1.041626676009974,0.534953410254409,46.68487883292108,46.69249495837147,0.28118909697753486,128,0,1.0,1.0,0.9999219891817117,1.0,1.0,0.0
head5m|centre|open|t=60|S=1000|F=0.1|FrontOnlyThroughMask,38400,91918292.99997693,1.0,0.9999219891817117,1.0,7.708787163600016,997.9996207830275,1.0,-32.44367134834073,0.5631523237927228,-19.886363636363676,0.0,1.041626676009974,0.4465834196350484,38.972544525769514,38.97331170908953,0.007876375233260334,128,0,1.0,1.0,0.9999219891817117,1.0,1.0,0.0
head5m|centre|open|t=60|S=1000|F=0.2|BareCrystalAllFaces,38400,91918292.99997693,1.0,0.9999219891817117,0.9998958333333333,4022.8486080830035,997.9996207830275,1.0,-38.970079170742316,0.15918643408074798,32.77976758419586,0.5674643814873529,1.041626676009974,0.5907725031171882,51.55648307255997,51.53491205162157,0.19264548491469904,128,0,1.0,1.0,0.9999219891817117,1.0,1.0,0.0
head5m|centre|open|t=60|S=1000|F=0.2|FrontOnlyThroughMask,38400,91918292.99997693,1.0,0.9999219891817117,1.0,15.417574327200033,997.9996207830275,1.0,-32.445480971346804,0.4837312143388474,-19.886708885732364,0.0039060507167818603,1.041626676009974,0.4466219048777903,38.97590320585491,38.97560875445983,0.008556429289227402,128,0,1.0,1.0,0.9999219891817117,1.0,1.0,0.0
head5m|centre|open|t=60|S=1000|ideal,38400,91918292.99997693,,,1.0,0,997.9996207830275,1.0,-32.45384272857205,0.5257178181954055,-19.88670888573236,0.0039060507167815463,1.041626676009974,0.4465291405895974,38.967807501682984,38.96804065319819,0.00813837240419411,128,0,,,,,,
head5m|centre|open|t=60|S=100|F=0.05|BareCrystalAllFaces,38400,9191829.299997693,0.8582089552238806,0.8415783674279573,0.334453125,1005.7121520207509,99.79996207830274,1.0,-24.464669720779334,9.815082653435852,36.524620422018735,0.5009620566644961,1.041626676009974,1.971706072648217,172.1905640055432,172.4288086315091,4.765698469484745,128,0,0.034895833333333334,0.029947916666666668,0.0285305622082454,0.009661458333333333,0.010546875,0.0049479166666666664
head5m|centre|open|t=60|S=100|F=0.05|FrontOnlyThroughMask,38400,9191829.299997693,0.9984347689979913,0.9980597483809771,0.9970833333333333,3.854393581800008,99.79996207830274,1.0,-21.565019485624116,1.5898464759806283,-19.480669853131566,0.9871800873998964,1.041626676009974,0.5067084282145705,44.22628872246593,43.54418562322839,2.861837570529119,128,0,0.9982552083333334,0.9966927083333333,0.9961687062487408,0.855625,0.855625,0.0015625
head5m|centre|open|t=60|S=100|F=0.1|BareCrystalAllFaces,38400,9191829.299997693,0.6577181208053692,0.618982365291637,0.110859375,2011.4243040415017,99.79996207830274,1.0,-6.279030285535762,13.402601234877041,39.27884856055406,0.20052210026626194,1.041626676009974,2.2190747198924754,193.79118115132718,193.6219967595498,4.517438138393692,128,0,0.011640625,0.00765625,0.0069392976767274255,0.0015885416666666667,0.0021354166666666665,0.003984375
head5m|centre|open|t=60|S=100|F=0.1|FrontOnlyThroughMask,38400,9191829.299997693,0.9986075716575151,0.99824983579351,0.9966666666666667,7.708787163600016,99.79996207830274,1.0,-22.102967715651864,1.6945827634365407,-19.051258769243184,1.0647645851236112,1.041626676009974,0.5046291336470483,44.04446692920553,43.14977159252393,3.1673941679714894,128,0,0.9912239583333333,0.98984375,0.9889610737292397,0.8369010416666667,0.8369791666666667,0.0013802083333333333
head5m|centre|open|t=60|S=100|F=0.2|BareCrystalAllFaces,38400,9191829.299997693,0.5121951219512195,0.45248345678065355,0.019036458333333332,4022.8486080830035,99.79996207830274,1.0,20.016348418518422,16.432253162143493,40.46528950578481,0.1664566366224628,1.041626676009974,2.2577906353808816,197.1640990921818,196.88855537416984,4.865467592989222,128,0,0.005338541666666667,0.002734375,0.0023112051185294117,0.000546875,0.00109375,0.0026041666666666665
head5m|centre|open|t=60|S=100|F=0.2|FrontOnlyThroughMask,38400,9191829.299997693,0.9986937353725576,0.9983387846117211,0.9935677083333333,15.417574327200033,99.79996207830274,1.0,-22.300947263937704,1.9425169272641767,-18.30283772513917,1.044384005579965,1.041626676009974,0.5295530013512317,46.22563880743312,45.31733825247568,3.8775234034313235,128,0,0.9569270833333333,0.9556770833333333,0.9539108365419199,0.777890625,0.77796875,0.00125
head5m|centre|open|t=60|S=100|ideal,38400,9191829.299997693,,,0.9978125,0,99.79996207830274,1.0,-21.31050684439156,1.5715167059166697,-20.003787430986776,0.9611937402836557,1.041626676009974,0.5023755769711011,43.846515390634174,42.36588280035289,2.550224239295924,128,0,,,,,,
head5m|centre|open|t=60|S=250|F=0.05|BareCrystalAllFaces,38400,22979573.249994233,0.9899781575228062,0.9889988217839681,0.9327604166666666,1005.7121520207509,249.49990519575687,1.0,-36.198107654830324,2.83446441466704,26.300076488938174,1.3556214439109118,1.041626676009974,0.8118942055958098,70.87694502700273,71.08588337871652,4.707557555504914,128,0,0.8107291666666666,0.8026041666666667,0.7992332404681749,0.65484375,0.657734375,0.008125
head5m|centre|open|t=60|S=250|F=0.05|FrontOnlyThroughMask,38400,22979573.249994233,1.0,0.9999219891817117,1.0,3.854393581800008,249.49990519575687,1.0,-25.91682517365131,1.2138309053048955,-19.78922752861681,0.34543118666215983,1.041626676009974,0.45230756900250363,39.47210991902637,39.45734400435025,0.11014415306851609,128,0,1.0,1.0,0.9999219891817117,1.0,1.0,0.0
head5m|centre|open|t=60|S=250|F=0.1|BareCrystalAllFaces,38400,22979573.249994233,0.9754640044994376,0.9732216915519752,0.6098958333333333,2011.4243040415017,249.49990519575687,1.0,-21.411231219763945,8.154865364664255,35.917834301781696,0.4256290371378558,1.041626676009974,1.5008737324147778,131.05595544028498,131.48372759224225,6.357911332147933,128,0,0.37041666666666667,0.361328125,0.3572906593349967,0.20515625,0.2075,0.009088541666666667
head5m|centre|open|t=60|S=250|F=0.1|FrontOnlyThroughMask,38400,22979573.249994233,1.0,0.9999219891817117,1.0,7.708787163600016,249.49990519575687,1.0,-26.208898356813933,1.2879638009907095,-19.71989260131829,0.3934062584831679,1.041626676009974,0.4518781680327212,39.43463451255204,39.44264883208188,0.09448025795375653,128,0,1.0,1.0,0.9999219891817117,1.0,1.0,0.0
head5m|centre|open|t=60|S=250|F=0.2|BareCrystalAllFaces,38400,22979573.249994233,0.9360328638497653,0.9287096340755336,0.1696875,4022.8486080830035,249.49990519575687,1.0,13.123672385052599,14.235092366219304,39.59954705324649,0.2582384181035599,1.041626676009974,2.072271845090902,180.95873102235075,180.76129255526445,4.958634663052845,128,0,0.08875,0.08307291666666666,0.08076660620264715,0.03588541666666667,0.036953125,0.0056770833333333335
head5m|centre|open|t=60|S=250|F=0.2|FrontOnlyThroughMask,38400,22979573.249994233,1.0,0.9999219891817117,1.0,15.417574327200033,249.49990519575687,1.0,-26.336738783102565,1.3006110552425538,-19.560501236545026,0.3208162613897816,1.041626676009974,0.4510474915544567,39.36213834738649,39.347302780089905,0.09894769527134688,128,0,1.0,1.0,0.9999219891817117,1.0,1.0,0.0
head5m|centre|open|t=60|S=250|ideal,38400,22979573.249994233,,,1.0,0,249.49990519575687,1.0,-25.650279955364258,1.2855547162758463,-19.84286989880356,0.39528340798578443,1.041626676009974,0.45264910153455556,39.50191674200313,39.492912837928884,0.11664450290997959,128,0,,,,,,
head5m|centre|open|t=60|S=25|F=0.05|BareCrystalAllFaces,38400,2297957.324999423,0.21374045801526717,0.15637491093657824,0.05622395833333333,1005.7121520207509,24.949990519575685,1.0,-22.4113815574378,13.245805241095821,38.87866320840588,0.2546205502269915,1.041626676009974,2.3414656206981097,204.49067355771484,204.2960242999389,4.725843999952572,128,0,0.003411458333333333,0.0007291666666666667,0.0005182937210888188,0.00013020833333333333,0.00036458333333333335,0.0026822916666666666
head5m|centre|open|t=60|S=25|F=0.05|FrontOnlyThroughMask,38400,2297957.324999423,0.8164147917780261,0.8119184950209143,0.5886979166666667,3.854393581800008,24.949990519575685,1.0,-38.866429826302664,6.793252647625356,-45.13269486725813,6.950796221068712,1.041626676009974,2.1466963830566264,187.59641615201414,187.8121246022991,7.447897408157374,128,0,0.5359114583333333,0.43752604166666664,0.4333525723607956,0.014036458333333333,0.014140625,0.09838541666666667
head5m|centre|open|t=60|S=25|F=0.1|BareCrystalAllFaces,38400,2297957.324999423,0.1652892561983471,0.11231308645139172,0.019375,2011.4243040415017,24.949990519575685,1.0,-4.19285401168035,14.96048697848696,39.82548240368084,0.16763838176837478,1.041626676009974,2.3351568628147863,203.9317805095417,204.03597450390242,4.625744036204326,128,0,0.0031510416666666666,0.0005208333333333333,0.00034519904570147985,5.208333333333334e-05,0.0004166666666666667,0.0026302083333333334
head5m|centre|open|t=60|S=25|F=0.1|FrontOnlyThroughMask,38400,2297957.324999423,0.8797848127457066,0.874207340219386,0.5313802083333333,7.708787163600016,24.949990519575685,1.0,-41.18400974253955,8.00284934942713,-42.54986093821027,7.5141066423792955,1.041626676009974,2.2634985739175204,197.80112147967927,198.22307330311446,7.648837320835046,128,0,0.25171875,0.22145833333333334,0.21797558249740978,0.010989583333333334,0.011015625,0.030260416666666668
head5m|centre|open|t=60|S=25|F=0.2|BareCrystalAllFaces,38400,2297957.324999423,0.06451612903225806,0.02846710876212436,0.003359375,4022.8486080830035,24.949990519575685,1.0,21.25023889624333,18.420964986192967,40.58384436074931,0.16724416270732737,1.041626676009974,2.2754954437564785,198.7105661507422,198.20233571368345,5.284314641723682,128,0,0.002421875,0.00015625,6.804937404071531e-05,5.208333333333334e-05,0.00036458333333333335,0.002265625
head5m|centre|open|t=60|S=25|F=0.2|FrontOnlyThroughMask,38400,2297957.324999423,0.9146725440806045,0.9060750635354761,0.4587760416666667,15.417574327200033,24.949990519575685,1.0,-44.76262832574094,8.83342281009138,-35.215640052199475,8.783801683804617,1.041626676009974,2.4111161227093993,210.69893520536766,211.15720404684123,7.374623400618228,128,0,0.08270833333333333,0.07565104166666667,0.0734421243119682,0.007213541666666667,0.007239583333333333,0.007057291666666667
head5m|centre|open|t=60|S=25|ideal,38400,2297957.324999423,,,0.6417708333333333,0,24.949990519575685,1.0,-38.169619672811045,6.558649846934769,-46.071419882273275,7.298563797443066,1.041626676009974,2.0126273395680006,175.87775908851356,176.56287185938487,8.216798493767667,128,0,,,,,,
head5m|centre|open|t=60|S=500|F=0.05|BareCrystalAllFaces,38400,45959146.49998847,1.0,0.9999219891817117,0.9999739583333334,1005.7121520207509,498.99981039151373,1.0,-36.44786056807286,0.08413800908391135,11.498621457126083,1.9640855108539923,1.041626676009974,0.5321601031731121,46.4411023146455,46.44678058051682,0.2981258885360229,128,0,1.0,1.0,0.9999219891817117,1.0,1.0,0.0
head5m|centre|open|t=60|S=500|F=0.05|FrontOnlyThroughMask,38400,45959146.49998847,1.0,0.9999219891817117,1.0,3.854393581800008,498.99981039151373,1.0,-29.68464269490732,0.9244717534373372,-19.873147837782383,0.07946775137956279,1.041626676009974,0.44688533997359237,38.99889404958602,38.99338542846567,0.027283565654017284,128,0,1.0,1.0,0.9999219891817117,1.0,1.0,0.0
head5m|centre|open|t=60|S=500|F=0.1|BareCrystalAllFaces,38400,45959146.49998847,0.9990867579908675,0.9987893742910677,0.9913020833333334,2011.4243040415017,498.99981039151373,1.0,-38.47140580357475,1.0846921365597353,29.918747972422942,1.037243371772719,1.041626676009974,0.6171844721683313,53.86431866655688,53.55856147846479,1.8372643258116375,128,0,0.998046875,0.9971354166666667,0.9966445954557797,0.9918229166666667,0.9925260416666667,0.0009114583333333333
head5m|centre|open|t=60|S=500|F=0.1|FrontOnlyThroughMask,38400,45959146.49998847,1.0,0.9999219891817117,1.0,7.708787163600016,498.99981039151373,1.0,-29.904916169307835,0.9691778032621267,-19.86037270744276,0.10605869319635189,1.041626676009974,0.44695876506899335,39.00530200084476,39.001968810657615,0.026094238231196925,128,0,1.0,1.0,0.9999219891817117,1.0,1.0,0.0
head5m|centre|open|t=60|S=500|F=0.2|BareCrystalAllFaces,38400,45959146.49998847,0.9934204596665165,0.9926436338074646,0.7668489583333333,4022.8486080830035,498.99981039151373,1.0,-23.454987105359525,6.374285421919332,35.842512083861564,0.2742989381155161,1.041626676009974,1.1799198615286282,103.01654210396542,102.92027904792914,6.638152151209019,128,0,0.866796875,0.86109375,0.8581575431188246,0.75515625,0.7573958333333334,0.005703125
head5m|centre|open|t=60|S=500|F=0.2|FrontOnlyThroughMask,38400,45959146.49998847,1.0,0.9999219891817117,1.0,15.417574327200033,498.99981039151373,1.0,-29.87870228459407,0.9483162612646601,-19.869723957284233,0.07555609023534868,1.041626676009974,0.4469935418005566,39.008336971068836,39.004977025942964,0.023264563555625888,128,0,1.0,1.0,0.9999219891817117,1.0,1.0,0.0
head5m|centre|open|t=60|S=500|ideal,38400,45959146.49998847,,,1.0,0,498.99981039151373,1.0,-29.651364253853238,0.9961687166930905,-19.882466562367306,0.09737923431010556,1.041626676009974,0.4469888013022494,39.0079235094583,39.00444142852823,0.030450479137959893,128,0,,,,,,
head5m|centre|open|t=60|S=50|F=0.05|BareCrystalAllFaces,38400,4595914.649998846,0.47783251231527096,0.4182357330379474,0.11786458333333333,1005.7121520207509,49.89998103915137,1.0,-23.56730267833909,12.600708054467313,38.4026177374004,0.3649317582876476,1.041626676009974,2.2595844408723953,197.33779324248837,197.5483906293268,4.30618280207587,128,0,0.005286458333333333,0.0025260416666666665,0.002119887285148894,0.00026041666666666666,0.0005729166666666667,0.0027604166666666667
head5m|centre|open|t=60|S=50|F=0.05|FrontOnlyThroughMask,38400,4595914.649998846,0.9614991978999563,0.9597462693474992,0.9057291666666667,3.854393581800008,49.89998103915137,1.0,-24.819601070056198,3.62404346417856,-22.02701686216807,3.640287938691548,1.041626676009974,1.0956648530343012,95.72275316773315,95.73606213791979,8.476608452786031,128,0,0.8928385416666667,0.8584635416666667,0.8555046076877644,0.23104166666666667,0.231171875,0.034375
head5m|centre|open|t=60|S=50|F=0.1|BareCrystalAllFaces,38400,4595914.649998846,0.27710843373493976,0.2203064396734406,0.037083333333333336,2011.4243040415017,49.89998103915137,1.0,-4.295005392196146,16.559252402695325,39.71366464573444,0.17579260990126208,1.041626676009974,2.3176770025674935,202.40566429048474,202.20798143299015,4.538789494061848,128,0,0.004322916666666667,0.0011979166666666666,0.0009230520493606851,0.00018229166666666667,0.0004947916666666667,0.003125
head5m|centre|open|t=60|S=50|F=0.1|FrontOnlyThroughMask,38400,4595914.649998846,0.9775021632535333,0.9759818869007559,0.8857552083333333,7.708787163600016,49.89998103915137,1.0,-25.62113389145378,4.03853037129877,-21.50353923394771,4.20967051952299,1.041626676009974,1.173040928781702,102.48611583759283,102.80902256327454,7.933115672194302,128,0,0.7222916666666667,0.7060416666666667,0.7021931965419257,0.19700520833333332,0.197109375,0.01625
head5m|centre|open|t=60|S=50|F=0.2|BareCrystalAllFaces,38400,4595914.649998846,0.17757009345794392,0.11951456220464393,0.006223958333333333,4022.8486080830035,49.89998103915137,1.0,20.858065134647898,19.037938484408592,40.562503710884364,0.18008685511687642,1.041626676009974,2.2739470160569453,198.575865099606,198.58923862005662,5.529409619937615,128,0,0.0027864583333333335,0.0004947916666666667,0.00032403262454585766,2.604166666666667e-05,0.000390625,0.0022916666666666667
head5m|centre|open|t=60|S=50|F=0.2|FrontOnlyThroughMask,38400,4595914.649998846,0.9868270985401459,0.9853208720971702,0.8403645833333333,15.417574327200033,49.89998103915137,1.0,-27.800731751919322,5.280078897014285,-19.51108069815198,4.738648128980442,1.041626676009974,1.3565147766381354,118.52352212725025,118.3311774114199,8.368150639313498,128,0,0.45666666666666667,0.45065104166666664,0.44646444135830826,0.136953125,0.13713541666666668,0.006015625
head5m|centre|open|t=60|S=50|ideal,38400,4595914.649998846,,,0.9239322916666667,0,49.89998103915137,1.0,-23.975761358420968,3.3447539448175747,-22.937069988583946,3.181342932281145,1.041626676009974,1.0043252786249135,87.736978035317,88.4258166250447,8.52889857869068,128,0,,,,,,
head5m|centre|open|t=60|default|F=0.05|BareCrystalAllFaces,38400,1000000,0.08620689655172414,0.04751648351668728,0.034791666666666665,1005.7121520207509,10.857464691857123,1.0,-23.561955406071906,13.273985074330806,39.049596375595506,0.2263724518986209,1.041626676009974,2.3790401439417637,207.77407321120356,207.886200666928,3.994435538497006,128,0,0.0030208333333333333,0.00026041666666666666,0.00014129318342801184,7.8125e-05,0.00046875,0.0027604166666666667
head5m|centre|open|t=60|default|F=0.05|FrontOnlyThroughMask,38400,1000000,0.49342339139708496,0.4844149404770989,0.23109375,3.854393581800008,10.857464691857123,1.0,-56.31566531521217,9.180510390479771,-89.29984029026345,9.84774434469379,1.041626676009974,2.9731756519120016,259.84501994377536,260.3312236194324,5.667277537424389,128,0,0.219765625,0.1084375,0.105836493912693,0.00010416666666666667,0.00010416666666666667,0.111328125
head5m|centre|open|t=60|default|F=0.1|BareCrystalAllFaces,38400,1000000,0.10655737704918032,0.06419015096634816,0.012578125,2011.4243040415017,10.857464691857123,1.0,-2.9637642401212236,15.40076035777492,39.877758508248206,0.16446803247264258,1.041626676009974,2.3431054707786356,204.62647555477844,205.09114571597337,4.651065041819915,128,0,0.0031770833333333334,0.0003385416666666667,0.0002002606751686466,7.8125e-05,0.0004427083333333333,0.0028385416666666667
head5m|centre|open|t=60|default|F=0.1|FrontOnlyThroughMask,38400,1000000,0.5524568393094289,0.5349841052174102,0.20083333333333334,7.708787163600016,10.857464691857123,1.0,-54.94645279176288,10.31620424244753,-80.48110082623253,10.533216262827366,1.041626676009974,2.986851345410001,261.03191303235616,261.55319650206343,5.675466407780342,128,0,0.058828125,0.0325,0.031024747539318054,0.00020833333333333335,0.00020833333333333335,0.026328125
head5m|centre|open|t=60|default|F=0.2|BareCrystalAllFaces,38400,1000000,0.12,0.07072183757222943,0.002421875,4022.8486080830035,10.857464691857123,1.0,21.719925350896855,18.169088956223302,40.60235565591962,0.1661356201888828,1.041626676009974,2.275763230055128,198.73416505989877,198.6197778798329,5.533172284296911,128,0,0.0026041666666666665,0.0003125,0.00018032760484915498,2.604166666666667e-05,0.00028645833333333333,0.0022916666666666667
head5m|centre|open|t=60|default|F=0.2|FrontOnlyThroughMask,38400,1000000,0.5064935064935064,0.4672023340815309,0.16705729166666666,15.417574327200033,10.857464691857123,1.0,-57.43030198930671,10.480206504465215,-62.70053833507929,10.572403121723644,1.041626676009974,3.0138745333673427,263.3853966053099,263.3147031577246,5.8702947066252245,128,0,0.01203125,0.00609375,0.005455317620298776,0.00020833333333333335,0.00026041666666666666,0.0059375
head5m|centre|open|t=60|default|ideal,38400,1000000,,,0.27729166666666666,0,10.857464691857123,1.0,-57.89725739165142,8.319518241459102,-108.133279589266,9.946745647563572,1.041626676009974,2.9501321645086893,257.84513336504233,258.65144368605627,5.855203642012356,128,0,,,,,,
head5m|edge3deg|cs662|t=10|S=1000|F=0.05|BareCrystalAllFaces,38400,1606857586.2527037,0.9997916666666666,0.999624129158168,0.999609375,2.1417410162907036,999.6362808412722,1.0,-16.99494495738643,0.6064706648634035,-19.88498124675438,0.01563995307163037,1.041626676009974,0.319592993170699,27.93736719008162,26.01659086750808,5.291552747839745,128,0,1.0,0.9997916666666666,0.999624129158168,0.9997916666666666,1.0,0.00020833333333333335
head5m|edge3deg|cs662|t=10|S=1000|F=0.05|FrontOnlyThroughMask,38400,1606857586.2527037,0.9927864583333333,0.9920347347271896,0.99953125,0.052479675660385576,999.6362808412722,1.0,-17.038964251894008,0.6965637140786531,-19.884976050160518,0.015698745819737483,1.041626676009974,0.3235648818861034,28.284266078912072,26.01659086750808,5.9017272695622,128,0,1.0,0.9927864583333333,0.9920347347271896,0.9927864583333333,1.0,0.007213541666666667
head5m|edge3deg|cs662|t=10|S=1000|F=0.1|BareCrystalAllFaces,38400,1606857586.2527037,0.99984375,0.9996916277400515,0.9996614583333333,4.283482032581407,999.6362808412722,1.0,-16.965598761048046,0.6164076508630721,-19.87943681795053,0.04106936842090146,1.041626676009974,0.31624930301950116,27.645367209374534,26.01659086750808,5.1745662920288975,128,0,1.0,0.99984375,0.9996916277400515,0.99984375,1.0,0.00015625
head5m|edge3deg|cs662|t=10|S=1000|F=0.1|FrontOnlyThroughMask,38400,1606857586.2527037,0.99265625,0.9918982072902157,0.9997395833333333,0.10495935132077115,999.6362808412722,1.0,-16.92157946654047,0.5582158548357375,-19.883593087783467,0.0220769573245471,1.041626676009974,0.3118412530139535,27.260394540523603,26.01659086750808,4.6408234540735736,128,0,1.0,0.99265625,0.9918982072902157,0.99265625,1.0,0.00734375
head5m|edge3deg|cs662|t=10|S=1000|F=0.2|BareCrystalAllFaces,38400,1606857586.2527037,0.9997395833333333,0.9995583155847172,0.9995833333333334,8.566964065162814,999.6362808412722,1.0,-17.009618055555624,0.6666377816951972,-19.880827733831993,0.03809051336510522,1.041626676009974,0.32064510926193673,28.029270525889448,26.01659086750808,5.630394150744708,128,0,1.0,0.9997395833333333,0.9995583155847172,0.9997395833333333,1.0,0.00026041666666666666
head5m|edge3deg|cs662|t=10|S=1000|F=0.2|FrontOnlyThroughMask,38400,1606857586.2527037,0.9928385416666666,0.9920893619856722,0.99984375,0.2099187026415423,999.6362808412722,1.0,-16.8628870738637,0.3985478659717835,-19.884981456528077,0.015637579753143224,1.041626676009974,0.3063993463719096,26.785113129327495,26.01659086750808,3.477400974259451,128,0,1.0,0.9928385416666666,0.9920893619856722,0.9928385416666666,1.0,0.007161458333333333
head5m|edge3deg|cs662|t=10|S=1000|ideal,38400,1606857586.2527037,,,0.9997135416666667,0,999.6362808412722,1.0,-16.936252564709662,0.5284625559843581,-19.886363636363676,0.0,1.041626676009974,0.31372510533207787,27.424901059658726,26.01659086750808,4.611030925631856,128,0,,,,,,
head5m|edge3deg|cs662|t=10|S=100|F=0.05|BareCrystalAllFaces,38400,160685758.62527037,0.7337498939749498,0.7298558960598653,0.73359375,2.1417410162907036,99.96362808412722,1.0,-122.98859681183235,13.050531585290102,-15.20248142894601,4.065910688993682,1.041626676009974,2.899801954877618,253.369928904704,254.63843864071617,15.645656045154167,128,0,0.9210677083333333,0.6758333333333333,0.6718817226699714,0.09223958333333333,0.09520833333333334,0.245234375
head5m|edge3deg|cs662|t=10|S=100|F=0.05|FrontOnlyThroughMask,38400,160685758.62527037,0.73578125,0.7320541358944654,0.74203125,0.052479675660385576,99.96362808412722,1.0,-121.43540731934937,12.687227560363954,-16.21825843794998,4.253805544736785,1.041626676009974,2.8763933141479563,251.3244796230343,251.8840565111435,15.41125922675497,128,0,1.0,0.73578125,0.7320541358944654,0.17723958333333334,0.18838541666666667,0.26421875
head5m|edge3deg|cs662|t=10|S=100|F=0.1|BareCrystalAllFaces,38400,160685758.62527037,0.7862114568107469,0.7821945056347399,0.7262760416666667,4.283482032581407,99.96362808412722,1.0,-125.83319536038458,14.005727283441512,-14.583418575788734,4.543549833317453,1.041626676009974,2.9371821210812805,256.6366831321543,256.42878811651195,16.52224558041276,128,0,0.74828125,0.5883072916666666,0.5841584816002698,0.08591145833333333,0.08927083333333333,0.15997395833333333
head5m|edge3deg|cs662|t=10|S=100|F=0.1|FrontOnlyThroughMask,38400,160685758.62527037,0.734921875,0.7311909608105238,0.7401302083333333,0.10495935132077115,99.96362808412722,1.0,-121.0078095617071,12.27029241039242,-15.749727951732998,4.582456793114051,1.041626676009974,2.8719773014265533,250.93783193319172,252.68217029659638,14.837477774569907,128,0,1.0,0.734921875,0.7311909608105238,0.174765625,0.18567708333333333,0.265078125
head5m|edge3deg|cs662|t=10|S=100|F=0.2|BareCrystalAllFaces,38400,160685758.62527037,0.8523036649214659,0.8480151330351318,0.7115364583333333,8.566964065162814,99.96362808412722,1.0,-131.51358710536914,13.13177342101046,-13.351698123607918,4.731560039393219,1.041626676009974,3.005770819515383,262.62913101288996,262.8055946832087,15.154491080061435,128,0,0.4973958333333333,0.4239322916666667,0.41977554471027273,0.07700520833333334,0.07994791666666666,0.07346354166666667
head5m|edge3deg|cs662|t=10|S=100|F=0.2|FrontOnlyThroughMask,38400,160685758.62527037,0.7352604166666666,0.7315309973254838,0.7421354166666667,0.2099187026415423,99.96362808412722,1.0,-120.71328481861858,12.252642018832637,-15.701790434868034,4.87728097886191,1.041626676009974,2.8680922008516543,250.59917395405867,249.04250170405584,14.78299818734799,128,0,1.0,0.7352604166666666,0.7315309973254838,0.17440104166666667,0.185625,0.2647395833333333
head5m|edge3deg|cs662|t=10|S=100|ideal,38400,160685758.62527037,,,0.7446354166666667,0,99.96362808412722,1.0,-120.2104611815211,11.226274049338604,-16.395176825691077,4.696258077017843,1.041626676009974,2.8644654122456936,250.2830128683548,250.62409779315584,13.578444270032788,128,0,,,,,,
head5m|edge3deg|cs662|t=10|S=250|F=0.05|BareCrystalAllFaces,38400,401714396.5631759,0.9598446946007921,0.9581572951898754,0.9501302083333333,2.1417410162907036,249.90907021031805,1.0,-43.26124187696608,7.598643878927356,-18.576143126191514,0.9673912314058145,1.041626676009974,1.4581728979505106,127.40153073685488,126.72390213582952,17.833471345325353,128,0,0.999375,0.9592447916666667,0.9575462239101139,0.7607291666666667,0.7751302083333333,0.040130208333333334
head5m|edge3deg|cs662|t=10|S=250|F=0.05|FrontOnlyThroughMask,38400,401714396.5631759,0.940234375,0.9382068259937583,0.9522135416666667,0.052479675660385576,249.90907021031805,1.0,-42.442131847324795,7.5785739228657745,-18.799063955167806,0.8248624231476279,1.041626676009974,1.435205200383944,125.39418933584145,123.69632982396402,17.662096591061452,128,0,1.0,0.940234375,0.9382068259937583,0.835859375,0.8730729166666666,0.059765625
head5m|edge3deg|cs662|t=10|S=250|F=0.1|BareCrystalAllFaces,38400,401714396.5631759,0.9593817021499189,0.9576820348768208,0.947421875,4.283482032581407,249.90907021031805,1.0,-44.71835923845099,8.151033523628598,-18.49431857046283,0.9795132356931235,1.041626676009974,1.4956247585928744,130.6733033260701,130.700916305556,18.73410775323761,128,0,0.9956770833333334,0.955234375,0.9534599511814164,0.751015625,0.765859375,0.040442708333333334
head5m|edge3deg|cs662|t=10|S=250|F=0.1|FrontOnlyThroughMask,38400,401714396.5631759,0.9376041666666667,0.9355363063887404,0.9502864583333334,0.10495935132077115,249.90907021031805,1.0,-43.356405246071716,7.918212941969089,-18.688504768611907,0.9434286718400413,1.041626676009974,1.459526910439462,127.51918910408027,128.2390683309617,18.687035817369534,128,0,1.0,0.9376041666666667,0.9355363063887404,0.8334114583333333,0.8703125,0.06239583333333333
head5m|edge3deg|cs662|t=10|S=250|F=0.2|BareCrystalAllFaces,38400,401714396.5631759,0.9634237107921318,0.9617917844628585,0.9473177083333333,8.566964065162814,249.90907021031805,1.0,-44.65385457365436,7.073929808931868,-18.404144431057507,1.0365748862593844,1.041626676009974,1.496755717715014,130.7718954179158,132.43408313693467,16.363910785775644,128,0,0.9796875,0.9438541666666667,0.9418838920042667,0.7397395833333333,0.7536979166666666,0.035833333333333335
head5m|edge3deg|cs662|t=10|S=250|F=0.2|FrontOnlyThroughMask,38400,401714396.5631759,0.9374739583333334,0.9354041295981614,0.950390625,0.2099187026415423,249.90907021031805,1.0,-43.35350608396028,6.517908563034115,-18.67350335400062,0.9414229213427745,1.041626676009974,1.464132066203139,127.92179796731463,128.14158978192035,15.149812957966033,128,0,1.0,0.9374739583333334,0.9354041295981614,0.8324479166666666,0.87015625,0.06252604166666667
head5m|edge3deg|cs662|t=10|S=250|ideal,38400,401714396.5631759,,,0.9502083333333333,0,249.90907021031805,1.0,-43.461217675520984,7.060024936837688,-18.798621274146527,1.0277072211829084,1.041626676009974,1.4667054475420038,128.14719053433166,128.65134663289268,16.494464251673577,128,0,,,,,,
head5m|edge3deg|cs662|t=10|S=25|F=0.05|BareCrystalAllFaces,38400,40171439.65631759,0.2670573461699456,0.26209466656041036,0.22583333333333333,2.1417410162907036,24.990907021031806,1.0,-263.53176028528276,13.60170483348974,-59.21676686704364,10.131177966852563,1.041626676009974,4.417771465444204,386.03952015924324,386.0136628800261,11.28312146515084,128,0,0.559921875,0.14953125,0.1465445284546037,0.0003125,0.000390625,0.410390625
head5m|edge3deg|cs662|t=10|S=25|F=0.05|FrontOnlyThroughMask,38400,40171439.65631759,0.2746875,0.27094049633587836,0.2434375,0.052479675660385576,24.990907021031806,1.0,-256.6380158622443,12.344372689065494,-62.79252626679355,9.364323031065496,1.041626676009974,4.362629065616402,381.22209730167134,379.7780239701474,10.257724682251217,128,0,1.0,0.2746875,0.27094049633587836,0.0009114583333333333,0.0009895833333333334,0.7253125
head5m|edge3deg|cs662|t=10|S=25|F=0.1|BareCrystalAllFaces,38400,40171439.65631759,0.33164585442681965,0.3234174837186861,0.22041666666666668,4.283482032581407,24.990907021031806,1.0,-266.6353482262806,12.896916114242538,-56.8121289150609,9.612008330736126,1.041626676009974,4.43797417000733,387.8032195659117,387.3147921105251,10.536015316081718,128,0,0.231484375,0.07677083333333333,0.07454684068331148,0.00028645833333333333,0.0003385416666666667,0.15471354166666668
head5m|edge3deg|cs662|t=10|S=25|F=0.1|FrontOnlyThroughMask,38400,40171439.65631759,0.27125,0.26751789275297844,0.24174479166666665,0.10495935132077115,24.990907021031806,1.0,-258.296096624242,13.039640075177529,-61.83426360486397,10.969073866803278,1.041626676009974,4.3816826979075,382.8888357879936,383.12176229105495,10.763266487394224,128,0,1.0,0.27125,0.26751789275297844,0.000859375,0.001015625,0.72875
head5m|edge3deg|cs662|t=10|S=25|F=0.2|BareCrystalAllFaces,38400,40171439.65631759,0.3734046932894195,0.3571745914400793,0.21145833333333333,8.566964065162814,24.990907021031806,1.0,-270.4676090447802,12.684742203079873,-49.64188485510746,9.481137164578099,1.041626676009974,4.453623532257914,389.1657246246437,389.14582228345444,10.831746475465357,128,0,0.06325520833333333,0.023619791666666667,0.022358780681353267,0.000234375,0.00036458333333333335,0.039635416666666666
head5m|edge3deg|cs662|t=10|S=25|F=0.2|FrontOnlyThroughMask,38400,40171439.65631759,0.26925380908972524,0.2655302391983522,0.23786458333333332,0.2099187026415423,24.990907021031806,1.0,-257.86603773686335,11.736446096581657,-62.70406633697601,9.16645316696986,1.041626676009974,4.375010908648971,382.3058585452344,382.51142964447473,9.747921976121415,128,0,0.9998697916666667,0.26921875,0.2654955775840934,0.00109375,0.00125,0.7306510416666666
head5m|edge3deg|cs662|t=10|S=25|ideal,38400,40171439.65631759,,,0.24200520833333333,0,24.990907021031806,1.0,-257.10371411275185,13.391945546869763,-62.820943531868,10.493632067124665,1.041626676009974,4.3698518376444335,381.8539695518347,382.12347461760123,11.253878971683829,128,0,,,,,,
head5m|edge3deg|cs662|t=10|S=500|F=0.05|BareCrystalAllFaces,38400,803428793.1263518,0.9951041666666667,0.9944765558961256,0.9923177083333333,2.1417410162907036,499.8181404206361,1.0,-21.088739346591034,2.6910146678265323,-19.74683582237826,0.1840333440887808,1.041626676009974,0.631367083125548,55.169117290777514,54.07542137521996,14.635497156605677,128,0,1.0,0.9951041666666667,0.9944765558961256,0.9937760416666667,0.9986458333333333,0.004895833333333334
head5m|edge3deg|cs662|t=10|S=500|F=0.05|FrontOnlyThroughMask,38400,803428793.1263518,0.9806770833333334,0.9794812928925832,0.992890625,0.052479675660385576,499.8181404206361,1.0,-20.780604285038002,3.030921787202241,-19.811765431772642,0.12560397403475596,1.041626676009974,0.6044928035643845,52.82187852726856,54.0528716127433,16.804156526814673,128,0,1.0,0.9806770833333334,0.9794812928925832,0.9793489583333334,0.99828125,0.019322916666666665
head5m|edge3deg|cs662|t=10|S=500|F=0.1|BareCrystalAllFaces,38400,803428793.1263518,0.9955989583333333,0.9950015101807748,0.9925,4.283482032581407,499.8181404206361,1.0,-20.98602765940669,2.796166996220101,-19.75160166906193,0.20318717931983812,1.041626676009974,0.622500277494663,54.39475057960029,54.053428982220794,15.464203350528438,128,0,1.0,0.9955989583333333,0.9950015101807748,0.9942447916666667,0.9984895833333334,0.004401041666666667
head5m|edge3deg|cs662|t=10|S=500|F=0.1|FrontOnlyThroughMask,38400,803428793.1263518,0.98078125,0.9795885095079808,0.9922916666666667,0.10495935132077115,499.8181404206361,1.0,-21.103412444760224,3.0234668681283976,-19.76126244025381,0.17271729584549217,1.041626676009974,0.6278780750410796,54.86446620036606,54.06430682087819,16.025255569924,128,0,1.0,0.98078125,0.9795885095079808,0.9793229166666667,0.998046875,0.01921875
head5m|edge3deg|cs662|t=10|S=500|F=0.2|BareCrystalAllFaces,38400,803428793.1263518,0.9954427083333334,0.9948355580260991,0.9923177083333333,8.566964065162814,499.8181404206361,1.0,-21.102894570707193,2.793715193319157,-19.763878801949545,0.1449949817608111,1.041626676009974,0.630709717875177,55.11170576126369,54.053270938642314,15.071815483177392,128,0,1.0,0.9954427083333334,0.9948355580260991,0.9935416666666667,0.99796875,0.004557291666666667
head5m|edge3deg|cs662|t=10|S=500|F=0.2|FrontOnlyThroughMask,38400,803428793.1263518,0.979765625,0.9785435118951638,0.9927083333333333,0.2099187026415423,499.8181404206361,1.0,-20.870023871527902,3.0539203620418554,-19.781562762041005,0.16457487352008474,1.041626676009974,0.6109406130495193,53.38506636900044,54.042030463520476,16.648577045701856,128,0,1.0,0.979765625,0.9785435118951638,0.9780989583333334,0.9979947916666667,0.020234375
head5m|edge3deg|cs662|t=10|S=500|ideal,38400,803428793.1263518,,,0.9929427083333333,0,499.8181404206361,1.0,-20.750222340593556,2.556260278130232,-19.779348508014948,0.17518792599423968,1.041626676009974,0.6113263551549105,53.41852029131595,54.05299729586585,14.195654377556483,128,0,,,,,,
head5m|edge3deg|cs662|t=10|S=50|F=0.05|BareCrystalAllFaces,38400,80342879.31263518,0.486067335243553,0.48113059733053454,0.45450520833333335,2.1417410162907036,49.98181404206361,1.0,-202.46966299141312,13.738200172019555,-29.3803185558493,8.248978012208005,1.041626676009974,3.823745451600713,334.11685017127303,334.5563427895021,13.051402292428099,128,0,0.7270833333333333,0.3534114583333333,0.3493942126020314,0.006614583333333333,0.007239583333333333,0.373671875
head5m|edge3deg|cs662|t=10|S=50|F=0.05|FrontOnlyThroughMask,38400,80342879.31263518,0.47479166666666667,0.4705885639904981,0.4583333333333333,0.052479675660385576,49.98181404206361,1.0,-203.68150355200362,13.497145138811355,-29.885379658703688,7.063163460999827,1.041626676009974,3.84218215111942,335.72956989685025,336.1562277620879,12.576991365172198,128,0,1.0,0.47479166666666667,0.4705885639904981,0.016953125,0.01875,0.5252083333333334
head5m|edge3deg|cs662|t=10|S=50|F=0.1|BareCrystalAllFaces,38400,80342879.31263518,0.558736176935229,0.552204542474745,0.436640625,4.283482032581407,49.98181404206361,1.0,-209.60040737550867,15.179835709959479,-28.215516757211976,6.994922054010959,1.041626676009974,3.897722693374883,340.58245075667423,341.31426498507494,13.715927699662574,128,0,0.412109375,0.23026041666666666,0.2267287330479303,0.005729166666666666,0.006302083333333333,0.18184895833333334
head5m|edge3deg|cs662|t=10|S=50|F=0.1|FrontOnlyThroughMask,38400,80342879.31263518,0.47486979166666665,0.47066665157498044,0.45796875,0.10495935132077115,49.98181404206361,1.0,-202.90223880525713,12.850776729299868,-30.460296585688088,7.275650914972479,1.041626676009974,3.8326171419413138,334.8924839813256,335.047409709985,11.513716438011869,128,0,1.0,0.47486979166666665,0.47066665157498044,0.016848958333333334,0.018515625,0.5251302083333333
head5m|edge3deg|cs662|t=10|S=50|F=0.2|BareCrystalAllFaces,38400,80342879.31263518,0.6659770846594526,0.6560553826156932,0.4178385416666667,8.566964065162814,49.98181404206361,1.0,-215.29517967913378,13.907191563111564,-25.352050233223597,8.357734866059266,1.041626676009974,3.938617736100835,344.15183220407965,345.57053649988706,12.486396640533613,128,0,0.16364583333333332,0.108984375,0.10637756805783655,0.005703125,0.006067708333333333,0.054661458333333336
head5m|edge3deg|cs662|t=10|S=50|F=0.2|FrontOnlyThroughMask,38400,80342879.31263518,0.47541666666666665,0.47121326754598786,0.460078125,0.2099187026415423,49.98181404206361,1.0,-202.31920646351358,13.582186911783264,-29.536484509116793,7.204917429669404,1.041626676009974,3.824198743418161,334.1568884522256,334.8188650506004,12.476718319476543,128,0,1.0,0.47541666666666665,0.47121326754598786,0.016953125,0.018723958333333332,0.5245833333333333
head5m|edge3deg|cs662|t=10|S=50|ideal,38400,80342879.31263518,,,0.46421875,0,49.98181404206361,1.0,-200.73313306748577,14.010766608478194,-30.36571713096215,7.731464189054079,1.041626676009974,3.811434628257816,333.0425835666137,332.4698764303363,12.643874827101346,128,0,,,,,,
head5m|edge3deg|cs662|t=10|default|F=0.05|BareCrystalAllFaces,38400,1000000,0.028846153846153848,0.016727187644780178,0.00359375,2.1417410162907036,0.6221063331271871,1.0,-416.2107315669713,9.626189355297225,-285.32794867621595,4.813736847187468,1.041626676009974,6.197295847630793,541.8238860872135,542.6253143762183,6.781540926961413,128,0,0.010833333333333334,0.0003125,0.00018032760484915498,0.0,0.0,0.010520833333333333
head5m|edge3deg|cs662|t=10|default|F=0.05|FrontOnlyThroughMask,38400,1000000,0.13463732681336593,0.12751724663896627,7.8125e-05,0.052479675660385576,0.6221063331271871,1.0,-533.0304587870907,5.775002599492986,-317.0192916304989,0.8224781825343944,1.041626676009974,7.1924695110000165,628.9743383740057,628.9777583066245,3.622880515731247,128,0,0.159765625,0.021510416666666667,0.020306466215330183,0.0,0.0,0.13825520833333332
head5m|edge3deg|cs662|t=10|default|F=0.1|BareCrystalAllFaces,38400,1000000,0.026905829596412557,0.011780949890122999,0.014010416666666666,4.283482032581407,0.6221063331271871,1.0,-359.34015774608037,11.173817561584338,-219.8391164657642,8.450368405347435,1.041626676009974,5.529351700152652,483.32213226091216,483.7761190348579,8.414971601527727,128,0,0.005807291666666666,0.00015625,6.804937404071531e-05,0.0,0.0,0.005651041666666667
head5m|edge3deg|cs662|t=10|default|F=0.1|FrontOnlyThroughMask,38400,1000000,0.125,0.11695064010880658,0.00015625,0.10495935132077115,0.6221063331271871,1.0,-529.4289324560721,6.4196820865376685,-316.9506301623013,0.743906053430334,1.041626676009974,7.164952072697742,626.5645953153642,626.6400246359997,4.136265496793358,128,0,0.116875,0.014609375,0.013616486487970108,0.0,0.0,0.102265625
head5m|edge3deg|cs662|t=10|default|F=0.2|BareCrystalAllFaces,38400,1000000,0.04827586206896552,0.022873604279266328,0.027473958333333333,8.566964065162814,0.6221063331271871,1.0,-332.32398932083413,11.465632605431374,-132.4016916123036,10.380918054738387,1.041626676009974,5.048292068563069,441.1712055851014,441.8157874420815,8.42256460132745,128,0,0.0037760416666666667,0.00018229166666666667,8.555812051616448e-05,0.0,0.0,0.00359375
head5m|edge3deg|cs662|t=10|default|F=0.2|FrontOnlyThroughMask,38400,1000000,0.138801261829653,0.12825658734854734,0.00010416666666666667,0.2099187026415423,0.6221063331271871,1.0,-522.6101423413833,5.996866171348486,-316.3119619864017,1.1361251801949086,1.041626676009974,7.109671403692873,621.7220085228273,621.4857860369025,3.784141284463183,128,0,0.074296875,0.0103125,0.009479014196105959,0.0,0.0,0.063984375
head5m|edge3deg|cs662|t=10|default|ideal,38400,1000000,,,5.208333333333334e-05,0,0.6221063331271871,1.0,-536.6627410827031,5.400757512186569,-317.3277287852495,0.5727935978330821,1.041626676009974,7.220900402947578,631.4645573387475,631.5880147683193,3.5084820008204147,128,0,,,,,,
head5m|edge3deg|cs662|t=60|S=1000|F=0.05|BareCrystalAllFaces,38400,267809597.70878392,0.9997395833333333,0.9995583155847172,0.9996614583333333,12.850446097744221,999.636280841272,1.0,-16.965598761048046,0.5695679507702217,-19.88359445211018,0.022066104041848666,1.041626676009974,0.3166651829115383,27.681669748213316,26.01659086750808,4.969453481461084,128,0,1.0,0.9997395833333333,0.9995583155847172,0.9997395833333333,1.0,0.00026041666666666666
head5m|edge3deg|cs662|t=60|S=1000|F=0.05|FrontOnlyThroughMask,38400,267809597.70878392,0.9929427083333333,0.9921986449730271,0.999765625,0.31487805396231344,999.636280841272,1.0,-16.906906368371278,0.48208063115897304,-19.879445027637686,0.034450035838586815,1.041626676009974,0.31081351269682,27.170619825445147,26.01659086750808,4.205850660479443,128,0,1.0,0.9929427083333333,0.9921986449730271,0.9929427083333333,1.0,0.007057291666666667
head5m|edge3deg|cs662|t=60|S=1000|F=0.1|BareCrystalAllFaces,38400,267809597.70878392,0.9997916666666666,0.999624129158168,0.9996875,25.700892195488443,999.636280841272,1.0,-16.950925662878856,0.6427741748786344,-19.886363636363676,0.0,1.041626676009974,0.3143389286321814,27.478544562530544,26.01659086750808,5.207875557857885,128,0,1.0,0.9997916666666666,0.999624129158168,0.9997916666666666,1.0,0.00020833333333333335
head5m|edge3deg|cs662|t=60|S=1000|F=0.1|FrontOnlyThroughMask,38400,267809597.70878392,0.9922135416666666,0.991434431252212,0.99984375,0.6297561079246269,999.636280841272,1.0,-16.8628870738637,0.3985478659717854,-19.882202698091092,0.026964289269007683,1.041626676009974,0.30640764320676994,26.78583765262749,26.01659086750808,3.4772443784679483,128,0,1.0,0.9922135416666666,0.991434431252212,0.9922135416666666,1.0,0.007786458333333334
head5m|edge3deg|cs662|t=60|S=1000|F=0.2|BareCrystalAllFaces,38400,267809597.70878392,0.999765625,0.999591045696711,0.999453125,51.401784390976886,999.636280841272,1.0,-17.082983546401582,0.6982749842968612,-19.882216035596535,0.026877846061717538,1.041626676009974,0.32839528780528326,28.706106890433784,26.01659086750808,6.092888452190941,128,0,1.0,0.999765625,0.999591045696711,0.999765625,1.0,0.000234375
head5m|edge3deg|cs662|t=60|S=1000|F=0.2|FrontOnlyThroughMask,38400,267809597.70878392,0.9926302083333334,0.991870908683234,0.9998177083333334,1.2595122158492538,999.636280841272,1.0,-16.877560172032894,0.4287129997188576,-19.886363636363676,0.0,1.041626676009974,0.30786126367016914,26.912788262513036,26.01659086750808,3.7406792166038803,128,0,1.0,0.9926302083333334,0.991870908683234,0.9926302083333334,1.0,0.007369791666666667
head5m|edge3deg|cs662|t=60|S=1000|ideal,38400,267809597.70878392,,,0.9997395833333333,0,999.636280841272,1.0,-16.921579466540468,0.5060179829729895,-19.886363636363676,0.0,1.041626676009974,0.3122591449166007,27.296872860372304,26.01659086750808,4.4151937388793545,128,0,,,,,,
head5m|edge3deg|cs662|t=60|S=100|F=0.05|BareCrystalAllFaces,38400,26780959.770878393,0.8788178034845172,0.8742167407748526,0.7059635416666666,12.850446097744221,99.96362808412722,1.0,-133.16221028244487,12.423443242440754,-12.309874022430302,5.216106782533085,1.041626676009974,3.024652726928492,264.2782365770093,264.0373459088388,14.165659066697634,128,0,0.36919270833333334,0.324453125,0.3205202482813416,0.07049479166666667,0.073359375,0.04473958333333333
head5m|edge3deg|cs662|t=60|S=100|F=0.05|FrontOnlyThroughMask,38400,26780959.770878393,0.7363925204437731,0.7326680226498797,0.7438020833333333,0.31487805396231344,99.96362808412722,1.0,-120.15779460424825,12.344692192519625,-16.701340297213825,5.010274344461034,1.041626676009974,2.862582648449163,250.11807654853484,250.40997528409554,14.731854718789913,128,0,0.9999479166666667,0.7363541666666666,0.7326295959902941,0.17591145833333333,0.18684895833333334,0.26359375
head5m|edge3deg|cs662|t=60|S=100|F=0.1|BareCrystalAllFaces,38400,26780959.770878393,0.8988149498632635,0.8929766061513082,0.6658333333333334,25.700892195488443,99.96362808412722,1.0,-146.40228391353435,13.957596425819045,-8.221697877382617,4.563557939396469,1.041626676009974,3.184432716131356,278.23775064200856,278.54040240617644,14.984082404613417,128,0,0.19997395833333334,0.17973958333333334,0.176521530874759,0.05231770833333333,0.054661458333333336,0.020234375
head5m|edge3deg|cs662|t=60|S=100|F=0.1|FrontOnlyThroughMask,38400,26780959.770878393,0.7301607985197154,0.7264077290446751,0.7361458333333334,0.6297561079246269,99.96362808412722,1.0,-122.46041314210512,13.162273956067306,-16.869771146804485,4.305843194127929,1.041626676009974,2.8927060555580155,252.7493096948791,253.45707225839016,15.713292244417598,128,0,0.9992447916666667,0.729609375,0.7258553673172303,0.17114583333333333,0.18291666666666667,0.2696354166666667
head5m|edge3deg|cs662|t=60|S=100|F=0.2|BareCrystalAllFaces,38400,26780959.770878393,0.8865904112922852,0.8781276432683426,0.608828125,51.401784390976886,99.96362808412722,1.0,-163.5382721915036,16.1383760216191,-1.089741587549962,5.64258282979909,1.041626676009974,3.3704338521866974,294.4891324267037,295.17703383625314,16.148098579286234,128,0,0.10700520833333334,0.09486979166666666,0.09241976897228282,0.029557291666666666,0.031197916666666665,0.012135416666666666
head5m|edge3deg|cs662|t=60|S=100|F=0.2|FrontOnlyThroughMask,38400,26780959.770878393,0.7360284435080326,0.7322812388235339,0.7386458333333333,1.2595122158492538,99.96362808412722,1.0,-120.65079691555998,13.133847618041719,-15.380228958774188,4.854866817933179,1.041626676009974,2.867016224292825,250.50578336864672,250.93269211480663,15.952785092092729,128,0,0.9888020833333333,0.7277864583333333,0.7240246827909455,0.16830729166666666,0.17934895833333334,0.261015625
head5m|edge3deg|cs662|t=60|S=100|ideal,38400,26780959.770878393,,,0.7428385416666666,0,99.96362808412722,1.0,-120.6048440211663,12.537610232853856,-16.33794016286346,4.675630264882128,1.041626676009974,2.8645657531353006,250.29054825651386,250.8611486696064,15.003576101943597,128,0,,,,,,
head5m|edge3deg|cs662|t=60|S=250|F=0.05|BareCrystalAllFaces,38400,66952399.42719598,0.9656301145662848,0.964023889162129,0.9459635416666666,12.850446097744221,249.909070210318,1.0,-45.491140143122514,8.521832362896772,-18.4447364005751,0.9779354913241517,1.041626676009974,1.5139689484840477,132.2758737348721,132.21756447538374,19.62698750707959,128,0,0.9546875,0.921875,0.9195856648850997,0.7213541666666666,0.7355729166666667,0.0328125
head5m|edge3deg|cs662|t=60|S=250|F=0.05|FrontOnlyThroughMask,38400,66952399.42719598,0.9384114583333333,0.9363558588690837,0.9507552083333334,0.31487805396231344,249.909070210318,1.0,-43.280212571846846,7.697334225586302,-18.733054109626817,0.9812661695013865,1.041626676009974,1.4582385283817598,127.40688195329363,129.10311026525298,18.222333912653784,128,0,1.0,0.9384114583333333,0.9363558588690837,0.8319270833333333,0.8681510416666667,0.06158854166666667
head5m|edge3deg|cs662|t=60|S=250|F=0.1|BareCrystalAllFaces,38400,66952399.42719598,0.9694672071388994,0.9678946618723475,0.9418229166666666,25.700892195488443,249.909070210318,1.0,-47.24731654039232,7.866603690289952,-17.63243027388452,1.0302024871674595,1.041626676009974,1.56130017202753,136.41142041475504,136.9744144977845,17.496127865054888,128,0,0.8929947916666666,0.8657291666666667,0.8628338728897182,0.6798958333333334,0.6927864583333333,0.027265625
head5m|edge3deg|cs662|t=60|S=250|F=0.1|FrontOnlyThroughMask,38400,66952399.42719598,0.9370052083333333,0.9349283138477842,0.9519791666666667,0.6297561079246269,249.909070210318,1.0,-42.47037884489429,7.674140012699155,-18.685822424951088,1.013534529619337,1.041626676009974,1.4359556969581044,125.45975448078555,126.19739868331689,18.110720950483405,128,0,1.0,0.9370052083333333,0.9349283138477842,0.831015625,0.8692708333333333,0.06299479166666666
head5m|edge3deg|cs662|t=60|S=250|F=0.2|BareCrystalAllFaces,38400,66952399.42719598,0.9673584784424597,0.9656530908700398,0.931796875,51.401784390976886,249.909070210318,1.0,-51.92036455801135,8.496191948943816,-16.685012301955485,1.293473059625107,1.041626676009974,1.6735085280061448,146.21491683848583,148.58774324778972,17.496966453539606,128,0,0.8105729166666666,0.7841145833333333,0.7806322090470618,0.6025,0.61609375,0.026458333333333334
head5m|edge3deg|cs662|t=60|S=250|F=0.2|FrontOnlyThroughMask,38400,66952399.42719598,0.9373942029740358,0.9353231422953439,0.9503125,1.2595122158492538,249.909070210318,1.0,-43.27149986657848,6.429703903986392,-18.753584890850895,1.0133573559529652,1.041626676009974,1.4619308001511506,127.72931913492431,128.09158549658935,15.156198937332515,128,0,0.9999739583333334,0.9373697916666667,0.9352983899702108,0.829921875,0.8684635416666666,0.06260416666666667
head5m|edge3deg|cs662|t=60|S=250|ideal,38400,66952399.42719598,,,0.9509114583333333,0,249.909070210318,1.0,-42.96736725791889,7.566797938421649,-18.86133113536051,1.1425509616564729,1.041626676009974,1.4512371202443244,126.79540239091709,125.01525035953262,17.580220998023652,128,0,,,,,,
head5m|edge3deg|cs662|t=60|S=25|F=0.05|BareCrystalAllFaces,38400,6695239.942719598,0.39961759082217974,0.3744605269741385,0.19479166666666667,12.850446097744221,24.990907021031806,1.0,-277.34359050155257,14.095681842251436,-44.565357510355305,9.89007638421998,1.041626676009974,4.496743092837903,392.9292746175286,391.8253440816059,10.81268434499388,128,0,0.027239583333333334,0.010885416666666667,0.010028908036888775,0.00018229166666666667,0.00028645833333333333,0.016354166666666666
head5m|edge3deg|cs662|t=60|S=25|F=0.05|FrontOnlyThroughMask,38400,6695239.942719598,0.2727320247771883,0.268986675738054,0.24276041666666667,0.31487805396231344,24.990907021031806,1.0,-256.73170838008303,13.261207502254525,-62.81308462767747,8.302413137654858,1.041626676009974,4.368443281995034,381.7320033001062,380.9114147330431,10.436481786717309,128,0,0.9963802083333333,0.27174479166666665,0.268010522934335,0.0009895833333333334,0.0011979166666666666,0.7246354166666666
head5m|edge3deg|cs662|t=60|S=25|F=0.1|BareCrystalAllFaces,38400,6695239.942719598,0.3609467455621302,0.31753351809106367,0.17330729166666667,25.700892195488443,24.990907021031806,1.0,-285.09084276433833,12.56053894634747,-32.450133855113144,11.324378195463447,1.041626676009974,4.531168765797112,395.92870298895855,396.0958918287862,10.1513940715109,128,0,0.008802083333333334,0.0031770833333333334,0.0027198067850636967,0.0003385416666666667,0.0004947916666666667,0.005625
head5m|edge3deg|cs662|t=60|S=25|F=0.1|FrontOnlyThroughMask,38400,6695239.942719598,0.2690733860980994,0.2652885462757881,0.23354166666666668,0.6297561079246269,24.990907021031806,1.0,-261.636474602515,12.514377066270074,-60.30746336743543,9.222015725197663,1.041626676009974,4.407764288467549,385.16558861468684,384.5311051513301,10.804831393374787,128,0,0.96734375,0.26028645833333336,0.25660376347416813,0.0006510416666666666,0.00078125,0.7070572916666666
head5m|edge3deg|cs662|t=60|S=25|F=0.2|BareCrystalAllFaces,38400,6695239.942719598,0.1989795918367347,0.15318535948544926,0.145,51.401784390976886,24.990907021031806,1.0,-299.9948475932076,14.713098734860944,-12.181102279199864,9.589201143101777,1.041626676009974,4.600966238805944,402.0124995557155,401.4454320938845,11.824011007672551,128,0,0.005104166666666667,0.001015625,0.0007638095132479633,7.8125e-05,0.000390625,0.0040885416666666665
head5m|edge3deg|cs662|t=60|S=25|F=0.2|FrontOnlyThroughMask,38400,6695239.942719598,0.28441392526349407,0.2802192008967981,0.23158854166666668,1.2595122158492538,24.990907021031806,1.0,-261.2359155410248,11.647885026931627,-60.185760379922804,9.204380397572097,1.041626676009974,4.399917882218022,384.47856728216664,383.51772765125406,9.733360068838298,128,0,0.8153645833333333,0.23190104166666667,0.22836048104109838,0.0011197916666666667,0.001328125,0.5834635416666667
head5m|edge3deg|cs662|t=60|S=25|ideal,38400,6695239.942719598,,,0.24135416666666668,0,24.990907021031806,1.0,-258.332502464553,14.754728541285463,-64.6921119352417,9.856449002899776,1.041626676009974,4.384054566413263,383.0957723320438,383.1756159473133,11.88858330692968,128,0,,,,,,
head5m|edge3deg|cs662|t=60|S=500|F=0.05|BareCrystalAllFaces,38400,133904798.85439196,0.995598729100474,0.9950012499073351,0.9924479166666667,12.850446097744221,499.818140420636,1.0,-21.029529079861238,3.1290044279583795,-19.76810511375789,0.16739193006292188,1.041626676009974,0.6222308783550515,54.3711528066308,54.05305131125918,16.274384584399108,128,0,0.9999479166666667,0.995546875,0.9949461737469883,0.99375,0.9978645833333334,0.004401041666666667
head5m|edge3deg|cs662|t=60|S=500|F=0.05|FrontOnlyThroughMask,38400,133904798.85439196,0.9811979166666667,0.980017464529904,0.9922135416666666,0.31487805396231344,499.818140420636,1.0,-21.146913865214774,2.7995441512019292,-19.778038886743314,0.17299441621347028,1.041626676009974,0.6312805788637618,55.161736673165535,54.0747286156603,15.790869095124336,128,0,1.0,0.9811979166666667,0.980017464529904,0.9795572916666667,0.9979427083333333,0.018802083333333334
head5m|edge3deg|cs662|t=60|S=500|F=0.1|BareCrystalAllFaces,38400,133904798.85439196,0.9945561575328193,0.9938968162313985,0.9907552083333333,25.700892195488443,499.818140420636,1.0,-21.959633396546987,3.2887494434731965,-19.703867120763505,0.21077675910292928,1.041626676009974,0.6788905788989844,59.32047919494583,54.075361431210915,16.048541097692567,128,0,0.9997916666666666,0.9943489583333334,0.9936781443428115,0.9921614583333334,0.997265625,0.005442708333333333
head5m|edge3deg|cs662|t=60|S=500|F=0.1|FrontOnlyThroughMask,38400,133904798.85439196,0.980234375,0.9790257186885813,0.992734375,0.6297561079246269,499.818140420636,1.0,-20.868125000000123,3.120578533783515,-19.758565258401653,0.19539044541467662,1.041626676009974,0.6101231692402328,53.31375135981479,54.05287161274331,16.88760284852379,128,0,1.0,0.980234375,0.9790257186885813,0.97890625,0.9980989583333333,0.019765625
head5m|edge3deg|cs662|t=60|S=500|F=0.2|BareCrystalAllFaces,38400,133904798.85439196,0.9942903326728543,0.9936158800255201,0.9901822916666667,51.401784390976886,499.818140420636,1.0,-22.256839437488445,3.548168695529239,-19.66361454180241,0.24001875625674232,1.041626676009974,0.6896119561617421,60.25733224641728,63.5658920168085,17.904152690337547,128,0,0.9988541666666667,0.9931510416666667,0.9924173277824988,0.989453125,0.9948697916666667,0.005703125
head5m|edge3deg|cs662|t=60|S=500|F=0.2|FrontOnlyThroughMask,38400,133904798.85439196,0.9803385416666667,0.9791328987312996,0.9928125,1.2595122158492538,499.818140420636,1.0,-20.823415206755172,3.059136163930649,-19.78678915003612,0.16497775658377523,1.041626676009974,0.6080979963430743,53.13666608609645,54.0528716127433,16.541911195600562,128,0,1.0,0.9803385416666667,0.9791328987312996,0.9789322916666666,0.9981510416666667,0.019661458333333333
head5m|edge3deg|cs662|t=60|S=500|ideal,38400,133904798.85439196,,,0.9927864583333333,0,499.818140420636,1.0,-20.838260929608712,3.051724895494288,-19.790643320858837,0.1482775229856226,1.041626676009974,0.6095631898356357,53.26467649350448,54.05287161274331,16.408451153581893,128,0,,,,,,
head5m|edge3deg|cs662|t=60|S=50|F=0.05|BareCrystalAllFaces,38400,13390479.885439197,0.7071668533034714,0.6943801898346253,0.401484375,12.850446097744221,49.98181404206361,1.0,-220.25496870253394,13.241369517068136,-21.944582156847144,7.907993350490461,1.041626676009974,3.978899890191646,347.67043869188524,346.82866293887355,11.61382021326814,128,0,0.09302083333333333,0.06578125,0.06371171675686035,0.004453125,0.005,0.027239583333333334
head5m|edge3deg|cs662|t=60|S=50|F=0.05|FrontOnlyThroughMask,38400,13390479.885439197,0.47266235796935263,0.46845877771909133,0.4583333333333333,0.31487805396231344,49.98181404206361,1.0,-200.19468192965647,14.465470019486512,-30.497648793631676,8.114987032715591,1.041626676009974,3.8071704418213934,332.67006707775823,332.6593050416234,13.405543952162773,128,0,0.9992708333333333,0.4723177083333333,0.4681158436919862,0.017552083333333333,0.018958333333333334,0.526953125
head5m|edge3deg|cs662|t=60|S=50|F=0.1|BareCrystalAllFaces,38400,13390479.885439197,0.7280064568200162,0.7064203145882881,0.35888020833333334,25.700892195488443,49.98181404206361,1.0,-233.60497741143564,13.471722346808928,-15.901088617121347,9.338027397803812,1.041626676009974,4.091600968590679,357.5147761553878,356.6682363746038,11.70345210743493,128,0,0.032265625,0.023489583333333335,0.022232013583852628,0.0034895833333333333,0.004140625,0.008776041666666666
head5m|edge3deg|cs662|t=60|S=50|F=0.1|FrontOnlyThroughMask,38400,13390479.885439197,0.47592597467554687,0.471699486868656,0.4569270833333333,0.6297561079246269,49.98181404206361,1.0,-203.55942765835636,12.658577868447416,-30.364743868618692,7.459913127543705,1.041626676009974,3.8395674374777244,335.50084649157895,335.255212639412,11.774860997094851,128,0,0.9892447916666667,0.4708072916666667,0.4666062336185203,0.01671875,0.018177083333333333,0.5184375
head5m|edge3deg|cs662|t=60|S=50|F=0.2|BareCrystalAllFaces,38400,13390479.885439197,0.6386986301369864,0.6046750979030522,0.30359375,51.401784390976886,49.98181404206361,1.0,-254.06491298163058,16.3025170675496,-2.630744655415926,8.859174699378388,1.041626676009974,4.242031909633994,370.6509175020826,371.495027333924,13.793971179850518,128,0,0.015208333333333334,0.009713541666666667,0.00890484165515526,0.0016927083333333334,0.00203125,0.005494791666666667
head5m|edge3deg|cs662|t=60|S=50|F=0.2|FrontOnlyThroughMask,38400,13390479.885439197,0.48960862935562205,0.4852259141793237,0.4521875,1.2595122158492538,49.98181404206361,1.0,-203.89611692255434,12.105829498182125,-28.773947356171707,7.825031392187042,1.041626676009974,3.8354437777348664,335.13842860952565,335.7472681186856,11.050193512279266,128,0,0.9222395833333333,0.45153645833333333,0.44734907814132024,0.016822916666666667,0.018515625,0.470703125
head5m|edge3deg|cs662|t=60|S=50|ideal,38400,13390479.885439197,,,0.46166666666666667,0,49.98181404206361,1.0,-202.08054114694886,13.634028645487218,-31.089596787580177,7.628526991794942,1.041626676009974,3.8220148343145297,333.9667716755705,334.77972490471063,12.791099295157887,128,0,,,,,,
head5m|edge3deg|cs662|t=60|default|F=0.05|BareCrystalAllFaces,38400,1000000,0.043478260869565216,0.024571182582985705,0.04734375,12.850446097744221,3.7326379987631224,1.0,-319.07626810798246,11.292330159492522,-85.29905330306505,10.877811386907034,1.041626676009974,4.845906706818243,423.4504794234408,423.17932939133175,8.872888015658077,128,0,0.006588541666666667,0.00028645833333333333,0.00016065924609382504,0.0,0.0,0.006302083333333333
head5m|edge3deg|cs662|t=60|default|F=0.05|FrontOnlyThroughMask,38400,1000000,0.10707698983835388,0.10403099072551901,0.01890625,0.31487805396231344,3.7326379987631224,1.0,-363.03646694812664,11.253399429812324,-245.6933353308476,6.783690407135328,1.041626676009974,5.675307560449132,496.12366749828817,496.68289470385093,7.852042417516029,128,0,0.7201302083333333,0.077109375,0.07488085228660234,0.0,0.0,0.6430208333333334
head5m|edge3deg|cs662|t=60|default|F=0.1|BareCrystalAllFaces,38400,1000000,0.03361344537815126,0.011561557540311495,0.052578125,25.700892195488443,3.7326379987631224,1.0,-322.1125590531914,11.772635623623055,-55.5404728990728,11.585115324746202,1.041626676009974,4.811939428220089,420.46384307980856,421.33705291193996,9.108833384497489,128,0,0.0030989583333333333,0.00010416666666666667,3.558196516000094e-05,0.0,2.604166666666667e-05,0.002994791666666667
head5m|edge3deg|cs662|t=60|default|F=0.1|FrontOnlyThroughMask,38400,1000000,0.09777882797731569,0.09443765344115376,0.020833333333333332,0.6297561079246269,3.7326379987631224,1.0,-356.1878008437233,10.068404267830582,-236.81666724208222,6.963744265764899,1.041626676009974,5.5888160069796475,488.54773701730284,489.34033034368537,7.078245583505895,128,0,0.5510416666666667,0.05388020833333333,0.05199700032287791,0.0,0.0,0.4971614583333333
head5m|edge3deg|cs662|t=60|default|F=0.2|BareCrystalAllFaces,38400,1000000,0.06315789473684211,0.027859971910354702,0.058307291666666664,51.401784390976886,3.7326379987631224,1.0,-326.1280803738708,11.686501136969332,-26.243824120920912,12.348185240267648,1.041626676009974,4.774261220984424,417.15074197549455,417.69426092734335,9.43699149760502,128,0,0.0024739583333333332,0.00015625,6.804937404071531e-05,0.0,5.208333333333334e-05,0.0023177083333333335
head5m|edge3deg|cs662|t=60|default|F=0.2|FrontOnlyThroughMask,38400,1000000,0.09271870089051859,0.08829431336182567,0.023958333333333335,1.2595122158492538,3.7326379987631224,1.0,-348.046961501407,11.074860671640389,-218.2648629853217,8.8977210827097,1.041626676009974,5.46212463126548,477.4473807269114,478.44692786105384,8.023865363681761,128,0,0.29828125,0.02765625,0.026293233066967542,0.0,0.0,0.270625
head5m|edge3deg|cs662|t=60|default|ideal,38400,1000000,,,0.017135416666666667,0,3.7326379987631224,1.0,-370.66328937157994,11.004460841082382,-256.63869530263594,7.136606047654135,1.041626676009974,5.771429207439999,504.5436640110562,504.35689980478617,7.829747641759619,128,0,,,,,,
head5m|edge3deg|open|t=10|S=1000|F=0.05|BareCrystalAllFaces,38400,634980639.5586178,0.9996614583333333,0.9994618097585155,0.9999479166666667,167.61869200345845,999.4365537589542,1.0,-16.80419468118693,0.2338434543921049,-19.763150646196063,0.15655812026297575,1.041626676009974,0.30089395234414174,26.30430188030001,26.039168897807706,2.036759518191125,128,0,1.0,0.9996614583333333,0.9994618097585155,0.9996614583333333,1.0,0.0003385416666666667
head5m|edge3deg|open|t=10|S=1000|F=0.05|FrontOnlyThroughMask,38400,634980639.5586178,0.9999739583333334,0.9998764678836031,0.9999479166666667,0.6423989303000013,999.4365537589542,1.0,-16.80419468118693,0.2338434543921047,-19.886363636363676,0.0,1.041626676009974,0.30053146159278316,26.272647266080924,26.01659086750808,2.040370481783935,128,0,1.0,0.9999739583333334,0.9998764678836031,0.9999739583333334,1.0,2.604166666666667e-05
head5m|edge3deg|open|t=10|S=1000|F=0.1|BareCrystalAllFaces,38400,634980639.5586178,0.998515625,0.9981495818286872,0.9996875,335.2373840069169,999.4365537589542,1.0,-16.950925662878856,0.5980032595170135,-18.119127680162073,0.5451086984695072,1.041626676009974,0.31975241915037217,27.95127894768852,26.46993761486596,4.96723198793853,128,0,1.0,0.998515625,0.9981495818286872,0.998515625,1.0,0.001484375
head5m|edge3deg|open|t=10|S=1000|F=0.1|FrontOnlyThroughMask,38400,634980639.5586178,1.0,0.9999219891817117,1.0,1.2847978606000026,999.4365537589542,1.0,-16.774848484848548,0.0,-19.886363636363676,0.0,1.041626676009974,0.29759954076182876,26.01659086750808,26.01659086750808,0.0,128,0,1.0,1.0,0.9999219891817117,1.0,1.0,0.0
head5m|edge3deg|open|t=10|S=1000|F=0.2|BareCrystalAllFaces,38400,634980639.5586178,0.9959895833333333,0.9954171799672182,0.9988541666666667,670.4747680138338,999.4365537589542,1.0,-17.420464804293005,1.1651271369922824,-1.6078234675612832,1.8120551413324113,1.041626676009974,0.4032685147893417,35.245402921727504,30.576358545818792,8.313893816906848,128,0,1.0,0.9959895833333333,0.9954171799672182,0.9959895833333333,1.0,0.0040104166666666665
head5m|edge3deg|open|t=10|S=1000|F=0.2|FrontOnlyThroughMask,38400,634980639.5586178,0.9999739583333334,0.9998764678836031,0.9999739583333334,2.569595721200005,999.4365537589542,1.0,-16.78952158301774,0.16600715546322858,-19.883595399127984,0.022058555593083378,1.041626676009974,0.2990736440745919,26.14533014719109,26.01659086750808,1.448421462431384,128,0,1.0,0.9999739583333334,0.9998764678836031,0.9999739583333334,1.0,2.604166666666667e-05
head5m|edge3deg|open|t=10|S=1000|ideal,38400,634980639.5586178,,,0.9999739583333334,0,999.4365537589542,1.0,-16.78952158301774,0.16600715546322858,-19.886363636363676,0.0,1.041626676009974,0.29906550117730596,26.1446190667945,26.01659086750808,1.448473726376511,128,0,,,,,,
head5m|edge3deg|open|t=10|S=100|F=0.05|BareCrystalAllFaces,38400,63498063.955861785,0.5929158110882957,0.5742549885253885,0.678984375,167.61869200345845,99.94365537589542,1.0,-148.26362952395303,12.816525042111538,21.53510427622405,1.7669711325602466,1.041626676009974,3.0743609727262577,268.5847315575807,268.44755502209307,14.096561036824957,128,0,0.050729166666666665,0.030078125,0.02865775247802419,0.0071875,0.009791666666666667,0.020651041666666668
head5m|edge3deg|open|t=10|S=100|F=0.05|FrontOnlyThroughMask,38400,63498063.955861785,0.853214834892752,0.8502103382704841,0.82796875,0.6423989303000013,99.94365537589542,1.0,-90.27688693270993,9.542302252455134,-16.849760600162575,3.452927405880061,1.041626676009974,2.414459456864989,210.9590589348704,210.75576045242985,13.613767937793355,128,0,0.9991927083333333,0.8525260416666667,0.8495170510625887,0.2526041666666667,0.25903645833333333,0.14666666666666667
head5m|edge3deg|open|t=10|S=100|F=0.1|BareCrystalAllFaces,38400,63498063.955861785,0.43954659949622166,0.41014627618309285,0.5915364583333333,335.2373840069169,99.94365537589542,1.0,-167.33909790013365,13.734146565074218,32.09567637247646,1.1752590460983696,1.041626676009974,3.211270848186046,280.53421098736356,279.368025586016,14.099883814509226,128,0,0.020677083333333332,0.009088541666666667,0.008306558804944493,0.0017447916666666666,0.0034375,0.011588541666666667
head5m|edge3deg|open|t=10|S=100|F=0.1|FrontOnlyThroughMask,38400,63498063.955861785,0.8516384210388454,0.8486131994603703,0.824765625,1.2847978606000026,99.94365537589542,1.0,-91.79202976991482,10.279879360148941,-16.922408638609284,3.3815284406628288,1.041626676009974,2.434063451763667,212.6710498121904,212.61610573024558,14.480481483122182,128,0,0.9941927083333333,0.8466927083333333,0.8436361561737671,0.245078125,0.25234375,0.1475
head5m|edge3deg|open|t=10|S=100|F=0.2|BareCrystalAllFaces,38400,63498063.955861785,0.3229166666666667,0.28348328697505565,0.479140625,670.4747680138338,99.94365537589542,1.0,-189.52400083406346,13.60226149903563,36.82818084463085,0.517558551058113,1.041626676009974,3.3611300822679033,293.6142936923772,295.4021900943185,13.39011091906558,128,0,0.01,0.0032291666666666666,0.002768039960089193,0.000625,0.0015885416666666667,0.0067708333333333336
head5m|edge3deg|open|t=10|S=100|F=0.2|FrontOnlyThroughMask,38400,63498063.955861785,0.8566866051370883,0.8536539391224516,0.8173958333333333,2.569595721200005,99.94365537589542,1.0,-94.25119143386144,11.189254075897685,-16.42993776122874,3.5806630367829593,1.041626676009974,2.4730320508860815,216.07597379273994,216.5949254009533,15.507615885857359,128,0,0.9621614583333333,0.8242708333333333,0.8210451049054349,0.237265625,0.24372395833333332,0.137890625
head5m|edge3deg|open|t=10|S=100|ideal,38400,63498063.955861785,,,0.8256510416666667,0,99.94365537589542,1.0,-91.49608095916003,10.743387058704341,-17.611324881108136,3.653350976853358,1.041626676009974,2.432469176129509,212.53292805010227,211.86279763028534,15.351960819893115,128,0,,,,,,
head5m|edge3deg|open|t=10|S=250|F=0.05|BareCrystalAllFaces,38400,158745159.88965446,0.8360819590204898,0.8324002567253064,0.932265625,167.61869200345845,249.85913843973856,1.0,-52.661089016209075,8.488268989857607,0.8557410907589371,1.901670868093262,1.041626676009974,1.6897974201366162,147.6347798945767,148.95138530995678,17.62629860381952,128,0,0.72953125,0.6099479166666667,0.6058346467367632,0.4301041666666667,0.4767708333333333,0.11958333333333333
head5m|edge3deg|open|t=10|S=250|F=0.05|FrontOnlyThroughMask,38400,158745159.88965446,0.9830208333333333,0.981895916386332,0.973828125,0.6423989303000013,249.85913843973856,1.0,-31.231757796002846,5.310019908005279,-19.16550700021892,0.46564134388590533,1.041626676009974,1.0888140959994397,95.13144180135974,98.30259483997116,16.604988640308708,128,0,1.0,0.9830208333333333,0.981895916386332,0.94546875,0.9581770833333333,0.016979166666666667
head5m|edge3deg|open|t=10|S=250|F=0.1|BareCrystalAllFaces,38400,158745159.88965446,0.7991383325570564,0.7940435701689754,0.90765625,335.2373840069169,249.85913843973856,1.0,-63.06645630584005,9.468212129427835,20.241179373665236,1.6180929669365778,1.041626676009974,1.909016174085137,166.78568169155875,166.59985663584524,16.683388905980287,128,0,0.44729166666666664,0.35744791666666664,0.3534202121210448,0.19549479166666667,0.220625,0.08984375
head5m|edge3deg|open|t=10|S=250|F=0.1|FrontOnlyThroughMask,38400,158745159.88965446,0.9826041666666666,0.9814662885848571,0.974375,1.2847978606000026,249.85913843973856,1.0,-30.91764025058541,4.988597453375124,-19.177840462423887,0.48646442194600203,1.041626676009974,1.0790352363009474,94.27707453805229,97.06664888016347,15.707927257077882,128,0,1.0,0.9826041666666666,0.9814662885848571,0.9438541666666667,0.9571614583333333,0.017395833333333333
head5m|edge3deg|open|t=10|S=250|F=0.2|BareCrystalAllFaces,38400,158745159.88965446,0.7532332391853723,0.74443240070207,0.8706770833333334,670.4747680138338,249.85913843973856,1.0,-69.3250426353139,9.796637812415078,33.15718638538889,0.7291925855654551,1.041626676009974,1.9778718792565346,172.79544833173864,175.44181903092323,16.62376130448558,128,0,0.17518229166666666,0.131953125,0.12911991247496998,0.053515625,0.062447916666666665,0.043229166666666666
head5m|edge3deg|open|t=10|S=250|F=0.2|FrontOnlyThroughMask,38400,158745159.88965446,0.9836705992655677,0.9825661886231645,0.97625,2.569595721200005,249.85913843973856,1.0,-29.890657860377708,4.997182152760618,-19.128307992755044,0.5133063323750928,1.041626676009974,1.0416538076089394,91.01145888990365,92.18926558250507,15.92741080977957,128,0,0.999921875,0.98359375,0.9824869313194511,0.9465104166666667,0.9589322916666667,0.016328125
head5m|edge3deg|open|t=10|S=250|ideal,38400,158745159.88965446,,,0.97515625,0,249.85913843973856,1.0,-30.511848083567312,5.141211810384599,-19.110023282788624,0.552799918811032,1.041626676009974,1.0623441473141941,92.81910015525476,92.46359409573395,17.109916578407006,128,0,,,,,,
head5m|edge3deg|open|t=10|S=25|F=0.05|BareCrystalAllFaces,38400,15874515.988965446,0.09554140127388536,0.059818747453603584,0.2663802083333333,167.61869200345845,24.985913843973854,1.0,-275.3849374858099,13.505640925070532,32.76125995897374,1.8276120746686382,1.041626676009974,4.086774410216396,356.99480520979006,357.7351676056545,11.272748549897074,128,0,0.0040885416666666665,0.000390625,0.00024080476280701838,5.208333333333334e-05,0.00026041666666666666,0.0036979166666666666
head5m|edge3deg|open|t=10|S=25|F=0.05|FrontOnlyThroughMask,38400,15874515.988965446,0.33805314489911065,0.3340159503569322,0.290546875,0.6423989303000013,24.985913843973854,1.0,-246.6152513843851,13.878699510545855,-56.303409464031546,8.948744648498876,1.041626676009974,4.263380524313243,372.54477507276937,373.7207398891217,11.808355863277761,128,0,0.9692447916666667,0.32765625,0.3237132178556958,0.0009635416666666667,0.0010677083333333333,0.6415885416666667
head5m|edge3deg|open|t=10|S=25|F=0.1|BareCrystalAllFaces,38400,15874515.988965446,0.08148148148148149,0.046365855701297226,0.23307291666666666,335.2373840069169,24.985913843973854,1.0,-274.4346270451857,13.350582526914947,36.58291774351196,0.8504735508006803,1.041626676009974,4.035813041452823,352.5349834288065,352.2772407016155,11.507685654387018,128,0,0.003515625,0.00028645833333333333,0.00016065924609382504,0.0,0.00026041666666666666,0.0032291666666666666
head5m|edge3deg|open|t=10|S=25|F=0.1|FrontOnlyThroughMask,38400,15874515.988965446,0.35482864098882577,0.35042603478605333,0.2866666666666667,1.2847978606000026,24.985913843973854,1.0,-247.07434248360454,13.451850216854996,-56.03442866510022,8.752204526790662,1.041626676009974,4.264026547255304,372.5997709217728,370.69233646248165,11.174415449516827,128,0,0.8343229166666667,0.29604166666666665,0.29220825084624985,0.0009375,0.001015625,0.53828125
head5m|edge3deg|open|t=10|S=25|F=0.2|BareCrystalAllFaces,38400,15874515.988965446,0.1015625,0.06112724356784237,0.19377604166666668,670.4747680138338,24.985913843973854,1.0,-273.5155353156434,12.330945805478075,38.28621730580971,0.407786004943847,1.041626676009974,3.998210425657968,349.2466248795857,350.4447780289605,10.578871948384569,128,0,0.0033333333333333335,0.0003385416666666667,0.0002002606751686466,0.00010416666666666667,0.0005208333333333333,0.002994791666666667
head5m|edge3deg|open|t=10|S=25|F=0.2|FrontOnlyThroughMask,38400,15874515.988965446,0.40679472618636114,0.401102198141667,0.2755208333333333,2.569595721200005,24.985913843973854,1.0,-251.02901348152926,11.40211882176944,-55.507065742910186,8.926474051603416,1.041626676009974,4.299062079423973,375.6621267888669,375.7385540180277,9.72987906008209,128,0,0.5273697916666666,0.21453125,0.21108860088806797,0.000859375,0.0009375,0.3128385416666667
head5m|edge3deg|open|t=10|S=25|ideal,38400,15874515.988965446,,,0.2990364583333333,0,24.985913843973854,1.0,-242.10678089672575,12.654728997767553,-58.939001286739,9.688881206765014,1.041626676009974,4.224008681484726,369.1054239757627,368.51893769333816,10.348326195103079,128,0,,,,,,
head5m|edge3deg|open|t=10|S=500|F=0.05|BareCrystalAllFaces,38400,317490319.7793089,0.9689274365786321,0.9674313454465999,0.9904166666666666,167.61869200345845,499.7182768794771,1.0,-22.161774384469844,3.006638148796805,-15.20544223128093,0.8919493376901233,1.041626676009974,0.6974646084758561,60.94318056183349,64.04949113176488,15.588186151096597,128,0,0.99984375,0.9687760416666666,0.9672766505112239,0.9674739583333334,0.9975260416666667,0.031067708333333333
head5m|edge3deg|open|t=10|S=500|F=0.05|FrontOnlyThroughMask,38400,317490319.7793089,0.9989583333333333,0.9986442399716605,0.9980989583333333,0.6423989303000013,499.7182768794771,1.0,-17.845984651199576,1.4275156158941231,-19.812460935281177,0.11958619136540813,1.041626676009974,0.3966553198617983,34.66785639779296,26.085595798127578,10.812326310677607,128,0,1.0,0.9989583333333333,0.9986442399716605,0.9989583333333333,1.0,0.0010416666666666667
head5m|edge3deg|open|t=10|S=500|F=0.1|BareCrystalAllFaces,38400,317490319.7793089,0.9382412874235854,0.9361797575893609,0.982734375,335.2373840069169,499.7182768794771,1.0,-26.486879898119298,4.620499739653824,0.006341611280090429,1.8621622867771241,1.041626676009974,0.9192760341888153,80.32031401175996,81.02985324892106,17.223248218394904,128,0,0.9968229166666667,0.9352604166666667,0.9331575017112461,0.9222395833333333,0.9753645833333333,0.0615625
head5m|edge3deg|open|t=10|S=500|F=0.1|FrontOnlyThroughMask,38400,317490319.7793089,0.998828125,0.9984977771770923,0.9980208333333334,1.2847978606000026,499.7182768794771,1.0,-17.890003945707154,1.4421098726619304,-19.812847914967627,0.11304531502859302,1.041626676009974,0.4008264446567451,35.03213944474473,26.085425039273368,10.845890812156,128,0,1.0,0.998828125,0.9984977771770923,0.998828125,1.0,0.001171875
head5m|edge3deg|open|t=10|S=500|F=0.2|BareCrystalAllFaces,38400,317490319.7793089,0.8814229249011858,0.878580660644586,0.9766927083333333,670.4747680138338,499.7182768794771,1.0,-29.67451086198073,5.050731249916865,25.863647295096282,1.1811747995356965,1.041626676009974,1.0693791348922153,93.43357096301438,95.63238022739384,16.398904312364355,128,0,0.9355729166666666,0.8246354166666666,0.8214122775517954,0.7354947916666666,0.8040364583333334,0.1109375
head5m|edge3deg|open|t=10|S=500|F=0.2|FrontOnlyThroughMask,38400,317490319.7793089,0.99859375,0.9982362508554706,0.997734375,2.569595721200005,499.7182768794771,1.0,-18.051408025568264,1.6985139509186,-19.80108422496573,0.1183989104007436,1.041626676009974,0.4117167985278479,35.983421076541994,26.066440510546695,12.11124360767981,128,0,1.0,0.99859375,0.9982362508554706,0.99859375,1.0,0.00140625
head5m|edge3deg|open|t=10|S=500|ideal,38400,317490319.7793089,,,0.998046875,0,499.7182768794771,1.0,-17.8742950994319,1.3436378036510774,-19.801105170213628,0.14713696190040776,1.041626676009974,0.40066878893255814,35.01829198926746,26.107076073220732,10.434899410341682,128,0,,,,,,
head5m|edge3deg|open|t=10|S=50|F=0.05|BareCrystalAllFaces,38400,31749031.977930892,0.23157894736842105,0.19631755666536296,0.4266666666666667,167.61869200345845,49.97182768794771,1.0,-228.61436067243497,14.471565783706156,29.617284706371535,1.930581219269521,1.041626676009974,3.7724452831463116,329.55070705827944,328.5263833709462,12.524465246182185,128,0,0.009895833333333333,0.0022916666666666667,0.0019055250743482861,0.0004427083333333333,0.0012239583333333334,0.007604166666666667
head5m|edge3deg|open|t=10|S=50|F=0.05|FrontOnlyThroughMask,38400,31749031.977930892,0.5877964855139082,0.5836289690185911,0.5527083333333334,0.6423989303000013,49.97182768794771,1.0,-174.33926738345895,14.271460414065148,-28.15360244264732,6.157615368198215,1.041626676009974,3.518709287786263,307.4573484878203,308.01507499665456,14.353850818270196,128,0,0.9914322916666667,0.5827604166666667,0.5786038328151302,0.025755208333333335,0.026875,0.408671875
head5m|edge3deg|open|t=10|S=50|F=0.1|BareCrystalAllFaces,38400,31749031.977930892,0.14814814814814814,0.11197835682772263,0.3545833333333333,335.2373840069169,49.97182768794771,1.0,-240.9082021507981,13.594419565260331,35.08402033735357,0.9662565846091774,1.041626676009974,3.8167301925205446,333.4078658891818,333.26727272074993,12.049728280546878,128,0,0.006328125,0.0009375,0.0006961991006409208,0.00010416666666666667,0.0007552083333333333,0.005390625
head5m|edge3deg|open|t=10|S=50|F=0.1|FrontOnlyThroughMask,38400,31749031.977930892,0.5998999749937485,0.5956325324236387,0.545234375,1.2847978606000026,49.97182768794771,1.0,-176.98202092814861,13.303456643344957,-27.537000871998117,7.40492283173133,1.041626676009974,3.547825353563803,310.0027028764898,310.13079523169597,13.09737761709154,128,0,0.937265625,0.562265625,0.5580849666170669,0.02359375,0.0246875,0.375
head5m|edge3deg|open|t=10|S=50|F=0.2|BareCrystalAllFaces,38400,31749031.977930892,0.10126582278481013,0.06455592493302569,0.28479166666666667,670.4747680138338,49.97182768794771,1.0,-244.84401286417963,13.903821561157264,37.943939286882625,0.43321036330257306,1.041626676009974,3.790456444441167,331.10584865707386,331.5261377017846,12.53084072306197,128,0,0.004114583333333333,0.0004166666666666667,0.00026136993531256764,5.208333333333334e-05,0.000546875,0.0036979166666666666
head5m|edge3deg|open|t=10|S=50|F=0.2|FrontOnlyThroughMask,38400,31749031.977930892,0.6442205179351378,0.6395747474848741,0.534765625,2.569595721200005,49.97182768794771,1.0,-179.81146914494312,13.207968893531723,-26.540645244473318,7.437852952636354,1.041626676009974,3.5809594022093263,312.8987748158456,312.0764474252501,12.950552835110285,128,0,0.7572135416666667,0.4878125,0.4836045796849924,0.02078125,0.021640625,0.2694010416666667
head5m|edge3deg|open|t=10|S=50|ideal,38400,31749031.977930892,,,0.550546875,0,49.97182768794771,1.0,-176.257955518818,13.90456421694525,-27.819213042635408,6.056983731233687,1.041626676009974,3.542291040236455,309.52001920837046,309.73562457524366,13.973645808987994,128,0,,,,,,
head5m|edge3deg|open|t=10|default|F=0.05|BareCrystalAllFaces,38400,1000000,0.0410958904109589,0.018046116218932116,0.13177083333333334,167.61869200345845,1.5739638210917326,1.0,-316.7402062223459,11.644872609445473,34.73693695545404,1.4708626536193865,1.041626676009974,4.329790117565053,378.2050926419557,378.8867835235347,9.324000432240128,128,0,0.0038020833333333335,0.00015625,6.804937404071531e-05,2.604166666666667e-05,0.0003125,0.0036458333333333334
head5m|edge3deg|open|t=10|default|F=0.05|FrontOnlyThroughMask,38400,1000000,0.11401636428317324,0.10710437035505485,0.003411458333333333,0.6423989303000013,1.5739638210917326,1.0,-434.05086549084535,9.36492717088033,-298.3615439058563,3.8112624618281936,1.041626676009974,6.386788089210818,558.4229642104123,558.2176452246958,6.095703423930398,128,0,0.14640625,0.016692708333333334,0.015631413849116527,0.0,0.0,0.12971354166666665
head5m|edge3deg|open|t=10|default|F=0.1|BareCrystalAllFaces,38400,1000000,0.015748031496062992,0.0028052643178764825,0.13052083333333334,335.2373840069169,1.5739638210917326,1.0,-305.44002979139344,11.794744593351423,37.382167785329855,0.7534678509535475,1.041626676009974,4.227013115839023,369.2253651969008,368.81233989998077,9.567357756135229,128,0,0.0033072916666666667,5.208333333333334e-05,9.254283686550704e-06,0.0,0.0003385416666666667,0.0032552083333333335
head5m|edge3deg|open|t=10|default|F=0.1|FrontOnlyThroughMask,38400,1000000,0.09989102796948783,0.09062739637227801,0.004921875,1.2847978606000026,1.5739638210917326,1.0,-407.6912430621312,10.289218174973614,-282.38493660564035,4.929616404038328,1.041626676009974,6.128294053176715,535.7851434983547,536.1024999818122,6.977320652575639,128,0,0.07169270833333333,0.007161458333333333,0.006468402901583605,0.0,0.0,0.06453125
head5m|edge3deg|open|t=10|default|F=0.2|BareCrystalAllFaces,38400,1000000,0.017699115044247787,0.003153820105751476,0.12361979166666667,670.4747680138338,1.5739638210917326,1.0,-292.75405501429964,11.075455906158155,38.55667160931674,0.36141874133334745,1.041626676009974,4.111008150784365,359.0919563821393,359.2884581386949,9.323281182247507,128,0,0.002942708333333333,5.208333333333334e-05,9.254283686550704e-06,0.0,0.0003125,0.002890625
head5m|edge3deg|open|t=10|default|F=0.2|FrontOnlyThroughMask,38400,1000000,0.06893464637421665,0.05687393183720354,0.01140625,2.569595721200005,1.5739638210917326,1.0,-367.8844470749155,10.145719845457428,-245.66799258864694,7.6219672655591495,1.041626676009974,5.691818516344346,497.55937494422506,497.05764379456053,7.571002050561602,128,0,0.029088541666666665,0.0020052083333333332,0.0016449867091916162,0.0,0.0,0.027083333333333334
head5m|edge3deg|open|t=10|default|ideal,38400,1000000,,,0.0014322916666666666,0,1.5739638210917326,1.0,-469.75130741003755,9.019206704117169,-309.40723354969066,2.1751436513207785,1.041626676009974,6.695318254718323,585.4394927622941,585.8309832219419,5.669202636924381,128,0,,,,,,
head5m|edge3deg|open|t=60|S=1000|F=0.05|BareCrystalAllFaces,38400,105830106.59310298,0.989296875,0.9883921284292801,0.9969270833333334,1005.7121520207509,999.4365537589543,1.0,-18.50627406881322,1.849985530882452,20.40433970935544,1.7318793327831856,1.041626676009974,0.5305344599902135,46.36174945645287,48.40555783466375,10.91007303010339,128,0,1.0,0.989296875,0.9883921284292801,0.989296875,1.0,0.010703125
head5m|edge3deg|open|t=60|S=1000|F=0.05|FrontOnlyThroughMask,38400,105830106.59310298,0.9999739583333334,0.9998764678836031,1.0,3.854393581800008,999.4365537589543,1.0,-16.774848484848548,0.0,-19.88498152518129,0.01563680303072953,1.041626676009974,0.2976035828779177,26.016943846183445,26.01659086750808,0.003993497839433501,128,0,1.0,0.9999739583333334,0.9998764678836031,0.9999739583333334,1.0,2.604166666666667e-05
head5m|edge3deg|open|t=60|S=1000|F=0.1|BareCrystalAllFaces,38400,105830106.59310298,0.9505345501955671,0.9486748261201886,0.9991145833333334,2011.4243040415017,999.4365537589543,1.0,-17.272698074495022,0.925935730711319,34.602440691415595,0.12010183455823446,1.041626676009974,0.47807728684928874,41.77987673911212,38.54438054695726,5.961894598129443,128,0,0.9986979166666666,0.949296875,0.9474170320773654,0.9434114583333333,0.9890625,0.049401041666666666
head5m|edge3deg|open|t=60|S=1000|F=0.1|FrontOnlyThroughMask,38400,105830106.59310298,0.9999739583333334,0.9998764678836031,0.9999739583333334,7.708787163600016,999.4365537589543,1.0,-16.789521583017738,0.1660071554632239,-19.886363636363676,0.0,1.041626676009974,0.29906550117730596,26.1446190667945,26.01659086750808,1.4484737263765128,128,0,1.0,0.9999739583333334,0.9998764678836031,0.9999739583333334,1.0,2.604166666666667e-05
head5m|edge3deg|open|t=60|S=1000|F=0.2|BareCrystalAllFaces,38400,105830106.59310298,0.8724682053697598,0.869452949122541,0.9959635416666667,4022.8486080830035,999.4365537589543,1.0,-18.024635661752725,1.4065498995833026,36.08485573315065,0.07663795775850403,1.041626676009974,0.5307357627736898,46.37895150389153,40.704639307176095,8.043527069742177,128,0,0.8845833333333334,0.7717708333333333,0.7682198556426328,0.6777083333333334,0.7484375,0.1128125
head5m|edge3deg|open|t=60|S=1000|F=0.2|FrontOnlyThroughMask,38400,105830106.59310298,0.9999739583333334,0.9998764678836031,0.9999739583333334,15.417574327200033,999.4365537589543,1.0,-16.78952158301774,0.16600715546322858,-19.88497770675509,0.015680003591653054,1.041626676009974,0.2990695990953462,26.144976918485007,26.01659086750808,1.448447505328639,128,0,1.0,0.9999739583333334,0.9998764678836031,0.9999739583333334,1.0,2.604166666666667e-05
head5m|edge3deg|open|t=60|S=1000|ideal,38400,105830106.59310298,,,1.0,0,999.4365537589543,1.0,-16.774848484848548,0.0,-19.884981605208182,0.015635897629752354,1.041626676009974,0.29760358171103307,26.016943744282976,26.01659086750808,0.003992344967248514,128,0,,,,,,
head5m|edge3deg|open|t=60|S=100|F=0.05|BareCrystalAllFaces,38400,10583010.659310296,0.19831223628691982,0.15660677564451453,0.4145052083333333,1005.7121520207509,99.94365537589542,1.0,-200.2136328656704,15.254101705698766,38.09821762684527,0.30129279224450667,1.041626676009974,3.4209485263748216,298.83444173435186,300.730742418888,14.671724126021653,128,0,0.006171875,0.0012239583333333334,0.0009459495733796079,0.00020833333333333335,0.001015625,0.0049479166666666664
head5m|edge3deg|open|t=60|S=100|F=0.05|FrontOnlyThroughMask,38400,10583010.659310296,0.8704348576855556,0.86743423625504,0.8112760416666667,3.854393581800008,99.94365537589542,1.0,-97.11436602514392,11.813555134528807,-16.48405020332366,3.5849889746626302,1.041626676009974,2.5152172756994244,219.76178494936272,220.09362908101053,16.023941979859313,128,0,0.9048697916666667,0.7876302083333333,0.7841682008804352,0.22875,0.23546875,0.11723958333333333
head5m|edge3deg|open|t=60|S=100|F=0.1|BareCrystalAllFaces,38400,10583010.659310296,0.15934065934065933,0.1163975315963462,0.2991666666666667,2011.4243040415017,99.94365537589542,1.0,-211.6910838759734,15.498302168849648,39.3791940739119,0.1931395416119544,1.041626676009974,3.4421647292445763,300.6820083421943,301.5219805911188,15.184679174878887,128,0,0.0047395833333333335,0.0007552083333333333,0.0005403108666663354,5.208333333333334e-05,0.00046875,0.003984375
head5m|edge3deg|open|t=60|S=100|F=0.1|FrontOnlyThroughMask,38400,10583010.659310296,0.89792863359443,0.8949432819886148,0.796484375,7.708787163600016,99.94365537589542,1.0,-101.12926387055596,11.956605783988076,-15.096810159619102,3.4225037086635615,1.041626676009974,2.5744027824156483,224.93413643671994,227.05091741206098,16.36561963126064,128,0,0.748046875,0.6716927083333334,0.6677284482868334,0.20734375,0.21356770833333333,0.07635416666666667
head5m|edge3deg|open|t=60|S=100|F=0.2|BareCrystalAllFaces,38400,10583010.659310296,0.07936507936507936,0.04368908259007262,0.196328125,4022.8486080830035,99.94365537589542,1.0,-212.32545255698884,16.913786693650962,40.3069090749053,0.17528581569985485,1.041626676009974,3.3427102531638626,291.9904234631404,292.98671034582685,17.677307126279523,128,0,0.00328125,0.00026041666666666666,0.00014129318342801184,5.208333333333334e-05,0.0004947916666666667,0.0030208333333333333
head5m|edge3deg|open|t=60|S=100|F=0.2|FrontOnlyThroughMask,38400,10583010.659310296,0.9234953412238731,0.920321253712185,0.7754427083333333,15.417574327200033,99.94365537589542,1.0,-108.41881815394204,11.547462008429093,-13.876807553441008,3.841518763425195,1.041626676009974,2.6824481772913407,234.37561816046247,234.69580901668368,14.849621149659786,128,0,0.5170572916666667,0.4775,0.4732956602554474,0.17263020833333334,0.17791666666666667,0.03955729166666667
head5m|edge3deg|open|t=60|S=100|ideal,38400,10583010.659310296,,,0.824921875,0,99.94365537589542,1.0,-91.51487760676986,11.466506934714177,-17.04388234662508,3.5804023094732917,1.041626676009974,2.4318997372457494,212.48276347802272,213.22979484138244,16.183813614581947,128,0,,,,,,
head5m|edge3deg|open|t=60|S=250|F=0.05|BareCrystalAllFaces,38400,26457526.648275744,0.7041233868429336,0.690510434329924,0.81359375,1005.7121520207509,249.8591384397386,1.0,-81.38588943478021,10.028691568277873,35.86278375268398,0.35517973558673194,1.041626676009974,2.131196196682831,186.18499978477578,187.21269345764378,15.359063921449874,128,0,0.082734375,0.058255208333333336,0.05630087450550998,0.020677083333333332,0.026276041666666666,0.024479166666666666
head5m|edge3deg|open|t=60|S=250|F=0.05|FrontOnlyThroughMask,38400,26457526.648275744,0.9824200437545577,0.9812764287054524,0.9747135416666667,3.854393581800008,249.8591384397386,1.0,-30.63303744439954,5.441437161280324,-19.163648697334196,0.5571025294688686,1.041626676009974,1.064678776457609,93.02319537206041,92.46348122232664,17.68697092262142,128,0,0.9998958333333333,0.9823177083333333,0.9811710142351902,0.9415625,0.9548697916666666,0.017578125
head5m|edge3deg|open|t=60|S=250|F=0.1|BareCrystalAllFaces,38400,26457526.648275744,0.5422045680238332,0.515816741339379,0.6470052083333333,2011.4243040415017,249.8591384397386,1.0,-118.76433584718278,14.729224566047819,38.03310410202753,0.19497992475169584,1.041626676009974,2.554863959744896,223.18570859742715,224.87870689871488,18.55132450708075,128,0,0.026223958333333332,0.01421875,0.013239244281657311,0.0040885416666666665,0.006197916666666667,0.012005208333333333
head5m|edge3deg|open|t=60|S=250|F=0.1|FrontOnlyThroughMask,38400,26457526.648275744,0.9826125492036183,0.9814743312507984,0.9740625,7.708787163600016,249.8591384397386,1.0,-31.03657668936057,5.4678166712961085,-19.13534250673958,0.5058126510967162,1.041626676009974,1.0800223995554645,94.36341820268264,92.4759084471378,17.391258828161924,128,0,0.998984375,0.9816145833333333,0.9804465647349973,0.9353385416666666,0.9486979166666667,0.017369791666666665
head5m|edge3deg|open|t=60|S=250|F=0.2|BareCrystalAllFaces,38400,26457526.648275744,0.33810888252148996,0.2961667783638761,0.4303125,4022.8486080830035,249.8591384397386,1.0,-154.26562391638402,16.286200272528095,39.51887396128527,0.2204714376316943,1.041626676009974,2.8286185465703544,247.0922039697032,247.94247955282185,18.727036182760774,128,0,0.009088541666666667,0.0030729166666666665,0.0026234373306456256,0.0008072916666666667,0.0017708333333333332,0.006015625
head5m|edge3deg|open|t=60|S=250|F=0.2|FrontOnlyThroughMask,38400,26457526.648275744,0.9818730325288563,0.9807083972538029,0.9723958333333333,15.417574327200033,249.8591384397386,1.0,-31.734998706989686,5.432214726061057,-18.968803857086726,0.5961641984336773,1.041626676009974,1.105897216702011,96.62380734203778,97.93150773628038,16.53120127872248,128,0,0.9927083333333333,0.9747135416666667,0.9733558580832753,0.9245833333333333,0.9380729166666667,0.017994791666666666
head5m|edge3deg|open|t=60|S=250|ideal,38400,26457526.648275744,,,0.9752604166666666,0,249.8591384397386,1.0,-30.42845398308479,4.914655724116633,-19.212256827551784,0.5150043310556739,1.041626676009974,1.0606062813393176,92.66700707699454,92.4637058711717,16.218385097012334,128,0,,,,,,
head5m|edge3deg|open|t=60|S=25|F=0.05|BareCrystalAllFaces,38400,2645752.664827574,0.032520325203252036,0.011183025020765375,0.17565104166666667,1005.7121520207509,24.985913843973854,1.0,-267.9976824164758,14.143744858297826,38.949988869003334,0.24120078259742642,1.041626676009974,3.927024291281445,343.0260648534503,342.9291605667746,12.658250031373006,128,0,0.003203125,0.00010416666666666667,3.558196516000094e-05,0.0,0.0004166666666666667,0.0030989583333333333
head5m|edge3deg|open|t=60|S=25|F=0.05|FrontOnlyThroughMask,38400,2645752.664827574,0.4484297520661157,0.44096144095475126,0.2634635416666667,3.854393581800008,24.985913843973854,1.0,-255.7941812928672,12.424814103094521,-53.46083660531412,8.911013345933945,1.041626676009974,4.3389626179129355,379.1475182037104,378.45339613112924,10.413560948748286,128,0,0.3151041666666667,0.14130208333333333,0.1383853085398404,0.000703125,0.0008333333333333334,0.17380208333333333
head5m|edge3deg|open|t=60|S=25|F=0.1|BareCrystalAllFaces,38400,2645752.664827574,0.03225806451612903,0.011092233546312197,0.147109375,2011.4243040415017,24.985913843973854,1.0,-254.13726920534768,15.498559746807704,39.80637843835324,0.16546431640015774,1.041626676009974,3.7661882868465217,328.9771755063451,328.8320826686555,14.342341934546273,128,0,0.0032291666666666666,0.00010416666666666667,3.558196516000094e-05,2.604166666666667e-05,0.00028645833333333333,0.003125
head5m|edge3deg|open|t=60|S=25|F=0.1|FrontOnlyThroughMask,38400,2645752.664827574,0.5210727969348659,0.5078041790842027,0.240859375,7.708787163600016,24.985913843973854,1.0,-258.9925602327434,12.372776975664614,-48.45547040964871,10.546663377703307,1.041626676009974,4.352225909529541,380.3045810035338,379.96106627745655,10.363625136077768,128,0,0.101953125,0.053125,0.05125441225890727,0.0008333333333333334,0.0010416666666666667,0.048828125
head5m|edge3deg|open|t=60|S=25|F=0.2|BareCrystalAllFaces,38400,2645752.664827574,0.036036036036036036,0.01240108667520039,0.108671875,4022.8486080830035,24.985913843973854,1.0,-233.14158867550128,16.32255064197422,40.55127609226457,0.16215373557097537,1.041626676009974,3.4997118955465636,305.70068773422355,307.5619209458652,16.530077278175117,128,0,0.002890625,0.00010416666666666667,3.558196516000094e-05,2.604166666666667e-05,0.00046875,0.0027864583333333335
head5m|edge3deg|open|t=60|S=25|F=0.2|FrontOnlyThroughMask,38400,2645752.664827574,0.5461215932914046,0.5190049797130221,0.21231770833333333,15.417574327200033,24.985913843973854,1.0,-269.78923828872973,13.225549841497838,-41.89977496269853,9.64121558760701,1.041626676009974,4.430172421574223,387.11121358622154,387.2857840767216,10.896031696099037,128,0,0.02484375,0.013567708333333333,0.012610940410421895,0.00046875,0.0005989583333333333,0.011276041666666667
head5m|edge3deg|open|t=60|S=25|ideal,38400,2645752.664827574,,,0.29651041666666667,0,24.985913843973854,1.0,-244.85573263050375,13.438451269515598,-58.07646062734091,9.38361856704397,1.041626676009974,4.2530914716713015,371.64731603916505,372.67374214767625,10.799702968813534,128,0,,,,,,
head5m|edge3deg|open|t=60|S=500|F=0.05|BareCrystalAllFaces,38400,52915053.29655149,0.8484334464178807,0.8449902170891037,0.9791927083333334,1005.7121520207509,499.7182768794772,1.0,-27.196246505465556,4.576624918337946,33.259811042818875,0.5730836820171653,1.041626676009974,0.9768048743404745,85.34573863746671,84.35490843210903,15.790344037237322,128,0,0.78296875,0.664296875,0.6603108833667778,0.515625,0.572734375,0.118671875
head5m|edge3deg|open|t=60|S=500|F=0.05|FrontOnlyThroughMask,38400,52915053.29655149,0.9986979166666666,0.9983521843033232,0.997421875,3.854393581800008,499.7182768794772,1.0,-18.227485203598572,1.6867194627481683,-19.804830795155585,0.12671439666696074,1.041626676009974,0.4284498419757656,37.44482035027437,42.404200376170145,12.016827264286027,128,0,1.0,0.9986979166666666,0.9983521843033232,0.998671875,0.9999739583333334,0.0013020833333333333
head5m|edge3deg|open|t=60|S=500|F=0.1|BareCrystalAllFaces,38400,52915053.29655149,0.8029877963248703,0.7974282257161118,0.95078125,2011.4243040415017,499.7182768794772,1.0,-33.384032092040755,5.531587468893098,36.14512492707457,0.14878569625055507,1.041626676009974,1.139056939191401,99.51517386230628,99.20215416666841,15.847508103361085,128,0,0.3713020833333333,0.29815104166666667,0.2943096466956652,0.16145833333333334,0.1828125,0.07315104166666667
head5m|edge3deg|open|t=60|S=500|F=0.1|FrontOnlyThroughMask,38400,52915053.29655149,0.9985416666666667,0.9981784461728475,0.997890625,7.708787163600016,499.7182768794772,1.0,-17.963369436553116,1.4504369476645196,-19.809005382463614,0.12198515166107522,1.041626676009974,0.40827496030725097,35.682630232002296,34.27882497685172,10.738155163485493,128,0,1.0,0.9985416666666667,0.9981784461728475,0.9985416666666667,1.0,0.0014583333333333334
head5m|edge3deg|open|t=60|S=500|F=0.2|BareCrystalAllFaces,38400,52915053.29655149,0.7309269893355209,0.7185936122388474,0.8038020833333334,4022.8486080830035,499.7182768794772,1.0,-65.92641396233664,11.12153394699976,37.87489015488575,0.16812474599013963,1.041626676009974,1.7537101393265255,153.20282470447322,152.46553694393785,19.315687088506362,128,0,0.095234375,0.069609375,0.06748432666445926,0.029010416666666667,0.035859375,0.025625
head5m|edge3deg|open|t=60|S=500|F=0.2|FrontOnlyThroughMask,38400,52915053.29655149,0.9982552083333334,0.9978621889714038,0.99734375,15.417574327200033,499.7182768794772,1.0,-18.27150449810615,1.5519811313727705,-19.77786377167873,0.13647861776244238,1.041626676009974,0.434528986716182,37.97569880001781,42.40420037617016,11.439063732901767,128,0,1.0,0.9982552083333334,0.9978621889714038,0.9982552083333334,1.0,0.0017447916666666666
head5m|edge3deg|open|t=60|S=500|ideal,38400,52915053.29655149,,,0.9981510416666667,0,499.7182768794772,1.0,-17.816638454861188,1.449239599861507,-19.801430398587915,0.12705983867002718,1.041626676009974,0.39384946154441186,34.42279211423378,26.085396611684715,10.783122572191138,128,0,,,,,,
head5m|edge3deg|open|t=60|S=50|F=0.05|BareCrystalAllFaces,38400,5291505.329655148,0.09523809523809523,0.05849948314042591,0.24578125,1005.7121520207509,49.97182768794771,1.0,-247.273008794509,13.518437634841359,38.72442730153628,0.2456728303226241,1.041626676009974,3.78362739008304,330.50679248709935,330.53354856809847,12.243200158927912,128,0,0.003828125,0.00036458333333333335,0.00022042805986020682,5.208333333333334e-05,0.000625,0.003463541666666667
head5m|edge3deg|open|t=60|S=50|F=0.05|FrontOnlyThroughMask,38400,5291505.329655148,0.6951448497854077,0.6900410543053745,0.526484375,3.854393581800008,49.97182768794771,1.0,-183.96456529790274,12.738311803009642,-26.260072534708407,7.463555909839362,1.041626676009974,3.6214983839382,316.440228074544,316.049353181458,12.22670512312068,128,0,0.5825,0.404921875,0.40079391304092354,0.0209375,0.021770833333333333,0.177578125
head5m|edge3deg|open|t=60|S=50|F=0.1|BareCrystalAllFaces,38400,5291505.329655148,0.09482758620689655,0.054092817551167086,0.18763020833333333,2011.4243040415017,49.97182768794771,1.0,-242.11781812981852,17.12411963954373,39.69165412267138,0.1765710449695082,1.041626676009974,3.6741769129025514,320.94248794895685,319.96640826167857,15.81149633903024,128,0,0.0030208333333333333,0.00028645833333333333,0.00016065924609382504,0.0,0.00015625,0.002734375
head5m|edge3deg|open|t=60|S=50|F=0.1|FrontOnlyThroughMask,38400,5291505.329655148,0.7762878723584825,0.7698805494418063,0.50453125,7.708787163600016,49.97182768794771,1.0,-189.87865577531448,13.992474844998577,-24.433975846466105,6.3233260842253785,1.041626676009974,3.678784357966875,321.44515137266995,321.7465649982714,13.076799444420281,128,0,0.3068489583333333,0.238203125,0.23462915920656982,0.018098958333333335,0.019166666666666665,0.06864583333333334
head5m|edge3deg|open|t=60|S=50|F=0.2|BareCrystalAllFaces,38400,5291505.329655148,0.044642857142857144,0.01775294353558955,0.13736979166666666,4022.8486080830035,49.97182768794771,1.0,-226.44650959899312,17.455134476463996,40.487446933778315,0.17194817514601077,1.041626676009974,3.450222992640061,301.3790943424945,302.2651544667865,17.98316389394402,128,0,0.002916666666666667,0.00013020833333333333,5.1307334440358466e-05,7.8125e-05,0.0005208333333333333,0.0027864583333333335
head5m|edge3deg|open|t=60|S=50|F=0.2|FrontOnlyThroughMask,38400,5291505.329655148,0.8277339346110485,0.8181354309720607,0.455,15.417574327200033,49.97182768794771,1.0,-204.08027204106008,13.93171043482186,-20.276942786066563,8.086282702532909,1.041626676009974,3.8116433569159343,333.05210155299574,334.2331329257878,12.619787881781708,128,0,0.11549479166666667,0.09559895833333333,0.09314045520480911,0.0115625,0.012526041666666666,0.019895833333333335
head5m|edge3deg|open|t=60|S=50|ideal,38400,5291505.329655148,,,0.5565104166666667,0,49.97182768794771,1.0,-173.37224656310707,12.011218558010837,-28.02959435221998,6.500443406887682,1.041626676009974,3.5064127053109435,306.3836271776689,307.6350319747238,12.001889771446946,128,0,,,,,,
head5m|edge3deg|open|t=60|default|F=0.05|BareCrystalAllFaces,38400,1000000,0.06315789473684211,0.027859971910354702,0.13927083333333334,1005.7121520207509,9.443782926550396,1.0,-278.0447074816031,13.843955947050647,39.10750910032652,0.23075806541167074,1.041626676009974,3.9919415582852027,348.6939585546778,348.82738001525297,12.115987879149063,128,0,0.0024739583333333332,0.00015625,6.804937404071531e-05,0.0,0.00015625,0.0023177083333333335
head5m|edge3deg|open|t=60|default|F=0.05|FrontOnlyThroughMask,38400,1000000,0.18876327509421034,0.18036970777630787,0.09434895833333333,3.854393581800008,9.443782926550396,1.0,-303.3809884970182,12.97043256520836,-100.84557897663824,10.260211467177342,1.041626676009974,4.79608506017387,419.11685186457663,419.5833298101678,10.242099659924088,128,0,0.15203125,0.028697916666666667,0.027309908103095828,0.0,0.0,0.12333333333333334
head5m|edge3deg|open|t=60|default|F=0.1|BareCrystalAllFaces,38400,1000000,0.047244094488188976,0.020772009613338863,0.11794270833333333,2011.4243040415017,9.443782926550396,1.0,-259.5209925821251,15.19677623142223,39.889259158801465,0.16354415330035296,1.041626676009974,3.7896866711088006,331.02648350165754,330.31897830793355,14.400998686596765,128,0,0.0033072916666666667,0.00015625,6.804937404071531e-05,2.604166666666667e-05,0.0004166666666666667,0.0031510416666666666
head5m|edge3deg|open|t=60|default|F=0.1|FrontOnlyThroughMask,38400,1000000,0.1958914159941306,0.17833951625415534,0.08453125,7.708787163600016,9.443782926550396,1.0,-301.9723201447575,11.915468044768286,-86.9731202174015,10.53267254520787,1.041626676009974,4.75384164693551,415.415317701496,416.22204314936005,9.564766453411572,128,0,0.035494791666666664,0.006953125,0.006270383262366786,2.604166666666667e-05,2.604166666666667e-05,0.028541666666666667
head5m|edge3deg|open|t=60|default|F=0.2|BareCrystalAllFaces,38400,1000000,0.03669724770642202,0.01263037271513189,0.09145833333333334,4022.8486080830035,9.443782926550396,1.0,-238.02815974409592,18.421290123369594,40.59642876026833,0.16165593217130247,1.041626676009974,3.535296528863976,308.8075568777996,310.5327934371956,18.36706128903027,128,0,0.0028385416666666667,0.00010416666666666667,3.558196516000094e-05,2.604166666666667e-05,0.0005208333333333333,0.002734375
head5m|edge3deg|open|t=60|default|F=0.2|FrontOnlyThroughMask,38400,1000000,0.21299638989169675,0.17316772960612142,0.07622395833333333,15.417574327200033,9.443782926550396,1.0,-306.7157393984778,11.370709712449552,-66.29948377962303,10.362780449409048,1.041626676009974,4.752041655940632,415.2466187288675,414.7513987208967,8.64980128910005,128,0,0.007213541666666667,0.0015364583333333333,0.0012230702586692678,5.208333333333334e-05,5.208333333333334e-05,0.0056770833333333335
head5m|edge3deg|open|t=60|default|ideal,38400,1000000,,,0.10270833333333333,0,9.443782926550396,1.0,-299.35028417037097,11.42133058701765,-128.91005466174335,9.769498850276106,1.041626676009974,4.837693948818664,422.7774553617009,422.1166091388989,8.837602428637362,128,0,,,,,,
head|centre|cs662|t=10|S=1000|F=0.05|BareCrystalAllFaces,38400,1329778.3923679935,1.0,0.9999219891817117,1.0,2.1417410162907036,998.3362351208002,0.0,0.18039009703153053,0.005955860086458259,-0.11132921190176766,0.0034217459797042113,1.041626676009974,0.08222872309364622,0.2224503113636071,0.22177497498981616,0.005289855529185066,128,128,1.0,1.0,0.9999219891817117,1.0,1.0,0.0
head|centre|cs662|t=10|S=1000|F=0.05|FrontOnlyThroughMask,38400,1329778.3923679935,1.0,0.9999219891817117,1.0,0.052479675660385576,998.3362351208002,0.0,0.180169744214513,0.005460802472656637,-0.11126461297016614,0.0035796361094129346,1.041626676009974,0.08197909520434432,0.22177499152522662,0.2208341671597559,0.00543601710461961,128,128,1.0,1.0,0.9999219891817117,1.0,1.0,0.0
head|centre|cs662|t=10|S=1000|F=0.1|BareCrystalAllFaces,38400,1329778.3923679935,1.0,0.9999219891817117,1.0,4.283482032581407,998.3362351208002,0.0,0.1809482218249113,0.005428167644999851,-0.11190841139687933,0.003569679531352916,1.041626676009974,0.08230364643433012,0.2226529872105795,0.2219604450060691,0.005058177216800999,128,128,1.0,1.0,0.9999219891817117,1.0,1.0,0.0
head|centre|cs662|t=10|S=1000|F=0.1|FrontOnlyThroughMask,38400,1329778.3923679935,1.0,0.9999219891817117,1.0,0.10495935132077115,998.3362351208002,0.0,0.1799057881406711,0.005835612600792169,-0.1112618385552549,0.0031559662754602163,1.041626676009974,0.08208253542844361,0.22205483342714766,0.2219256204787668,0.004777956094312785,128,128,1.0,1.0,0.9999219891817117,1.0,1.0,0.0
head|centre|cs662|t=10|S=1000|F=0.2|BareCrystalAllFaces,38400,1329778.3923679935,1.0,0.9999219891817117,1.0,8.566964065162814,998.3362351208002,0.0,0.1806867572200316,0.005701513780782215,-0.11151479554167955,0.0036078420638118247,1.041626676009974,0.08269619082554713,0.2237149636368974,0.2225151747709292,0.00561012737260441,128,128,1.0,1.0,0.9999219891817117,1.0,1.0,0.0
head|centre|cs662|t=10|S=1000|F=0.2|FrontOnlyThroughMask,38400,1329778.3923679935,1.0,0.9999219891817117,1.0,0.2099187026415423,998.3362351208002,0.0,0.18048634013633996,0.005787264136863607,-0.11142821518866841,0.003878767590764178,1.041626676009974,0.08223904333666311,0.2224782268045714,0.22218038488590663,0.005401677602839194,128,128,1.0,1.0,0.9999219891817117,1.0,1.0,0.0
head|centre|cs662|t=10|S=1000|ideal,38400,1329778.3923679935,,,1.0,0,998.3362351208002,0.0,0.18014184122758717,0.0058048096502561495,-0.11138423371580712,0.0034282667130977797,1.041626676009974,0.08200567772759601,0.22184690728531953,0.2214420467919363,0.0054438908406209486,128,128,,,,,,
head|centre|cs662|t=10|S=100|F=0.05|BareCrystalAllFaces,38400,132977.83923679937,0.9111340260701727,0.9086907177531454,0.7804947916666667,2.1417410162907036,99.83362351208004,0.21893229166666667,0.30488863326952076,0.11245069366039771,-0.6853918920686857,0.20582172377992689,1.041626676009974,1.540918829784833,4.173742315454274,4.168493156612434,0.24438785426141757,128,0,0.984921875,0.8973958333333333,0.8948135147504197,0.3254166666666667,0.327890625,0.08752604166666667
head|centre|cs662|t=10|S=100|F=0.05|FrontOnlyThroughMask,38400,132977.83923679937,0.87296875,0.8701396497279484,0.799140625,0.052479675660385576,99.83362351208004,0.200546875,0.29157971493662643,0.1160034966982558,-0.6199595205804463,0.19556884727518267,1.041626676009974,1.480220954861693,4.009366327300908,4.034292844060371,0.2553305101555935,128,0,1.0,0.87296875,0.8701396497279484,0.3667447916666667,0.3731510416666667,0.12703125
head|centre|cs662|t=10|S=100|F=0.1|BareCrystalAllFaces,38400,132977.83923679937,0.9301594624989187,0.9278670232333516,0.7679427083333333,4.283482032581407,99.83362351208004,0.23145833333333332,0.3385412734478425,0.12225087883649524,-0.7071233979269276,0.2041066381447553,1.041626676009974,1.5911062934956761,4.309721672244325,4.310316104294028,0.27424253457236,128,0,0.9030989583333333,0.8400260416666666,0.8369169993571013,0.311171875,0.3135677083333333,0.06307291666666667
head|centre|cs662|t=10|S=100|F=0.1|FrontOnlyThroughMask,38400,132977.83923679937,0.8730989583333333,0.8702710752208196,0.7958333333333333,0.10495935132077115,99.83362351208004,0.20348958333333333,0.27836398629451536,0.11159653511502665,-0.6456115352341046,0.18694951646405758,1.041626676009974,1.494261765807286,4.047407351463785,4.025882071125211,0.2704912704186867,128,0,1.0,0.8730989583333333,0.8702710752208196,0.3667708333333333,0.3732552083333333,0.12690104166666666
head|centre|cs662|t=10|S=100|F=0.2|BareCrystalAllFaces,38400,132977.83923679937,0.9557658450704225,0.9536629877702955,0.7376302083333334,8.566964065162814,99.83362351208004,0.26190104166666667,0.3833023511609158,0.12299096261920457,-0.7436015077211101,0.227914520615602,1.041626676009974,1.6926439721501905,4.584765164656553,4.5809836408063,0.24562840760908958,128,0,0.71,0.67859375,0.6746507669473387,0.2836197916666667,0.2861197916666667,0.03140625
head|centre|cs662|t=10|S=100|F=0.2|FrontOnlyThroughMask,38400,132977.83923679937,0.8724479166666667,0.8696139573757886,0.792578125,0.2099187026415423,99.83362351208004,0.206796875,0.29900205091226323,0.13119822094737907,-0.6369672499003449,0.21217882904306365,1.041626676009974,1.5030901676198698,4.071312875424257,4.075818970437538,0.2502305424655738,128,0,1.0,0.8724479166666667,0.8696139573757886,0.36236979166666666,0.36786458333333333,0.12755208333333334
head|centre|cs662|t=10|S=100|ideal,38400,132977.83923679937,,,0.7921354166666666,0,99.83362351208004,0.20716145833333333,0.28307693676941137,0.13156275911108534,-0.6753979157843131,0.1997001834311869,1.041626676009974,1.5055833775353955,4.07808179900308,4.078989678055946,0.26401199599589215,128,0,,,,,,
head|centre|cs662|t=10|S=250|F=0.05|BareCrystalAllFaces,38400,332444.59809199837,0.9990103908955963,0.9987030702854919,0.9784895833333334,2.1417410162907036,249.58405878020005,0.021510416666666667,0.1687284786947829,0.038946994342657706,-0.11294937465662477,0.07279187512558934,1.041626676009974,0.5087120828663129,1.377766124571373,1.3728373467808623,0.24929420051857865,128,9,0.9999739583333334,0.998984375,0.9986736506108964,0.9723958333333333,0.97265625,0.0009895833333333334
head|centre|cs662|t=10|S=250|F=0.05|FrontOnlyThroughMask,38400,332444.59809199837,0.994609375,0.9939531080950199,0.9803385416666667,0.052479675660385576,249.58405878020005,0.019635416666666666,0.1663988092553719,0.04015470625525923,-0.11826700785821351,0.0717389945018461,1.041626676009974,0.48403951861784167,1.3109274642460012,1.272285571353311,0.2746713368545913,128,13,1.0,0.994609375,0.9939531080950199,0.9658072916666667,0.96859375,0.005390625
head|centre|cs662|t=10|S=250|F=0.1|BareCrystalAllFaces,38400,332444.59809199837,0.9989842956480975,0.9986735469978733,0.977109375,4.283482032581407,249.58405878020005,0.022890625,0.17984933042442305,0.03853964086998716,-0.11487093391758728,0.0697082109247632,1.041626676009974,0.5236195133486051,1.4181385981639045,1.4127324665984993,0.26938398036195144,128,5,0.999921875,0.99890625,0.9985855409399517,0.9708854166666666,0.97125,0.001015625
head|centre|cs662|t=10|S=250|F=0.1|FrontOnlyThroughMask,38400,332444.59809199837,0.9934375,0.992718282204537,0.9788541666666667,0.10495935132077115,249.58405878020005,0.021145833333333332,0.16906667879818793,0.03647337494868398,-0.11476634310802208,0.07602235822835414,1.041626676009974,0.5023840118970125,1.3606203172670823,1.3793644510877558,0.27218362154554865,128,13,1.0,0.9934375,0.992718282204537,0.963125,0.9662239583333333,0.0065625
head|centre|cs662|t=10|S=250|F=0.2|BareCrystalAllFaces,38400,332444.59809199837,0.9988524333628919,0.9985247676630244,0.9736979166666667,8.566964065162814,249.58405878020005,0.026302083333333334,0.18659990112454902,0.04955755367001813,-0.1041294587078353,0.07647486840048033,1.041626676009974,0.5599293235918297,1.516506412024436,1.4908694099305657,0.27045692705499397,128,4,0.9984895833333334,0.99734375,0.9968694333182623,0.96359375,0.9640104166666666,0.0011458333333333333
head|centre|cs662|t=10|S=250|F=0.2|FrontOnlyThroughMask,38400,332444.59809199837,0.993828125,0.9931292040117009,0.9801041666666667,0.2099187026415423,249.58405878020005,0.019895833333333335,0.1685857848001136,0.039725523783547524,-0.11384220705615465,0.065396717833547,1.041626676009974,0.48962709531278237,1.326066150351109,1.3077185746207811,0.26387970684341483,128,16,1.0,0.993828125,0.9931292040117009,0.964375,0.9673958333333333,0.006171875
head|centre|cs662|t=10|S=250|ideal,38400,332444.59809199837,,,0.979921875,0,249.58405878020005,0.020078125,0.16896852241757243,0.0419647419725619,-0.10878407328662558,0.0700184768084039,1.041626676009974,0.4949840473359218,1.340595696924023,1.3177549938424624,0.2562261243102546,128,8,,,,,,
head|centre|cs662|t=10|S=25|F=0.05|BareCrystalAllFaces,38400,33244.45980919984,0.43315169625593253,0.42830675546553815,0.30786458333333333,2.1417410162907036,24.95840587802001,0.6880208333333333,0.39134192867880346,0.24706624154524362,-2.4642586727338887,0.3197459005245219,1.041626676009974,2.675225479390174,7.24663911191782,7.239333729283764,0.19286097419037562,128,0,0.7407552083333333,0.320859375,0.3169381420078511,0.00328125,0.0036458333333333334,0.41989583333333336
head|centre|cs662|t=10|S=25|F=0.05|FrontOnlyThroughMask,38400,33244.45980919984,0.3960677083333333,0.39195533348957834,0.33359375,0.052479675660385576,24.95840587802001,0.6615364583333333,0.36936764646245396,0.24932195989345526,-2.376442206625719,0.3124062642533805,1.041626676009974,2.613234289567024,7.078675190711628,7.087450417261515,0.18759019355934656,128,0,1.0,0.3960677083333333,0.39195533348957834,0.0036458333333333334,0.004453125,0.6039322916666666
head|centre|cs662|t=10|S=25|F=0.1|BareCrystalAllFaces,38400,33244.45980919984,0.49835564053537285,0.49112578215449865,0.2848177083333333,4.283482032581407,24.95840587802001,0.7111458333333334,0.43156306466992383,0.2655045594943995,-2.4087760891576164,0.29983787776089793,1.041626676009974,2.7146916808678876,7.353491104359547,7.370310738078609,0.18034713760336338,128,0,0.3404947916666667,0.1696875,0.1665422984858489,0.002734375,0.003463541666666667,0.17080729166666667
head|centre|cs662|t=10|S=25|F=0.1|FrontOnlyThroughMask,38400,33244.45980919984,0.397890625,0.3937749266107672,0.3283333333333333,0.10495935132077115,24.95840587802001,0.66765625,0.33401195834459213,0.25097446287388575,-2.4603669205669383,0.2978133132545475,1.041626676009974,2.633469321473996,7.133499350238924,7.13644041641615,0.19751636601606545,128,0,1.0,0.397890625,0.3937749266107672,0.0036979166666666666,0.004635416666666667,0.602109375
head|centre|cs662|t=10|S=25|F=0.2|BareCrystalAllFaces,38400,33244.45980919984,0.5526812180005389,0.5390937642012976,0.24440104166666668,8.566964065162814,24.95840587802001,0.7514322916666667,0.4594046786291526,0.24680174264320187,-2.510625050186953,0.35304374926929405,1.041626676009974,2.7932340641132587,7.56622304702446,7.592300619535961,0.17631098847035512,128,0,0.096640625,0.053411458333333335,0.051536071218515,0.002734375,0.0036197916666666666,0.043229166666666666
head|centre|cs662|t=10|S=25|F=0.2|FrontOnlyThroughMask,38400,33244.45980919984,0.39208333333333334,0.3879784305252905,0.3277864583333333,0.2099187026415423,24.95840587802001,0.667734375,0.359080554175554,0.23635854583478752,-2.4360041907909133,0.28338209283958676,1.041626676009974,2.630617137515275,7.125772838413389,7.131061916379194,0.19203069174873366,128,0,1.0,0.39208333333333334,0.3879784305252905,0.0036197916666666666,0.004635416666666667,0.6079166666666667
head|centre|cs662|t=10|S=25|ideal,38400,33244.45980919984,,,0.333515625,0,24.95840587802001,0.66234375,0.3218901781000998,0.20804310764939352,-2.4113355732756165,0.309066811694112,1.041626676009974,2.6208941293180694,7.099471692948702,7.093734227177685,0.19947498332693064,128,0,,,,,,
head|centre|cs662|t=10|S=500|F=0.05|BareCrystalAllFaces,38400,664889.1961839967,1.0,0.9999219891817117,0.998984375,2.1417410162907036,499.1681175604001,0.001015625,0.17125878376128545,0.011901351597803677,-0.10575579177810833,0.014866340314365435,1.041626676009974,0.13019013572094865,0.3523682055899362,0.2551663145534729,0.166103585934803,128,128,1.0,1.0,0.9999219891817117,1.0,1.0,0.0
head|centre|cs662|t=10|S=500|F=0.05|FrontOnlyThroughMask,38400,664889.1961839967,0.9999479166666667,0.999836056211534,0.999140625,0.052479675660385576,499.1681175604001,0.000859375,0.1679467135527058,0.011430926389207209,-0.10852291856311437,0.015716927518181427,1.041626676009974,0.12456612634595413,0.33712644658987434,0.25920224821092835,0.15278599135145413,128,128,1.0,0.9999479166666667,0.999836056211534,0.999921875,0.9999739583333334,5.208333333333334e-05
head|centre|cs662|t=10|S=500|F=0.1|BareCrystalAllFaces,38400,664889.1961839967,1.0,0.9999219891817117,0.9990625,4.283482032581407,499.1681175604001,0.0009375,0.17076067442859108,0.011958899658888099,-0.10709800091445355,0.016229156338429838,1.041626676009974,0.12780094807090228,0.3458950291435363,0.2616542315679151,0.16528867396819427,128,128,1.0,1.0,0.9999219891817117,1.0,1.0,0.0
head|centre|cs662|t=10|S=500|F=0.1|FrontOnlyThroughMask,38400,664889.1961839967,0.9997395833333333,0.9995583155847172,0.9990364583333333,0.10495935132077115,499.1681175604001,0.0009635416666666667,0.16987717011092884,0.012035094622283313,-0.10731715314460716,0.017486999371014868,1.041626676009974,0.12820461518624846,0.34698504144861614,0.25906143824047834,0.1753315533885387,128,127,1.0,0.9997395833333333,0.9995583155847172,0.9997395833333333,0.9999739583333334,0.00026041666666666666
head|centre|cs662|t=10|S=500|F=0.2|BareCrystalAllFaces,38400,664889.1961839967,1.0,0.9999219891817117,0.9986979166666666,8.566964065162814,499.1681175604001,0.0013020833333333333,0.17160583132032592,0.011758762531427314,-0.10575953594923242,0.01800645957479016,1.041626676009974,0.1421353964997661,0.38473459998343684,0.266130924505629,0.17878636348425736,128,128,1.0,1.0,0.9999219891817117,1.0,1.0,0.0
head|centre|cs662|t=10|S=500|F=0.2|FrontOnlyThroughMask,38400,664889.1961839967,0.9999479166666667,0.999836056211534,0.9990104166666667,0.2099187026415423,499.1681175604001,0.0009895833333333334,0.16977232270964995,0.01050286166166992,-0.10878923615239997,0.01662583481683913,1.041626676009974,0.13082723097706722,0.35409508362066516,0.2628284990644642,0.1665756171728429,128,128,1.0,0.9999479166666667,0.999836056211534,0.9999479166666667,1.0,5.208333333333334e-05
head|centre|cs662|t=10|S=500|ideal,38400,664889.1961839967,,,0.9994010416666667,0,499.1681175604001,0.0005989583333333333,0.16804287114364044,0.011566224783974203,-0.11069219316621015,0.01375781964752675,1.041626676009974,0.11638866731653524,0.31497202333174523,0.2540500215061102,0.1422149818478186,128,128,,,,,,
head|centre|cs662|t=10|S=50|F=0.05|BareCrystalAllFaces,38400,66488.91961839968,0.6857920299607935,0.681635752113376,0.5213802083333333,2.1417410162907036,49.91681175604002,0.47598958333333335,0.4192518354344946,0.19613512076038997,-1.6069811758903785,0.2917450809999407,1.041626676009974,2.2389539603609787,6.064686507406533,6.080698508757755,0.22669103254543033,128,0,0.8900520833333333,0.610390625,0.6062781697003143,0.044661458333333334,0.046015625,0.27966145833333333
head|centre|cs662|t=10|S=50|F=0.05|FrontOnlyThroughMask,38400,66488.91961839968,0.6322395833333333,0.6281717851426558,0.5469010416666666,0.052479675660385576,49.91681175604002,0.451015625,0.38028473551804937,0.1873158169682928,-1.508967420438081,0.2674140137649746,1.041626676009974,2.180693832898008,5.906849711331452,5.911544151515631,0.21830029516902608,128,0,1.0,0.6322395833333333,0.6281717851426558,0.061223958333333335,0.06447916666666667,0.36776041666666665
head|centre|cs662|t=10|S=50|F=0.1|BareCrystalAllFaces,38400,66488.91961839968,0.7510882813860352,0.7463507663047881,0.4943489583333333,4.283482032581407,49.91681175604002,0.5036197916666667,0.42398685926706803,0.1934657056599238,-1.6397919383182138,0.3078089490998179,1.041626676009974,2.3041408800403955,6.241255948225043,6.249030363381317,0.2131717952545273,128,0,0.5982291666666667,0.4493229166666667,0.44513751122672646,0.03893229166666667,0.040729166666666664,0.14890625
head|centre|cs662|t=10|S=50|F=0.1|FrontOnlyThroughMask,38400,66488.91961839968,0.6250520833333333,0.6209686238108784,0.5405208333333333,0.10495935132077115,49.91681175604002,0.45755208333333336,0.3955763816444576,0.17985745273768305,-1.5856982747790564,0.29430677329605287,1.041626676009974,2.191454263113416,5.935996608768124,5.942924361421639,0.22178819095792543,128,0,1.0,0.6250520833333333,0.6209686238108784,0.0553125,0.057708333333333334,0.37494791666666666
head|centre|cs662|t=10|S=50|F=0.2|BareCrystalAllFaces,38400,66488.91961839968,0.8221376878827241,0.815968532993216,0.45203125,8.566964065162814,49.91681175604002,0.5457552083333334,0.49765130374022404,0.19361063904819487,-1.751720814003882,0.27727308359617675,1.041626676009974,2.3972043300906023,6.493337767579027,6.494195781937167,0.20462116129259356,128,0,0.28067708333333335,0.23075520833333332,0.2272208395758469,0.03497395833333333,0.037135416666666664,0.049921875
head|centre|cs662|t=10|S=50|F=0.2|FrontOnlyThroughMask,38400,66488.91961839968,0.6313020833333334,0.6272321877786458,0.5470052083333333,0.2099187026415423,49.91681175604002,0.45067708333333334,0.37996455187747086,0.1920330207136289,-1.5516672595708825,0.2732684191100229,1.041626676009974,2.1857512456346213,5.9206081328261675,5.923523718354712,0.2363681921859319,128,0,1.0,0.6313020833333334,0.6272321877786458,0.059166666666666666,0.062135416666666665,0.3686979166666667
head|centre|cs662|t=10|S=50|ideal,38400,66488.91961839968,,,0.5420833333333334,0,49.91681175604002,0.45559895833333336,0.39896970205230337,0.19765197706806006,-1.5571196119398254,0.2858222103256665,1.041626676009974,2.1931849422541507,5.94075000320283,5.9442406491111885,0.2102464061133928,128,0,,,,,,
head|centre|cs662|t=10|default|F=0.05|BareCrystalAllFaces,38400,1000000,1.0,0.9999219891817117,1.0,2.1417410162907036,750.7538405275334,0.0,0.17663161615036768,0.006233084126928254,-0.11132707443272556,0.003946074511270348,1.041626676009974,0.08391417682196645,0.22701003277312284,0.22582762704548845,0.008227848145333045,128,128,1.0,1.0,0.9999219891817117,1.0,1.0,0.0
head|centre|cs662|t=10|default|F=0.05|FrontOnlyThroughMask,38400,1000000,1.0,0.9999219891817117,0.9998697916666667,0.052479675660385576,750.7538405275334,0.00013020833333333333,0.17714282850191776,0.006875619908206172,-0.11025778264665613,0.0068961441207238735,1.041626676009974,0.08862279026597492,0.2397716429520982,0.22579995611216847,0.07041695197316819,128,128,1.0,1.0,0.9999219891817117,1.0,1.0,0.0
head|centre|cs662|t=10|default|F=0.1|BareCrystalAllFaces,38400,1000000,1.0,0.9999219891817117,0.9998958333333333,4.283482032581407,750.7538405275334,0.00010416666666666667,0.17825750062999918,0.007274442356042143,-0.11114948064263683,0.006286031039653394,1.041626676009974,0.08828234519491863,0.23884794927631398,0.2264164578082126,0.06574678939719451,128,128,1.0,1.0,0.9999219891817117,1.0,1.0,0.0
head|centre|cs662|t=10|default|F=0.1|FrontOnlyThroughMask,38400,1000000,1.0,0.9999219891817117,0.999921875,0.10495935132077115,750.7538405275334,7.8125e-05,0.17644775059055132,0.006895797680608963,-0.11035829682361668,0.005821920799023705,1.041626676009974,0.08670395774333575,0.2345713132287115,0.22547278936019186,0.05552956013315853,128,128,1.0,1.0,0.9999219891817117,1.0,1.0,0.0
head|centre|cs662|t=10|default|F=0.2|BareCrystalAllFaces,38400,1000000,1.0,0.9999219891817117,0.9998958333333333,8.566964065162814,750.7538405275334,0.00010416666666666667,0.17801199260217396,0.007722528746177712,-0.11112555048565469,0.006585776612025551,1.041626676009974,0.0885536619662481,0.23958176026110836,0.22693909265840775,0.0657585003848911,128,128,1.0,1.0,0.9999219891817117,1.0,1.0,0.0
head|centre|cs662|t=10|default|F=0.2|FrontOnlyThroughMask,38400,1000000,1.0,0.9999219891817117,1.0,0.2099187026415423,750.7538405275334,0.0,0.1769461344839627,0.006065305971706397,-0.11103045745410212,0.003933342079219935,1.041626676009974,0.08381135545071781,0.22673187320995916,0.22524948357867103,0.007965792721176184,128,128,1.0,1.0,0.9999219891817117,1.0,1.0,0.0
head|centre|cs662|t=10|default|ideal,38400,1000000,,,0.9998697916666667,0,750.7538405275334,0.00013020833333333333,0.17687912504943112,0.007695763398470891,-0.11077051382557572,0.006454384164675454,1.041626676009974,0.08917007210694952,0.24125439421391054,0.22557020225094465,0.07319689248599572,128,128,,,,,,
head|centre|cs662|t=60|S=1000|F=0.05|BareCrystalAllFaces,38400,221629.7320613323,1.0,0.9999219891817117,1.0,12.850446097744221,998.3362351208004,0.0,0.18168731471344662,0.005498190074274242,-0.11178290301440497,0.003745462342495262,1.041626676009974,0.08262784664234342,0.22353004385132852,0.2229563607087983,0.005333575689490924,128,128,1.0,1.0,0.9999219891817117,1.0,1.0,0.0
head|centre|cs662|t=60|S=1000|F=0.05|FrontOnlyThroughMask,38400,221629.7320613323,1.0,0.9999219891817117,1.0,0.31487805396231344,998.3362351208004,0.0,0.1804020961369204,0.005348332960952048,-0.11127244017946313,0.0037644034793732364,1.041626676009974,0.08231145568869835,0.22267412746246062,0.22213963916217183,0.0054115773015119386,128,128,1.0,1.0,0.9999219891817117,1.0,1.0,0.0
head|centre|cs662|t=60|S=1000|F=0.1|BareCrystalAllFaces,38400,221629.7320613323,1.0,0.9999219891817117,0.9999739583333334,25.700892195488443,998.3362351208004,2.604166666666667e-05,0.18316136660320326,0.0059450056080131534,-0.11191715233956218,0.004200236313517262,1.041626676009974,0.0841113395884232,0.2275480114694147,0.22427725862740167,0.03229095339164301,128,128,1.0,1.0,0.9999219891817117,1.0,1.0,0.0
head|centre|cs662|t=60|S=1000|F=0.1|FrontOnlyThroughMask,38400,221629.7320613323,1.0,0.9999219891817117,1.0,0.6297561079246269,998.3362351208004,0.0,0.18077271072375786,0.005986135904901014,-0.11135338839036998,0.0037007584191627104,1.041626676009974,0.08226725695501559,0.2225545510782647,0.22253977969685299,0.005312529006466858,128,128,1.0,1.0,0.9999219891817117,1.0,1.0,0.0
head|centre|cs662|t=60|S=1000|F=0.2|BareCrystalAllFaces,38400,221629.7320613323,1.0,0.9999219891817117,1.0,51.401784390976886,998.3362351208004,0.0,0.18590136513424807,0.005620526848645489,-0.11274347591170653,0.0034973718867521543,1.041626676009974,0.08424520947747836,0.22790546843207332,0.22719346248841776,0.005856475261397565,128,128,1.0,1.0,0.9999219891817117,1.0,1.0,0.0
head|centre|cs662|t=60|S=1000|F=0.2|FrontOnlyThroughMask,38400,221629.7320613323,1.0,0.9999219891817117,1.0,1.2595122158492538,998.3362351208004,0.0,0.1802728444697872,0.005786280095414946,-0.11118562600723678,0.0036916198253602564,1.041626676009974,0.08221190642969604,0.2224048189402309,0.2216388232324775,0.005503456278308021,128,128,1.0,1.0,0.9999219891817117,1.0,1.0,0.0
head|centre|cs662|t=60|S=1000|ideal,38400,221629.7320613323,,,1.0,0,998.3362351208004,0.0,0.18052059321082486,0.0057245765206021424,-0.11154329909412575,0.0033194859234528676,1.041626676009974,0.0822275522425375,0.2224471363705551,0.2223469721284761,0.00528394400299574,128,128,,,,,,
head|centre|cs662|t=60|S=100|F=0.05|BareCrystalAllFaces,38400,22162.97320613323,0.9654888695890661,0.9633897168806115,0.7128645833333334,12.850446097744221,99.83362351208004,0.286484375,0.42469331341124056,0.12517931465338,-0.7800565798701393,0.2750241717882825,1.041626676009974,1.7646278939413846,4.779727618787647,4.77616830048253,0.24673197486354018,128,0,0.5697135416666667,0.5500520833333333,0.5458605190706958,0.26536458333333335,0.26838541666666665,0.019661458333333333
head|centre|cs662|t=60|S=100|F=0.05|FrontOnlyThroughMask,38400,22162.97320613323,0.8719791666666666,0.8691408473687968,0.7954947916666667,0.31487805396231344,99.83362351208004,0.20393229166666665,0.2972108635505544,0.11408358592667457,-0.6345834644313265,0.2263623239271156,1.041626676009974,1.4950959515492162,4.049682355308583,4.059606127770401,0.24962327090413633,128,0,1.0,0.8719791666666666,0.8691408473687968,0.36216145833333335,0.369140625,0.12802083333333333
head|centre|cs662|t=60|S=100|F=0.1|BareCrystalAllFaces,38400,22162.97320613323,0.9767130831563213,0.974390790887136,0.6199739583333334,25.700892195488443,99.83362351208004,0.3793489583333333,0.5725273582308351,0.15550687214810496,-0.8979668248561328,0.2882328022462466,1.041626676009974,2.0377397052650146,5.519560146395424,5.519509351454181,0.25681576999796585,128,0,0.331015625,0.32330729166666666,0.31937809865139727,0.20721354166666667,0.20979166666666665,0.0077083333333333335
head|centre|cs662|t=60|S=100|F=0.1|FrontOnlyThroughMask,38400,22162.97320613323,0.8718229166666667,0.8689831467825715,0.7879166666666667,0.6297561079246269,99.83362351208004,0.21166666666666667,0.29071768188128294,0.12559259671829517,-0.6603570823386972,0.18891315682636065,1.041626676009974,1.5290471348415122,4.141660729210194,4.171926102508685,0.2511647235924742,128,0,1.0,0.8718229166666667,0.8689831467825715,0.35953125,0.3651041666666667,0.12817708333333333
head|centre|cs662|t=60|S=100|F=0.2|BareCrystalAllFaces,38400,22162.97320613323,0.9694645441389291,0.9658371756009491,0.47171875,51.401784390976886,99.83362351208004,0.5276041666666667,0.8089790555587424,0.182198745988591,-1.0960473281245793,0.36726857856091044,1.041626676009974,2.3915393734184778,6.47781777552491,6.482383193609161,0.23955258870538143,128,0,0.17994791666666668,0.174453125,0.17127290216655014,0.13552083333333334,0.13846354166666666,0.005494791666666667
head|centre|cs662|t=60|S=100|F=0.2|FrontOnlyThroughMask,38400,22162.97320613323,0.8672591743119266,0.8643764165599918,0.7875520833333334,1.2595122158492538,99.83362351208004,0.211953125,0.3054156699241418,0.11271693822047896,-0.6636899721698964,0.22298557824177193,1.041626676009974,1.5316363500411831,4.1486848587372,4.137907991875802,0.2662456108771409,128,0,0.9991666666666666,0.8665364583333334,0.8636484048010524,0.358203125,0.36421875,0.13263020833333333
head|centre|cs662|t=60|S=100|ideal,38400,22162.97320613323,,,0.7961197916666667,0,99.83362351208004,0.20330729166666667,0.28651119315725715,0.10951345130891398,-0.6509741382290533,0.24521586939677018,1.041626676009974,1.4862630757094548,4.025693409685939,4.02359241757313,0.2296173086834091,128,0,,,,,,
head|centre|cs662|t=60|S=250|F=0.05|BareCrystalAllFaces,38400,55407.433015333074,0.9987431593831008,0.9984016278408878,0.9693489583333333,12.850446097744221,249.5840587802001,0.030625,0.19668052750616707,0.04440555699576571,-0.10843741776256115,0.07249993194672592,1.041626676009974,0.6035743618970512,1.6347278899852606,1.6604130841888498,0.28657461380592975,128,5,0.9945572916666666,0.9933072916666666,0.9925814456006252,0.9615625,0.9620833333333333,0.00125
head|centre|cs662|t=60|S=250|F=0.05|FrontOnlyThroughMask,38400,55407.433015333074,0.9943489583333334,0.9936781443428115,0.9793229166666667,0.31487805396231344,249.5840587802001,0.020677083333333332,0.17252201261352385,0.04148649076905941,-0.11337083436387806,0.07598782444483151,1.041626676009974,0.5003202455221707,1.355055869428371,1.3459087999147494,0.2946199199504201,128,13,1.0,0.9943489583333334,0.9936781443428115,0.9634375,0.96625,0.005651041666666667
head|centre|cs662|t=60|S=250|F=0.1|BareCrystalAllFaces,38400,55407.433015333074,0.9987193853049464,0.9983713987064861,0.9536458333333333,25.700892195488443,249.5840587802001,0.04635416666666667,0.23697988208636012,0.05061793045643278,-0.08714973462579767,0.11261022807255634,1.041626676009974,0.7308996150693018,1.9795973322099465,1.9817745589327407,0.2692259454573452,128,0,0.97609375,0.97484375,0.9734893671114431,0.9465104166666667,0.9473177083333333,0.00125
head|centre|cs662|t=60|S=250|F=0.1|FrontOnlyThroughMask,38400,55407.433015333074,0.99359375,0.9928825751323292,0.9789583333333334,0.6297561079246269,249.5840587802001,0.021041666666666667,0.17655293045056908,0.036767485907154784,-0.11662793200641139,0.06579445174909329,1.041626676009974,0.5011019804004886,1.357145844633143,1.371923399631474,0.28246762829342187,128,16,1.0,0.99359375,0.9928825751323292,0.9623697916666667,0.9654166666666667,0.00640625
head|centre|cs662|t=60|S=250|F=0.2|BareCrystalAllFaces,38400,55407.433015333074,0.9981027844428324,0.9976789802023857,0.912734375,51.401784390976886,249.5840587802001,0.087265625,0.33213993399822683,0.06510903574093468,-0.05339067825489818,0.1498155637640023,1.041626676009974,1.0008590946720175,2.710847021519046,2.714642864841688,0.2625797526016732,128,0,0.9333854166666666,0.9316145833333334,0.929458662686651,0.9097916666666667,0.9111979166666667,0.0017708333333333332
head|centre|cs662|t=60|S=250|F=0.2|FrontOnlyThroughMask,38400,55407.433015333074,0.9941666666666666,0.9934858711733581,0.9793229166666667,1.2595122158492538,249.5840587802001,0.020677083333333332,0.17306993670767828,0.038847003024785394,-0.11233258376700987,0.06772910085939492,1.041626676009974,0.5008297105225417,1.3564148528055728,1.3681315929153675,0.2661446508868378,128,10,1.0,0.9941666666666666,0.9934858711733581,0.964765625,0.9674739583333334,0.005833333333333334
head|centre|cs662|t=60|S=250|ideal,38400,55407.433015333074,,,0.9795572916666667,0,249.5840587802001,0.020442708333333334,0.1696149998597273,0.03726218158603472,-0.10722173374755878,0.06488921933024751,1.041626676009974,0.49362196970760225,1.3368663684253244,1.3394881813182826,0.2575342722613063,128,12,,,,,,
head|centre|cs662|t=60|S=25|F=0.05|BareCrystalAllFaces,38400,5540.743301533307,0.5796019900497512,0.5589473087984195,0.21643229166666667,12.850446097744221,24.95840587802001,0.7795833333333333,0.5887880439563988,0.2437682961498322,-2.575854232312525,0.36601149281194617,1.041626676009974,2.8476492154066886,7.7135932652082975,7.698954236486391,0.16897629465148262,128,0,0.041875,0.024270833333333332,0.02299276699048499,0.0021875,0.0033072916666666667,0.017604166666666667
head|centre|cs662|t=60|S=25|F=0.05|FrontOnlyThroughMask,38400,5540.743301533307,0.3942290163806349,0.3901200006326517,0.33166666666666667,0.31487805396231344,24.95840587802001,0.6641666666666667,0.34567305226049116,0.24499152143184558,-2.378670201200671,0.29565381411096886,1.041626676009974,2.6260777347521103,7.113465064527088,7.087874747251496,0.19576705639112219,128,0,0.9999739583333334,0.39421875,0.3901098070702725,0.004479166666666667,0.005234375,0.6057552083333333
head|centre|cs662|t=60|S=25|F=0.1|BareCrystalAllFaces,38400,5540.743301533307,0.5346534653465347,0.4925070060330971,0.15619791666666666,25.700892195488443,24.95840587802001,0.8401302083333333,0.6860248276527717,0.261236243646923,-2.5916352571569745,0.37368966193278197,1.041626676009974,2.9626210654550524,8.025000904549726,8.041488509929064,0.15724799227142888,128,0,0.010520833333333333,0.005625,0.005012085938820392,0.0015364583333333333,0.0025260416666666665,0.004895833333333334
head|centre|cs662|t=60|S=25|F=0.1|FrontOnlyThroughMask,38400,5540.743301533307,0.39100174647446756,0.38689694005278696,0.324609375,0.6297561079246269,24.95840587802001,0.6705729166666666,0.3529002056134547,0.2369928081405454,-2.4338918239880356,0.26650350018095453,1.041626676009974,2.6378621519753818,7.145426412153851,7.156952659482515,0.19828803989457214,128,0,0.9990364583333333,0.390625,0.38652290353794355,0.004505208333333333,0.005052083333333333,0.6084114583333333
head|centre|cs662|t=60|S=25|F=0.2|BareCrystalAllFaces,38400,5540.743301533307,0.4122448979591837,0.35948575315702025,0.09307291666666667,51.401784390976886,24.95840587802001,0.9048958333333333,0.861223719036615,0.3196378162062914,-2.5670875858240767,0.48100166915835796,1.041626676009974,3.0790521411719136,8.34026231657331,8.350201979702423,0.1399786091326124,128,0,0.006380208333333333,0.0026302083333333334,0.002215461142536171,0.0015885416666666667,0.0036979166666666666,0.00375
head|centre|cs662|t=60|S=25|F=0.2|FrontOnlyThroughMask,38400,5540.743301533307,0.3928239348028223,0.3886157305540414,0.31703125,1.2595122158492538,24.95840587802001,0.6788020833333334,0.3923700209174781,0.2632725809885318,-2.4006478946227685,0.3041712871133049,1.041626676009974,2.659779295494319,7.204818620449867,7.194556246823721,0.18298810624236744,128,0,0.9522395833333334,0.3740625,0.3699949916741181,0.0040625,0.004791666666666666,0.5781770833333333
head|centre|cs662|t=60|S=25|ideal,38400,5540.743301533307,,,0.33036458333333335,0,24.95840587802001,0.665390625,0.3650607441852629,0.2532693142048756,-2.40871701668501,0.2879683594036946,1.041626676009974,2.6255826521650514,7.112145619174328,7.11086939717608,0.2000950047214229,128,0,,,,,,
head|centre|cs662|t=60|S=500|F=0.05|BareCrystalAllFaces,38400,110814.86603066615,1.0,0.9999219891817117,0.99875,12.850446097744221,499.1681175604002,0.00125,0.17295888496043055,0.010570294121605261,-0.105856673670544,0.017337120571603984,1.041626676009974,0.1384399751770234,0.3747194250940517,0.2629136466255263,0.19767081671567188,128,127,1.0,1.0,0.9999219891817117,1.0,1.0,0.0
head|centre|cs662|t=60|S=500|F=0.05|FrontOnlyThroughMask,38400,110814.86603066615,0.9997916666666666,0.999624129158168,0.999296875,0.31487805396231344,499.1681175604002,0.000703125,0.16777491233753436,0.010128873213486283,-0.10940160348522493,0.015512120053560664,1.041626676009974,0.11733526607895847,0.31753162928392686,0.25506714307832196,0.15375691889742357,128,128,1.0,0.9997916666666666,0.999624129158168,0.999765625,0.9999479166666667,0.00020833333333333335
head|centre|cs662|t=60|S=500|F=0.1|BareCrystalAllFaces,38400,110814.86603066615,1.0,0.9999219891817117,0.9981770833333333,25.700892195488443,499.1681175604002,0.0018229166666666667,0.1768489098621016,0.014743816676902782,-0.10551910020649037,0.02337715510621281,1.041626676009974,0.159315814798142,0.43128165680798775,0.28497526062217093,0.20747073792274737,128,128,1.0,1.0,0.9999219891817117,0.9999739583333334,0.9999739583333334,0.0
head|centre|cs662|t=60|S=500|F=0.1|FrontOnlyThroughMask,38400,110814.86603066615,0.999921875,0.999798094358986,0.9990885416666667,0.6297561079246269,499.1681175604002,0.0009114583333333333,0.16890364013747403,0.011769575256221559,-0.1090453431285527,0.01665332788026829,1.041626676009974,0.12582197720887162,0.34053004326403785,0.2573816782259222,0.16608104680857722,128,128,1.0,0.999921875,0.999798094358986,0.999921875,1.0,7.8125e-05
head|centre|cs662|t=60|S=500|F=0.2|BareCrystalAllFaces,38400,110814.86603066615,1.0,0.9999219891817117,0.9962239583333333,51.401784390976886,499.1681175604002,0.0037760416666666667,0.18597474525087623,0.01775764727672066,-0.09379832560163906,0.030346603981759153,1.041626676009974,0.21294643015161066,0.576579156187401,0.6041361313181,0.2574732307887478,128,125,1.0,1.0,0.9999219891817117,0.9999739583333334,0.9999739583333334,0.0
head|centre|cs662|t=60|S=500|F=0.2|FrontOnlyThroughMask,38400,110814.86603066615,0.9999479166666667,0.999836056211534,0.999453125,1.2595122158492538,499.1681175604002,0.000546875,0.16854029517391628,0.009956980188618372,-0.10938300589958883,0.012336634686680956,1.041626676009974,0.1135277502462052,0.30721747421977286,0.2530803165524722,0.12840042534807355,128,128,1.0,0.9999479166666667,0.999836056211534,0.9999479166666667,1.0,5.208333333333334e-05
head|centre|cs662|t=60|S=500|ideal,38400,110814.86603066615,,,0.99890625,0,499.1681175604002,0.00109375,0.17116625639123284,0.012823000299471338,-0.1053529119802188,0.01730061328700339,1.041626676009974,0.1319000493137197,0.3570043412090205,0.2603147005883031,0.18195451217245115,128,128,,,,,,
head|centre|cs662|t=60|S=50|F=0.05|BareCrystalAllFaces,38400,11081.486603066614,0.859367316833306,0.8518373880912202,0.41651041666666666,12.850446097744221,49.91681175604002,0.5812760416666667,0.5655086175742388,0.20625701165844168,-1.8170206894890109,0.3163489087069603,1.041626676009974,2.479946606160191,6.717509337612423,6.725763248081312,0.22150733679037757,128,0,0.15888020833333333,0.13653645833333333,0.13366171332672094,0.029713541666666666,0.030989583333333334,0.02234375
head|centre|cs662|t=60|S=50|F=0.05|FrontOnlyThroughMask,38400,11081.486603066614,0.6239583333333333,0.6198725745996971,0.5420052083333333,0.31487805396231344,49.91681175604002,0.4560677083333333,0.3942755160380111,0.18295455109520972,-1.4870412796963135,0.2738606457004202,1.041626676009974,2.1919302664149556,5.937287535237364,5.972740314532787,0.2189226730108019,128,0,1.0,0.6239583333333333,0.6198725745996971,0.057942708333333336,0.0609375,0.37604166666666666
head|centre|cs662|t=60|S=50|F=0.1|BareCrystalAllFaces,38400,11081.486603066614,0.8705357142857143,0.8575887594478231,0.31919270833333335,25.700892195488443,49.91681175604002,0.6791666666666667,0.7088653402600783,0.18983546660848363,-1.9453925258186604,0.3684015880320364,1.041626676009974,2.6823336868655834,7.265682435958472,7.27374619515189,0.19060359833359689,128,0,0.0525,0.045703125,0.04396257573192251,0.019947916666666666,0.021848958333333335,0.006796875
head|centre|cs662|t=60|S=50|F=0.1|FrontOnlyThroughMask,38400,11081.486603066614,0.6216103571335538,0.6175191483452517,0.5358854166666667,0.6297561079246269,49.91681175604002,0.462109375,0.4119517849295113,0.18879282964503535,-1.5811675474491977,0.30328996291639243,1.041626676009974,2.2077076504163395,5.980081029369921,5.977544521098336,0.2312457778861008,128,0,0.9997135416666667,0.6214322916666667,0.6173413071932923,0.05625,0.05901041666666667,0.37828125
head|centre|cs662|t=60|S=50|F=0.2|BareCrystalAllFaces,38400,11081.486603066614,0.797859690844233,0.7737251621893757,0.19934895833333333,51.401784390976886,49.91681175604002,0.7986197916666666,0.9252098618874165,0.22966768834724735,-2.1188106568481877,0.3961651156714092,1.041626676009974,2.9125236650620865,7.889145034848498,7.890252274811804,0.18783719327703874,128,0,0.021901041666666666,0.017473958333333334,0.016388176078163307,0.011692708333333333,0.0140625,0.004427083333333333
head|centre|cs662|t=60|S=50|F=0.2|FrontOnlyThroughMask,38400,11081.486603066614,0.6224303997888904,0.6183141794207703,0.531875,1.2595122158492538,49.91681175604002,0.4658072916666667,0.4292382958614939,0.1810182628324518,-1.5168892316271623,0.25927811760542285,1.041626676009974,2.2188043544320757,6.010128476482049,6.0194901319240675,0.18010616332786988,128,0,0.9868489583333333,0.6142447916666667,0.6101395785010324,0.05544270833333333,0.05880208333333333,0.3726041666666667
head|centre|cs662|t=60|S=50|ideal,38400,11081.486603066614,,,0.5420572916666667,0,49.91681175604002,0.45580729166666667,0.40798821762997595,0.1795252620035297,-1.5525839735859581,0.27199113151899507,1.041626676009974,2.1903336831176436,5.932957643052024,5.926299513193656,0.22144423174365652,128,0,,,,,,
head|centre|cs662|t=60|default|F=0.05|BareCrystalAllFaces,38400,1000000,1.0,0.9999219891817117,1.0,12.850446097744221,4504.5230431652,0.0,0.19007774900861124,0.004697629104214955,-0.11267680925899655,0.00305665199184807,1.041626676009974,0.08241548588333648,0.22295550677687792,0.2230036266635796,0.004623002059959186,128,128,1.0,1.0,0.9999219891817117,1.0,1.0,0.0
head|centre|cs662|t=60|default|F=0.05|FrontOnlyThroughMask,38400,1000000,1.0,0.9999219891817117,1.0,0.31487805396231344,4504.5230431652,0.0,0.18947363804245573,0.004861348984060357,-0.11259588878698096,0.003007598054555326,1.041626676009974,0.08221716831100444,0.22241900506643955,0.22219508038322283,0.00472260875425651,128,128,1.0,1.0,0.9999219891817117,1.0,1.0,0.0
head|centre|cs662|t=60|default|F=0.1|BareCrystalAllFaces,38400,1000000,1.0,0.9999219891817117,1.0,25.700892195488443,4504.5230431652,0.0,0.1903165348731505,0.00495455490679467,-0.11282736209449754,0.0031251000413428215,1.041626676009974,0.08250451497561148,0.22319635402967397,0.22306837225120119,0.0049117246282192805,128,128,1.0,1.0,0.9999219891817117,1.0,1.0,0.0
head|centre|cs662|t=60|default|F=0.1|FrontOnlyThroughMask,38400,1000000,1.0,0.9999219891817117,1.0,0.6297561079246269,4504.5230431652,0.0,0.18982989015619833,0.004837079006761426,-0.11271205957782456,0.0031157616210031303,1.041626676009974,0.0823407608488527,0.2227533557185537,0.22251847879953268,0.0048383562180828125,128,128,1.0,1.0,0.9999219891817117,1.0,1.0,0.0
head|centre|cs662|t=60|default|F=0.2|BareCrystalAllFaces,38400,1000000,1.0,0.9999219891817117,1.0,51.401784390976886,4504.5230431652,0.0,0.19077639933229104,0.0048227545891728505,-0.11301861154196256,0.0031560687151099822,1.041626676009974,0.08269213284794524,0.22370391033267628,0.22383411365038594,0.004825258299984474,128,128,1.0,1.0,0.9999219891817117,1.0,1.0,0.0
head|centre|cs662|t=60|default|F=0.2|FrontOnlyThroughMask,38400,1000000,1.0,0.9999219891817117,1.0,1.2595122158492538,4504.5230431652,0.0,0.18962302433650627,0.0048207793763820955,-0.11274387587028781,0.0031382155803426075,1.041626676009974,0.08229026607283525,0.22261675396466715,0.22286040518007047,0.004817266609593295,128,128,1.0,1.0,0.9999219891817117,1.0,1.0,0.0
head|centre|cs662|t=60|default|ideal,38400,1000000,,,1.0,0,4504.5230431652,0.0,0.18957691513078273,0.004724066102453163,-0.11268042158202064,0.003047937324229037,1.041626676009974,0.08225748825322834,0.2225280811361906,0.22245634530309016,0.004591984829673133,128,128,,,,,,
head|centre|open|t=10|S=1000|F=0.05|BareCrystalAllFaces,38400,511744.1515148526,1.0,0.9999219891817117,0.999609375,167.61869200345845,999.0536150879407,0.000390625,0.17424145705884808,0.005901622841184648,-0.09368930100559303,0.009479231256116622,1.041626676009974,0.09237911467737442,0.24998123660225444,0.2069560162312571,0.1199059251773924,128,128,1.0,1.0,0.9999219891817117,1.0,1.0,0.0
head|centre|open|t=10|S=1000|F=0.05|FrontOnlyThroughMask,38400,511744.1515148526,1.0,0.9999219891817117,1.0,0.6423989303000013,999.0536150879407,0.0,0.16013198741964943,0.004535623607489384,-0.09749759941543439,0.0027295181817778742,1.041626676009974,0.07323702349392965,0.19812534956311675,0.19780744615175466,0.003963053986701133,128,128,1.0,1.0,0.9999219891817117,1.0,1.0,0.0
head|centre|open|t=10|S=1000|F=0.1|BareCrystalAllFaces,38400,511744.1515148526,1.0,0.9999219891817117,0.9845572916666666,335.2373840069169,999.0536150879407,0.015442708333333333,0.246040116403242,0.030561102733049437,0.03290565879400578,0.0600201638290229,1.041626676009974,0.425049080399664,1.1512208814209965,1.107781238114818,0.2866411357782978,128,44,1.0,1.0,0.9999219891817117,1.0,1.0,0.0
head|centre|open|t=10|S=1000|F=0.1|FrontOnlyThroughMask,38400,511744.1515148526,1.0,0.9999219891817117,1.0,1.2847978606000026,999.0536150879407,0.0,0.1602285582455857,0.004323295463596906,-0.09777259832192245,0.0024544322383874932,1.041626676009974,0.07327978782018435,0.19824103467238602,0.19848062094970031,0.00346907123699187,128,128,1.0,1.0,0.9999219891817117,1.0,1.0,0.0
head|centre|open|t=10|S=1000|F=0.2|BareCrystalAllFaces,38400,511744.1515148526,0.999921875,0.999798094358986,0.6297135416666667,670.4747680138338,999.0536150879407,0.37028645833333335,1.6964026219273527,0.14566340676342812,2.998629003406797,0.2973228869837484,1.041626676009974,2.102047509198128,5.6935087926633345,5.691591920413274,0.27361282398363695,128,0,1.0,0.999921875,0.999798094358986,0.999921875,1.0,7.8125e-05
head|centre|open|t=10|S=1000|F=0.2|FrontOnlyThroughMask,38400,511744.1515148526,1.0,0.9999219891817117,1.0,2.569595721200005,999.0536150879407,0.0,0.16057757250367483,0.004176600496400687,-0.0973673386712577,0.002651711483552395,1.041626676009974,0.07330037319428573,0.1982967223783469,0.19768338912926364,0.003373204075367478,128,128,1.0,1.0,0.9999219891817117,1.0,1.0,0.0
head|centre|open|t=10|S=1000|ideal,38400,511744.1515148526,,,1.0,0,999.0536150879407,0.0,0.1600193544450427,0.004113682842328511,-0.09724301727709632,0.0025609342897266623,1.041626676009974,0.07310636925437651,0.19777189006448254,0.19768906825570312,0.003278943747818539,128,128,,,,,,
head|centre|open|t=10|S=100|F=0.05|BareCrystalAllFaces,38400,51174.41515148526,0.8261078998073218,0.8118452022069884,0.068203125,167.61869200345845,99.90536150879406,0.9317708333333333,2.060657166987004,0.1714954302632043,3.4912442122446063,0.43596042866260953,1.041626676009974,3.0020108777271415,8.1302388189232,8.134716746848135,0.11554957908168408,128,0,0.0540625,0.044661458333333334,0.0429401145518192,0.03390625,0.04020833333333333,0.009401041666666667
head|centre|open|t=10|S=100|F=0.05|FrontOnlyThroughMask,38400,51174.41515148526,0.9494270833333334,0.9475494725569955,0.8425,0.6423989303000013,99.90536150879406,0.15744791666666666,0.2740514911141381,0.092009042672537,-0.3266326918990542,0.17772201525337666,1.041626676009974,1.2999865399996449,3.5210451881872813,3.5242007257618715,0.269220687934956,128,0,1.0,0.9494270833333334,0.9475494725569955,0.5055208333333333,0.5071354166666666,0.05057291666666667
head|centre|open|t=10|S=100|F=0.1|BareCrystalAllFaces,38400,51174.41515148526,0.704225352112676,0.6761784467308445,0.00359375,335.2373840069169,99.90536150879406,0.99640625,2.4264594611340713,0.16012670165525916,4.423254031018053,0.3866782241233636,1.041626676009974,3.1122220935742595,8.428666423994796,8.428423382912127,0.08763488356373159,128,0,0.020338541666666668,0.014322916666666666,0.013339823643258458,0.012057291666666666,0.016822916666666667,0.006015625
head|centre|open|t=10|S=100|F=0.1|FrontOnlyThroughMask,38400,51174.41515148526,0.9516217272372021,0.949781890653065,0.8402083333333333,1.2847978606000026,99.90536150879406,0.15955729166666666,0.26411569664994766,0.09781257049131221,-0.3391822765228155,0.1600485368345849,1.041626676009974,1.3128550863642814,3.5559256694580648,3.5660446073966865,0.21119834961175904,128,0,0.999609375,0.95125,0.9494039998705625,0.4978125,0.4998958333333333,0.048359375
head|centre|open|t=10|S=100|F=0.2|BareCrystalAllFaces,38400,51174.41515148526,0.5617647058823529,0.5157589638541822,0.0,670.4747680138338,99.90536150879406,1.0,2.6955140150163426,0.1536924889290308,4.91507536185838,0.35686331468396865,1.041626676009974,3.163627812233458,8.568048491947598,8.564319858312569,0.08376811841020619,128,0,0.008854166666666666,0.004973958333333334,0.00439835373809123,0.004505208333333333,0.00765625,0.003880208333333333
head|centre|open|t=10|S=100|F=0.2|FrontOnlyThroughMask,38400,51174.41515148526,0.9502427502952369,0.94837185021616,0.8344791666666667,2.569595721200005,99.90536150879406,0.1653125,0.27955476444997907,0.09887634431202147,-0.32059222384481467,0.17849007933429892,1.041626676009974,1.3438612956849751,3.6399506001003,3.6419757972951103,0.26182484152897445,128,0,0.9923177083333333,0.9429427083333334,0.9409578076000894,0.49127604166666666,0.4937239583333333,0.049375
head|centre|open|t=10|S=100|ideal,38400,51174.41515148526,,,0.8471354166666667,0,99.90536150879406,0.152734375,0.2736453446405314,0.09340509472218464,-0.32463502770482505,0.18537634559444938,1.041626676009974,1.2896452444311592,3.493076361578184,3.491818257008312,0.24582728230954556,128,0,,,,,,
head|centre|open|t=10|S=250|F=0.05|BareCrystalAllFaces,38400,127936.03787871315,0.9728406345890187,0.9712631231562936,0.5284375,167.61869200345845,249.76340377198517,0.4715625,1.568251982898834,0.13989903560571884,2.781473365359686,0.3095554323453938,1.041626676009974,2.2511206384041693,6.096891963384523,6.121089144213229,0.2239490936336353,128,0,0.7977604166666666,0.77609375,0.7725662927523985,0.738515625,0.756484375,0.021666666666666667
head|centre|open|t=10|S=250|F=0.05|FrontOnlyThroughMask,38400,127936.03787871315,0.9998697916666667,0.9997262427017626,0.986484375,0.6423989303000013,249.76340377198517,0.013515625,0.15919937166571674,0.028335449286130045,-0.039338536739792755,0.053853775421304824,1.041626676009974,0.39564354267918184,1.0714932952315197,1.0982287060205413,0.2616848508795569,128,53,1.0,0.9998697916666667,0.9997262427017626,0.995546875,0.995625,0.00013020833333333333
head|centre|open|t=10|S=250|F=0.1|BareCrystalAllFaces,38400,127936.03787871315,0.9579924480805538,0.9555243985998183,0.08544270833333334,335.2373840069169,249.76340377198517,0.9145572916666667,2.870276542881965,0.11758031217048638,5.557424998451994,0.30202657576321856,1.041626676009974,3.1127152417289388,8.430372041258133,8.426568683317523,0.09062383996138647,128,0,0.4965625,0.475703125,0.471499592208453,0.44723958333333336,0.46458333333333335,0.020859375
head|centre|open|t=10|S=250|F=0.1|FrontOnlyThroughMask,38400,127936.03787871315,0.9998958333333333,0.9997616431038913,0.9875,1.2847978606000026,249.76340377198517,0.0125,0.15608653741169531,0.026769913585310605,-0.04817797641817213,0.05750082111977767,1.041626676009974,0.37907023760410535,1.026588829406569,1.0512949456434717,0.26428121635315466,128,59,1.0,0.9998958333333333,0.9997616431038913,0.9958854166666666,0.9959375,0.00010416666666666667
head|centre|open|t=10|S=250|F=0.2|BareCrystalAllFaces,38400,127936.03787871315,0.9292824822236587,0.9243025205667755,0.0003125,670.4747680138338,249.76340377198517,0.9996875,3.260583240061417,0.1353173792769183,6.292215927125102,0.32844342078514055,1.041626676009974,3.2783901080752296,8.879191629016889,8.881410639155707,0.07296166294477499,128,0,0.20143229166666668,0.1871875,0.18391790085158694,0.17203125,0.184375,0.014244791666666666
head|centre|open|t=10|S=250|F=0.2|FrontOnlyThroughMask,38400,127936.03787871315,0.9998697916666667,0.9997262427017626,0.9869010416666667,2.569595721200005,249.76340377198517,0.013098958333333334,0.1609631295168995,0.030489139928451852,-0.048946109469326225,0.053005232893519064,1.041626676009974,0.3928841816763754,1.0640367571019818,1.0841594244178863,0.2690739482154967,128,49,1.0,0.9998697916666667,0.9997262427017626,0.9952864583333333,0.995390625,0.00013020833333333333
head|centre|open|t=10|S=250|ideal,38400,127936.03787871315,,,0.98828125,0,249.76340377198517,0.01171875,0.15686744830179367,0.02522214392421234,-0.052024027091272226,0.05190963219796605,1.041626676009974,0.37169648612365347,1.0066451170540414,1.0516977128571119,0.2587846798311551,128,56,,,,,,
head|centre|open|t=10|S=25|F=0.05|BareCrystalAllFaces,38400,12793.603787871314,0.2549019607843137,0.19765079390763873,0.006822916666666666,167.61869200345845,24.976340377198515,0.9931770833333333,1.504095709400178,0.18874652611847997,2.2979188919462064,0.4173854293962469,1.041626676009974,2.9784137844099354,8.066066505665436,8.078306395545917,0.10348739413530945,128,0,0.003984375,0.001015625,0.0007638095132479633,0.0006770833333333334,0.0025260416666666665,0.00296875
head|centre|open|t=10|S=25|F=0.05|FrontOnlyThroughMask,38400,12793.603787871314,0.46416933865123433,0.4599701435794337,0.362109375,0.6423989303000013,24.976340377198515,0.63453125,0.38505343014838006,0.2199301071848786,-2.2426753828680988,0.3608312673994878,1.041626676009974,2.5606969306529446,6.93631984237162,6.933860315147373,0.19471751643697097,128,0,0.998984375,0.46369791666666665,0.4595011725348906,0.0049479166666666664,0.005390625,0.5352864583333333
head|centre|open|t=10|S=25|F=0.1|BareCrystalAllFaces,38400,12793.603787871314,0.10909090909090909,0.06416481740853723,0.00026041666666666666,335.2373840069169,24.976340377198515,0.9997395833333333,1.9052001188152519,0.17569296027310033,3.189626671562838,0.396525698255507,1.041626676009974,3.00767062735048,8.14519948177758,8.14229046122724,0.0944054853094745,128,0,0.002864583333333333,0.0003125,0.00018032760484915498,0.000234375,0.002265625,0.0025520833333333333
head|centre|open|t=10|S=25|F=0.1|FrontOnlyThroughMask,38400,12793.603787871314,0.45885429435319114,0.4545653561982663,0.34903645833333335,1.2847978606000026,24.976340377198515,0.6477604166666666,0.38871782554873185,0.2376961403659932,-2.206165144461951,0.3050719852238777,1.041626676009974,2.582640024470274,6.99570977719948,6.991065473088701,0.2048319041047212,128,0,0.956015625,0.438671875,0.43449714177808174,0.004557291666666667,0.00484375,0.51734375
head|centre|open|t=10|S=25|F=0.2|BareCrystalAllFaces,38400,12793.603787871314,0.12173913043478261,0.07512162292740218,0.0,670.4747680138338,24.976340377198515,1.0,2.2782464750824865,0.17059656039461346,3.8807118147592963,0.41316725301348517,1.041626676009974,3.0739754984242618,8.32497360082004,8.32595764878953,0.09882629579044123,128,0,0.002994791666666667,0.00036458333333333335,0.00022042805986020682,0.00020833333333333335,0.0023177083333333335,0.0026302083333333334
head|centre|open|t=10|S=25|F=0.2|FrontOnlyThroughMask,38400,12793.603787871314,0.49022912259313706,0.48528834034617635,0.332421875,2.569595721200005,24.976340377198515,0.6647395833333334,0.3744974759680529,0.23804833198461586,-2.2509147825915408,0.3432464248603497,1.041626676009974,2.6230896520864166,7.105320194886053,7.10410334548346,0.18836575375832929,128,0,0.7262760416666667,0.35604166666666665,0.3520175704608623,0.004661458333333333,0.005260416666666667,0.370234375
head|centre|open|t=10|S=25|ideal,38400,12793.603787871314,,,0.371796875,0,24.976340377198515,0.6247916666666666,0.35914553696938173,0.22615620150870258,-2.2543278068773676,0.2704244425398488,1.041626676009974,2.541335735173383,6.883855592399483,6.8684452153624145,0.2057163997982196,128,0,,,,,,
head|centre|open|t=10|S=500|F=0.05|BareCrystalAllFaces,38400,255872.0757574263,0.9989582519467667,0.9986441340612882,0.9386458333333333,167.61869200345845,499.52680754397034,0.06135416666666667,0.4066722350355975,0.05435045999939227,0.3939259332912451,0.11688051032010388,1.041626676009974,0.846350915622617,2.292330300148239,2.301842674047248,0.2612514127671469,128,0,0.999921875,0.9988802083333334,0.9985562496896281,0.998828125,0.99984375,0.0010416666666666667
head|centre|open|t=10|S=500|F=0.05|FrontOnlyThroughMask,38400,255872.0757574263,1.0,0.9999219891817117,0.999296875,0.6423989303000013,499.52680754397034,0.000703125,0.15134714996107956,0.009120132255163694,-0.0908266921887177,0.011995030945537397,1.041626676009974,0.10690960078854325,0.28935046428228967,0.2128621988269844,0.1528990460890984,128,128,1.0,1.0,0.9999219891817117,1.0,1.0,0.0
head|centre|open|t=10|S=500|F=0.1|BareCrystalAllFaces,38400,255872.0757574263,0.9962195280928171,0.9956620937726203,0.5880208333333333,335.2373840069169,499.52680754397034,0.4119791666666667,1.7160679153844753,0.12228595394067573,3.1391020839821078,0.26422070705780315,1.041626676009974,2.182053092450107,5.9100755156166525,5.901933981110093,0.2130395855356477,128,0,0.998828125,0.9950520833333333,0.9944213890912775,0.9947395833333333,0.9984895833333334,0.0037760416666666667
head|centre|open|t=10|S=500|F=0.1|FrontOnlyThroughMask,38400,255872.0757574263,1.0,0.9999219891817117,0.999453125,1.2847978606000026,499.52680754397034,0.000546875,0.15256129238280974,0.008109335047830193,-0.09182681680375036,0.01197847153358334,1.041626676009974,0.0991750831126579,0.26839128889513253,0.20986367885704177,0.13959551135076015,128,128,1.0,1.0,0.9999219891817117,1.0,1.0,0.0
head|centre|open|t=10|S=500|F=0.2|BareCrystalAllFaces,38400,255872.0757574263,0.9876392946013199,0.9866516675289675,0.035807291666666664,670.4747680138338,499.52680754397034,0.9641927083333334,3.6471182914711147,0.1066243142734956,7.177817761197198,0.23634275405473562,1.041626676009974,3.3147660225989592,8.977982433441305,8.98295725652518,0.0751419448965758,128,0,0.9628125,0.9509114583333333,0.9490595359721703,0.946015625,0.9573958333333333,0.011901041666666667
head|centre|open|t=10|S=500|F=0.2|FrontOnlyThroughMask,38400,255872.0757574263,1.0,0.9999219891817117,0.9994010416666667,2.569595721200005,499.52680754397034,0.0005989583333333333,0.15309266935874688,0.007679661432094449,-0.09289828268885321,0.01220126861404268,1.041626676009974,0.10163426521149647,0.27505536648646367,0.21144956690563482,0.1448051357660574,128,128,1.0,1.0,0.9999219891817117,1.0,1.0,0.0
head|centre|open|t=10|S=500|ideal,38400,255872.0757574263,,,0.9995572916666666,0,499.52680754397034,0.0004427083333333333,0.15315479530715237,0.007814147340602266,-0.0934307919741221,0.010941423288898609,1.041626676009974,0.09464429811714188,0.25611720984405323,0.20779501292213504,0.1296167785191375,128,128,,,,,,
head|centre|open|t=10|S=50|F=0.05|BareCrystalAllFaces,38400,25587.20757574263,0.43630573248407645,0.38927509447496667,0.013932291666666667,167.61869200345845,49.95268075439703,0.9860416666666667,1.7409452738718494,0.15888833414837347,2.7875969790287645,0.41305177238839946,1.041626676009974,3.0106404220328002,8.153413911252136,8.16066605952094,0.10090242700349288,128,0,0.008177083333333333,0.0035677083333333333,0.0030822858745744295,0.0025520833333333333,0.00546875,0.004609375
head|centre|open|t=10|S=50|F=0.05|FrontOnlyThroughMask,38400,25587.20757574263,0.7388642875748893,0.735150468545843,0.5952864583333334,0.6423989303000013,49.95268075439703,0.40390625,0.3975444005830391,0.15902831350662722,-1.1597627757868558,0.26395198879073734,1.041626676009974,2.055017424589526,5.566342570314427,5.549630365528333,0.21252611109177588,128,0,0.9997395833333333,0.738671875,0.7349576759962423,0.083125,0.08432291666666666,0.2610677083333333
head|centre|open|t=10|S=50|F=0.1|BareCrystalAllFaces,38400,25587.20757574263,0.31891891891891894,0.26234700500489483,0.0006510416666666666,335.2373840069169,49.95268075439703,0.9993489583333334,2.089930054303092,0.16104094858600385,3.653275191155008,0.40008085410736577,1.041626676009974,3.048084271641565,8.254766120396814,8.253304819461253,0.09123241323139164,128,0,0.0048177083333333336,0.0015364583333333333,0.0012230702586692678,0.0013541666666666667,0.003958333333333334,0.00328125
head|centre|open|t=10|S=50|F=0.1|FrontOnlyThroughMask,38400,25587.20757574263,0.7364473684210526,0.732703524799419,0.5903645833333333,1.2847978606000026,49.95268075439703,0.40856770833333333,0.40052014716116735,0.16873915875287643,-1.2489256299983755,0.27072206345932315,1.041626676009974,2.06713952806468,5.599171209184389,5.594618775363004,0.22956817163009366,128,0,0.9895833333333334,0.7287760416666667,0.725018473119174,0.07825520833333334,0.07950520833333333,0.26080729166666666
head|centre|open|t=10|S=50|F=0.2|BareCrystalAllFaces,38400,25587.20757574263,0.2366412213740458,0.17673333525078114,0.0,670.4747680138338,49.95268075439703,1.0,2.4416540622046097,0.17502476487375054,4.2981099491653705,0.4185658702452089,1.041626676009974,3.110179600882514,8.423134373919654,8.434324057798353,0.09931024711035541,128,0,0.003411458333333333,0.0008072916666666667,0.0005845500119684843,0.0006510416666666666,0.00265625,0.0026041666666666665
head|centre|open|t=10|S=50|F=0.2|FrontOnlyThroughMask,38400,25587.20757574263,0.7568613855665338,0.7530384928732752,0.5704166666666667,2.569595721200005,49.95268075439703,0.4284895833333333,0.42070502220110767,0.18270739207932585,-1.2164094067654145,0.26592530071822906,1.041626676009974,2.1209407069689017,5.744925478529231,5.767474510855237,0.2293267425537011,128,0,0.90140625,0.6822395833333333,0.678308235985495,0.07216145833333333,0.07369791666666667,0.21916666666666668
head|centre|open|t=10|S=50|ideal,38400,25587.20757574263,,,0.5969791666666666,0,49.95268075439703,0.40182291666666664,0.37463722483023604,0.16364535459503657,-1.2281298383164716,0.2866402854742001,1.041626676009974,2.0521219821665664,5.558503071323396,5.571668165556538,0.2465578490557649,128,0,,,,,,
head|centre|open|t=10|default|F=0.05|BareCrystalAllFaces,38400,1000000,1.0,0.9999219891817117,1.0,167.61869200345845,1952.2521403138003,0.0,0.1715340932718343,0.0033335341965805712,-0.09788875089508935,0.0021797037791192234,1.041626676009974,0.07475829536549797,0.20224077893118414,0.20238182483214393,0.0030235818709854006,128,128,1.0,1.0,0.9999219891817117,1.0,1.0,0.0
head|centre|open|t=10|default|F=0.05|FrontOnlyThroughMask,38400,1000000,1.0,0.9999219891817117,1.0,0.6423989303000013,1952.2521403138003,0.0,0.16448845244148227,0.004162743491474603,-0.09780695122803647,0.0022622190061748326,1.041626676009974,0.07270889218443882,0.19669660117470175,0.19645767976577175,0.003587419576973977,128,128,1.0,1.0,0.9999219891817117,1.0,1.0,0.0
head|centre|open|t=10|default|F=0.1|BareCrystalAllFaces,38400,1000000,1.0,0.9999219891817117,1.0,335.2373840069169,1952.2521403138003,0.0,0.17738683534354135,0.0035099184748704168,-0.09783671472781005,0.002027218800720607,1.041626676009974,0.07646160300951252,0.2068486768266474,0.2070659620103155,0.003097685824368172,128,128,1.0,1.0,0.9999219891817117,1.0,1.0,0.0
head|centre|open|t=10|default|F=0.1|FrontOnlyThroughMask,38400,1000000,1.0,0.9999219891817117,1.0,1.2847978606000026,1952.2521403138003,0.0,0.16464254508796344,0.004016813408847586,-0.09793344022468506,0.0022528137615557466,1.041626676009974,0.07279386880114176,0.19692648552263942,0.1969033114587439,0.0033948661123588218,128,128,1.0,1.0,0.9999219891817117,1.0,1.0,0.0
head|centre|open|t=10|default|F=0.2|BareCrystalAllFaces,38400,1000000,1.0,0.9999219891817117,0.9979947916666667,670.4747680138338,1952.2521403138003,0.0020052083333333332,0.19532131312055132,0.011213154181388975,-0.08090205734314082,0.02122043503988443,1.041626676009974,0.1524721147044247,0.4127982233250535,0.21757272593054244,0.2291156699586799,128,128,1.0,1.0,0.9999219891817117,1.0,1.0,0.0
head|centre|open|t=10|default|F=0.2|FrontOnlyThroughMask,38400,1000000,1.0,0.9999219891817117,1.0,2.569595721200005,1952.2521403138003,0.0,0.16522055593772697,0.0040113543632727625,-0.0980347793608083,0.0023228682144487527,1.041626676009974,0.07295729586698611,0.1973685988447557,0.19742755812173093,0.0035357940512941695,128,128,1.0,1.0,0.9999219891817117,1.0,1.0,0.0
head|centre|open|t=10|default|ideal,38400,1000000,,,1.0,0,1952.2521403138003,0.0,0.16452193854634695,0.0038637753261211907,-0.09798505867027994,0.002178271598782625,1.041626676009974,0.07277753627380976,0.19688230180830524,0.19695965966764878,0.003315021111972887,128,128,,,,,,
head|centre|open|t=60|S=1000|F=0.05|BareCrystalAllFaces,38400,85290.6919191421,0.9998958333333333,0.9997616431038913,0.11940104166666667,1005.7121520207509,999.0536150879407,0.8805989583333333,3.7105072912227133,0.0904459907900502,7.189101446790735,0.18037869935698672,1.041626676009974,3.23554678997362,8.763638808383304,8.75613135830885,0.10192482526982176,128,0,1.0,0.9998958333333333,0.9997616431038913,0.9998958333333333,1.0,0.00010416666666666667
head|centre|open|t=60|S=1000|F=0.05|FrontOnlyThroughMask,38400,85290.6919191421,1.0,0.9999219891817117,1.0,3.854393581800008,999.0536150879407,0.0,0.160999963627598,0.004336440831343519,-0.09738468252154234,0.002621890358000034,1.041626676009974,0.07339460776179135,0.19855165157565946,0.19849633005054623,0.0037744315946476666,128,128,1.0,1.0,0.9999219891817117,1.0,1.0,0.0
head|centre|open|t=60|S=1000|F=0.1|BareCrystalAllFaces,38400,85290.6919191421,0.9976816879395676,0.9972355240089008,0.0,2011.4243040415017,999.0536150879407,1.0,4.205904732781471,0.05185588131825191,8.10734937564393,0.10664212989887169,1.041626676009974,3.452821985636379,9.352192116394805,9.35593784355622,0.02432816971830015,128,0,0.9997395833333333,0.997421875,0.9969539139359977,0.9973177083333333,0.999609375,0.0023177083333333335
head|centre|open|t=60|S=1000|F=0.1|FrontOnlyThroughMask,38400,85290.6919191421,1.0,0.9999219891817117,1.0,7.708787163600016,999.0536150879407,0.0,0.16103002360386903,0.004666152674577948,-0.09814918434550349,0.0026606816917077105,1.041626676009974,0.0735944112839451,0.19909217428326895,0.19873939496279308,0.003877444570670226,128,128,1.0,1.0,0.9999219891817117,1.0,1.0,0.0
head|centre|open|t=60|S=1000|F=0.2|BareCrystalAllFaces,38400,85290.6919191421,0.9824507560962,0.9812665869423086,0.0,4022.8486080830035,999.0536150879407,1.0,4.262566565397285,0.05149895285479336,8.119263905521622,0.11585381498099254,1.041626676009974,3.463390101799898,9.38087997928603,9.382770617507644,0.024929223292069615,128,0,0.9333854166666666,0.9170052083333333,0.9146531504348305,0.914140625,0.9301041666666666,0.016380208333333333
head|centre|open|t=60|S=1000|F=0.2|FrontOnlyThroughMask,38400,85290.6919191421,1.0,0.9999219891817117,1.0,15.417574327200033,999.0536150879407,0.0,0.16234251726953558,0.0047988780464461546,-0.09827412622566598,0.0024652662297239085,1.041626676009974,0.07392425381359871,0.1999844843479102,0.199844332155234,0.0036873831604078405,128,128,1.0,1.0,0.9999219891817117,1.0,1.0,0.0
head|centre|open|t=60|S=1000|ideal,38400,85290.6919191421,,,1.0,0,999.0536150879407,0.0,0.1598838432765011,0.004542153867762526,-0.09757149878572294,0.0023798080500709467,1.041626676009974,0.07315681015116127,0.19790834658885204,0.19789601909163548,0.0036498084608480963,128,128,,,,,,
head|centre|open|t=60|S=100|F=0.05|BareCrystalAllFaces,38400,8529.06919191421,0.45098039215686275,0.3983951604994399,0.0,1005.7121520207509,99.90536150879406,1.0,2.8453048227575053,0.16967522097972149,5.188721036323013,0.39281521038654305,1.041626676009974,3.1967639517292774,8.657919323454284,8.655071046026045,0.092345143137458,128,0,0.006640625,0.002994791666666667,0.0025512482705079558,0.0025,0.0050260416666666665,0.0036458333333333334
head|centre|open|t=60|S=100|F=0.05|FrontOnlyThroughMask,38400,8529.06919191421,0.9533145841703495,0.9514790475441356,0.8194010416666667,3.854393581800008,99.90536150879406,0.18044270833333334,0.3134144030327776,0.10638406952399476,-0.31938759391245664,0.18943366159798608,1.041626676009974,1.3985027475998753,3.7879221716709615,3.785142376260789,0.219284741427209,128,0,0.972265625,0.926875,0.9246527477088151,0.473984375,0.4759114583333333,0.045390625
head|centre|open|t=60|S=100|F=0.1|BareCrystalAllFaces,38400,8529.06919191421,0.2732919254658385,0.2159280347443578,0.0,2011.4243040415017,99.90536150879406,1.0,3.197848105236027,0.19244728765830701,5.833356166607267,0.44341976373626485,1.041626676009974,3.2692958480791425,8.854630648299198,8.865706906488281,0.10052079636442542,128,0,0.004192708333333333,0.0011458333333333333,0.0008773620810381554,0.0008854166666666666,0.003411458333333333,0.003046875
head|centre|open|t=60|S=100|F=0.1|FrontOnlyThroughMask,38400,8529.06919191421,0.9697735270233692,0.9681833608314356,0.7996354166666667,7.708787163600016,99.90536150879406,0.20020833333333332,0.34501423308806706,0.10620797624134559,-0.35482506194745617,0.2195989200196533,1.041626676009974,1.4726054074779085,3.988641284285586,4.0144623318166275,0.2329296813268214,128,0,0.865859375,0.8396875,0.8365758435075391,0.4463020833333333,0.44799479166666667,0.026171875
head|centre|open|t=60|S=100|F=0.2|BareCrystalAllFaces,38400,8529.06919191421,0.17687074829931973,0.12699002728075112,0.0,4022.8486080830035,99.90536150879406,1.0,3.614467623453925,0.17597676584143815,6.656693126738634,0.40084820488054823,1.041626676009974,3.347615281006188,9.067006727415784,9.066022396426302,0.08931037989708268,128,0,0.003828125,0.0006770833333333334,0.00047448322138911065,0.0005989583333333333,0.0036197916666666666,0.0031510416666666666
head|centre|open|t=60|S=100|F=0.2|FrontOnlyThroughMask,38400,8529.06919191421,0.9806098576470121,0.9791200458579028,0.75375,15.417574327200033,99.90536150879406,0.24611979166666667,0.43240639444165685,0.12125329094446342,-0.35700306024145356,0.23872355699715642,1.041626676009974,1.635997025436455,4.431218863715267,4.4059178754823956,0.25953244063697,128,0,0.6567447916666667,0.6440104166666667,0.6399703607345513,0.38794270833333333,0.39046875,0.012734375
head|centre|open|t=60|S=100|ideal,38400,8529.06919191421,,,0.8476041666666667,0,99.90536150879406,0.15216145833333333,0.26521698647935665,0.09608279742430616,-0.3308582937537736,0.18237856063301053,1.041626676009974,1.2811964552913255,3.4701506668118474,3.4639055206559384,0.2487466646994953,128,0,,,,,,
head|centre|open|t=60|S=250|F=0.05|BareCrystalAllFaces,38400,21322.672979785526,0.8874088967077155,0.8788291804376425,0.0,1005.7121520207509,249.76340377198517,1.0,3.3108803674333527,0.1356974788132488,6.282083281631926,0.31250431006260115,1.041626676009974,3.288820266605751,8.907506352772982,8.917536883419778,0.0708521681104207,128,0,0.10361979166666667,0.091953125,0.0895374721403099,0.07934895833333333,0.088671875,0.011666666666666667
head|centre|open|t=60|S=250|F=0.05|FrontOnlyThroughMask,38400,21322.672979785526,0.9997916503893534,0.9996240997934249,0.9854427083333334,3.854393581800008,249.76340377198517,0.014557291666666666,0.16423625883019238,0.03185205724328776,-0.049156587865560715,0.05709709122631451,1.041626676009974,0.40874941816950555,1.1070024571834554,1.0831779351077382,0.2932755374876406,128,48,0.999921875,0.9997135416666667,0.9995258904814887,0.9951302083333333,0.995234375,0.00020833333333333335
head|centre|open|t=60|S=250|F=0.1|BareCrystalAllFaces,38400,21322.672979785526,0.7886108714408974,0.7679184494872093,0.0,2011.4243040415017,249.76340377198517,1.0,3.542465240227247,0.15058273279867632,6.638598890504573,0.33748108889498846,1.041626676009974,3.3346567646854965,9.031833610321508,9.041319796381174,0.07687447134474863,128,0,0.030182291666666666,0.023802083333333335,0.022536271672226785,0.020859375,0.026197916666666668,0.006380208333333333
head|centre|open|t=60|S=250|F=0.1|FrontOnlyThroughMask,38400,21322.672979785526,0.9997395358528899,0.9995582350619513,0.9837760416666667,7.708787163600016,249.76340377198517,0.016223958333333333,0.17065989677684196,0.03334020174747778,-0.03500085800445679,0.058616880235322064,1.041626676009974,0.43574001242040034,1.180120853791827,1.1470575021131801,0.28345554674391704,128,32,0.9998177083333334,0.9995572916666666,0.9993360310396249,0.9947916666666666,0.9949479166666667,0.00026041666666666666
head|centre|open|t=60|S=250|F=0.2|BareCrystalAllFaces,38400,21322.672979785526,0.5287081339712919,0.4872951208297301,0.0,4022.8486080830035,249.76340377198517,1.0,3.796134161354942,0.14725828642538819,7.065558001381191,0.32783906866427864,1.041626676009974,3.380825159701048,9.157044052761858,9.167051062239056,0.07322300951975914,128,0,0.010885416666666667,0.0057552083333333335,0.005135100675760326,0.005286458333333333,0.010104166666666666,0.005130208333333333
head|centre|open|t=60|S=250|F=0.2|FrontOnlyThroughMask,38400,21322.672979785526,0.9997132354858052,0.9995253837773549,0.9786197916666667,15.417574327200033,249.76340377198517,0.021380208333333334,0.18784571048681425,0.03810379131837175,-0.024013690378661808,0.0841836710331161,1.041626676009974,0.4965018079780286,1.3447041994128774,1.3500777007424059,0.2922233697285048,128,14,0.9989322916666666,0.9986458333333333,0.9982941615387925,0.9918229166666667,0.9919791666666666,0.00028645833333333333
head|centre|open|t=60|S=250|ideal,38400,21322.672979785526,,,0.9882552083333334,0,249.76340377198517,0.011744791666666667,0.155732906682121,0.027243435443957402,-0.06026391985698403,0.05169244653734219,1.041626676009974,0.36917906062506656,0.9998136191452479,1.011414151964079,0.28096291076022517,128,60,,,,,,
head|centre|open|t=60|S=25|F=0.05|BareCrystalAllFaces,38400,2132.2672979785525,0.13178294573643412,0.08573941368395722,0.0,1005.7121520207509,24.976340377198515,1.0,2.541289678158571,0.20690934053787202,4.4480529418094426,0.4811014482175503,1.041626676009974,3.1342517540901773,8.48843415592516,8.49289754460149,0.11478079238061875,128,0,0.003359375,0.0004427083333333333,0.00028210597311729144,0.00036458333333333335,0.0026041666666666665,0.002916666666666667
head|centre|open|t=60|S=25|F=0.05|FrontOnlyThroughMask,38400,2132.2672979785525,0.5419859774987771,0.5359124429147497,0.3238020833333333,3.854393581800008,24.976340377198515,0.6725260416666666,0.43690145681858916,0.23653054160981787,-2.202879813943222,0.3248733944135522,1.041626676009974,2.6504121254383683,7.179375845511082,7.189584234066457,0.18754606188570053,128,0,0.479140625,0.2596875,0.2560075895592899,0.004583333333333333,0.005078125,0.219453125
head|centre|open|t=60|S=25|F=0.1|BareCrystalAllFaces,38400,2132.2672979785525,0.1111111111111111,0.0669873856413955,0.0,2011.4243040415017,24.976340377198515,1.0,3.006048576022834,0.20402982979375786,5.392235888560315,0.46897027254259444,1.041626676009974,3.23223221497248,8.754141761971216,8.764416934326476,0.1082918843837241,128,0,0.003046875,0.0003385416666666667,0.0002002606751686466,0.000234375,0.0022916666666666667,0.0027083333333333334
head|centre|open|t=60|S=25|F=0.1|FrontOnlyThroughMask,38400,2132.2672979785525,0.618191074155778,0.6076547212488363,0.281953125,7.708787163600016,24.976340377198515,0.7146354166666666,0.5125098977899951,0.22032967143552615,-2.1716162331445577,0.3486634678991055,1.041626676009974,2.7249065330905338,7.381137749124711,7.3673463352503115,0.1973983495402817,128,0,0.15346354166666668,0.09486979166666666,0.09241976897228282,0.0036979166666666666,0.004427083333333333,0.05859375
head|centre|open|t=60|S=25|F=0.2|BareCrystalAllFaces,38400,2132.2672979785525,0.0546875,0.02594477025617523,0.0,4022.8486080830035,24.976340377198515,1.0,3.488945637336146,0.20248820425778177,6.3629071647889495,0.4616910011838677,1.041626676009974,3.3241106990784104,9.003283307419206,8.996451025234807,0.1030816595429545,128,0,0.0033333333333333335,0.00018229166666666667,8.555812051616448e-05,0.00018229166666666667,0.003046875,0.0031510416666666666
head|centre|open|t=60|S=25|F=0.2|FrontOnlyThroughMask,38400,2132.2672979785525,0.6467730742539903,0.6255062628623685,0.23145833333333332,15.417574327200033,24.976340377198515,0.76484375,0.5933738940753318,0.2539048532255475,-2.0606240438697365,0.36830435920389315,1.041626676009974,2.842105171399196,7.698649484543459,7.6975776904674085,0.1642749894775438,128,0,0.03752604166666667,0.024270833333333332,0.02299276699048499,0.002916666666666667,0.00359375,0.013255208333333334
head|centre|open|t=60|S=25|ideal,38400,2132.2672979785525,,,0.36755208333333333,0,24.976340377198515,0.6288020833333333,0.4026541218838874,0.20194569447376026,-2.248391869105851,0.3279358429658879,1.041626676009974,2.548032305153973,6.901998693524723,6.890518915401531,0.20058199309390995,128,0,,,,,,
head|centre|open|t=60|S=500|F=0.05|BareCrystalAllFaces,38400,42645.34595957105,0.9763464337700145,0.9749232910000615,0.000390625,1005.7121520207509,499.52680754397034,0.999609375,3.792990935466264,0.10176686994957303,7.390433693421176,0.21829479125172987,1.041626676009974,3.3794641962751863,9.153259390843038,9.15458462437342,0.05051283245539743,128,0,0.85875,0.8384375,0.8353162332201383,0.818203125,0.8368229166666666,0.0203125
head|centre|open|t=60|S=500|F=0.05|FrontOnlyThroughMask,38400,42645.34595957105,1.0,0.9999219891817117,0.999453125,3.854393581800008,499.52680754397034,0.000546875,0.15429175956556224,0.008445026514298539,-0.09242563726938091,0.011066098113210998,1.041626676009974,0.1000673897348109,0.27080792039777535,0.21049330204956393,0.13726421111216303,128,128,1.0,1.0,0.9999219891817117,1.0,1.0,0.0
head|centre|open|t=60|S=500|F=0.1|BareCrystalAllFaces,38400,42645.34595957105,0.9543229042273704,0.9515803737019332,0.0,2011.4243040415017,499.52680754397034,1.0,3.8922457894949223,0.10246010263012148,7.428412768670525,0.22704789477321982,1.041626676009974,3.398386541288364,9.204613396210695,9.202558479846633,0.051122234534928694,128,0,0.43614583333333334,0.4162239583333333,0.4120781189090547,0.3923697916666667,0.409921875,0.019921875
head|centre|open|t=60|S=500|F=0.1|FrontOnlyThroughMask,38400,42645.34595957105,1.0,0.9999219891817117,0.999453125,7.708787163600016,499.52680754397034,0.000546875,0.1554834350321371,0.008110147215346855,-0.09355622203071878,0.010695216352672293,1.041626676009974,0.10076226934255417,0.27268803977849165,0.21251577365010804,0.1362939269495385,128,128,1.0,1.0,0.9999219891817117,1.0,1.0,0.0
head|centre|open|t=60|S=500|F=0.2|BareCrystalAllFaces,38400,42645.34595957105,0.9043739279588336,0.8969950223111666,0.0,4022.8486080830035,499.52680754397034,1.0,4.024020405063328,0.11750834558614233,7.585871457650882,0.26598356154261565,1.041626676009974,3.421866255955864,9.268309058582984,9.275662553042551,0.05808534397942968,128,0,0.12145833333333333,0.10984375,0.10722786928106373,0.10611979166666667,0.11703125,0.011614583333333333
head|centre|open|t=60|S=500|F=0.2|FrontOnlyThroughMask,38400,42645.34595957105,1.0,0.9999219891817117,0.9993229166666666,15.417574327200033,499.52680754397034,0.0006770833333333334,0.15661583327653592,0.008550730095076916,-0.092977315463297,0.012948948497327502,1.041626676009974,0.10589219659204109,0.2865880015412379,0.21557939036971185,0.150897509784904,128,128,1.0,1.0,0.9999219891817117,1.0,1.0,0.0
head|centre|open|t=60|S=500|ideal,38400,42645.34595957105,,,0.9997135416666667,0,499.52680754397034,0.00028645833333333333,0.15177598591395827,0.008145218256433034,-0.09426934958744905,0.009004181275758203,1.041626676009974,0.08929131421755843,0.2416098686653982,0.20941790977157743,0.1048586388022914,128,128,,,,,,
head|centre|open|t=60|S=50|F=0.05|BareCrystalAllFaces,38400,4264.534595957105,0.19014084507042253,0.13773487658225886,0.0,1005.7121520207509,49.95268075439703,1.0,2.631509660535991,0.17591469210705846,4.665607595929435,0.4060958648271626,1.041626676009974,3.153090344781691,8.539511084018311,8.542953256975837,0.0967952507402099,128,0,0.0036979166666666666,0.000703125,0.0004963497943262035,0.000390625,0.0025260416666666665,0.002994791666666667
head|centre|open|t=60|S=50|F=0.05|FrontOnlyThroughMask,38400,4264.534595957105,0.7906534954407295,0.7866818348373521,0.5588020833333334,3.854393581800008,49.95268075439703,0.43973958333333335,0.42656176571707755,0.16484134631248706,-1.2418289414176096,0.25700511766308914,1.041626676009974,2.1485909175690363,5.819826302398498,5.821761235667962,0.22630996433040032,128,0,0.7539583333333333,0.5961197916666666,0.5919828500612208,0.069453125,0.07091145833333333,0.15783854166666667
head|centre|open|t=60|S=50|F=0.1|BareCrystalAllFaces,38400,4264.534595957105,0.0859375,0.048941450194927086,0.0,2011.4243040415017,49.95268075439703,1.0,3.0640147912265623,0.20510933944248244,5.525422851624642,0.4651577001769978,1.041626676009974,3.243389157714276,8.784390951894215,8.790235892572525,0.10690563404522177,128,0,0.0033333333333333335,0.00028645833333333333,0.00016065924609382504,0.000234375,0.0026302083333333334,0.003046875
head|centre|open|t=60|S=50|F=0.1|FrontOnlyThroughMask,38400,4264.534595957105,0.8556858434102846,0.8510914850751414,0.51578125,7.708787163600016,49.95268075439703,0.48278645833333333,0.49550480999408697,0.17815775345855797,-1.2389543505952603,0.30609874439867146,1.041626676009974,2.2593719884039043,6.119921806859653,6.115891422836764,0.21980994404713008,128,0,0.42640625,0.36486979166666667,0.3608236653563699,0.05932291666666667,0.060703125,0.061536458333333335
head|centre|open|t=60|S=50|F=0.2|BareCrystalAllFaces,38400,4264.534595957105,0.11864406779661017,0.07317221582340988,0.0,4022.8486080830035,49.95268075439703,1.0,3.5193742355694186,0.17563211263977918,6.432831995319237,0.39835721120141315,1.041626676009974,3.3298820441508195,9.018930466767452,9.017960680219502,0.08901325009449233,128,0,0.0030729166666666665,0.00036458333333333335,0.00022042805986020682,0.0003385416666666667,0.002890625,0.0027083333333333334
head|centre|open|t=60|S=50|F=0.2|FrontOnlyThroughMask,38400,4264.534595957105,0.9040084388185654,0.8978528232309801,0.444921875,15.417574327200033,49.95268075439703,0.5540364583333334,0.6032333945678586,0.17916031795477547,-1.316504310913982,0.2990199681602143,1.041626676009974,2.4336196808248687,6.591980411556962,6.591215515668462,0.19484920786774892,128,0,0.1728125,0.15622395833333333,0.15318267161023433,0.044895833333333336,0.04669270833333333,0.016588541666666668
head|centre|open|t=60|S=50|ideal,38400,4264.534595957105,,,0.6027083333333333,0,49.95268075439703,0.39598958333333334,0.379233975608534,0.15967287314526238,-1.1846760315064526,0.27315480996496294,1.041626676009974,2.0263101380163744,5.488533799069287,5.507347330951788,0.24462212233948558,128,0,,,,,,
head|centre|open|t=60|default|F=0.05|BareCrystalAllFaces,38400,1000000,1.0,0.9999219891817117,1.0,1005.7121520207509,11713.5128418828,0.0,0.17577132161483205,0.003287589208494876,-0.09615266913417143,0.0018831461021906807,1.041626676009974,0.07438995483041057,0.20124431040437765,0.20139615040734551,0.0030195185368614417,128,128,1.0,1.0,0.9999219891817117,1.0,1.0,0.0
head|centre|open|t=60|default|F=0.05|FrontOnlyThroughMask,38400,1000000,1.0,0.9999219891817117,1.0,3.854393581800008,11713.5128418828,0.0,0.1681275903040549,0.0036583002304723293,-0.0965651161717766,0.001865338126342207,1.041626676009974,0.0720222784319633,0.19483911880253094,0.19468868791247357,0.0032728369403723107,128,128,1.0,1.0,0.9999219891817117,1.0,1.0,0.0
head|centre|open|t=60|default|F=0.1|BareCrystalAllFaces,38400,1000000,1.0,0.9999219891817117,1.0,2011.4243040415017,11713.5128418828,0.0,0.182445798183243,0.0031975458186499165,-0.09624865826772766,0.0018079669523840666,1.041626676009974,0.07655399558509679,0.20709861422070053,0.20695248467709915,0.003096462298376673,128,128,1.0,1.0,0.9999219891817117,1.0,1.0,0.0
head|centre|open|t=60|default|F=0.1|FrontOnlyThroughMask,38400,1000000,1.0,0.9999219891817117,1.0,7.708787163600016,11713.5128418828,0.0,0.16811365969221004,0.003635353730732737,-0.09662819746526022,0.001963982492381169,1.041626676009974,0.07203532952781706,0.19487442552831502,0.19498374900564086,0.003293170405018839,128,128,1.0,1.0,0.9999219891817117,1.0,1.0,0.0
head|centre|open|t=60|default|F=0.2|BareCrystalAllFaces,38400,1000000,1.0,0.9999219891817117,1.0,4022.8486080830035,11713.5128418828,0.0,0.1930418156310562,0.0025877691444379696,-0.09735613051737482,0.0018890515655690296,1.041626676009974,0.0801714507606746,0.21688479034197536,0.2168267831761891,0.0028028798069736033,128,128,1.0,1.0,0.9999219891817117,1.0,1.0,0.0
head|centre|open|t=60|default|F=0.2|FrontOnlyThroughMask,38400,1000000,1.0,0.9999219891817117,1.0,15.417574327200033,11713.5128418828,0.0,0.16836208088073387,0.003500513522277612,-0.09665199055714156,0.001881434188061216,1.041626676009974,0.07211466200595626,0.19508904083420914,0.19532421020734259,0.0031361573610585677,128,128,1.0,1.0,0.9999219891817117,1.0,1.0,0.0
head|centre|open|t=60|default|ideal,38400,1000000,,,1.0,0,11713.5128418828,0.0,0.16816288764031642,0.003470200958684078,-0.09664270164509958,0.001873973930126457,1.041626676009974,0.07204994937682742,0.19491397604450522,0.19505692175246697,0.003126057244944692,128,128,,,,,,
head|edge|cs662|t=10|S=1000|F=0.05|BareCrystalAllFaces,38400,1469229.9430754741,1.0,0.9999219891817117,0.998984375,2.1417410162907036,1001.1517090659407,0.001015625,0.1902757685643272,0.05560817503518793,-0.4810746840315596,0.0293316957780141,1.041626676009974,0.3341703893507884,0.9059884277941271,0.8491385242978122,0.12856649049642435,128,97,1.0,1.0,0.9999219891817117,1.0,1.0,0.0
head|edge|cs662|t=10|S=1000|F=0.05|FrontOnlyThroughMask,38400,1469229.9430754741,0.9999739583333334,0.9998764678836031,0.9993229166666666,0.052479675660385576,1001.1517090659407,0.0006770833333333334,0.1969171688049353,0.055752485455604316,-0.4801417660244917,0.027774733230492323,1.041626676009974,0.32883371838932374,0.8915590539562326,0.8517839092743902,0.11767926995590125,128,104,1.0,0.9999739583333334,0.9998764678836031,0.9999739583333334,1.0,2.604166666666667e-05
head|edge|cs662|t=10|S=1000|F=0.1|BareCrystalAllFaces,38400,1469229.9430754741,1.0,0.9999219891817117,0.998984375,4.283482032581407,1001.1517090659407,0.001015625,0.1904728519762801,0.05927868729654532,-0.4812780619421714,0.02643578336067734,1.041626676009974,0.3349841023607178,0.9081970148572278,0.8542007050418465,0.12988118036228855,128,101,1.0,1.0,0.9999219891817117,1.0,1.0,0.0
head|edge|cs662|t=10|S=1000|F=0.1|FrontOnlyThroughMask,38400,1469229.9430754741,0.9999739583333334,0.9998764678836031,0.999375,0.10495935132077115,1001.1517090659407,0.000625,0.1989520233435469,0.05842959520182856,-0.48065647068416334,0.025279655616873876,1.041626676009974,0.32666949237616416,0.8857093055828631,0.8503333054337142,0.11151259364422908,128,108,1.0,0.9999739583333334,0.9998764678836031,0.9999739583333334,1.0,2.604166666666667e-05
head|edge|cs662|t=10|S=1000|F=0.2|BareCrystalAllFaces,38400,1469229.9430754741,1.0,0.9999219891817117,0.998828125,8.566964065162814,1001.1517090659407,0.001171875,0.18644154745390734,0.0592376319845243,-0.48475505035201444,0.02817318264169239,1.041626676009974,0.3392680613705542,0.9197871154527946,0.8573513293779045,0.13626792764767018,128,94,1.0,1.0,0.9999219891817117,1.0,1.0,0.0
head|edge|cs662|t=10|S=1000|F=0.2|FrontOnlyThroughMask,38400,1469229.9430754741,0.9999479166666667,0.999836056211534,0.9990364583333333,0.2099187026415423,1001.1517090659407,0.0009635416666666667,0.20319247167970284,0.06263804057894255,-0.4776404663505609,0.026483129187436314,1.041626676009974,0.33643146052808165,0.9121369471695663,0.8533191618147372,0.13068914687691877,128,100,1.0,0.9999479166666667,0.999836056211534,0.9999479166666667,1.0,5.208333333333334e-05
head|edge|cs662|t=10|S=1000|ideal,38400,1469229.9430754741,,,0.9991666666666666,0,1001.1517090659407,0.0008333333333333334,0.19130630901748108,0.06379130192822444,-0.4798745410195201,0.027161532631810814,1.041626676009974,0.3280975583802005,0.8895560915606827,0.8479431698534131,0.11933316537901183,128,107,,,,,,
head|edge|cs662|t=10|S=100|F=0.05|BareCrystalAllFaces,38400,146922.99430754743,0.9557099208732667,0.9539417628476254,0.569453125,2.1417410162907036,100.11517090659407,0.430234375,-2.9789108495637158,0.30286645614991364,-2.0288016582222905,0.28730598740055996,1.041626676009974,2.8027527973759536,7.5923353104837545,7.582881025386245,0.3428749356457528,128,0,0.9972135416666666,0.953046875,0.9512327170152289,0.6402864583333333,0.6468489583333333,0.04416666666666667
head|edge|cs662|t=10|S=100|F=0.05|FrontOnlyThroughMask,38400,146922.99430754743,0.8824739583333333,0.879736328005369,0.5937239583333334,0.052479675660385576,100.11517090659407,0.405625,-2.796887971010968,0.2737255128772814,-1.946868014167946,0.2727287149147618,1.041626676009974,2.721737399717644,7.372835082741623,7.375163864992935,0.31236536044144325,128,0,1.0,0.8824739583333333,0.879736328005369,0.4776302083333333,0.48895833333333333,0.11752604166666666
head|edge|cs662|t=10|S=100|F=0.1|BareCrystalAllFaces,38400,146922.99430754743,0.9601249099207303,0.9584222548597345,0.5436458333333334,4.283482032581407,100.11517090659407,0.45591145833333335,-3.1467069383899515,0.2963331159804349,-2.1115035647599893,0.2773478543392718,1.041626676009974,2.8696922109866736,7.773642103022645,7.754561875020664,0.3387100379969949,128,0,0.975703125,0.936796875,0.9347168505166348,0.6235416666666667,0.6295572916666666,0.03890625
head|edge|cs662|t=10|S=100|F=0.1|FrontOnlyThroughMask,38400,146922.99430754743,0.8811458333333333,0.8783950941691206,0.591640625,0.10495935132077115,100.11517090659407,0.40794270833333335,-2.8015955940435497,0.28359776500200207,-1.9721234933533744,0.2595983711876984,1.041626676009974,2.725304593669305,7.382498060665405,7.363065001174306,0.33165618006352615,128,0,1.0,0.8811458333333333,0.8783950941691206,0.47794270833333335,0.4890625,0.11885416666666666
head|edge|cs662|t=10|S=100|F=0.2|BareCrystalAllFaces,38400,146922.99430754743,0.9703710165154688,0.9688228365352259,0.4967447916666667,8.566964065162814,100.11517090659407,0.50296875,-3.4856581234748383,0.3351647472429827,-2.2715237352750544,0.34592531788416647,1.041626676009974,3.0137529416540607,8.163918410238086,8.171970873344684,0.3378283264023282,128,0,0.895625,0.8690885416666667,0.8662236065988353,0.5891145833333333,0.59515625,0.026536458333333332
head|edge|cs662|t=10|S=100|F=0.2|FrontOnlyThroughMask,38400,146922.99430754743,0.8808072916666667,0.8780532285612279,0.5881510416666667,0.2099187026415423,100.11517090659407,0.411484375,-2.821407671520738,0.26907836392177525,-2.0038614123342846,0.26968648424037917,1.041626676009974,2.7445677036359846,7.434712703729347,7.42379568763747,0.3117509324219094,128,0,1.0,0.8808072916666667,0.8780532285612279,0.4708333333333333,0.48213541666666665,0.11919270833333333
head|edge|cs662|t=10|S=100|ideal,38400,146922.99430754743,,,0.5917708333333334,0,100.11517090659407,0.4078125,-2.7901190085336167,0.30505476198874804,-1.950735551620886,0.2727642363208134,1.041626676009974,2.7258075372401804,7.3839281321870756,7.35751311633982,0.359441641526963,128,0,,,,,,
head|edge|cs662|t=10|S=250|F=0.05|BareCrystalAllFaces,38400,367307.48576886853,0.9995572916666666,0.9993360310396249,0.8749479166666667,2.1417410162907036,250.28792726648518,0.12505208333333334,-0.6246171810288553,0.17289903469287793,-0.9791667802515325,0.16481906980405583,1.041626676009974,1.5383539951372511,4.167317999176286,4.138356256573749,0.3490114964945873,128,0,1.0,0.9995572916666666,0.9993360310396249,0.9986197916666667,0.9990364583333333,0.0004427083333333333
head|edge|cs662|t=10|S=250|F=0.05|FrontOnlyThroughMask,38400,367307.48576886853,0.9934635416666666,0.9927456575367677,0.8826302083333334,0.052479675660385576,250.28792726648518,0.11736979166666667,-0.57644761806428,0.1747903047871447,-0.9655179044956935,0.15964959178681978,1.041626676009974,1.4954252399289898,4.051048688144429,4.048916576805736,0.3632700426075106,128,0,1.0,0.9934635416666666,0.9927456575367677,0.9777864583333333,0.9825260416666667,0.006536458333333333
head|edge|cs662|t=10|S=250|F=0.1|BareCrystalAllFaces,38400,367307.48576886853,0.9994791666666667,0.9992432658978522,0.866484375,4.283482032581407,250.28792726648518,0.133515625,-0.7196763622659084,0.1911359656658142,-1.0367165944695613,0.18741581175463146,1.041626676009974,1.5988985483976077,4.331300096393449,4.311108008122111,0.37281137958996724,128,0,1.0,0.9994791666666667,0.9992432658978522,0.997890625,0.9983854166666667,0.0005208333333333333
head|edge|cs662|t=10|S=250|F=0.1|FrontOnlyThroughMask,38400,367307.48576886853,0.9930989583333333,0.9923626422047291,0.8826041666666666,0.10495935132077115,250.28792726648518,0.11739583333333334,-0.587251545169236,0.17131492875080107,-0.9710637712714931,0.1676182656666695,1.041626676009974,1.498742881371252,4.0600228165785985,4.0892168789917624,0.35226613568018217,128,0,1.0,0.9930989583333333,0.9923626422047291,0.9785416666666666,0.9827083333333333,0.0069010416666666664
head|edge|cs662|t=10|S=250|F=0.2|BareCrystalAllFaces,38400,367307.48576886853,0.999322881400073,0.9990605793520204,0.8490104166666667,8.566964065162814,250.28792726648518,0.15098958333333334,-0.8439915382121573,0.16734257547338027,-1.1010883614197289,0.16170017330547498,1.041626676009974,1.686579947769308,4.568774844435678,4.571753043180436,0.3165146695437706,128,0,0.9999479166666667,0.9992708333333333,0.9990004242653445,0.997578125,0.998203125,0.0006770833333333334
head|edge|cs662|t=10|S=250|F=0.2|FrontOnlyThroughMask,38400,367307.48576886853,0.9938020833333333,0.993101789250395,0.8844791666666667,0.2099187026415423,250.28792726648518,0.11546875,-0.5674895259842941,0.17350460969412565,-0.9446924918336913,0.17043747860565503,1.041626676009974,1.4875728654923983,4.029750201751972,4.0095282704866175,0.36805655636344964,128,0,1.0,0.9938020833333333,0.993101789250395,0.979921875,0.9840885416666667,0.006197916666666667
head|edge|cs662|t=10|S=250|ideal,38400,367307.48576886853,,,0.8821614583333334,0,250.28792726648518,0.11783854166666667,-0.5924279975192198,0.18766069948567282,-0.93847495628966,0.17243088768612974,1.041626676009974,1.4975400018290066,4.056735618078473,4.0393245005832235,0.4006525872852769,128,0,,,,,,
head|edge|cs662|t=10|S=25|F=0.05|BareCrystalAllFaces,38400,36730.74857688686,0.5234317045637801,0.5187485343277543,0.18375,2.1417410162907036,25.02879272664852,0.8139322916666667,-6.307124889712007,0.31709596483574615,-3.032760504766284,0.3603710364513414,1.041626676009974,3.8775402810641975,10.503550024123589,10.496757117436696,0.27085194373236154,128,0,0.807421875,0.4226302083333333,0.4184752311386344,0.017005208333333334,0.018125,0.38479166666666664
head|edge|cs662|t=10|S=25|F=0.05|FrontOnlyThroughMask,38400,36730.74857688686,0.4063541666666667,0.40222381434399823,0.21260416666666668,0.052479675660385576,25.02879272664852,0.7847135416666666,-6.133137475079024,0.3588842277595365,-2.975036464878374,0.2856428708175866,1.041626676009974,3.828486190181564,10.370699440881575,10.388048590963662,0.30106723685398623,128,0,1.0,0.4063541666666667,0.40222381434399823,0.009817708333333333,0.011015625,0.5936458333333333
head|edge|cs662|t=10|S=25|F=0.1|BareCrystalAllFaces,38400,36730.74857688686,0.6002096802376377,0.5940190851494089,0.16463541666666667,4.283482032581407,25.02879272664852,0.8332291666666667,-6.397435053400064,0.31832816783076723,-2.9931994746729442,0.32124026249011,1.041626676009974,3.903589773490926,10.57408303483306,10.557409144166112,0.2671683872542743,128,0,0.447109375,0.268359375,0.26464001253173414,0.0165625,0.017864583333333333,0.17875
head|edge|cs662|t=10|S=25|F=0.1|FrontOnlyThroughMask,38400,36730.74857688686,0.409375,0.40523972523458857,0.21005208333333333,0.10495935132077115,25.02879272664852,0.7876041666666667,-6.111849858927272,0.2996091009181833,-2.9456105313113774,0.33926101128844416,1.041626676009974,3.816251102037529,10.337515949276279,10.314153534403538,0.26412059574855307,128,0,1.0,0.409375,0.40523972523458857,0.01125,0.012473958333333333,0.590625
head|edge|cs662|t=10|S=25|F=0.2|BareCrystalAllFaces,38400,36730.74857688686,0.6788553259141494,0.6690320937266027,0.12791666666666668,8.566964065162814,25.02879272664852,0.8701822916666667,-6.631752144207821,0.3175937453252625,-3.1231280323095114,0.32492034038507256,1.041626676009974,3.96734155083157,10.746750423034928,10.747081580968262,0.25931382758763194,128,0,0.16380208333333332,0.11119791666666666,0.10856784054486929,0.01203125,0.013541666666666667,0.05260416666666667
head|edge|cs662|t=10|S=25|F=0.2|FrontOnlyThroughMask,38400,36730.74857688686,0.4033072916666667,0.39918206793931504,0.208203125,0.2099187026415423,25.02879272664852,0.7897916666666667,-6.183502538759846,0.35174119909567353,-2.9826502247570894,0.293416756524208,1.041626676009974,3.847942675777156,10.423397089234541,10.41315523486055,0.3087462325121667,128,0,1.0,0.4033072916666667,0.39918206793931504,0.010390625,0.0115625,0.5966927083333333
head|edge|cs662|t=10|S=25|ideal,38400,36730.74857688686,,,0.21880208333333334,0,25.02879272664852,0.77875,-6.030829433011858,0.34376498404974615,-2.9472508502326167,0.3048956207302565,1.041626676009974,3.7936180064235447,10.2761721401503,10.282971729701503,0.3078078633589798,128,0,,,,,,
head|edge|cs662|t=10|S=500|F=0.05|BareCrystalAllFaces,38400,734614.9715377371,1.0,0.9999219891817117,0.9801822916666667,2.1417410162907036,500.57585453297037,0.019817708333333333,0.11239832196450564,0.0866670534616251,-0.5266668910393489,0.07098111718735182,1.041626676009974,0.6833227107654071,1.8513896966067371,1.8531504667770562,0.32471683083421143,128,0,1.0,1.0,0.9999219891817117,1.0,1.0,0.0
head|edge|cs662|t=10|S=500|F=0.05|FrontOnlyThroughMask,38400,734614.9715377371,0.9994270833333333,0.9991820062784408,0.98015625,0.052479675660385576,500.57585453297037,0.01984375,0.10711236392149699,0.0965737776538836,-0.5249268112501918,0.0750147465675226,1.041626676009974,0.6771291968363943,1.8346235424057276,1.8455929252842849,0.36216143065184414,128,2,1.0,0.9994270833333333,0.9991820062784408,0.9994270833333333,0.9999739583333334,0.0005729166666666667
head|edge|cs662|t=10|S=500|F=0.1|BareCrystalAllFaces,38400,734614.9715377371,1.0,0.9999219891817117,0.9781510416666667,4.283482032581407,500.57585453297037,0.021848958333333335,0.09865372915019138,0.09204277339582709,-0.5412785025459687,0.0763746693055693,1.041626676009974,0.702539159276565,1.9034350139301799,1.9230077460686468,0.3633525115214632,128,0,1.0,1.0,0.9999219891817117,1.0,1.0,0.0
head|edge|cs662|t=10|S=500|F=0.1|FrontOnlyThroughMask,38400,734614.9715377371,0.9994791666666667,0.9992432658978522,0.9797916666666666,0.10495935132077115,500.57585453297037,0.02020833333333333,0.10760687373099655,0.097909691675745,-0.5330945734996356,0.06827146892011783,1.041626676009974,0.6822085729380901,1.8483625944901367,1.8208392379082654,0.34245729865414554,128,0,1.0,0.9994791666666667,0.9992432658978522,0.9994791666666667,1.0,0.0005208333333333333
head|edge|cs662|t=10|S=500|F=0.2|BareCrystalAllFaces,38400,734614.9715377371,1.0,0.9999219891817117,0.9760677083333333,8.566964065162814,500.57585453297037,0.023932291666666668,0.07788315903355762,0.08031466775397414,-0.5508630090867677,0.07298057437624828,1.041626676009974,0.7369100099722418,1.9965111779254214,2.017927283008664,0.32334214933157135,128,0,1.0,1.0,0.9999219891817117,1.0,1.0,0.0
head|edge|cs662|t=10|S=500|F=0.2|FrontOnlyThroughMask,38400,734614.9715377371,0.99953125,0.999304980484489,0.980703125,0.2099187026415423,500.57585453297037,0.019296875,0.1165603348714953,0.08669073726343417,-0.5317711083803306,0.07164689862922313,1.041626676009974,0.6678651387220101,1.8095484738475378,1.8210338014015695,0.35400655957062593,128,1,1.0,0.99953125,0.999304980484489,0.99953125,1.0,0.00046875
head|edge|cs662|t=10|S=500|ideal,38400,734614.9715377371,,,0.9798958333333333,0,500.57585453297037,0.020104166666666666,0.11834026738033868,0.09221173209853556,-0.5269922011466873,0.0677470840417349,1.041626676009974,0.6804570671483485,1.843619146557396,1.8327507443615405,0.31632838492770243,128,2,,,,,,
head|edge|cs662|t=10|S=50|F=0.05|BareCrystalAllFaces,38400,73461.49715377371,0.7743848615248814,0.7707439179366006,0.342265625,2.1417410162907036,50.05758545329704,0.6565885416666667,-4.848092510523533,0.2922890378079286,-2.5230066961848454,0.34950794243595357,1.041626676009974,3.452610300597617,9.352571205927136,9.341575710094304,0.27868015877340657,128,0,0.9440625,0.7310677083333333,0.7273199722069503,0.15057291666666667,0.155078125,0.21299479166666666
head|edge|cs662|t=10|S=50|F=0.05|FrontOnlyThroughMask,38400,73461.49715377371,0.64390625,0.6398659370303231,0.36596354166666667,0.052479675660385576,50.05758545329704,0.6328645833333333,-4.6871246359600445,0.3157713875743355,-2.487480461241142,0.28880589015449054,1.041626676009974,3.4000507043729553,9.21019772676106,9.21721917503207,0.2963681932138442,128,0,1.0,0.64390625,0.6398659370303231,0.10015625,0.105,0.35609375
head|edge|cs662|t=10|S=50|F=0.1|BareCrystalAllFaces,38400,73461.49715377371,0.8183071884157904,0.8145423655392807,0.3090625,4.283482032581407,50.05758545329704,0.6897135416666667,-5.087971869468308,0.3028181311971323,-2.6232224306850513,0.28507076490686517,1.041626676009974,3.5237010974435523,9.545095397216622,9.553716454767798,0.27186162505001205,128,0,0.7553385416666667,0.6180989583333333,0.6140012575481693,0.1334375,0.13765625,0.13723958333333333
head|edge|cs662|t=10|S=50|F=0.1|FrontOnlyThroughMask,38400,73461.49715377371,0.6414322916666667,0.6373859349119211,0.36484375,0.10495935132077115,50.05758545329704,0.6336197916666667,-4.708950831959675,0.31399297534147,-2.493963876106633,0.27131925878540397,1.041626676009974,3.4051591747410943,9.223999195053032,9.200412486529226,0.28632995947110257,128,0,1.0,0.6414322916666667,0.6373859349119211,0.098125,0.10403645833333333,0.35856770833333335
head|edge|cs662|t=10|S=50|F=0.2|BareCrystalAllFaces,38400,73461.49715377371,0.874630363220443,0.8704890120276967,0.26109375,8.566964065162814,50.05758545329704,0.7375,-5.3972750447124085,0.32538554222662686,-2.7867084645344393,0.33573421499383954,1.041626676009974,3.629213172560228,9.830910735515056,9.854352706901885,0.275570904883775,128,0,0.46674479166666666,0.40822916666666664,0.40409574004522275,0.115625,0.11958333333333333,0.058515625
head|edge|cs662|t=10|S=50|F=0.2|FrontOnlyThroughMask,38400,73461.49715377371,0.6441145833333334,0.6400747846461894,0.3628385416666667,0.2099187026415423,50.05758545329704,0.6359635416666667,-4.687654933235233,0.28552478814942606,-2.498203823064839,0.31140505835255733,1.041626676009974,3.3974087290651642,9.202994924385111,9.231797021261318,0.2686532125358453,128,0,1.0,0.6441145833333334,0.6400747846461894,0.098359375,0.1034375,0.3558854166666667
head|edge|cs662|t=10|S=50|ideal,38400,73461.49715377371,,,0.37072916666666667,0,50.05758545329704,0.6279947916666667,-4.656909549843761,0.31571042568988805,-2.5046092682525467,0.26909104316955135,1.041626676009974,3.383509772991982,9.165363570097972,9.159876382656764,0.292868385702324,128,0,,,,,,
head|edge|cs662|t=10|default|F=0.05|BareCrystalAllFaces,38400,1000000,1.0,0.9999219891817117,0.9940104166666667,2.1417410162907036,681.4125411644376,0.005989583333333334,0.19316020183351618,0.0669000524843542,-0.4790660296256336,0.04606842987264423,1.041626676009974,0.4576975597744582,1.2404489613256005,1.209962787662855,0.25336127690884075,128,20,1.0,1.0,0.9999219891817117,1.0,1.0,0.0
head|edge|cs662|t=10|default|F=0.05|FrontOnlyThroughMask,38400,1000000,0.999921875,0.999798094358986,0.9945572916666666,0.052479675660385576,681.4125411644376,0.005442708333333333,0.19824384664483521,0.06395470511447009,-0.4759242397463132,0.04229831473767303,1.041626676009974,0.44360129990521324,1.2022891442148778,1.1844082543633068,0.2491526460927722,128,28,1.0,0.999921875,0.999798094358986,0.999921875,1.0,7.8125e-05
head|edge|cs662|t=10|default|F=0.1|BareCrystalAllFaces,38400,1000000,1.0,0.9999219891817117,0.9939322916666666,4.283482032581407,681.4125411644376,0.006067708333333333,0.19201399556436075,0.07085361675211609,-0.47975802700339076,0.0419804632356139,1.041626676009974,0.456815163052887,1.238066408281003,1.2274699083437255,0.24703360322097404,128,22,1.0,1.0,0.9999219891817117,1.0,1.0,0.0
head|edge|cs662|t=10|default|F=0.1|FrontOnlyThroughMask,38400,1000000,0.9999479166666667,0.999836056211534,0.99328125,0.10495935132077115,681.4125411644376,0.00671875,0.18686600942306897,0.061906680497334825,-0.4794387809297818,0.04352290894676748,1.041626676009974,0.46902311707667876,1.2711023745288057,1.2383365394307018,0.2576744115618976,128,15,1.0,0.9999479166666667,0.999836056211534,0.9999479166666667,1.0,5.208333333333334e-05
head|edge|cs662|t=10|default|F=0.2|BareCrystalAllFaces,38400,1000000,1.0,0.9999219891817117,0.9923177083333333,8.566964065162814,681.4125411644376,0.007682291666666666,0.17974470093794745,0.07349928584671177,-0.4924717235381651,0.044794622388907315,1.041626676009974,0.49064326034944644,1.329646405343946,1.3291789305110568,0.2748906364856069,128,16,1.0,1.0,0.9999219891817117,1.0,1.0,0.0
head|edge|cs662|t=10|default|F=0.2|FrontOnlyThroughMask,38400,1000000,0.999921875,0.999798094358986,0.9937760416666667,0.2099187026415423,681.4125411644376,0.006223958333333333,0.19268765222029252,0.06964032274465486,-0.47834511340860814,0.04599560152641704,1.041626676009974,0.4604568359683091,1.247919796239636,1.2171876990010904,0.2623948005929261,128,21,1.0,0.999921875,0.999798094358986,0.999921875,1.0,7.8125e-05
head|edge|cs662|t=10|default|ideal,38400,1000000,,,0.9941145833333334,0,681.4125411644376,0.005885416666666666,0.19318836033244619,0.06745884266736257,-0.47719345790725537,0.041687243089560407,1.041626676009974,0.4555994657895983,1.234775489586324,1.2291129774764464,0.2679091207753197,128,29,,,,,,
head|edge|cs662|t=60|S=1000|F=0.05|BareCrystalAllFaces,38400,244871.6571792457,1.0,0.9999219891817117,0.9988020833333333,12.850446097744221,1001.1517090659407,0.0011979166666666666,0.1834585553700124,0.05641404680449664,-0.48393809831713264,0.027826112392862826,1.041626676009974,0.3385442453966205,0.9178301119183,0.8510396233919763,0.15109454855232674,128,99,1.0,1.0,0.9999219891817117,1.0,1.0,0.0
head|edge|cs662|t=60|S=1000|F=0.05|FrontOnlyThroughMask,38400,244871.6571792457,0.9999739583333334,0.9998764678836031,0.9992447916666667,0.31487805396231344,1001.1517090659407,0.0007552083333333333,0.1918610198576527,0.05709540179762959,-0.48164330174509346,0.025360393431601708,1.041626676009974,0.3284254891861568,0.8904469061730597,0.8447904412087565,0.12428144652452693,128,105,1.0,0.9999739583333334,0.9998764678836031,0.9999739583333334,1.0,2.604166666666667e-05
head|edge|cs662|t=60|S=1000|F=0.1|BareCrystalAllFaces,38400,244871.6571792457,1.0,0.9999219891817117,0.9983333333333333,25.700892195488443,1001.1517090659407,0.0016666666666666668,0.1826799457773044,0.057163524057683296,-0.49259273473652626,0.03280575138467078,1.041626676009974,0.35297506719435673,0.9568973009995514,0.877518530042082,0.15575795417412355,128,83,1.0,1.0,0.9999219891817117,1.0,1.0,0.0
head|edge|cs662|t=60|S=1000|F=0.1|FrontOnlyThroughMask,38400,244871.6571792457,0.9999739583333334,0.9998764678836031,0.9990364583333333,0.6297561079246269,1001.1517090659407,0.0009635416666666667,0.18962599458178922,0.060704470839168745,-0.4809339888854428,0.026039312277562073,1.041626676009974,0.3335927520589726,0.9044247194137772,0.847158045830908,0.13384623952089084,128,98,1.0,0.9999739583333334,0.9998764678836031,0.9999739583333334,1.0,2.604166666666667e-05
head|edge|cs662|t=60|S=1000|F=0.2|BareCrystalAllFaces,38400,244871.6571792457,1.0,0.9999219891817117,0.9970572916666667,51.401784390976886,1001.1517090659407,0.002942708333333333,0.16567474688409198,0.06764925024855685,-0.505722288368593,0.03126911127012512,1.041626676009974,0.3877615200351742,1.051067299271188,1.0465337682244225,0.20654369245796697,128,55,1.0,1.0,0.9999219891817117,1.0,1.0,0.0
head|edge|cs662|t=60|S=1000|F=0.2|FrontOnlyThroughMask,38400,244871.6571792457,1.0,0.9999219891817117,0.998984375,1.2595122158492538,1001.1517090659407,0.001015625,0.19577542128129446,0.06531022885773066,-0.48110416478751705,0.027404517333923913,1.041626676009974,0.3365942114207798,0.9125662584981323,0.855898834677658,0.13101195420037037,128,96,1.0,1.0,0.9999219891817117,1.0,1.0,0.0
head|edge|cs662|t=60|S=1000|ideal,38400,244871.6571792457,,,0.9991145833333334,0,1001.1517090659407,0.0008854166666666666,0.19049604795306696,0.05767595815365938,-0.4805269954223404,0.02713256932069496,1.041626676009974,0.33235718513991064,0.9010866204156647,0.8486299390811646,0.11951314726989247,128,98,,,,,,
head|edge|cs662|t=60|S=100|F=0.05|BareCrystalAllFaces,38400,24487.16571792457,0.9717823207601497,0.970192853300236,0.45588541666666665,12.850446097744221,100.11517090659406,0.5438020833333334,-3.803661382451883,0.31753599145738454,-2.381839396322742,0.3181092364847944,1.041626676009974,3.1242032344993564,8.46305141898117,8.432041209328293,0.3216417936303181,128,0,0.813984375,0.791015625,0.7875735882694977,0.5548958333333334,0.562109375,0.02296875
head|edge|cs662|t=60|S=100|F=0.05|FrontOnlyThroughMask,38400,24487.16571792457,0.885546875,0.8828400024439074,0.589765625,0.31487805396231344,100.11517090659406,0.40986979166666665,-2.80250898712449,0.30661134010118735,-1.9335053542958025,0.2618662338756502,1.041626676009974,2.7305917295943694,7.396859481987548,7.419498926685048,0.3642342980094904,128,0,1.0,0.885546875,0.8828400024439074,0.4748177083333333,0.4867708333333333,0.114453125
head|edge|cs662|t=60|S=100|F=0.1|BareCrystalAllFaces,38400,24487.16571792457,0.9755213441937822,0.9737958193302462,0.3478125,25.700892195488443,100.11517090659406,0.6519791666666667,-4.596896764099629,0.31210192167408773,-2.786677268472474,0.3695373345995761,1.041626676009974,3.4121798821425573,9.243108405693814,9.207318098804746,0.3068261952886973,128,0,0.6106510416666666,0.595703125,0.5915655231299823,0.46953125,0.47778645833333333,0.014947916666666667
head|edge|cs662|t=60|S=100|F=0.1|FrontOnlyThroughMask,38400,24487.16571792457,0.879921875,0.8771591518620284,0.5894791666666667,0.6297561079246269,100.11517090659406,0.4100520833333333,-2.80610547156688,0.287610040161543,-1.9247374745787686,0.2823478952884328,1.041626676009974,2.7292215623591605,7.393138877002418,7.417120424663738,0.3298351024795044,128,0,1.0,0.879921875,0.8771591518620284,0.47213541666666664,0.48388020833333334,0.120078125
head|edge|cs662|t=60|S=100|F=0.2|BareCrystalAllFaces,38400,24487.16571792457,0.9746052207541089,0.9724283547604359,0.19044270833333332,51.401784390976886,100.11517090659406,0.8092447916666666,-5.706647615255175,0.2505268155813002,-3.137863223565735,0.44384707090066366,1.041626676009974,3.7639397187959873,10.195853894900045,10.199496937443822,0.21199193695987087,128,0,0.40403645833333335,0.3937760416666667,0.38966792957824803,0.3389583333333333,0.34640625,0.010260416666666666
head|edge|cs662|t=60|S=100|F=0.2|FrontOnlyThroughMask,38400,24487.16571792457,0.8778333593872127,0.8750497373871517,0.576953125,1.2595122158492538,100.11517090659406,0.4225260416666667,-2.8937192533483054,0.2941679573542117,-2.0224407538761593,0.27336160599616177,1.041626676009974,2.7716628233959963,7.508141457300895,7.465081936678752,0.3484353894207024,128,0,0.99953125,0.877421875,0.8746349570241457,0.46315104166666665,0.4747395833333333,0.122109375
head|edge|cs662|t=60|S=100|ideal,38400,24487.16571792457,,,0.5928645833333334,0,100.11517090659406,0.4065885416666667,-2.7873883370745167,0.32171313485235487,-1.9485912507975953,0.2905385225421836,1.041626676009974,2.7234574611241165,7.377561602324756,7.380648496509953,0.3720976111040094,128,0,,,,,,
head|edge|cs662|t=60|S=250|F=0.05|BareCrystalAllFaces,38400,61217.914294811424,0.9995311401109636,0.9993048175695499,0.8310416666666667,12.850446097744221,250.28792726648518,0.16895833333333332,-0.972138509200861,0.224832599088372,-1.1880014502807574,0.18795995274212332,1.041626676009974,1.7803264944733614,4.82273852008072,4.838356390784483,0.39468863307975977,128,0,0.999765625,0.999296875,0.9990304895838463,0.9973177083333333,0.9977604166666667,0.00046875
head|edge|cs662|t=60|S=250|F=0.05|FrontOnlyThroughMask,38400,61217.914294811424,0.9924479166666667,0.9916798812090284,0.877265625,0.31487805396231344,250.28792726648518,0.122734375,-0.6238614116438508,0.17774612072594312,-0.9854902263454436,0.14285909902526323,1.041626676009974,1.5319184784749529,4.149917811437237,4.180729677885033,0.3487763684639984,128,0,1.0,0.9924479166666667,0.9916798812090284,0.9771354166666667,0.98265625,0.007552083333333333
head|edge|cs662|t=60|S=250|F=0.1|BareCrystalAllFaces,38400,61217.914294811424,0.9990091006284388,0.9987013795895736,0.7734375,25.700892195488443,250.28792726648518,0.2265625,-1.4104305877985484,0.23175423757157948,-1.4452651276697142,0.2033747640913081,1.041626676009974,2.0432731077014084,5.534941499605958,5.556457201031167,0.3476821809868918,128,0,0.998671875,0.9976822916666667,0.9972362437635753,0.995625,0.9966145833333333,0.0009895833333333334
head|edge|cs662|t=60|S=250|F=0.1|FrontOnlyThroughMask,38400,61217.914294811424,0.9940364583333333,0.9933486298278674,0.8809114583333333,0.6297561079246269,250.28792726648518,0.11908854166666667,-0.5959291866035906,0.17423143509596908,-0.9305908219336275,0.15569464534998173,1.041626676009974,1.5095944899193492,4.089419201067271,4.11712504518162,0.38176800469248245,128,0,1.0,0.9940364583333333,0.9933486298278674,0.979765625,0.9838802083333333,0.0059635416666666665
head|edge|cs662|t=60|S=250|F=0.2|BareCrystalAllFaces,38400,61217.914294811424,0.9985076971410619,0.998139700800815,0.6390885416666666,51.401784390976886,250.28792726648518,0.3609114583333333,-2.412643553638124,0.29775773745310385,-1.9668996219753583,0.274826181559879,1.041626676009974,2.55615658880478,6.924194368893322,6.892549490312314,0.3657783579507746,128,0,0.9946875,0.993203125,0.9924720234638887,0.99109375,0.9925260416666667,0.001484375
head|edge|cs662|t=60|S=250|F=0.2|FrontOnlyThroughMask,38400,61217.914294811424,0.9933333333333333,0.9926088076323041,0.8771614583333334,1.2595122158492538,250.28792726648518,0.12283854166666666,-0.6201716296861927,0.17080052329783887,-0.963277269641208,0.1471582013884555,1.041626676009974,1.5319851387430565,4.150094571760066,4.151173457058084,0.33759620071418744,128,0,1.0,0.9933333333333333,0.9926088076323041,0.978046875,0.9829166666666667,0.006666666666666667
head|edge|cs662|t=60|S=250|ideal,38400,61217.914294811424,,,0.8809635416666667,0,250.28792726648518,0.11903645833333333,-0.5966780952207862,0.17366731236374264,-0.9657206769444934,0.15764063139592474,1.041626676009974,1.5106933074192297,4.092389853402433,4.111583723524388,0.353250359828566,128,0,,,,,,
head|edge|cs662|t=60|S=25|F=0.05|BareCrystalAllFaces,38400,6121.791429481143,0.7114331723027375,0.6977532935088593,0.10385416666666666,12.850446097744221,25.028792726648515,0.894453125,-6.780488605528219,0.31312865419845276,-3.0937025699050067,0.34306270377851655,1.041626676009974,4.01165601775964,10.866767402115952,10.871857399469171,0.2559041970621297,128,0,0.080859375,0.057526041666666666,0.05558333567786763,0.010807291666666666,0.01234375,0.023333333333333334
head|edge|cs662|t=60|S=25|F=0.05|FrontOnlyThroughMask,38400,6121.791429481143,0.40434895833333334,0.40022196270659305,0.20885416666666667,0.31487805396231344,25.028792726648515,0.7889583333333333,-6.167006533669934,0.30286829022331924,-2.9535135531363683,0.3160509426378867,1.041626676009974,3.8373325090816084,10.394626510374678,10.415439997405098,0.24441132544585284,128,0,1.0,0.40434895833333334,0.40022196270659305,0.011484375,0.013072916666666667,0.5956510416666667
head|edge|cs662|t=60|S=25|F=0.1|BareCrystalAllFaces,38400,6121.791429481143,0.6878680800942285,0.6606634619424663,0.05713541666666667,25.700892195488443,25.028792726648515,0.941640625,-6.988502050409137,0.2647631926052427,-3.1652910678219786,0.4190010688298815,1.041626676009974,4.074682041688897,11.037463070514582,11.031163246710692,0.22998496269189272,128,0,0.022109375,0.015208333333333334,0.014195282406325962,0.006432291666666667,0.008411458333333333,0.0069010416666666664
head|edge|cs662|t=60|S=25|F=0.1|FrontOnlyThroughMask,38400,6121.791429481143,0.3998384070058382,0.3957175027214583,0.20955729166666667,0.6297561079246269,25.028792726648515,0.7878645833333333,-6.131205511579854,0.30196351084174994,-2.9676826193795587,0.3116664811899476,1.041626676009974,3.8231126300833296,10.356104342269626,10.367091773059935,0.2523543212792825,128,0,0.9991666666666666,0.3995052083333333,0.3953866158962621,0.010651041666666666,0.012369791666666666,0.5996614583333333
head|edge|cs662|t=60|S=25|F=0.2|BareCrystalAllFaces,38400,6121.791429481143,0.579250720461095,0.5338345058835186,0.021927083333333333,51.401784390976886,25.028792726648515,0.9771354166666667,-7.065814818868344,0.27501808462505734,-3.1808699171522794,0.4548073644323064,1.041626676009974,4.115779105359936,11.148792829138603,11.149480034366649,0.2202659477943542,128,0,0.009036458333333334,0.005234375,0.004643565224405271,0.0033072916666666667,0.005625,0.0038020833333333335
head|edge|cs662|t=60|S=25|F=0.2|FrontOnlyThroughMask,38400,6121.791429481143,0.39996204007483527,0.39575851126286615,0.19744791666666667,1.2595122158492538,25.028792726648515,0.800390625,-6.224029794967825,0.3340178054892008,-3.001622866185778,0.32426720565435285,1.041626676009974,3.856145683220652,10.445634930016714,10.424885314022948,0.26470806027181376,128,0,0.9604427083333333,0.384140625,0.3800514731433869,0.0109375,0.012760416666666666,0.5763020833333333
head|edge|cs662|t=60|S=25|ideal,38400,6121.791429481143,,,0.21177083333333332,0,25.028792726648515,0.7857552083333333,-6.141901586066748,0.28954513381700625,-2.9726476500026298,0.32966999677840353,1.041626676009974,3.8296957609118816,10.373966943156143,10.37245529430115,0.2478444279612149,128,0,,,,,,
head|edge|cs662|t=60|S=500|F=0.05|BareCrystalAllFaces,38400,122435.82858962285,1.0,0.9999219891817117,0.9713020833333333,12.850446097744221,500.57585453297037,0.028697916666666667,0.0369916185072909,0.10074478867038719,-0.5825437473268981,0.08316144351669737,1.041626676009974,0.7973252569317549,2.16010021442971,2.1294295828351886,0.3454847987999195,128,0,1.0,1.0,0.9999219891817117,1.0,1.0,0.0
head|edge|cs662|t=60|S=500|F=0.05|FrontOnlyThroughMask,38400,122435.82858962285,0.9994791666666667,0.9992432658978522,0.9804427083333334,0.31487805396231344,500.57585453297037,0.019557291666666667,0.10552791499028462,0.08892595107207875,-0.524552478704251,0.06831667186860278,1.041626676009974,0.6775549269852674,1.8357306614731632,1.7987139362190874,0.3162142993173725,128,0,1.0,0.9994791666666667,0.9992432658978522,0.9994791666666667,0.9999739583333334,0.0005208333333333333
head|edge|cs662|t=60|S=500|F=0.1|BareCrystalAllFaces,38400,122435.82858962285,1.0,0.9999219891817117,0.9598958333333333,25.700892195488443,500.57585453297037,0.04010416666666667,-0.05183083330259629,0.10868439655069412,-0.6369503425255589,0.09282167954636815,1.041626676009974,0.915691989899298,2.4806763686239903,2.4959412359018143,0.3302099451943611,128,0,1.0,1.0,0.9999219891817117,1.0,1.0,0.0
head|edge|cs662|t=60|S=500|F=0.1|FrontOnlyThroughMask,38400,122435.82858962285,0.9995833333333334,0.9993672250795074,0.9796354166666666,0.6297561079246269,500.57585453297037,0.020364583333333332,0.10813834137904949,0.094142309751364,-0.5278257720806093,0.0645265334475531,1.041626676009974,0.6882714968153316,1.864792356695763,1.851870189316799,0.3440588649221454,128,0,1.0,0.9995833333333334,0.9993672250795074,0.9995833333333334,1.0,0.0004166666666666667
head|edge|cs662|t=60|S=500|F=0.2|BareCrystalAllFaces,38400,122435.82858962285,0.9999739583333334,0.9998764678836031,0.9296875,51.401784390976886,500.57585453297037,0.0703125,-0.2762401706466629,0.1486747795639775,-0.7999034276980899,0.13898760515251254,1.041626676009974,1.1615588697140882,3.1465684380658434,3.1873938396210493,0.37725609034257374,128,0,1.0,0.9999739583333334,0.9998764678836031,0.9999739583333334,1.0,2.604166666666667e-05
head|edge|cs662|t=60|S=500|F=0.2|FrontOnlyThroughMask,38400,122435.82858962285,0.9995833333333334,0.9993672250795074,0.9808072916666667,1.2595122158492538,500.57585453297037,0.019192708333333332,0.11420674060274094,0.08580495366080047,-0.5194307025919375,0.07319844948307162,1.041626676009974,0.6744415408241172,1.8273224022950316,1.8409826782702043,0.33673453455325036,128,0,1.0,0.9995833333333334,0.9993672250795074,0.9995833333333334,1.0,0.0004166666666666667
head|edge|cs662|t=60|S=500|ideal,38400,122435.82858962285,,,0.9804166666666667,0,500.57585453297037,0.019583333333333335,0.11607958538604049,0.0934627436774573,-0.5234324759187193,0.07162293286417526,1.041626676009974,0.6697380610841542,1.8146251666347404,1.8166047999243928,0.3421400155831821,128,0,,,,,,
head|edge|cs662|t=60|S=50|F=0.05|BareCrystalAllFaces,38400,12243.582858962285,0.8987574013843717,0.8941127428907444,0.22302083333333333,12.850446097744221,50.05758545329703,0.7756770833333333,-5.712332199549486,0.3276656177280673,-2.900208156644369,0.34780718434980573,1.041626676009974,3.7297706142997358,10.103346800744788,10.095595033331401,0.28114985927887853,128,0,0.312265625,0.28065104166666666,0.2768788545881547,0.09890625,0.10380208333333334,0.031614583333333335
head|edge|cs662|t=60|S=50|F=0.05|FrontOnlyThroughMask,38400,12243.582858962285,0.6435677083333333,0.6395265614235142,0.3603125,0.31487805396231344,50.05758545329703,0.6383854166666667,-4.703330914029712,0.31756815694486473,-2.522179616165669,0.3242965392807796,1.041626676009974,3.4112751209603496,9.240629067983553,9.237603682997001,0.29999398684414236,128,0,1.0,0.6435677083333333,0.6395265614235142,0.09903645833333333,0.10440104166666667,0.3564322916666667
head|edge|cs662|t=60|S=50|F=0.1|BareCrystalAllFaces,38400,12243.582858962285,0.9086355439791625,0.901648647418521,0.14109375,25.700892195488443,50.05758545329703,0.8580989583333334,-6.228797228268694,0.3004072045902261,-3.0860014585709403,0.3809769798797606,1.041626676009974,3.888671325954024,10.533743396561068,10.539090564924283,0.24122252616324244,128,0,0.12997395833333333,0.11809895833333334,0.11539842377418885,0.065546875,0.06942708333333333,0.011875
head|edge|cs662|t=60|S=50|F=0.1|FrontOnlyThroughMask,38400,12243.582858962285,0.6368277119416591,0.6327701504879136,0.35940104166666664,0.6297561079246269,50.05758545329703,0.6391666666666667,-4.758842108877015,0.3336297723616969,-2.478776994737819,0.3195052808906026,1.041626676009974,3.421227070605221,9.267550600827656,9.274001549072509,0.3135041855448869,128,0,0.9998697916666667,0.6367447916666666,0.6326873024019993,0.09510416666666667,0.100390625,0.363125
head|edge|cs662|t=60|S=50|F=0.2|BareCrystalAllFaces,38400,12243.582858962285,0.878139534883721,0.8659189438563606,0.05684895833333333,51.401784390976886,50.05758545329703,0.9427864583333333,-6.7176983928392815,0.3002700828357773,-3.285788034149134,0.4258741215418826,1.041626676009974,4.036009460769777,10.932788716347549,10.947228693759389,0.22137822018645942,128,0,0.055989583333333336,0.049166666666666664,0.047364013852460224,0.036458333333333336,0.040442708333333334,0.006822916666666666
head|edge|cs662|t=60|S=50|F=0.2|FrontOnlyThroughMask,38400,12243.582858962285,0.6392601557566828,0.6351876422638449,0.35130208333333335,1.2595122158492538,50.05758545329703,0.64703125,-4.803331582804257,0.3034229568936055,-2.5240130604195032,0.3072614844867879,1.041626676009974,3.4441922429621377,9.329760530924698,9.303861489078265,0.2830734112350251,128,0,0.9897916666666666,0.632734375,0.6286676903814354,0.093515625,0.099296875,0.35705729166666667
head|edge|cs662|t=60|S=50|ideal,38400,12243.582858962285,,,0.36854166666666666,0,50.05758545329703,0.6302083333333334,-4.656700314003228,0.3145718361832889,-2.445225167559762,0.3001830690745672,1.041626676009974,3.3867732506791786,9.174190946418383,9.145015560240093,0.2921456981553218,128,0,,,,,,
head|edge|cs662|t=60|default|F=0.05|BareCrystalAllFaces,38400,1000000,1.0,0.9999219891817117,1.0,12.850446097744221,4088.4752469866244,0.0,0.0009691450521642163,0.05289792369666977,-0.5743839912752462,0.02330729615239962,1.041626676009974,0.2610815076536329,0.7075687243806832,0.7060444746022952,0.03027050247252686,128,128,1.0,1.0,0.9999219891817117,1.0,1.0,0.0
head|edge|cs662|t=60|default|F=0.05|FrontOnlyThroughMask,38400,1000000,1.0,0.9999219891817117,1.0,0.31487805396231344,4088.4752469866244,0.0,0.005160406931637796,0.05076477010540844,-0.5717532031857299,0.023764201438282555,1.041626676009974,0.2615869603160625,0.7089477576977494,0.7068162441579775,0.030110581619709663,128,128,1.0,1.0,0.9999219891817117,1.0,1.0,0.0
head|edge|cs662|t=60|default|F=0.1|BareCrystalAllFaces,38400,1000000,1.0,0.9999219891817117,1.0,25.700892195488443,4088.4752469866244,0.0,0.0029390742771981232,0.048610628466550065,-0.5744921741361133,0.022365310473900647,1.041626676009974,0.2618472791678747,0.7096491998297847,0.7088829025928756,0.028678361328351096,128,128,1.0,1.0,0.9999219891817117,1.0,1.0,0.0
head|edge|cs662|t=60|default|F=0.1|FrontOnlyThroughMask,38400,1000000,1.0,0.9999219891817117,1.0,0.6297561079246269,4088.4752469866244,0.0,0.005971130522966194,0.051675586854225665,-0.570964240965494,0.022698743783385808,1.041626676009974,0.261543983464952,0.7088322226560699,0.7053385147653561,0.030686761413983073,128,128,1.0,1.0,0.9999219891817117,1.0,1.0,0.0
head|edge|cs662|t=60|default|F=0.2|BareCrystalAllFaces,38400,1000000,1.0,0.9999219891817117,1.0,51.401784390976886,4088.4752469866244,0.0,0.0003687138661754785,0.054240851779577486,-0.5790372476665164,0.02300374873639117,1.041626676009974,0.26247917688761213,0.7113574155857415,0.7084123017783417,0.03168749499101675,128,128,1.0,1.0,0.9999219891817117,1.0,1.0,0.0
head|edge|cs662|t=60|default|F=0.2|FrontOnlyThroughMask,38400,1000000,1.0,0.9999219891817117,1.0,1.2595122158492538,4088.4752469866244,0.0,0.005623554554000282,0.05204934220962531,-0.5726592297136206,0.023830300271506163,1.041626676009974,0.26171065923289266,0.709281844574495,0.7059488855136427,0.03059295082594096,128,128,1.0,1.0,0.9999219891817117,1.0,1.0,0.0
head|edge|cs662|t=60|default|ideal,38400,1000000,,,1.0,0,4088.4752469866244,0.0,0.003595599100328919,0.04881529720372004,-0.573460678783183,0.02378417595960942,1.041626676009974,0.2613323150501763,0.7082527424261502,0.7048882992029837,0.02885766263456162,128,128,,,,,,
head|edge|open|t=10|S=1000|F=0.05|BareCrystalAllFaces,38400,577226.5523007348,1.0,0.9999219891817117,0.8848697916666667,167.61869200345845,1000.7985751714529,0.11513020833333333,-0.3990490101298145,0.18444923206838265,-0.6972918674156675,0.16996144036561667,1.041626676009974,1.4486034224882836,3.9238172799958217,3.902098772615431,0.35445923643197613,128,0,1.0,1.0,0.9999219891817117,1.0,1.0,0.0
head|edge|open|t=10|S=1000|F=0.05|FrontOnlyThroughMask,38400,577226.5523007348,1.0,0.9999219891817117,0.9980729166666666,0.6423989303000013,1000.7985751714529,0.0019270833333333334,0.27942264337449324,0.05345563424709442,-0.47291667597002357,0.02534606794313093,1.041626676009974,0.37267056222676104,1.010348333918137,0.9189576436714515,0.16518168869799757,128,72,1.0,1.0,0.9999219891817117,1.0,1.0,0.0
head|edge|open|t=10|S=1000|F=0.1|BareCrystalAllFaces,38400,577226.5523007348,1.0,0.9999219891817117,0.3234375,335.2373840069169,1000.7985751714529,0.6765625,-4.158200745877789,0.27092192948558014,0.9747453429375796,0.41891767528222335,1.041626676009974,3.2322102535528936,8.754674408985915,8.74654013589046,0.2241069258851437,128,0,1.0,1.0,0.9999219891817117,1.0,1.0,0.0
head|edge|open|t=10|S=1000|F=0.1|FrontOnlyThroughMask,38400,577226.5523007348,1.0,0.9999219891817117,0.998125,1.2847978606000026,1000.7985751714529,0.001875,0.27990266840225664,0.05561567367785974,-0.47032799502904343,0.02600487251834424,1.041626676009974,0.37136109192474676,1.0068081206322137,0.9213128316994879,0.16831448144083883,128,74,1.0,1.0,0.9999219891817117,1.0,1.0,0.0
head|edge|open|t=10|S=1000|F=0.2|BareCrystalAllFaces,38400,577226.5523007348,1.0,0.9999219891817117,0.00046875,670.4747680138338,1000.7985751714529,0.99953125,-5.528626109218113,0.17464512362841428,4.97695251828254,0.4188698075445007,1.041626676009974,3.675390781599077,9.95541374274756,9.954139957455144,0.08091815304355121,128,0,1.0,1.0,0.9999219891817117,1.0,1.0,0.0
head|edge|open|t=10|S=1000|F=0.2|FrontOnlyThroughMask,38400,577226.5523007348,1.0,0.9999219891817117,0.9975520833333333,2.569595721200005,1000.7985751714529,0.002447916666666667,0.2813393531672131,0.0568074194310176,-0.47855475704702855,0.03000735100808262,1.041626676009974,0.38584050945678655,1.046005761204767,1.0164901526938852,0.18738875902792174,128,63,1.0,1.0,0.9999219891817117,1.0,1.0,0.0
head|edge|open|t=10|S=1000|ideal,38400,577226.5523007348,,,0.9977604166666667,0,1000.7985751714529,0.0022395833333333334,0.28589399427798,0.04950053924996975,-0.4788903389366088,0.026419791239994644,1.041626676009974,0.38232565773101307,1.0364905790151286,0.9230876186366923,0.1780589034412824,128,67,,,,,,
head|edge|open|t=10|S=100|F=0.05|BareCrystalAllFaces,38400,57722.655230073484,0.9729936128853096,0.970665169149257,0.0003125,167.61869200345845,100.07985751714529,0.9996875,-6.601251091488199,0.1973287003632705,1.8454277771329255,0.4134004449299905,1.041626676009974,3.851205542914551,10.431031176098134,10.426341893030717,0.1402489875307576,128,0,0.3751041666666667,0.36497395833333335,0.3609275808771619,0.3274739583333333,0.33526041666666667,0.010130208333333333
head|edge|open|t=10|S=100|F=0.05|FrontOnlyThroughMask,38400,57722.655230073484,0.9342447916666666,0.9321269288786187,0.5839322916666667,0.6423989303000013,100.07985751714529,0.4159375,-2.8076263224048574,0.2812636335902911,-2.0630967021202684,0.27538199164470406,1.041626676009974,2.746298860707586,7.439402691246757,7.457596435496309,0.33875125444403614,128,0,1.0,0.9342447916666666,0.9321269288786187,0.5098958333333333,0.5142447916666667,0.06575520833333333
head|edge|open|t=10|S=100|F=0.1|BareCrystalAllFaces,38400,57722.655230073484,0.9492811501597445,0.9438835831863391,0.0,335.2373840069169,100.07985751714529,1.0,-6.192240357538168,0.1852099244916647,3.172054360854163,0.45044948602880447,1.041626676009974,3.722162877790955,10.081348077063131,10.083991876418994,0.09238487730286332,128,0,0.13041666666666665,0.12380208333333333,0.1210455764584786,0.11109375,0.116484375,0.006614583333333333
head|edge|open|t=10|S=100|F=0.1|FrontOnlyThroughMask,38400,57722.655230073484,0.9347038745147086,0.9325921628585315,0.5764583333333333,1.2847978606000026,100.07985751714529,0.42325520833333335,-2.8736360483796033,0.2746149141788182,-2.0491509280894293,0.2843483405092134,1.041626676009974,2.7752490526038733,7.517865312351962,7.531304180112219,0.31262621591483525,128,0,0.999453125,0.9341927083333333,0.9320740828464679,0.4969791666666667,0.5014322916666667,0.06526041666666667
head|edge|open|t=10|S=100|F=0.2|BareCrystalAllFaces,38400,57722.655230073484,0.871222076215506,0.8562383021842983,0.0,670.4747680138338,100.07985751714529,1.0,-5.757415825699085,0.17050341325538085,3.9182307842707265,0.4106755521750962,1.041626676009974,3.644127698996793,9.870207966572673,9.879020976614065,0.06406031573898952,128,0,0.039635416666666666,0.03453125,0.03301168416100877,0.030703125,0.034869791666666664,0.005104166666666667
head|edge|open|t=10|S=100|F=0.2|FrontOnlyThroughMask,38400,57722.655230073484,0.9328020619641261,0.9306524162122907,0.5630989583333333,2.569595721200005,100.07985751714529,0.43666666666666665,-2.9798130223597994,0.2726134521449717,-2.0843516037909997,0.24816223242063978,1.041626676009974,2.8149925125692468,7.62549092035329,7.675805647978833,0.3062355564890339,128,0,0.99015625,0.9236197916666666,0.9213535447363227,0.48609375,0.490234375,0.06653645833333334
head|edge|open|t=10|S=100|ideal,38400,57722.655230073484,,,0.58578125,0,100.07985751714529,0.41411458333333334,-2.796098542706835,0.26405243488296376,-2.045475725065792,0.2529385943807693,1.041626676009974,2.749760129476699,7.448823073299629,7.444600382531124,0.29951987090417154,128,0,,,,,,
head|edge|open|t=10|S=250|F=0.05|BareCrystalAllFaces,38400,144306.6380751837,0.9997133401089308,0.9995255569200081,0.022473958333333332,167.61869200345845,250.1996437928632,0.9775260416666667,-6.453979981424883,0.17369172499403676,1.3177101885282176,0.4871772255202604,1.041626676009974,3.8806014595321527,10.510965466573394,10.496491617665466,0.13043471911634857,128,0,0.999296875,0.9990104166666667,0.998703104054508,0.9988020833333333,0.9990625,0.00028645833333333333
head|edge|open|t=10|S=250|F=0.05|FrontOnlyThroughMask,38400,144306.6380751837,0.999140625,0.9988510757897724,0.8678125,0.6423989303000013,250.1996437928632,0.1321875,-0.6729656547486412,0.1788033582952471,-1.0174998019408552,0.17081454969934173,1.041626676009974,1.5845479276916468,4.292338920108882,4.311586860010889,0.3473213912165832,128,0,1.0,0.999140625,0.9988510757897724,0.993046875,0.993671875,0.000859375
head|edge|open|t=10|S=250|F=0.1|BareCrystalAllFaces,38400,144306.6380751837,0.998147314929995,0.9977400634350554,2.604166666666667e-05,335.2373840069169,250.1996437928632,0.9999739583333334,-6.151911594070855,0.17979527209220927,3.4960901582948822,0.4251921283894327,1.041626676009974,3.7515435960208188,10.161137461793574,10.149329410237833,0.10115732829684847,128,0,0.9839322916666666,0.982109375,0.9809563165260374,0.9792708333333333,0.9809895833333333,0.0018229166666666667
head|edge|open|t=10|S=250|F=0.1|FrontOnlyThroughMask,38400,144306.6380751837,0.9995052083333333,0.9992740620766148,0.861640625,1.2847978606000026,250.1996437928632,0.138359375,-0.7015129277074131,0.16009742962868456,-1.0683982540444292,0.14348839242716677,1.041626676009974,1.6084051337673093,4.3569751758700646,4.334055413363258,0.3015066655651006,128,0,1.0,0.9995052083333333,0.9992740620766148,0.9928645833333334,0.993203125,0.0004947916666666667
head|edge|open|t=10|S=250|F=0.2|BareCrystalAllFaces,38400,144306.6380751837,0.9929217206653582,0.9920882657511224,0.0,670.4747680138338,250.1996437928632,1.0,-5.6954277862455625,0.164398180976237,4.2726667679394055,0.3880424418204068,1.041626676009974,3.646699247258055,9.877291849004916,9.875417094183133,0.06722583800484591,128,0,0.8094010416666667,0.803671875,0.8003077210095202,0.7893489583333333,0.794609375,0.005729166666666666
head|edge|open|t=10|S=250|F=0.2|FrontOnlyThroughMask,38400,144306.6380751837,0.9992447916666667,0.9989704285236115,0.8553125,2.569595721200005,250.1996437928632,0.1446875,-0.7616169787046924,0.1728752477750528,-1.076797361531492,0.16142487488087642,1.041626676009974,1.652313338108345,4.475927841050821,4.441192619832011,0.31744066858947856,128,0,1.0,0.9992447916666667,0.9989704285236115,0.99296875,0.993515625,0.0007552083333333333
head|edge|open|t=10|S=250|ideal,38400,144306.6380751837,,,0.8667708333333334,0,250.1996437928632,0.13322916666666668,-0.6654756760573448,0.19650180393692177,-1.043456568998654,0.16352423597438293,1.041626676009974,1.58715598494571,4.299445271209355,4.266951850519933,0.37680683480925026,128,0,,,,,,
head|edge|open|t=10|S=25|F=0.05|BareCrystalAllFaces,38400,14430.663807518371,0.4314516129032258,0.37852923460506704,5.208333333333334e-05,167.61869200345845,25.01996437928632,0.9999479166666667,-6.703379477611562,0.18353996200097505,1.7680828959437724,0.42007943499099515,1.041626676009974,3.82224809050489,10.352302154772332,10.353665643198504,0.13148172845004674,128,0,0.006458333333333333,0.0027864583333333335,0.0023591378564047946,0.0020572916666666665,0.004375,0.003671875
head|edge|open|t=10|S=25|F=0.05|FrontOnlyThroughMask,38400,14430.663807518371,0.4300985555613495,0.4259313252436365,0.20848958333333334,0.6423989303000013,25.01996437928632,0.78984375,-6.07790973121848,0.3014514394385387,-3.0423954677427445,0.3329840019677591,1.041626676009974,3.8264669974027843,10.365297124534555,10.336199418555369,0.26029684960123267,128,0,0.9988020833333333,0.4295833333333333,0.4254192467506291,0.01,0.010729166666666666,0.56921875
head|edge|open|t=10|S=25|F=0.1|BareCrystalAllFaces,38400,14430.663807518371,0.25161290322580643,0.19501656328411046,0.0,335.2373840069169,25.01996437928632,1.0,-6.292947699218362,0.15792536100013949,2.7566100926011106,0.4053685894464746,1.041626676009974,3.717819041696409,10.069390726681018,10.062422732665894,0.09474075782486678,128,0,0.004036458333333334,0.001015625,0.0007638095132479633,0.000703125,0.0032291666666666666,0.0030208333333333333
head|edge|open|t=10|S=25|F=0.1|FrontOnlyThroughMask,38400,14430.663807518371,0.4377636843681102,0.43349643193749304,0.20302083333333334,1.2847978606000026,25.01996437928632,0.7951041666666666,-6.066514456152783,0.32326542412171416,-3.020111677596574,0.2870430039546895,1.041626676009974,3.8218889567272156,10.352886536089077,10.36712277802095,0.26389161132572625,128,0,0.9567447916666667,0.418828125,0.41467848456469864,0.00859375,0.009427083333333334,0.5379166666666667
head|edge|open|t=10|S=25|F=0.2|BareCrystalAllFaces,38400,14430.663807518371,0.23809523809523808,0.1768917357630304,0.0,670.4747680138338,25.01996437928632,1.0,-5.84377887950472,0.1543096651352323,3.5902100269396615,0.39514415907844,1.041626676009974,3.647997949592297,9.88056632380263,9.884500844782961,0.05449749023550578,128,0,0.00328125,0.00078125,0.0005623974518849258,0.000625,0.0026302083333333334,0.0025
head|edge|open|t=10|S=25|F=0.2|FrontOnlyThroughMask,38400,14430.663807518371,0.46590788214019785,0.4610070871001916,0.18703125,2.569595721200005,25.01996437928632,0.810703125,-6.16987661871138,0.3246119653224358,-3.0390625944516083,0.3227746294960208,1.041626676009974,3.849792388946234,10.428494132818404,10.39627789381468,0.2718474985175529,128,0,0.734453125,0.3421875,0.3382009895267427,0.008880208333333334,0.009583333333333333,0.392265625
head|edge|open|t=10|S=25|ideal,38400,14430.663807518371,,,0.21638020833333332,0,25.01996437928632,0.78171875,-5.974132134973024,0.30950447090614086,-3.0958024252261103,0.31843270179121624,1.041626676009974,3.797652919071568,10.28728200245465,10.282525375769655,0.2634082937338428,128,0,,,,,,
head|edge|open|t=10|S=500|F=0.05|BareCrystalAllFaces,38400,288613.2761503674,1.0,0.9999219891817117,0.30442708333333335,167.61869200345845,500.3992875857264,0.6955729166666667,-4.552234309234078,0.26044974357794515,-0.035629426217569295,0.4022350116567381,1.041626676009974,3.3547919795500762,9.086824334263309,9.0896701941194,0.21493809285253498,128,0,1.0,1.0,0.9999219891817117,1.0,1.0,0.0
head|edge|open|t=10|S=500|F=0.05|FrontOnlyThroughMask,38400,288613.2761503674,1.0,0.9999219891817117,0.9724479166666666,0.6423989303000013,500.3992875857264,0.027552083333333335,0.10692538711485111,0.0932823915537319,-0.5762736575373668,0.0776712831884877,1.041626676009974,0.7858948281618914,2.1291288195062297,2.145294522520749,0.31848596787008493,128,0,1.0,1.0,0.9999219891817117,1.0,1.0,0.0
head|edge|open|t=10|S=500|F=0.1|BareCrystalAllFaces,38400,288613.2761503674,1.0,0.9999219891817117,0.006484375,335.2373840069169,500.3992875857264,0.993515625,-6.1680028150067585,0.16196067334910277,3.1761468869761327,0.425001997783105,1.041626676009974,3.8034372963615466,10.301883504531773,10.301061267134893,0.09900250888741015,128,0,1.0,1.0,0.9999219891817117,1.0,1.0,0.0
head|edge|open|t=10|S=500|F=0.1|FrontOnlyThroughMask,38400,288613.2761503674,1.0,0.9999219891817117,0.971640625,1.2847978606000026,500.3992875857264,0.028359375,0.10205106031039686,0.11193627856717803,-0.5819847624373047,0.08637662857195558,1.041626676009974,0.7891016618755385,2.1378230629169535,2.110058040690142,0.3707320170582248,128,0,1.0,1.0,0.9999219891817117,1.0,1.0,0.0
head|edge|open|t=10|S=500|F=0.2|BareCrystalAllFaces,38400,288613.2761503674,1.0,0.9999219891817117,0.0,670.4747680138338,500.3992875857264,1.0,-5.542848418820438,0.17182390293472083,4.874052216308956,0.41823230882579515,1.041626676009974,3.643202017193516,9.868071035978563,9.861344724846369,0.06703528796717746,128,0,1.0,1.0,0.9999219891817117,1.0,1.0,0.0
head|edge|open|t=10|S=500|F=0.2|FrontOnlyThroughMask,38400,288613.2761503674,1.0,0.9999219891817117,0.9714583333333333,2.569595721200005,500.3992875857264,0.028541666666666667,0.10944595225886428,0.09807423573535674,-0.5823127393010425,0.08352876306472164,1.041626676009974,0.7904488305824845,2.141485875379601,2.152135445406221,0.3393334795532087,128,0,1.0,1.0,0.9999219891817117,1.0,1.0,0.0
head|edge|open|t=10|S=500|ideal,38400,288613.2761503674,,,0.9734375,0,500.3992875857264,0.0265625,0.11713492115317166,0.09906574768227619,-0.5654053436140949,0.08259450659951813,1.041626676009974,0.7672491705021945,2.078651863073747,2.0639977292478244,0.3552328413057533,128,1,,,,,,
head|edge|open|t=10|S=50|F=0.05|BareCrystalAllFaces,38400,28861.327615036742,0.8482404692082112,0.8313393970908713,2.604166666666667e-05,167.61869200345845,50.03992875857264,0.9999739583333334,-6.631289800495615,0.17074078906408266,1.8243016306301971,0.4087365700874317,1.041626676009974,3.8215097174308092,10.350402850304324,10.345267964775955,0.12781541472867908,128,0,0.035520833333333335,0.030130208333333332,0.028708630588189923,0.023880208333333333,0.027578125,0.005390625
head|edge|open|t=10|S=50|F=0.05|FrontOnlyThroughMask,38400,28861.327615036742,0.7029512125237686,0.699090834065401,0.36096354166666667,0.6423989303000013,50.03992875857264,0.6379166666666667,-4.63999977229048,0.3347423419409014,-2.611652399093753,0.3128512350580461,1.041626676009974,3.400790506796679,9.212284373180424,9.197115626164525,0.30501566343052927,128,0,0.999765625,0.7027864583333333,0.6989259304736748,0.09848958333333334,0.10122395833333334,0.2969791666666667
head|edge|open|t=10|S=50|F=0.1|BareCrystalAllFaces,38400,28861.327615036742,0.6666666666666666,0.6292888356395887,0.0,335.2373840069169,50.03992875857264,1.0,-6.265673767800456,0.17208882114895965,2.8885249283764995,0.4073673205015822,1.041626676009974,3.7189440988206184,10.072479409281424,10.06193696808127,0.08624489053569767,128,0,0.01234375,0.008229166666666666,0.0074855110886618325,0.006744791666666666,0.010078125,0.004114583333333333
head|edge|open|t=10|S=50|F=0.1|FrontOnlyThroughMask,38400,28861.327615036742,0.7044622877451626,0.7005868069969928,0.3565364583333333,1.2847978606000026,50.03992875857264,0.642578125,-4.632117594330088,0.31973716402026175,-2.6647450314385015,0.27315131020644756,1.041626676009974,3.400341706515369,9.211079361870782,9.220806759273454,0.2843277788726424,128,0,0.9891927083333333,0.6968489583333334,0.6929670354850782,0.096640625,0.09932291666666666,0.29234375
head|edge|open|t=10|S=50|F=0.2|BareCrystalAllFaces,38400,28861.327615036742,0.47761194029850745,0.4177149670096427,0.0,670.4747680138338,50.03992875857264,1.0,-5.802579479756667,0.16525886672508072,3.7536145502787166,0.39550775095363405,1.041626676009974,3.6467980886508538,9.877379849826005,9.881797436713647,0.06126330143449396,128,0,0.005234375,0.0025,0.0020960216238620254,0.0020833333333333333,0.004244791666666667,0.002734375
head|edge|open|t=10|S=50|F=0.2|FrontOnlyThroughMask,38400,28861.327615036742,0.7233150130170668,0.7193291534105593,0.33989583333333334,2.569595721200005,50.03992875857264,0.65921875,-4.779797193598553,0.2964364936264285,-2.6301907459016607,0.287992864679826,1.041626676009974,3.4426968347807922,9.325765289551082,9.294073961116275,0.27456949128155844,128,0,0.9002604166666667,0.651171875,0.6471499899422578,0.09044270833333333,0.09296875,0.24908854166666666
head|edge|open|t=10|S=50|ideal,38400,28861.327615036742,,,0.3720572916666667,0,50.03992875857264,0.627109375,-4.564396070721016,0.2984841567650283,-2.592169203981267,0.29236864086156183,1.041626676009974,3.3738475062153035,9.139270970103624,9.146956684332324,0.27872303875320853,128,0,,,,,,
head|edge|open|t=10|default|F=0.05|BareCrystalAllFaces,38400,1000000,1.0,0.9999219891817117,0.9948177083333334,167.61869200345845,1733.8055070100745,0.005182291666666667,0.3698211867053622,0.07346664603668815,-0.5129703877248233,0.03668859203010635,1.041626676009974,0.46422678259319977,1.2583456029933466,1.2144350692077013,0.2398170683292542,128,26,1.0,1.0,0.9999219891817117,1.0,1.0,0.0
head|edge|open|t=10|default|F=0.05|FrontOnlyThroughMask,38400,1000000,1.0,0.9999219891817117,0.999921875,0.6423989303000013,1733.8055070100745,7.8125e-05,0.25514161944448627,0.04958467697988699,-0.48691912389560177,0.019647579308561224,1.041626676009974,0.3153077411486492,0.8550065392351204,0.8506804996186934,0.04775716354736141,128,125,1.0,1.0,0.9999219891817117,1.0,1.0,0.0
head|edge|open|t=10|default|F=0.1|BareCrystalAllFaces,38400,1000000,1.0,0.9999219891817117,0.9152864583333333,335.2373840069169,1733.8055070100745,0.08471354166666667,-0.11458996074620982,0.16144902690359356,-0.5881243345423673,0.12961906176141325,1.041626676009974,1.2461990357156392,3.3756244925315007,3.363893014349048,0.3524356655094615,128,0,1.0,1.0,0.9999219891817117,1.0,1.0,0.0
head|edge|open|t=10|default|F=0.1|FrontOnlyThroughMask,38400,1000000,1.0,0.9999219891817117,0.9998697916666667,1.2847978606000026,1733.8055070100745,0.00013020833333333333,0.24687404989749076,0.052015621806796315,-0.4873890221208604,0.020574881662649376,1.041626676009974,0.31541397363158913,0.8552778751378903,0.8464412965521668,0.05636705913047761,128,123,1.0,1.0,0.9999219891817117,1.0,1.0,0.0
head|edge|open|t=10|default|F=0.2|BareCrystalAllFaces,38400,1000000,1.0,0.9999219891817117,0.14244791666666667,670.4747680138338,1733.8055070100745,0.8575520833333333,-4.862877686936868,0.24307380379476362,3.1974743109972255,0.43729414004457345,1.041626676009974,3.493240679833811,9.46192383392817,9.455414884488587,0.16471106723120144,128,0,1.0,1.0,0.9999219891817117,1.0,1.0,0.0
head|edge|open|t=10|default|F=0.2|FrontOnlyThroughMask,38400,1000000,1.0,0.9999219891817117,0.99984375,2.569595721200005,1733.8055070100745,0.00015625,0.2486915508470918,0.057646935744096725,-0.4894276002982831,0.020532300007805458,1.041626676009974,0.3163514620782694,0.8578167019491715,0.849221475158481,0.059651467880006935,128,123,1.0,1.0,0.9999219891817117,1.0,1.0,0.0
head|edge|open|t=10|default|ideal,38400,1000000,,,0.9999739583333334,0,1733.8055070100745,2.604166666666667e-05,0.24999303064454223,0.047534350901795266,-0.48756063232709507,0.020402962029529355,1.041626676009974,0.31239304699659054,0.847104391168913,0.8465607978588867,0.03238320674937535,128,127,,,,,,
head|edge|open|t=60|S=1000|F=0.05|BareCrystalAllFaces,38400,96204.42538345579,1.0,0.9999219891817117,0.0,1005.7121520207509,1000.7985751714526,1.0,-5.173244585671088,0.16666459012596802,5.619861868807331,0.3930266981771263,1.041626676009974,3.5930967167332772,9.732732791369633,9.737168071565522,0.06030498514784705,128,0,1.0,1.0,0.9999219891817117,1.0,1.0,0.0
head|edge|open|t=60|S=1000|F=0.05|FrontOnlyThroughMask,38400,96204.42538345579,1.0,0.9999219891817117,0.9978125,3.854393581800008,1000.7985751714526,0.0021875,0.28786978497819,0.04771899722736854,-0.4751615005805456,0.024741609746392362,1.041626676009974,0.3800793618093735,1.0304146487808932,0.9311995148888434,0.16346190901869498,128,66,1.0,1.0,0.9999219891817117,1.0,1.0,0.0
head|edge|open|t=60|S=1000|F=0.1|BareCrystalAllFaces,38400,96204.42538345579,1.0,0.9999219891817117,0.0,2011.4243040415017,1000.7985751714526,1.0,-4.7995910540173385,0.15964584044698274,6.018211523263708,0.3639371747729571,1.041626676009974,3.530485538981275,9.563501194234487,9.562482015204077,0.05785192802444967,128,0,1.0,1.0,0.9999219891817117,1.0,1.0,0.0
head|edge|open|t=60|S=1000|F=0.1|FrontOnlyThroughMask,38400,96204.42538345579,1.0,0.9999219891817117,0.9976822916666667,7.708787163600016,1000.7985751714526,0.0023177083333333335,0.28136561648702807,0.058996321584065016,-0.47843152655400384,0.03139412183734553,1.041626676009974,0.3842725132422078,1.0417622849684018,0.9489503948567692,0.18665116563905934,128,65,1.0,1.0,0.9999219891817117,1.0,1.0,0.0
head|edge|open|t=60|S=1000|F=0.2|BareCrystalAllFaces,38400,96204.42538345579,0.9999739583333334,0.9998764678836031,0.0,4022.8486080830035,1000.7985751714526,1.0,-4.3958842662834385,0.18974993724205788,6.688844744517417,0.4235933508520441,1.041626676009974,3.4728172261275967,9.407772977999072,9.40365881667774,0.06913011021709743,128,0,1.0,0.9999739583333334,0.9998764678836031,0.9999739583333334,1.0,2.604166666666667e-05
head|edge|open|t=60|S=1000|F=0.2|FrontOnlyThroughMask,38400,96204.42538345579,1.0,0.9999219891817117,0.99734375,15.417574327200033,1000.7985751714526,0.00265625,0.2720698699286863,0.05862124612400925,-0.4851903561114565,0.03422018572603773,1.041626676009974,0.38990220366779527,1.0569932767962358,0.9308972703686713,0.21483633625866685,128,69,1.0,1.0,0.9999219891817117,1.0,1.0,0.0
head|edge|open|t=60|S=1000|ideal,38400,96204.42538345579,,,0.99796875,0,1000.7985751714526,0.00203125,0.28415334895063143,0.0546956097279606,-0.4735590161479535,0.026222928411117487,1.041626676009974,0.3754717452226029,1.0179353269213476,0.9147544220728063,0.1770705677915549,128,72,,,,,,
head|edge|open|t=60|S=100|F=0.05|BareCrystalAllFaces,38400,9620.44253834558,0.7532467532467533,0.7276557729752509,0.0,1005.7121520207509,100.07985751714529,1.0,-5.509877971309017,0.1837124311097323,4.4035414561840245,0.43079700542078725,1.041626676009974,3.615395811195022,9.792638321300187,9.793809738185143,0.06631724318180117,128,0,0.022057291666666666,0.016614583333333332,0.015555770467041957,0.01375,0.01796875,0.005442708333333333
head|edge|open|t=60|S=100|F=0.05|FrontOnlyThroughMask,38400,9620.44253834558,0.9401228249744115,0.9380583627350356,0.5471354166666667,3.854393581800008,100.07985751714529,0.4527083333333333,-3.111990607634686,0.2520946711291925,-2.1358457845921293,0.2657317044930478,1.041626676009974,2.877037375419229,7.793585797453108,7.7895577395816975,0.2784182880948303,128,0,0.9668229166666666,0.9089322916666667,0.9064813929368922,0.47515625,0.47942708333333334,0.057890625
head|edge|open|t=60|S=100|F=0.1|BareCrystalAllFaces,38400,9620.44253834558,0.5107033639143731,0.4637703655099087,0.0,2011.4243040415017,100.07985751714529,1.0,-5.057123030049217,0.1937116834076624,5.270339897504852,0.4369953087694936,1.041626676009974,3.5604014405074453,9.644189030293054,9.648283047634347,0.06901156819122405,128,0,0.008515625,0.004348958333333333,0.003811584494953494,0.0037760416666666667,0.007135416666666667,0.004166666666666667
head|edge|open|t=60|S=100|F=0.1|FrontOnlyThroughMask,38400,9620.44253834558,0.9544861090025808,0.9525519496984677,0.511484375,7.708787163600016,100.07985751714529,0.48828125,-3.3715213305248803,0.290363202317816,-2.267658271020446,0.2904978974334155,1.041626676009974,2.978945639207214,8.069624819838218,8.059444249145026,0.2975801118028075,128,0,0.8576822916666667,0.8186458333333333,0.8153807892356912,0.44375,0.4488802083333333,0.039036458333333336
head|edge|open|t=60|S=100|F=0.2|BareCrystalAllFaces,38400,9620.44253834558,0.3910891089108911,0.333623296029944,0.0,4022.8486080830035,100.07985751714529,1.0,-4.532140335144287,0.1911417406067085,6.3191137562824045,0.42655158351646666,1.041626676009974,3.490287952727127,9.454910790530151,9.447746660030063,0.0694297596728323,128,0,0.005260416666666667,0.0020572916666666665,0.0016922247513308588,0.001875,0.0046875,0.003203125
head|edge|open|t=60|S=100|F=0.2|FrontOnlyThroughMask,38400,9620.44253834558,0.9697271459868552,0.967887787216623,0.447890625,15.417574327200033,100.07985751714529,0.551796875,-3.8363445782041117,0.2850365605345401,-2.426691048769039,0.3109875417349761,1.041626676009974,3.159888384223743,8.559793294702281,8.54222859494213,0.288461168108966,128,0,0.6537760416666667,0.633984375,0.6299205240513772,0.38830729166666667,0.392265625,0.019791666666666666
head|edge|open|t=60|S=100|ideal,38400,9620.44253834558,,,0.5843229166666667,0,100.07985751714529,0.41546875,-2.817472776370419,0.26416123822342275,-2.0086936946576786,0.2905484959209128,1.041626676009974,2.751698392515759,7.454056302201002,7.484103572819838,0.318554150337193,128,0,,,,,,
head|edge|open|t=60|S=250|F=0.05|BareCrystalAllFaces,38400,24051.106345863947,0.9838875251060031,0.9824341074408125,0.0,1005.7121520207509,250.19964379286316,1.0,-5.434019468136091,0.18247498403801563,4.664668917148287,0.4391926008342291,1.041626676009974,3.60946897992585,9.776690015657739,9.773236250231774,0.06449573225379002,128,0,0.5834635416666667,0.5740625,0.5698948093597261,0.5450520833333333,0.5530208333333333,0.009401041666666667
head|edge|open|t=60|S=250|F=0.05|FrontOnlyThroughMask,38400,24051.106345863947,0.9991666666666666,0.9988808253494135,0.8544270833333333,3.854393581800008,250.19964379286316,0.145546875,-0.7657675239852999,0.19377931682833865,-1.0943168215293002,0.17653288883361076,1.041626676009974,1.6556685115330523,4.485004907207843,4.480431363529426,0.3523129990774063,128,0,1.0,0.9991666666666666,0.9988808253494135,0.9923177083333333,0.9927604166666667,0.0008333333333333334
head|edge|open|t=60|S=250|F=0.1|BareCrystalAllFaces,38400,24051.106345863947,0.9575163398692811,0.9535265816026038,0.0,2011.4243040415017,250.19964379286316,1.0,-5.011736051041496,0.17384700335943892,5.403121215579257,0.4044234708105309,1.041626676009974,3.5553139856866935,9.630468617291186,9.624940934203952,0.06135588752286944,128,0,0.19921875,0.19075520833333334,0.18746161780446727,0.17533854166666665,0.182578125,0.008463541666666666
head|edge|open|t=60|S=250|F=0.1|FrontOnlyThroughMask,38400,24051.106345863947,0.9992967651195499,0.999030338094369,0.8377083333333334,7.708787163600016,250.19964379286316,0.16229166666666667,-0.8964937319341929,0.18512875781065288,-1.1894538631633518,0.16870764862780668,1.041626676009974,1.7404993137389808,4.714762565071067,4.700099303536802,0.3201551769333548,128,0,0.99984375,0.999140625,0.9988510757897724,0.9918229166666667,0.9922916666666667,0.000703125
head|edge|open|t=60|S=250|F=0.2|BareCrystalAllFaces,38400,24051.106345863947,0.8775737340011129,0.8641179949573424,0.0,4022.8486080830035,250.19964379286316,1.0,-4.511875095683797,0.19280778097963752,6.383984392453051,0.4400927693191709,1.041626676009974,3.487812305730163,9.448233874420422,9.451770378945675,0.06997287470174231,128,0,0.046796875,0.041067708333333335,0.03941466425992334,0.039140625,0.044348958333333334,0.005729166666666666
head|edge|open|t=60|S=250|F=0.2|FrontOnlyThroughMask,38400,24051.106345863947,0.9989824405771388,0.998671124756601,0.80890625,15.417574327200033,250.19964379286316,0.19109375,-1.123520576432713,0.20666826526235105,-1.254201210073326,0.19780666276772668,1.041626676009974,1.8900295993736875,5.119789662924736,5.178525595529278,0.35021569750828235,128,0,0.9980989583333333,0.9970833333333333,0.9965884808824201,0.9880208333333333,0.9887760416666667,0.001015625
head|edge|open|t=60|S=250|ideal,38400,24051.106345863947,,,0.8665104166666666,0,250.19964379286316,0.13346354166666666,-0.6649480022241523,0.17375300203504962,-1.0350860425587274,0.1895005966190697,1.041626676009974,1.5826398648125708,4.287171978560073,4.322802993622794,0.3552569126614275,128,0,,,,,,
head|edge|open|t=60|S=25|F=0.05|BareCrystalAllFaces,38400,2405.110634586395,0.17482517482517482,0.1245568051485731,0.0,1005.7121520207509,25.01996437928632,1.0,-5.576110254103032,0.18961544057269486,4.173951386711444,0.4517949588597368,1.041626676009974,3.62033042259094,9.80591233480642,9.79857690191957,0.06610287736394811,128,0,0.0037239583333333335,0.0006510416666666666,0.0004526985418597762,0.0004427083333333333,0.002890625,0.0030729166666666665
head|edge|open|t=60|S=25|F=0.05|FrontOnlyThroughMask,38400,2405.110634586395,0.5143812354064954,0.508364680589994,0.173671875,3.854393581800008,25.01996437928632,0.8244010416666666,-6.259915523202501,0.2854610682848695,-3.0816488067063363,0.34665780607162566,1.041626676009974,3.8848043042204865,10.523350807335856,10.532493949641657,0.2466177251000998,128,0,0.49072916666666666,0.252421875,0.24877645804570453,0.0078125,0.00875,0.23830729166666667
head|edge|open|t=60|S=25|F=0.1|BareCrystalAllFaces,38400,2405.110634586395,0.20175438596491227,0.1419935481615561,0.0,2011.4243040415017,25.01996437928632,1.0,-5.06747619500754,0.20105235440125782,5.22501100460402,0.46041096777958124,1.041626676009974,3.560914180092059,9.645562582053778,9.643939824285965,0.07037636957985743,128,0,0.00296875,0.0005989583333333333,0.0004093954012090451,0.0004947916666666667,0.002447916666666667,0.0023697916666666667
head|edge|open|t=60|S=25|F=0.1|FrontOnlyThroughMask,38400,2405.110634586395,0.6130507699344412,0.603046742494989,0.14640625,7.708787163600016,25.01996437928632,0.8517708333333334,-6.425039777734615,0.2913128439974414,-2.982838882581736,0.3735287594012395,1.041626676009974,3.929656568261939,10.64482148979309,10.626910906547778,0.24066534261877956,128,0,0.17080729166666667,0.10471354166666667,0.1021525990917151,0.006927083333333334,0.0078125,0.06609375
head|edge|open|t=60|S=25|F=0.2|BareCrystalAllFaces,38400,2405.110634586395,0.13793103448275862,0.08846968490892586,0.0,4022.8486080830035,25.01996437928632,1.0,-4.543461071684084,0.19080627987291207,6.290518430202423,0.43056378151264846,1.041626676009974,3.491799616810633,9.458990602881011,9.45739553420321,0.0691131883800912,128,0,0.0030208333333333333,0.0004166666666666667,0.00026136993531256764,0.000390625,0.0027083333333333334,0.0026041666666666665
head|edge|open|t=60|S=25|F=0.2|FrontOnlyThroughMask,38400,2405.110634586395,0.6552315608919382,0.6360685095121268,0.11015625,15.417574327200033,25.01996437928632,0.888203125,-6.695269590550574,0.3086480778896335,-2.925964667734713,0.3703685356197435,1.041626676009974,4.0165588716294245,10.880245294535934,10.878098645560389,0.2527170589983226,128,0,0.045546875,0.02984375,0.028428815164961777,0.005260416666666667,0.006302083333333333,0.015703125
head|edge|open|t=60|S=25|ideal,38400,2405.110634586395,,,0.21299479166666666,0,25.01996437928632,0.7851822916666666,-6.0185077729059255,0.3450569496267348,-3.076062510960297,0.3319786441903961,1.041626676009974,3.8080024455057653,10.315310228322408,10.320794928245686,0.3167692093416486,128,0,,,,,,
head|edge|open|t=60|S=500|F=0.05|BareCrystalAllFaces,38400,48102.212691727895,0.9999479098840995,0.999836034863101,0.0,1005.7121520207509,500.3992875857263,1.0,-5.3351179223639855,0.20308411799967396,5.068628640795747,0.4674225652559708,1.041626676009974,3.603941049137668,9.761867712895375,9.759530092194488,0.07305173718267259,128,0,0.9998697916666667,0.9998177083333334,0.9996576286129569,0.9998177083333334,0.9998697916666667,5.208333333333334e-05
head|edge|open|t=60|S=500|F=0.05|FrontOnlyThroughMask,38400,48102.212691727895,1.0,0.9999219891817117,0.9707552083333333,3.854393581800008,500.3992875857263,0.029244791666666665,0.10348904953113412,0.09874558743467515,-0.5811271560226648,0.08627931349908731,1.041626676009974,0.8049665140695272,2.180830594659558,2.163984841123505,0.3166809811172347,128,0,1.0,1.0,0.9999219891817117,1.0,1.0,0.0
head|edge|open|t=60|S=500|F=0.1|BareCrystalAllFaces,38400,48102.212691727895,0.9972707569635834,0.9967834272079688,0.0,2011.4243040415017,500.3992875857263,1.0,-4.938998731310307,0.20754450354185167,5.638901168282259,0.47979750245743336,1.041626676009974,3.547518483013439,9.60945457991669,9.612268477744603,0.07370296627212877,128,0,0.9732552083333333,0.9705989583333333,0.9691413734695065,0.967109375,0.9695833333333334,0.00265625
head|edge|open|t=60|S=500|F=0.1|FrontOnlyThroughMask,38400,48102.212691727895,1.0,0.9999219891817117,0.9669010416666667,7.708787163600016,500.3992875857263,0.03309895833333333,0.07301203828576751,0.10804553109261507,-0.5976832162397636,0.0942462170517492,1.041626676009974,0.8444411525347538,2.2876909655802686,2.3098295148119234,0.3511665340824727,128,0,1.0,1.0,0.9999219891817117,1.0,1.0,0.0
head|edge|open|t=60|S=500|F=0.2|BareCrystalAllFaces,38400,48102.212691727895,0.9875210657250622,0.9863012253249028,0.0,4022.8486080830035,500.3992875857263,1.0,-4.473680814219778,0.1907934262478646,6.486679954761917,0.4384901635739795,1.041626676009974,3.483010176188448,9.435278005187422,9.42883404498443,0.06877006335165518,128,0,0.6490104166666667,0.6409114583333333,0.6368638440568224,0.6334375,0.64125,0.008098958333333333
head|edge|open|t=60|S=500|F=0.2|FrontOnlyThroughMask,38400,48102.212691727895,1.0,0.9999219891817117,0.960390625,15.417574327200033,500.3992875857263,0.039609375,0.007115298880565744,0.09857919201705169,-0.6476137824581987,0.09700239585249663,1.041626676009974,0.9114760690636392,2.4692093104429658,2.505837026303651,0.30219518982783766,128,0,1.0,1.0,0.9999219891817117,1.0,1.0,0.0
head|edge|open|t=60|S=500|ideal,38400,48102.212691727895,,,0.9729166666666667,0,500.3992875857263,0.027083333333333334,0.1189703518705402,0.09700080651315274,-0.56698524257214,0.07991568237017012,1.041626676009974,0.773632884038256,2.095937412703644,2.051616493705817,0.34897180347211204,128,0,,,,,,
head|edge|open|t=60|S=50|F=0.05|BareCrystalAllFaces,38400,4810.22126917279,0.3652173913043478,0.3123535272906536,0.0,1005.7121520207509,50.03992875857264,1.0,-5.534117354025571,0.18173781852136658,4.309957917111162,0.45758764314690475,1.041626676009974,3.616708346762903,9.796156880691795,9.798317222294202,0.05988747835510961,128,0,0.005989583333333334,0.0021875,0.001810583850014122,0.00171875,0.004583333333333333,0.0038020833333333335
head|edge|open|t=60|S=50|F=0.05|FrontOnlyThroughMask,38400,4810.22126917279,0.7600109334426678,0.75586870502248,0.3253125,3.854393581800008,50.03992875857264,0.673671875,-4.924673310043046,0.33368120938152995,-2.678718829623111,0.32184763517278564,1.041626676009974,3.4959775876252115,9.47013885253885,9.482462737903091,0.29185694743133483,128,0,0.7621875,0.5792708333333333,0.5751096350640543,0.08455729166666667,0.08705729166666666,0.18291666666666667
head|edge|open|t=60|S=50|F=0.1|BareCrystalAllFaces,38400,4810.22126917279,0.2916666666666667,0.23412813891463297,0.0,2011.4243040415017,50.03992875857264,1.0,-5.047143380104315,0.20667630953568314,5.277227443067521,0.46677617969613555,1.041626676009974,3.5584652525959517,9.638955202915678,9.64183291243405,0.07346339450214803,128,0,0.004375,0.0012760416666666666,0.0009918441797929283,0.0010677083333333333,0.0033333333333333335,0.0030989583333333333
head|edge|open|t=60|S=50|F=0.1|FrontOnlyThroughMask,38400,4810.22126917279,0.833675805788763,0.8289113213545989,0.287578125,7.708787163600016,50.03992875857264,0.7115885416666666,-5.182050269277166,0.3125618004925272,-2.6974892022666497,0.3526199596984892,1.041626676009974,3.5839922850094434,9.708550740607382,9.714072618588832,0.2818713121724058,128,0,0.4435677083333333,0.3697916666666667,0.36573389608021795,0.07109375,0.07388020833333334,0.07377604166666667
head|edge|open|t=60|S=50|F=0.2|BareCrystalAllFaces,38400,4810.22126917279,0.2077922077922078,0.15536853356276675,0.0,4022.8486080830035,50.03992875857264,1.0,-4.529942358280778,0.18799097093679534,6.320563724470787,0.4228818564084229,1.041626676009974,3.4899993922298638,9.454131590763446,9.458477507446474,0.0682211342956145,128,0,0.0040104166666666665,0.0008333333333333334,0.0006067653611035593,0.0008072916666666667,0.0035416666666666665,0.0031770833333333334
head|edge|open|t=60|S=50|F=0.2|FrontOnlyThroughMask,38400,4810.22126917279,0.8856865733684356,0.8793408332614727,0.22489583333333332,15.417574327200033,50.03992875857264,0.7741927083333333,-5.638046390849485,0.28150331217332464,-2.7915739489651497,0.3415569678467715,1.041626676009974,3.7337000820542197,10.114101348913021,10.09331673165287,0.23855452437180455,128,0,0.18794270833333335,0.16645833333333335,0.16333737254019057,0.05354166666666667,0.055989583333333336,0.021484375
head|edge|open|t=60|S=50|ideal,38400,4810.22126917279,,,0.3667708333333333,0,50.03992875857264,0.6323958333333334,-4.580778531115234,0.3093611530357194,-2.647183149381794,0.2886295281301438,1.041626676009974,3.3783322102396385,9.151426140907038,9.141308648833453,0.28746303617493907,128,0,,,,,,
head|edge|open|t=60|default|F=0.05|BareCrystalAllFaces,38400,1000000,1.0,0.9999219891817117,1.0,1005.7121520207509,10402.833042060447,0.0,0.20215725400128456,0.08925751505992105,-0.5608900280906827,0.027565152340721724,1.041626676009974,0.31209504700942214,0.8461821307294838,0.8407075482734325,0.0453432848380839,128,128,1.0,1.0,0.9999219891817117,1.0,1.0,0.0
head|edge|open|t=60|default|F=0.05|FrontOnlyThroughMask,38400,1000000,1.0,0.9999219891817117,1.0,3.854393581800008,10402.833042060447,0.0,0.018236088660205246,0.047445972186649484,-0.5866191719194889,0.02079353518268729,1.041626676009974,0.25943633236294444,0.7030717238319069,0.7022100783106265,0.02311323683876642,128,128,1.0,1.0,0.9999219891817117,1.0,1.0,0.0
head|edge|open|t=60|default|F=0.1|BareCrystalAllFaces,38400,1000000,1.0,0.9999219891817117,0.9995052083333333,2011.4243040415017,10402.833042060447,0.0004947916666666667,0.5231556100466885,0.10543223181730145,-0.5595988152779675,0.026653830689235086,1.041626676009974,0.40041422090616385,1.0859499651324773,1.0698126605768759,0.08967827722766024,128,15,1.0,1.0,0.9999219891817117,1.0,1.0,0.0
head|edge|open|t=60|default|F=0.1|FrontOnlyThroughMask,38400,1000000,1.0,0.9999219891817117,1.0,7.708787163600016,10402.833042060447,0.0,0.016435119602372598,0.04833532051718369,-0.5863883990618618,0.02114843869387137,1.041626676009974,0.25916298078578737,0.7023292152412128,0.7008323064466733,0.02335191031338191,128,128,1.0,1.0,0.9999219891817117,1.0,1.0,0.0
head|edge|open|t=60|default|F=0.2|BareCrystalAllFaces,38400,1000000,1.0,0.9999219891817117,0.018411458333333332,4022.8486080830035,10402.833042060447,0.9815885416666666,-4.113371950727416,0.18829273599278476,6.958335232693179,0.48998416517333676,1.041626676009974,3.4503846596926864,9.34735697397422,9.344544747674162,0.10182724143167143,128,0,1.0,1.0,0.9999219891817117,1.0,1.0,0.0
head|edge|open|t=60|default|F=0.2|FrontOnlyThroughMask,38400,1000000,1.0,0.9999219891817117,1.0,15.417574327200033,10402.833042060447,0.0,0.014911791186803065,0.04735607994398328,-0.5866913689077874,0.020729048783564456,1.041626676009974,0.258716085084198,0.701114057178117,0.7002350450418494,0.02319511165583061,128,128,1.0,1.0,0.9999219891817117,1.0,1.0,0.0
head|edge|open|t=60|default|ideal,38400,1000000,,,1.0,0,10402.833042060447,0.0,0.019052225990808764,0.04752108401246532,-0.5842408471225046,0.020330967321116878,1.041626676009974,0.25934291514334684,0.7028223473709253,0.7000757551665885,0.022892415027347242,128,128,,,,,,
lab|centre|cs662|t=10|S=1000|F=0.05|BareCrystalAllFaces,38400,3856319.0200766656,1.0,0.9999219891817117,1.0,0.8282413032932074,1001.6779165398935,0.0,0.319823011102524,0.005592152484630264,-0.1944901313528804,0.0002556925817579837,0.9548412538721887,0.1348903824749566,0.3766857349131763,0.37651687819337526,0.0050869337343880765,128,128,1.0,1.0,0.9999219891817117,1.0,1.0,0.0
lab|centre|cs662|t=10|S=1000|F=0.05|FrontOnlyThroughMask,38400,3856319.0200766656,1.0,0.9999219891817117,1.0,0.022426805042618115,1001.6779165398935,0.0,0.31905394396906345,0.0055781776225757645,-0.19447998391716817,0.00023098397719003533,0.9548412538721887,0.13465185617735417,0.37601963995589216,0.3765019955724966,0.00501277639932714,128,128,1.0,1.0,0.9999219891817117,1.0,1.0,0.0
lab|centre|cs662|t=10|S=1000|F=0.1|BareCrystalAllFaces,38400,3856319.0200766656,1.0,0.9999219891817117,1.0,1.6564826065864149,1001.6779165398935,0.0,0.32021582779733393,0.005474103145341547,-0.19450210945140672,0.00028793171451919685,0.9548412538721887,0.13504062171312384,0.37710528583476094,0.3769953863184168,0.005008955777697493,128,128,1.0,1.0,0.9999219891817117,1.0,1.0,0.0
lab|centre|cs662|t=10|S=1000|F=0.1|FrontOnlyThroughMask,38400,3856319.0200766656,1.0,0.9999219891817117,1.0,0.04485361008523623,1001.6779165398935,0.0,0.3196413980279953,0.005481707821918451,-0.1944667266917838,0.00017792067009082284,0.9548412538721887,0.13482186134660595,0.3764943859910288,0.3765821905777206,0.004958963420991373,128,128,1.0,1.0,0.9999219891817117,1.0,1.0,0.0
lab|centre|cs662|t=10|S=1000|F=0.2|BareCrystalAllFaces,38400,3856319.0200766656,1.0,0.9999219891817117,1.0,3.3129652131728298,1001.6779165398935,0.0,0.32021770852386616,0.005798254691553362,-0.19447963682075836,0.0002987549427627311,0.9548412538721887,0.13501609166732578,0.37703678336668267,0.3769900257419906,0.005228964337246944,128,128,1.0,1.0,0.9999219891817117,1.0,1.0,0.0
lab|centre|cs662|t=10|S=1000|F=0.2|FrontOnlyThroughMask,38400,3856319.0200766656,1.0,0.9999219891817117,1.0,0.08970722017047246,1001.6779165398935,0.0,0.31952185173889375,0.005655381067712952,-0.1944558883101841,0.00012947256109226087,0.9548412538721887,0.1347952163704557,0.3764199792248329,0.37672986480573395,0.005084847244493069,128,128,1.0,1.0,0.9999219891817117,1.0,1.0,0.0
lab|centre|cs662|t=10|S=1000|ideal,38400,3856319.0200766656,,,1.0,0,1001.6779165398935,0.0,0.3191689385626193,0.0055651760570312615,-0.1945025758675069,0.0002896758291808803,0.9548412538721887,0.13471019374088591,0.37618255148286484,0.3762434129797172,0.005025713498271647,128,128,,,,,,
lab|centre|cs662|t=10|S=100|F=0.05|BareCrystalAllFaces,38400,385631.90200766653,0.9872652933670147,0.9862832703680418,0.982109375,0.8282413032932074,100.16779165398934,0.017552083333333333,0.19435735095813947,0.05237099163784426,-0.3467847865332261,0.05273759856939452,0.9548412538721887,0.45325702495709524,1.2667803476160813,1.2719039891066597,0.22180258841629424,128,13,0.9999739583333334,0.9872395833333333,0.986256638548947,0.7585416666666667,0.7593489583333334,0.012734375
lab|centre|cs662|t=10|S=100|F=0.05|FrontOnlyThroughMask,38400,385631.90200766653,0.959609375,0.9579179108740988,0.9836197916666667,0.022426805042618115,100.16779165398934,0.016067708333333333,0.20136219591596252,0.04805769178777691,-0.3397478196839865,0.051778762765594004,0.9548412538721887,0.4482409846272527,1.2528033302011028,1.2538204125579284,0.23492943399565344,128,21,1.0,0.959609375,0.9579179108740988,0.7549479166666667,0.76,0.040390625
lab|centre|cs662|t=10|S=100|F=0.1|BareCrystalAllFaces,38400,385631.90200766653,0.9859822824387702,0.9849544699803771,0.981171875,1.6564826065864149,100.16779165398934,0.018359375,0.19303964431204992,0.05267718608721462,-0.36365208587346004,0.0579234576645259,0.9548412538721887,0.4781286457788392,1.3363945400181931,1.3278158019358504,0.2398995192952099,128,12,0.9994791666666667,0.98546875,0.9844236064273597,0.7563802083333333,0.757265625,0.014010416666666666
lab|centre|cs662|t=10|S=100|F=0.1|FrontOnlyThroughMask,38400,385631.90200766653,0.9616927083333333,0.9600425518693956,0.983671875,0.04485361008523623,100.16779165398934,0.01609375,0.1970080102612768,0.04603898327533083,-0.341449766419147,0.04863609758556616,0.9548412538721887,0.44436526708226376,1.2419524619998479,1.240305178188677,0.2342164301831007,128,22,1.0,0.9616927083333333,0.9600425518693956,0.7594270833333333,0.7653125,0.03830729166666667
lab|centre|cs662|t=10|S=100|F=0.2|BareCrystalAllFaces,38400,385631.90200766653,0.9864239190143608,0.9854094466147231,0.97890625,3.3129652131728298,100.16779165398934,0.020677083333333332,0.20280419225785334,0.06033162109641979,-0.3634263270157775,0.05512187089857786,0.9548412538721887,0.4910464066593802,1.372487525467437,1.3859111183409958,0.251734874196474,128,10,0.995546875,0.98203125,0.9808758149866377,0.7440364583333333,0.745078125,0.013515625
lab|centre|cs662|t=10|S=100|F=0.2|FrontOnlyThroughMask,38400,385631.90200766653,0.9622135416666666,0.9605739094275398,0.9838541666666667,0.08970722017047246,100.16779165398934,0.015859375,0.19357938981531211,0.0455678077627172,-0.3334112001918781,0.04895860799964783,0.9548412538721887,0.4392167586811528,1.2275433575857502,1.2163242421842142,0.2480984566093806,128,25,1.0,0.9622135416666666,0.9605739094275398,0.7601041666666667,0.7659114583333333,0.037786458333333335
lab|centre|cs662|t=10|S=100|ideal,38400,385631.90200766653,,,0.982734375,0,100.16779165398934,0.01703125,0.19417686298473913,0.05342516734273796,-0.33401856157625104,0.05423668571761789,0.9548412538721887,0.4482885217435013,1.2528883850746402,1.245694472703847,0.24679205978373245,128,20,,,,,,
lab|centre|cs662|t=10|S=250|F=0.05|BareCrystalAllFaces,38400,964079.7550191664,1.0,0.9999219891817117,1.0,0.8282413032932074,250.4194791349734,0.0,0.3056143409696053,0.014011891459888423,-0.2169667461920467,0.006705316122833674,0.9548412538721887,0.1631847454991942,0.4557003817548401,0.4569863153537935,0.01606331165144648,128,128,1.0,1.0,0.9999219891817117,0.9997916666666666,0.9997916666666666,0.0
lab|centre|cs662|t=10|S=250|F=0.05|FrontOnlyThroughMask,38400,964079.7550191664,0.998828125,0.9984977771770923,0.999921875,0.022426805042618115,250.4194791349734,7.8125e-05,0.3041170661942167,0.015710263293239785,-0.21658399143278462,0.007731067093247332,0.9548412538721887,0.16542722720354872,0.4619783960675262,0.4568700917075758,0.047685002319581386,128,128,1.0,0.998828125,0.9984977771770923,0.99796875,0.998984375,0.001171875
lab|centre|cs662|t=10|S=250|F=0.1|BareCrystalAllFaces,38400,964079.7550191664,1.0,0.9999219891817117,1.0,1.6564826065864149,250.4194791349734,0.0,0.3047886098898147,0.015075107632551567,-0.2168447393076599,0.006293444551246506,0.9548412538721887,0.16338493196070356,0.45625942479550635,0.45774237215982394,0.014213874659221184,128,128,1.0,1.0,0.9999219891817117,0.9998177083333334,0.9998177083333334,0.0
lab|centre|cs662|t=10|S=250|F=0.1|FrontOnlyThroughMask,38400,964079.7550191664,0.998984375,0.9986736506108964,1.0,0.04485361008523623,250.4194791349734,0.0,0.30420337670637704,0.015941811395600157,-0.2162373306614199,0.006580385959773284,0.9548412538721887,0.1633417393384625,0.45613880985536875,0.45472415769742325,0.015507251836785817,128,128,1.0,0.998984375,0.9986736506108964,0.9978125,0.998671875,0.001015625
lab|centre|cs662|t=10|S=250|F=0.2|BareCrystalAllFaces,38400,964079.7550191664,1.0,0.9999219891817117,1.0,3.3129652131728298,250.4194791349734,0.0,0.3016417278458049,0.016997560687338608,-0.21924070294780112,0.006655195597999577,0.9548412538721887,0.1665782496217035,0.465177070101326,0.46668121444725535,0.016025543603650452,128,128,1.0,1.0,0.9999219891817117,0.9998177083333334,0.9998177083333334,0.0
lab|centre|cs662|t=10|S=250|F=0.2|FrontOnlyThroughMask,38400,964079.7550191664,0.99890625,0.9985855409399517,1.0,0.08970722017047246,250.4194791349734,0.0,0.3040145028994508,0.01635850202764351,-0.21746681681414087,0.006239250233829744,0.9548412538721887,0.16387433222072684,0.45762611058058533,0.45776965144516657,0.015537593921878994,128,128,1.0,0.99890625,0.9985855409399517,0.9977604166666667,0.9986458333333333,0.00109375
lab|centre|cs662|t=10|S=250|ideal,38400,964079.7550191664,,,0.9999739583333334,0,250.4194791349734,2.604166666666667e-05,0.30432704827470713,0.016256123909694838,-0.21750715533560916,0.00623552089062199,0.9548412538721887,0.16472325042420718,0.46000117083623,0.4587376971676904,0.026460180966484153,128,128,,,,,,
lab|centre|cs662|t=10|S=25|F=0.05|BareCrystalAllFaces,38400,96407.97550191663,0.5518892610424952,0.5476890614447198,0.49799479166666666,0.8282413032932074,25.041947913497335,0.49408854166666666,0.16319782038466893,0.22654315720346105,-2.0190302193667016,0.25759591893826944,0.9548412538721887,2.1188130413020163,5.92361482767847,5.925143051400731,0.22392195417476887,128,0,0.9952083333333334,0.5492447916666666,0.5450525963369592,0.013333333333333334,0.013776041666666667,0.4459635416666667
lab|centre|cs662|t=10|S=25|F=0.05|FrontOnlyThroughMask,38400,96407.97550191663,0.5340625,0.5298604986733115,0.5128125,0.022426805042618115,25.041947913497335,0.479296875,0.19146551335391349,0.22170308131747973,-1.9664801004137509,0.22030657027345582,0.9548412538721887,2.0929733352248423,5.851439607097837,5.841240236496806,0.19557405651470078,128,0,1.0,0.5340625,0.5298604986733115,0.019609375,0.020625,0.4659375
lab|centre|cs662|t=10|S=25|F=0.1|BareCrystalAllFaces,38400,96407.97550191663,0.5634220790232322,0.5590672699356738,0.489296875,1.6564826065864149,25.041947913497335,0.5026302083333334,0.20889472542993548,0.20054210911102044,-2.025343890839824,0.21310874751622783,0.9548412538721887,2.1360673448927194,5.971866136339874,5.97831426303973,0.19185327228880045,128,0,0.92140625,0.519140625,0.5149327836923208,0.012109375,0.012473958333333333,0.402265625
lab|centre|cs662|t=10|S=25|F=0.1|FrontOnlyThroughMask,38400,96407.97550191663,0.529453125,0.5252489188792699,0.5104427083333334,0.04485361008523623,25.041947913497335,0.4803645833333333,0.19267663176907923,0.24495168798840736,-1.9524706910686753,0.235676174027084,0.9548412538721887,2.0859053439178585,5.831623125055089,5.862487461750951,0.21869683505950052,128,0,1.0,0.529453125,0.5252489188792699,0.020416666666666666,0.02171875,0.470546875
lab|centre|cs662|t=10|S=25|F=0.2|BareCrystalAllFaces,38400,96407.97550191663,0.6195035160552402,0.61427393551207,0.4613802083333333,3.3129652131728298,25.041947913497335,0.53078125,0.22849770526294524,0.23636318658476643,-2.11296231995885,0.25562911442791425,0.9548412538721887,2.189955284863957,6.122516165599438,6.119618775694883,0.24139911848673554,128,0,0.6147395833333333,0.38083333333333336,0.37675107857438417,0.012213541666666666,0.012604166666666666,0.23390625
lab|centre|cs662|t=10|S=25|F=0.2|FrontOnlyThroughMask,38400,96407.97550191663,0.536015625,0.5318146662049644,0.5144270833333333,0.08970722017047246,25.041947913497335,0.477109375,0.16993256432514203,0.22673718857319275,-1.9637292225641858,0.2319538338500759,0.9548412538721887,2.085611817505673,5.830822607825736,5.850901526773249,0.23737549159809265,128,0,1.0,0.536015625,0.5318146662049644,0.021927083333333333,0.02296875,0.463984375
lab|centre|cs662|t=10|S=25|ideal,38400,96407.97550191663,,,0.513203125,0,25.041947913497335,0.47924479166666667,0.13735503064517302,0.20279017973762392,-1.9824728900696806,0.22571303116578592,0.9548412538721887,2.0902415689373424,5.843759409678696,5.8613632425801026,0.20109777451239122,128,0,,,,,,
lab|centre|cs662|t=10|S=500|F=0.05|BareCrystalAllFaces,38400,1928159.5100383328,1.0,0.9999219891817117,1.0,0.8282413032932074,500.8389582699468,0.0,0.3237385613344952,0.007916542138099378,-0.19661931917423123,0.001743202331082169,0.9548412538721887,0.13970326051734666,0.3901260679793608,0.39041504114608083,0.007652740450932731,128,128,1.0,1.0,0.9999219891817117,1.0,1.0,0.0
lab|centre|cs662|t=10|S=500|F=0.05|FrontOnlyThroughMask,38400,1928159.5100383328,0.9999739583333334,0.9998764678836031,1.0,0.022426805042618115,500.8389582699468,0.0,0.3238389669373709,0.00793590124185514,-0.19685778251341907,0.0019628978514142303,0.9548412538721887,0.13998706399614688,0.390918618895801,0.39022092856948687,0.007996862294446317,128,128,1.0,0.9999739583333334,0.9998764678836031,0.9999739583333334,1.0,2.604166666666667e-05
lab|centre|cs662|t=10|S=500|F=0.1|BareCrystalAllFaces,38400,1928159.5100383328,1.0,0.9999219891817117,1.0,1.6564826065864149,500.8389582699468,0.0,0.32473248144015415,0.007004364402238736,-0.19675446285190035,0.0020052851411500273,0.9548412538721887,0.1400438369120347,0.3910771493276318,0.391207210621865,0.007455860810902808,128,128,1.0,1.0,0.9999219891817117,1.0,1.0,0.0
lab|centre|cs662|t=10|S=500|F=0.1|FrontOnlyThroughMask,38400,1928159.5100383328,0.9999739583333334,0.9998764678836031,1.0,0.04485361008523623,500.8389582699468,0.0,0.32314177047174814,0.007270465926637266,-0.19675328913430706,0.0018132738888503336,0.9548412538721887,0.13952615347344055,0.38963149370021516,0.38957281881046685,0.007875163153709638,128,128,1.0,0.9999739583333334,0.9998764678836031,0.9999739583333334,1.0,2.604166666666667e-05
lab|centre|cs662|t=10|S=500|F=0.2|BareCrystalAllFaces,38400,1928159.5100383328,1.0,0.9999219891817117,1.0,3.3129652131728298,500.8389582699468,0.0,0.32562457224412256,0.0068079323535220684,-0.19707513278845418,0.0020603488779042164,0.9548412538721887,0.14027266269070685,0.3917161562781447,0.39104222585047227,0.007429464925602963,128,128,1.0,1.0,0.9999219891817117,1.0,1.0,0.0
lab|centre|cs662|t=10|S=500|F=0.2|FrontOnlyThroughMask,38400,1928159.5100383328,0.9999739583333334,0.9998764678836031,1.0,0.08970722017047246,500.8389582699468,0.0,0.3243511617737802,0.007653615573087535,-0.19678430971326819,0.0018693519608706248,0.9548412538721887,0.1397809972136916,0.3903431526907885,0.38942118426648054,0.006914295408084947,128,128,1.0,0.9999739583333334,0.9998764678836031,0.9999739583333334,1.0,2.604166666666667e-05
lab|centre|cs662|t=10|S=500|ideal,38400,1928159.5100383328,,,1.0,0,500.8389582699468,0.0,0.3241862730646671,0.007485842708603384,-0.19675210044149055,0.0017080590559073884,0.9548412538721887,0.139976571577911,0.39088930787804765,0.3915825145443308,0.008506580286602583,128,128,,,,,,
lab|centre|cs662|t=10|S=50|F=0.05|BareCrystalAllFaces,38400,192815.95100383327,0.8446644951140065,0.8415907562459395,0.8141927083333333,0.8282413032932074,50.08389582699467,0.18291666666666667,0.17996188581381878,0.1294953336698944,-0.9488234048214549,0.14363954018544217,0.9548412538721887,1.305648756460381,3.650124932812844,3.6273089634137836,0.23711651150632623,128,0,0.9993489583333334,0.8441145833333333,0.8410375014727394,0.182890625,0.184140625,0.155234375
lab|centre|cs662|t=10|S=50|F=0.05|FrontOnlyThroughMask,38400,192815.95100383327,0.79875,0.7953549417051995,0.8218229166666666,0.022426805042618115,50.08389582699467,0.17494791666666668,0.14956918919032378,0.14052263513027183,-0.9241727911544025,0.14371659599974407,0.9548412538721887,1.2738901880130555,3.5613120260645723,3.5781912434347345,0.23513347824612058,128,0,1.0,0.79875,0.7953549417051995,0.221171875,0.22546875,0.20125
lab|centre|cs662|t=10|S=50|F=0.1|BareCrystalAllFaces,38400,192815.95100383327,0.8405697523849792,0.8374418320715691,0.8057291666666667,1.6564826065864149,50.08389582699467,0.1909375,0.1936263650591696,0.12716975613022474,-0.9614279082453261,0.15604203816417345,0.9548412538721887,1.326666894715318,3.708852340642267,3.731305197037293,0.2371189351162725,128,0,0.9854427083333334,0.8283333333333334,0.8251367460019629,0.17453125,0.17575520833333333,0.157109375
lab|centre|cs662|t=10|S=50|F=0.1|FrontOnlyThroughMask,38400,192815.95100383327,0.7959635416666667,0.7925513383333529,0.822421875,0.04485361008523623,50.08389582699467,0.17427083333333335,0.18340162168606558,0.13015783253888194,-0.9134058780946289,0.15414699058100867,0.9548412538721887,1.276929329629608,3.569824362927773,3.594819156876964,0.26978284323214524,128,0,1.0,0.7959635416666667,0.7925513383333529,0.21947916666666667,0.22361979166666668,0.20403645833333334
lab|centre|cs662|t=10|S=50|F=0.2|BareCrystalAllFaces,38400,192815.95100383327,0.8652694610778443,0.8621890384161656,0.7903385416666666,3.3129652131728298,50.08389582699467,0.20549479166666668,0.21570790106483217,0.14823015049777458,-1.035219700271841,0.15760712484809355,0.9548412538721887,1.3885391407248817,3.881906526063008,3.8860631314589877,0.2590030488573107,128,0,0.8871875,0.76765625,0.7640833782599525,0.16200520833333334,0.163125,0.11953125
lab|centre|cs662|t=10|S=50|F=0.2|FrontOnlyThroughMask,38400,192815.95100383327,0.7946875,0.7912675285251682,0.8193229166666667,0.08970722017047246,50.08389582699467,0.1771875,0.18225314150143335,0.12133354964113557,-0.9083901802648578,0.1555028362895697,0.9548412538721887,1.28748653887291,3.5993542751527725,3.587708984578172,0.27065399797621803,128,0,1.0,0.7946875,0.7912675285251682,0.21760416666666665,0.2221875,0.2053125
lab|centre|cs662|t=10|S=50|ideal,38400,192815.95100383327,,,0.82359375,0,50.08389582699467,0.17338541666666665,0.1850625632949787,0.1349667184234744,-0.9196851843280368,0.13123409382605955,0.9548412538721887,1.2746439831717322,3.5634493116281027,3.5770002063110518,0.2694214067051423,128,0,,,,,,
lab|centre|cs662|t=10|default|F=0.05|BareCrystalAllFaces,38400,1000000,1.0,0.9999219891817117,1.0,0.8282413032932074,259.74975392984464,0.0,0.30598441959493994,0.013887829611494085,-0.2153037317467324,0.0060330787252996535,0.9548412538721887,0.1620567938887273,0.45255048093277034,0.45345120212716583,0.014912192343926033,128,128,1.0,1.0,0.9999219891817117,0.9999479166666667,0.9999479166666667,0.0
lab|centre|cs662|t=10|default|F=0.05|FrontOnlyThroughMask,38400,1000000,0.9990104166666667,0.998703104054508,1.0,0.022426805042618115,259.74975392984464,0.0,0.30634457856494085,0.01600220398247317,-0.21513139984430105,0.006082844130398699,0.9548412538721887,0.16167199399649004,0.45147587901272684,0.4495980454034014,0.014864322862753094,128,128,1.0,0.9990104166666667,0.998703104054508,0.9980729166666666,0.9987760416666667,0.0009895833333333334
lab|centre|cs662|t=10|default|F=0.1|BareCrystalAllFaces,38400,1000000,1.0,0.9999219891817117,0.9999739583333334,1.6564826065864149,259.74975392984464,2.604166666666667e-05,0.30520954154774166,0.015675976877467055,-0.2154573155020318,0.0062991709440442635,0.9548412538721887,0.16275524261422508,0.45450288104829056,0.4539196296970871,0.023017911421561746,128,128,1.0,1.0,0.9999219891817117,0.9999479166666667,0.9999479166666667,0.0
lab|centre|cs662|t=10|default|F=0.1|FrontOnlyThroughMask,38400,1000000,0.999140625,0.9988510757897724,1.0,0.04485361008523623,259.74975392984464,0.0,0.30878373128527037,0.014608704301081231,-0.2151728769878448,0.006234329768772671,0.9548412538721887,0.16106404255246595,0.44977811287709557,0.4489377660878132,0.015171491460511768,128,128,1.0,0.999140625,0.9988510757897724,0.9984635416666666,0.9991145833333334,0.000859375
lab|centre|cs662|t=10|default|F=0.2|BareCrystalAllFaces,38400,1000000,1.0,0.9999219891817117,0.9999739583333334,3.3129652131728298,259.74975392984464,2.604166666666667e-05,0.3044138022771769,0.0180817213307043,-0.21658782728128706,0.0065780336983046975,0.9548412538721887,0.16456112724252375,0.45954609778616207,0.4558262549560078,0.022632481902165318,128,128,1.0,1.0,0.9999219891817117,0.999921875,0.999921875,0.0
lab|centre|cs662|t=10|default|F=0.2|FrontOnlyThroughMask,38400,1000000,0.9989322916666666,0.9986148705719174,1.0,0.08970722017047246,259.74975392984464,0.0,0.3076386609839695,0.014289631353766596,-0.2149557041943419,0.00629527958515046,0.9548412538721887,0.16155835164182597,0.4511585069636353,0.44979413152932185,0.016563285163366345,128,128,1.0,0.9989322916666666,0.9986148705719174,0.9979947916666667,0.9989322916666666,0.0010677083333333333
lab|centre|cs662|t=10|default|ideal,38400,1000000,,,1.0,0,259.74975392984464,0.0,0.30645132113061146,0.0177008654073549,-0.21427043007165986,0.006523586829578287,0.9548412538721887,0.16103188795350384,0.4496883344759151,0.4492493865441306,0.015643563336203755,128,128,,,,,,
lab|centre|cs662|t=60|S=1000|F=0.05|BareCrystalAllFaces,38400,642719.8366794442,1.0,0.9999219891817117,1.0,4.9694478197592415,1001.6779165398935,0.0,0.31958895840219015,0.005310975625712787,-0.19448991402116295,0.00025471635320718235,0.9548412538721887,0.13481737054422235,0.3764818460794609,0.3765633847697999,0.004835544241673874,128,128,1.0,1.0,0.9999219891817117,1.0,1.0,0.0
lab|centre|cs662|t=60|S=1000|F=0.05|FrontOnlyThroughMask,38400,642719.8366794442,1.0,0.9999219891817117,1.0,0.1345608302557085,1001.6779165398935,0.0,0.3193418000097275,0.00560272499265163,-0.1944780516467663,0.00021803999342730096,0.9548412538721887,0.13473867249830537,0.37626207809014706,0.37647346014418404,0.0050354351351931965,128,128,1.0,1.0,0.9999219891817117,1.0,1.0,0.0
lab|centre|cs662|t=60|S=1000|F=0.1|BareCrystalAllFaces,38400,642719.8366794442,1.0,0.9999219891817117,1.0,9.938895639518483,1001.6779165398935,0.0,0.3208829375638181,0.005593205418499579,-0.19445484795875312,0.00011770232826568925,0.9548412538721887,0.13522836585739462,0.3776295682957779,0.37727620096525893,0.004914716018739233,128,128,1.0,1.0,0.9999219891817117,1.0,1.0,0.0
lab|centre|cs662|t=60|S=1000|F=0.1|FrontOnlyThroughMask,38400,642719.8366794442,1.0,0.9999219891817117,1.0,0.269121660511417,1001.6779165398935,0.0,0.31944872592530105,0.005570788036951561,-0.19448972279809845,0.0002539989609598004,0.9548412538721887,0.1347786064094749,0.3763735956926718,0.3764190765832847,0.0050208222637225415,128,128,1.0,1.0,0.9999219891817117,1.0,1.0,0.0
lab|centre|cs662|t=60|S=1000|F=0.2|BareCrystalAllFaces,38400,642719.8366794442,1.0,0.9999219891817117,1.0,19.877791279036966,1001.6779165398935,0.0,0.3227092664502772,0.005427753921885591,-0.19447734314718257,0.00021351960138630337,0.9548412538721887,0.13582108806484966,0.3792847721493916,0.37948296719065555,0.004816385333008098,128,128,1.0,1.0,0.9999219891817117,1.0,1.0,0.0
lab|centre|cs662|t=60|S=1000|F=0.2|FrontOnlyThroughMask,38400,642719.8366794442,1.0,0.9999219891817117,1.0,0.538243321022834,1001.6779165398935,0.0,0.31965338790565473,0.005520648941423633,-0.19449115111081886,0.00026156301936244684,0.9548412538721887,0.13485059724894435,0.37657463371267447,0.37705444505527674,0.0049348983222354354,128,128,1.0,1.0,0.9999219891817117,1.0,1.0,0.0
lab|centre|cs662|t=60|S=1000|ideal,38400,642719.8366794442,,,1.0,0,1001.6779165398935,0.0,0.31983651182793355,0.005396886520040091,-0.19447907379704243,0.00022475271228426777,0.9548412538721887,0.1348974054255968,0.3767053467406168,0.37657131210362366,0.004871983406206801,128,128,,,,,,
lab|centre|cs662|t=60|S=100|F=0.05|BareCrystalAllFaces,38400,64271.98366794442,0.9869703389830509,0.9859689293646945,0.97671875,4.9694478197592415,100.16779165398934,0.022864583333333334,0.19511201126459723,0.057824092919126886,-0.3769924602315176,0.061070785629928084,0.9548412538721887,0.5167469486126882,1.4443784534127675,1.4449002413446852,0.24435663569819796,128,5,0.9833333333333333,0.9705208333333334,0.9690614280264991,0.7235416666666666,0.7244791666666667,0.0128125
lab|centre|cs662|t=60|S=100|F=0.05|FrontOnlyThroughMask,38400,64271.98366794442,0.96,0.9583161874542556,0.9818489583333333,0.1345608302557085,100.16779165398934,0.0178125,0.20449484355833894,0.05751836992319366,-0.3440068945230166,0.05525781790774718,0.9548412538721887,0.4653457038327627,1.3006580357347963,1.2906602328508643,0.24424745965360045,128,14,1.0,0.96,0.9583161874542556,0.756796875,0.7625260416666667,0.04
lab|centre|cs662|t=60|S=100|F=0.1|BareCrystalAllFaces,38400,64271.98366794442,0.9912425969068404,0.9903862224576878,0.9701041666666667,9.938895639518483,100.16779165398934,0.029583333333333333,0.21101174599669187,0.06502651845825078,-0.4166941338729274,0.06702729874025246,0.9548412538721887,0.5843523400231101,1.6334567317602018,1.6412060160557456,0.24097716959003063,128,0,0.9277864583333333,0.9196614583333333,0.9173433064815512,0.686328125,0.6871614583333333,0.008125
lab|centre|cs662|t=60|S=100|F=0.1|FrontOnlyThroughMask,38400,64271.98366794442,0.9620052083333334,0.9603613566493575,0.9839583333333334,0.269121660511417,100.16779165398934,0.015807291666666667,0.20362712061278376,0.052321076053711287,-0.3374134703440465,0.05239165046877543,0.9548412538721887,0.4390507871990338,1.2270826689670482,1.2408331022889758,0.23975638540307156,128,27,1.0,0.9620052083333334,0.9603613566493575,0.7551822916666666,0.7608854166666666,0.037994791666666666
lab|centre|cs662|t=60|S=100|F=0.2|BareCrystalAllFaces,38400,64271.98366794442,0.9928948504266409,0.9920458519204101,0.9544791666666667,19.877791279036966,100.16779165398934,0.04481770833333333,0.21549745755315527,0.07525226630414,-0.4865553026917847,0.08430141540285174,0.9548412538721887,0.6954716608681244,1.9441402726235675,1.9759915112885171,0.24575882762348858,128,0,0.7843489583333333,0.7787760416666667,0.7752634498640694,0.6084635416666667,0.6095833333333334,0.005572916666666667
lab|centre|cs662|t=60|S=100|F=0.2|FrontOnlyThroughMask,38400,64271.98366794442,0.9603125,0.9586348393055338,0.9833333333333333,0.538243321022834,100.16779165398934,0.016223958333333333,0.20180411417741967,0.04986900982581411,-0.34049061662446395,0.055661303328756434,0.9548412538721887,0.4451404106368105,1.2440960563662027,1.2330218573449818,0.25302494447543705,128,22,1.0,0.9603125,0.9586348393055338,0.7567708333333333,0.762734375,0.0396875
lab|centre|cs662|t=60|S=100|ideal,38400,64271.98366794442,,,0.9829427083333333,0,100.16779165398934,0.016666666666666666,0.19875792543806597,0.04122066683426988,-0.3451604860061692,0.05152157136363466,0.9548412538721887,0.4556671050057621,1.2735815082313102,1.2793924941295336,0.24697139672033283,128,19,,,,,,
lab|centre|cs662|t=60|S=250|F=0.05|BareCrystalAllFaces,38400,160679.95916986105,1.0,0.9999219891817117,1.0,4.9694478197592415,250.4194791349734,0.0,0.3053423133356179,0.018225109897165487,-0.21899053256470782,0.0065831902570529085,0.9548412538721887,0.16638796431610572,0.4646456581734965,0.46459758739900936,0.01595461775556446,128,128,1.0,1.0,0.9999219891817117,0.9998697916666667,0.9998697916666667,0.0
lab|centre|cs662|t=60|S=250|F=0.05|FrontOnlyThroughMask,38400,160679.95916986105,0.9988802083333334,0.9985562496896281,1.0,0.1345608302557085,250.4194791349734,0.0,0.30464532064685,0.016262833030544627,-0.21722532475377107,0.007045594974925992,0.9548412538721887,0.16353629633985048,0.45668212225268195,0.4564177715843055,0.01622936228580337,128,128,1.0,0.9988802083333334,0.9985562496896281,0.9977083333333333,0.9985416666666667,0.0011197916666666667
lab|centre|cs662|t=60|S=250|F=0.1|BareCrystalAllFaces,38400,160679.95916986105,0.9999739583333334,0.9998764678836031,1.0,9.938895639518483,250.4194791349734,0.0,0.3059582469983183,0.0161582074419408,-0.2198606269061789,0.007416434485003028,0.9548412538721887,0.16837077288300753,0.47018281571367543,0.47128119690283504,0.016406571521040626,128,128,1.0,0.9999739583333334,0.9998764678836031,0.9997135416666667,0.9997135416666667,2.604166666666667e-05
lab|centre|cs662|t=60|S=250|F=0.1|FrontOnlyThroughMask,38400,160679.95916986105,0.9991666666666666,0.9988808253494135,1.0,0.269121660511417,250.4194791349734,0.0,0.3043376708474616,0.014635342495485362,-0.21665455319799765,0.0063239343214243765,0.9548412538721887,0.16347162254341638,0.4565015188641376,0.45680260836295783,0.014775719274395482,128,128,1.0,0.9991666666666666,0.9988808253494135,0.9978645833333334,0.9985416666666667,0.0008333333333333334
lab|centre|cs662|t=60|S=250|F=0.2|BareCrystalAllFaces,38400,160679.95916986105,1.0,0.9999219871502063,1.0,19.877791279036966,250.4194791349734,0.0,0.305212104822453,0.01899058692459225,-0.22335776757778214,0.008724770268749963,0.9548412538721887,0.1730674506987808,0.48329870610516945,0.4827191950975212,0.018090849453104404,128,128,0.9999739583333334,0.9999739583333334,0.9998764678836031,0.9996875,0.9996875,0.0
lab|centre|cs662|t=60|S=250|F=0.2|FrontOnlyThroughMask,38400,160679.95916986105,0.9988020833333333,0.9984685935125477,1.0,0.538243321022834,250.4194791349734,0.0,0.30502342758085793,0.015181457981239387,-0.2161205068097839,0.005842711766824381,0.9548412538721887,0.16286355997170063,0.4548034430215879,0.45429142950004675,0.01617247614479337,128,128,1.0,0.9988020833333333,0.9984685935125477,0.9977083333333333,0.9986197916666667,0.0011979166666666666
lab|centre|cs662|t=60|S=250|ideal,38400,160679.95916986105,,,1.0,0,250.4194791349734,0.0,0.3044470953580819,0.013950005016841382,-0.21649064535923954,0.0062865796191261545,0.9548412538721887,0.163345068861672,0.4561481108407281,0.45617542733797745,0.01519431190482362,128,128,,,,,,
lab|centre|cs662|t=60|S=25|F=0.05|BareCrystalAllFaces,38400,16067.995916986105,0.6837479622935715,0.677245515271631,0.44026041666666665,4.9694478197592415,25.041947913497335,0.5506510416666667,0.27033691409349586,0.2318390947971025,-2.1891891784852424,0.27451072306011337,0.9548412538721887,2.239026851655001,6.259728136924449,6.270218633080811,0.1984078069877001,128,0,0.367421875,0.25122395833333333,0.24758435723267727,0.010598958333333333,0.011171875,0.11619791666666666
lab|centre|cs662|t=60|S=25|F=0.05|FrontOnlyThroughMask,38400,16067.995916986105,0.53015625,0.525952357015006,0.5083072916666667,0.1345608302557085,25.041947913497335,0.483203125,0.1458574091441925,0.25918862234499734,-2.0121914906442924,0.23138635753670317,0.9548412538721887,2.0910098198379625,5.84586022579154,5.866224868236587,0.2174886017046744,128,0,1.0,0.53015625,0.525952357015006,0.020729166666666667,0.022005208333333335,0.46984375
lab|centre|cs662|t=60|S=25|F=0.1|BareCrystalAllFaces,38400,16067.995916986105,0.743214588634436,0.732535079446512,0.386328125,9.938895639518483,25.041947913497335,0.6040364583333333,0.3312998120683423,0.26212580766798343,-2.323977362053699,0.26803682580938587,0.9548412538721887,2.347879823410636,6.564083041524522,6.553069485938797,0.17879487079134995,128,0,0.1228125,0.09127604166666667,0.0888684722057496,0.008203125,0.00890625,0.031536458333333336
lab|centre|cs662|t=60|S=25|F=0.1|FrontOnlyThroughMask,38400,16067.995916986105,0.5295052083333334,0.5253010251217253,0.5071614583333334,0.269121660511417,25.041947913497335,0.48466145833333335,0.13660464936940586,0.23184044970299064,-1.9923180579668234,0.2048504632931336,0.9548412538721887,2.0973520412115825,5.863634602422841,5.840181787692891,0.19759569248789557,128,0,1.0,0.5295052083333334,0.5253010251217253,0.021328125,0.022526041666666666,0.4704947916666667
lab|centre|cs662|t=60|S=25|F=0.2|BareCrystalAllFaces,38400,16067.995916986105,0.7506339814032121,0.729070930635358,0.31080729166666665,19.877791279036966,25.041947913497335,0.6789322916666667,0.5249134800395857,0.28294433669583674,-2.692675554962016,0.28401260252490207,0.9548412538721887,2.5033203928880714,6.9987278058924405,7.005612043003401,0.18600792560317758,128,0,0.030807291666666667,0.023125,0.021877120481671262,0.005260416666666667,0.006380208333333333,0.007682291666666666
lab|centre|cs662|t=60|S=25|F=0.2|FrontOnlyThroughMask,38400,16067.995916986105,0.5212691135481519,0.5170612711122666,0.5047916666666666,0.538243321022834,25.041947913497335,0.4873958333333333,0.142523346318756,0.26218484609215514,-1.9936659535166503,0.2320798236584818,0.9548412538721887,2.106559059308063,5.889385216916026,5.898974293571321,0.21562461106557168,128,0,0.9997135416666667,0.5211197916666667,0.5169125091344307,0.01984375,0.020885416666666667,0.47859375
lab|centre|cs662|t=60|S=25|ideal,38400,16067.995916986105,,,0.5152083333333334,0,25.041947913497335,0.476796875,0.14056267702285455,0.21778762906728422,-1.949873005324234,0.2260995627658753,0.9548412538721887,2.085805469827605,5.831358149297338,5.821863329344662,0.23110402312123496,128,0,,,,,,
lab|centre|cs662|t=60|S=500|F=0.05|BareCrystalAllFaces,38400,321359.9183397221,1.0,0.9999219891817117,1.0,4.9694478197592415,500.8389582699468,0.0,0.3255143040334835,0.006799415321831636,-0.19694165095718882,0.0021034413954514027,0.9548412538721887,0.14038198529841622,0.39202145128428784,0.39220158636802005,0.007820974464969271,128,128,1.0,1.0,0.9999219891817117,1.0,1.0,0.0
lab|centre|cs662|t=60|S=500|F=0.05|FrontOnlyThroughMask,38400,321359.9183397221,0.9999739583333334,0.9998764678836031,1.0,0.1345608302557085,500.8389582699468,0.0,0.32376654289532364,0.00783529064286125,-0.19669916992084718,0.0017943277383967752,0.9548412538721887,0.13986443666285703,0.39057616927796207,0.3898689558467777,0.0072111333040967875,128,128,1.0,0.9999739583333334,0.9998764678836031,0.9999739583333334,1.0,2.604166666666667e-05
lab|centre|cs662|t=60|S=500|F=0.1|BareCrystalAllFaces,38400,321359.9183397221,1.0,0.9999219891817117,1.0,9.938895639518483,500.8389582699468,0.0,0.32648003617223614,0.007387785608505847,-0.1971650172401651,0.0021086901676724192,0.9548412538721887,0.1413027522698481,0.39459275712908337,0.39443161884091593,0.00787961151905946,128,128,1.0,1.0,0.9999219891817117,1.0,1.0,0.0
lab|centre|cs662|t=60|S=500|F=0.1|FrontOnlyThroughMask,38400,321359.9183397221,1.0,0.9999219891817117,1.0,0.269121660511417,500.8389582699468,0.0,0.3234755473814586,0.007790057238880018,-0.196806830979288,0.001902011362529308,0.9548412538721887,0.13984526488403376,0.39052263716819624,0.39000015272342264,0.007895198795136104,128,128,1.0,1.0,0.9999219891817117,1.0,1.0,0.0
lab|centre|cs662|t=60|S=500|F=0.2|BareCrystalAllFaces,38400,321359.9183397221,1.0,0.9999219891817117,1.0,19.877791279036966,500.8389582699468,0.0,0.32933802277859264,0.007937116300649803,-0.1975787365719032,0.002275451406601065,0.9548412538721887,0.14250104944485276,0.39793907518174343,0.39836818943993246,0.008370906182799433,128,128,1.0,1.0,0.9999219891817117,1.0,1.0,0.0
lab|centre|cs662|t=60|S=500|F=0.2|FrontOnlyThroughMask,38400,321359.9183397221,1.0,0.9999219891817117,1.0,0.538243321022834,500.8389582699468,0.0,0.3244357336825321,0.007377112804030486,-0.1969004521581032,0.001980349606697552,0.9548412538721887,0.1396454898297746,0.3899647391914658,0.38917021017019826,0.007976104556948043,128,128,1.0,1.0,0.9999219891817117,1.0,1.0,0.0
lab|centre|cs662|t=60|S=500|ideal,38400,321359.9183397221,,,1.0,0,500.8389582699468,0.0,0.323289858117058,0.008082747066308224,-0.1966639507878338,0.001629353902859167,0.9548412538721887,0.1397119144333157,0.39015024414299293,0.3903607856803485,0.007029742045672546,128,128,,,,,,
lab|centre|cs662|t=60|S=50|F=0.05|BareCrystalAllFaces,38400,32135.99183397221,0.895057193829363,0.8920283924125237,0.7784114583333334,4.9694478197592415,50.08389582699467,0.21760416666666665,0.23819711537704638,0.17029677645551716,-1.0680482320183142,0.1644224369821607,0.9548412538721887,1.429123236244874,3.99536599466872,3.995370425910202,0.27315045220325734,128,0,0.744453125,0.666328125,0.6623479925757099,0.15091145833333333,0.152734375,0.078125
lab|centre|cs662|t=60|S=50|F=0.05|FrontOnlyThroughMask,38400,32135.99183397221,0.7934375,0.7900099691822464,0.8213020833333333,0.1345608302557085,50.08389582699467,0.17591145833333333,0.2035029102951895,0.13951110030522718,-0.9388401250502519,0.14946829290547878,0.9548412538721887,1.2776732447757435,3.5718869186652147,3.566133840370636,0.2570326661558756,128,0,1.0,0.7934375,0.7900099691822464,0.21643229166666667,0.22015625,0.2065625
lab|centre|cs662|t=60|S=50|F=0.1|BareCrystalAllFaces,38400,32135.99183397221,0.9307639836289222,0.9275343897771883,0.7325520833333333,9.938895639518483,50.08389582699467,0.263359375,0.28655834395791135,0.1641158623770222,-1.2503635549764052,0.18620239446106152,0.9548412538721887,1.5757282101578498,4.405298461918073,4.410706572295182,0.24040218284614281,128,0,0.458125,0.42640625,0.4222462216806814,0.11973958333333333,0.12096354166666666,0.03171875
lab|centre|cs662|t=60|S=50|F=0.1|FrontOnlyThroughMask,38400,32135.99183397221,0.7942447916666666,0.7908221372528151,0.818359375,0.269121660511417,50.08389582699467,0.17825520833333333,0.17957671872982534,0.1319306192268692,-0.9324519085475064,0.14822315086560872,0.9548412538721887,1.2907784249587204,3.608553522995483,3.6026699435978164,0.2508269127214224,128,0,1.0,0.7942447916666666,0.7908221372528151,0.21619791666666666,0.22075520833333334,0.20575520833333333
lab|centre|cs662|t=60|S=50|F=0.2|BareCrystalAllFaces,38400,32135.99183397221,0.954590694202538,0.9505846950137731,0.6545833333333333,19.877791279036966,50.08389582699467,0.34036458333333336,0.3943106716360116,0.18507773983708592,-1.6101206768528558,0.20811159268161614,0.9548412538721887,1.7949917021207262,5.0183672147265375,5.028432714920254,0.24562836499631865,128,0,0.20932291666666666,0.19981770833333334,0.19646513533773347,0.08403645833333333,0.08567708333333333,0.009505208333333333
lab|centre|cs662|t=60|S=50|F=0.2|FrontOnlyThroughMask,38400,32135.99183397221,0.7967708333333333,0.7933635714742593,0.8178125,0.538243321022834,50.08389582699467,0.17919270833333334,0.17527879629832013,0.1388504675432475,-0.9288992906748472,0.14399679869216453,0.9548412538721887,1.2951117074268454,3.620668694270073,3.6228168039738127,0.278840879904382,128,0,1.0,0.7967708333333333,0.7933635714742593,0.21783854166666666,0.22111979166666668,0.20322916666666666
lab|centre|cs662|t=60|S=50|ideal,38400,32135.99183397221,,,0.8233333333333334,0,50.08389582699467,0.173203125,0.18356948066475515,0.12744462542571403,-0.9053008952511479,0.15307315473746066,0.9548412538721887,1.27617544718966,3.567711542306571,3.551657007699029,0.24256320111620516,128,0,,,,,,
lab|centre|cs662|t=60|default|F=0.05|BareCrystalAllFaces,38400,1000000,1.0,0.9999219891817117,1.0,4.9694478197592415,1558.498523579068,0.0,0.31751007456822067,0.0049187532300034595,-0.19444444444444337,0.0,0.9548412538721887,0.1338393084693176,0.373750552925199,0.3741113436820343,0.004319911048992092,128,128,1.0,1.0,0.9999219891817117,1.0,1.0,0.0
lab|centre|cs662|t=60|default|F=0.05|FrontOnlyThroughMask,38400,1000000,1.0,0.9999219891817117,1.0,0.1345608302557085,1558.498523579068,0.0,0.3167115060769786,0.005318951390692255,-0.19444444444444337,0.0,0.9548412538721887,0.13359041129310664,0.37305549694669166,0.37345957992746776,0.004681945405226733,128,128,1.0,1.0,0.9999219891817117,1.0,1.0,0.0
lab|centre|cs662|t=60|default|F=0.1|BareCrystalAllFaces,38400,1000000,1.0,0.9999219891817117,1.0,9.938895639518483,1558.498523579068,0.0,0.317736646753361,0.005325813093841822,-0.19444444444444337,0.0,0.9548412538721887,0.1339216297215005,0.37398043906587336,0.3745049424238208,0.004685397748275796,128,128,1.0,1.0,0.9999219891817117,1.0,1.0,0.0
lab|centre|cs662|t=60|default|F=0.1|FrontOnlyThroughMask,38400,1000000,1.0,0.9999219891817117,1.0,0.269121660511417,1558.498523579068,0.0,0.3168382935558084,0.004979858504359974,-0.19444444444444337,0.0,0.9548412538721887,0.13363167499160697,0.37317072756336117,0.373025544366707,0.004393662044394987,128,128,1.0,1.0,0.9999219891817117,1.0,1.0,0.0
lab|centre|cs662|t=60|default|F=0.2|BareCrystalAllFaces,38400,1000000,1.0,0.9999219891817117,1.0,19.877791279036966,1558.498523579068,0.0,0.3185881542174923,0.0053866485232973195,-0.19444444444444337,0.0,0.9548412538721887,0.13417838896770598,0.37469745001900767,0.37415851466176053,0.004738174322649874,128,128,1.0,1.0,0.9999219891817117,1.0,1.0,0.0
lab|centre|cs662|t=60|default|F=0.2|FrontOnlyThroughMask,38400,1000000,1.0,0.9999219891817117,1.0,0.538243321022834,1558.498523579068,0.0,0.31683431018805475,0.005506187699113031,-0.19444444444444337,0.0,0.9548412538721887,0.13363337238764,0.37317546780656985,0.3730613039996675,0.00485549246222339,128,128,1.0,1.0,0.9999219891817117,1.0,1.0,0.0
lab|centre|cs662|t=60|default|ideal,38400,1000000,,,1.0,0,1558.498523579068,0.0,0.316756771714239,0.005510394447798676,-0.19444444444444337,0.0,0.9548412538721887,0.13361232905737605,0.37311670351764514,0.3729177259880537,0.004870681157375673,128,128,,,,,,
lab|centre|open|t=10|S=1000|F=0.05|BareCrystalAllFaces,38400,1246451.27058927,1.0,0.9999219891817117,1.0,81.38648850541423,999.6772603822117,0.0,0.31346111453826886,0.003711828756666665,-0.19446777860449627,0.00018612951433394872,0.9548412538721887,0.13292980035592278,0.37121072504545516,0.3711280014790248,0.0034530701900566244,128,128,1.0,1.0,0.9999219891817117,1.0,1.0,0.0
lab|centre|open|t=10|S=1000|F=0.05|FrontOnlyThroughMask,38400,1246451.27058927,1.0,0.9999219891817117,1.0,0.28624993499599605,999.6772603822117,0.0,0.30027863874551247,0.003075200696118138,-0.19444444444444337,0.0,0.9548412538721887,0.1287153866417534,0.359441790485121,0.35977466057741614,0.0027297012108474304,128,128,1.0,1.0,0.9999219891817117,1.0,1.0,0.0
lab|centre|open|t=10|S=1000|F=0.1|BareCrystalAllFaces,38400,1246451.27058927,1.0,0.9999219891817117,1.0,162.77297701082847,999.6772603822117,0.0,0.3275321852974316,0.004498099965608055,-0.19487995358261656,0.0008479822218671394,0.9548412538721887,0.13785632020072716,0.384968273440938,0.38511799958061443,0.004403979996447198,128,128,1.0,1.0,0.9999219891817117,1.0,1.0,0.0
lab|centre|open|t=10|S=1000|F=0.1|FrontOnlyThroughMask,38400,1246451.27058927,1.0,0.9999219891817117,1.0,0.5724998699919921,999.6772603822117,0.0,0.3003963033074103,0.0028315407268857326,-0.19446725872507015,0.00018224512115270453,0.9548412538721887,0.1287651517652908,0.359580762457066,0.3593088853465386,0.0025089490682210108,128,128,1.0,1.0,0.9999219891817117,1.0,1.0,0.0
lab|centre|open|t=10|S=1000|F=0.2|BareCrystalAllFaces,38400,1246451.27058927,1.0,0.9999219891817117,1.0,325.54595402165694,999.6772603822117,0.0,0.35597994619965007,0.006755370478215241,-0.2007762694988673,0.0031569493700722004,0.9548412538721887,0.1518443937530393,0.4240308717740902,0.4226891623040697,0.008042474796742052,128,128,1.0,1.0,0.9999219891817117,1.0,1.0,0.0
lab|centre|open|t=10|S=1000|F=0.2|FrontOnlyThroughMask,38400,1246451.27058927,1.0,0.9999219891817117,1.0,1.1449997399839842,999.6772603822117,0.0,0.30044559652817976,0.0032566033686928972,-0.19444444444444337,0.0,0.9548412538721887,0.1287681542175811,0.35958914626044663,0.3596911754433816,0.002872312891910726,128,128,1.0,1.0,0.9999219891817117,1.0,1.0,0.0
lab|centre|open|t=10|S=1000|ideal,38400,1246451.27058927,,,1.0,0,999.6772603822117,0.0,0.2998963634032054,0.0029899135504463225,-0.19444444444444337,0.0,0.9548412538721887,0.1286016945905461,0.3591243008731613,0.35912181472661064,0.0026618863752032804,128,128,,,,,,
lab|centre|open|t=10|S=100|F=0.05|BareCrystalAllFaces,38400,124645.127058927,0.9444884593038609,0.9416739172835363,0.4867447916666667,81.38648850541423,99.96772603822117,0.513046875,0.535755617210035,0.1945558322664481,-4.282423041649426,0.2334818372341642,0.9548412538721887,2.4087883091774858,6.734933808403359,6.747361627116847,0.21556599283759761,128,0,0.493046875,0.46567708333333335,0.46147905246397736,0.392265625,0.41,0.027369791666666667
lab|centre|open|t=10|S=100|F=0.05|FrontOnlyThroughMask,38400,124645.127058927,0.9927604166666667,0.992007424612164,0.9881770833333333,0.28624993499599605,99.96772603822117,0.011770833333333333,0.20546678727562714,0.045184812148113825,-0.3363584762014705,0.04876620333003783,0.9548412538721887,0.4035576243004929,1.1279077434358868,1.1106442721371117,0.238506990966136,128,39,1.0,0.9927604166666667,0.992007424612164,0.8645052083333333,0.8655729166666667,0.007239583333333333
lab|centre|open|t=10|S=100|F=0.1|BareCrystalAllFaces,38400,124645.127058927,0.9145110776012063,0.9093953733889967,0.10481770833333333,162.77297701082847,99.96772603822117,0.89515625,0.7911373936547677,0.25259908663016634,-7.2769233320621005,0.1464939306804838,0.9548412538721887,3.1674936055325214,8.856256569816905,8.866614204354017,0.12124933882762799,128,0,0.22450520833333334,0.2053125,0.20192548665035173,0.16643229166666668,0.17888020833333335,0.019192708333333332
lab|centre|open|t=10|S=100|F=0.1|FrontOnlyThroughMask,38400,124645.127058927,0.9922916666666667,0.9915162287339804,0.987890625,0.5724998699919921,99.96772603822117,0.012083333333333333,0.1964153115838885,0.04296898051924315,-0.33289452136176095,0.04906838498344713,0.9548412538721887,0.40098940590163346,1.1207123733428628,1.1258579584313417,0.24913748655708104,128,40,1.0,0.9922916666666667,0.9915162287339804,0.865390625,0.86625,0.0077083333333333335
lab|centre|open|t=10|S=100|F=0.2|BareCrystalAllFaces,38400,124645.127058927,0.8444762245262781,0.8327598040593946,0.003411458333333333,325.54595402165694,99.96772603822117,0.9965885416666667,0.9565402192963174,0.24606255329117951,-8.068772793117802,0.04900009368480121,0.9548412538721887,3.3241860098455946,9.294246202827207,9.298570914800617,0.07902779700824991,128,0,0.07283854166666667,0.061510416666666665,0.059505211216971436,0.0471875,0.054609375,0.011328125
lab|centre|open|t=10|S=100|F=0.2|FrontOnlyThroughMask,38400,124645.127058927,0.9915625,0.9907534910047829,0.9867447916666666,1.1449997399839842,99.96772603822117,0.013203125,0.19907510963213157,0.0416222598304309,-0.34843528355426695,0.05354644666323358,0.9548412538721887,0.4213732202806346,1.17772387378127,1.1700963225655372,0.25311815202433274,128,30,1.0,0.9915625,0.9907534910047829,0.855546875,0.85671875,0.0084375
lab|centre|open|t=10|S=100|ideal,38400,124645.127058927,,,0.9885677083333333,0,99.96772603822117,0.011354166666666667,0.2039769638889654,0.041852211486535805,-0.3331502126404535,0.0483856649139527,0.9548412538721887,0.3985822286742752,1.1139938070367863,1.1031524231147674,0.2482527652273403,128,48,,,,,,
lab|centre|open|t=10|S=250|F=0.05|BareCrystalAllFaces,38400,311612.8176473175,0.9992967651195499,0.999030338094369,0.9932291666666667,81.38648850541423,249.91931509555292,0.0067708333333333336,0.2543295029212279,0.03523179018539531,-0.33226733516060014,0.0407422263648765,0.9548412538721887,0.3380798934361549,0.9447272535255044,0.9360788208941868,0.2174849295666538,128,77,0.99984375,0.999140625,0.9988510757897724,0.9990364583333333,0.9997135416666667,0.000703125
lab|centre|open|t=10|S=250|F=0.05|FrontOnlyThroughMask,38400,311612.8176473175,1.0,0.9999219891817117,1.0,0.28624993499599605,249.91931509555292,0.0,0.298983855440236,0.010812985805979428,-0.2094170236690512,0.004697266248537267,0.9548412538721887,0.15027193459303545,0.4196403477373651,0.41974117826869073,0.011608104608949475,128,128,1.0,1.0,0.9999219891817117,1.0,1.0,0.0
lab|centre|open|t=10|S=250|F=0.1|BareCrystalAllFaces,38400,311612.8176473175,0.9959490891984424,0.9953729280927368,0.8712760416666666,162.77297701082847,249.91931509555292,0.12872395833333333,0.15693216748874564,0.09570421940282353,-1.3812288193048257,0.15280543556256015,0.9548412538721887,1.213282363259826,3.3920100807241864,3.398089840945941,0.24632893523632826,128,0,0.9964322916666667,0.9923958333333334,0.9916253217631004,0.9906510416666666,0.994453125,0.004036458333333334
lab|centre|open|t=10|S=250|F=0.1|FrontOnlyThroughMask,38400,311612.8176473175,1.0,0.9999219891817117,0.9999739583333334,0.5724998699919921,249.91931509555292,2.604166666666667e-05,0.29785071716009637,0.01094981006533224,-0.20912807576593007,0.005599192908635416,0.9548412538721887,0.1506984152928578,0.4208361528730324,0.4196243937955485,0.029001740660458852,128,128,1.0,1.0,0.9999219891817117,1.0,1.0,0.0
lab|centre|open|t=10|S=250|F=0.2|BareCrystalAllFaces,38400,311612.8176473175,0.9847389336571365,0.983636589269407,0.25458333333333333,325.54595402165694,249.91931509555292,0.7454166666666666,0.24581252148450403,0.23535574353287556,-6.16827663645826,0.2180214777875025,0.9548412538721887,2.848963433038348,7.965274801594577,7.973912596238369,0.1730844459659046,128,0,0.9436458333333333,0.9292447916666666,0.9270553557228116,0.9147395833333334,0.927109375,0.014401041666666666
lab|centre|open|t=10|S=250|F=0.2|FrontOnlyThroughMask,38400,311612.8176473175,1.0,0.9999219891817117,1.0,1.1449997399839842,249.91931509555292,0.0,0.29905579549512246,0.011854965430944551,-0.21020244383333891,0.005060719704479581,0.9548412538721887,0.1511392264509929,0.42206233444257907,0.4231427827979066,0.011766120586582949,128,128,1.0,1.0,0.9999219891817117,1.0,1.0,0.0
lab|centre|open|t=10|S=250|ideal,38400,311612.8176473175,,,1.0,0,249.91931509555292,0.0,0.29785732534815523,0.01117892119862828,-0.20962218514176742,0.005062775270679459,0.9548412538721887,0.1499782797602618,0.41882031497514266,0.41894593301011523,0.01210543193336353,128,128,,,,,,
lab|centre|open|t=10|S=25|F=0.05|BareCrystalAllFaces,38400,31161.28176473175,0.3695652173913043,0.3248000694517135,0.025442708333333335,81.38648850541423,24.991931509555293,0.9737760416666666,1.1331919426217225,0.2611933383785417,-7.701684854786683,0.12387629341233393,0.9548412538721887,3.3099002210356874,9.254563285580021,9.250740374498042,0.09291694811372082,128,0,0.008385416666666666,0.0030989583333333333,0.002647517330008851,0.0016666666666666668,0.004375,0.005286458333333333
lab|centre|open|t=10|S=25|F=0.05|FrontOnlyThroughMask,38400,31161.28176473175,0.608203125,0.6040866789551628,0.5473697916666667,0.28624993499599605,24.991931509555293,0.44697916666666665,0.20827121626223688,0.20451431494465375,-2.217301382239645,0.239120433818267,0.9548412538721887,2.060881954336655,5.76176879184364,5.755219892186227,0.2194771761118464,128,0,1.0,0.608203125,0.6040866789551628,0.02234375,0.022734375,0.391796875
lab|centre|open|t=10|S=25|F=0.1|BareCrystalAllFaces,38400,31161.28176473175,0.2711864406779661,0.22382160792233982,0.0021875,162.77297701082847,24.991931509555293,0.9978125,1.2022832314362608,0.2935067763092125,-8.06495092772393,0.05457713339123663,0.9548412538721887,3.34536004226813,9.353599595143146,9.345553498930267,0.08341105879112111,128,0,0.006145833333333333,0.0016666666666666668,0.001339621145325473,0.0009375,0.003515625,0.004479166666666667
lab|centre|open|t=10|S=25|F=0.1|FrontOnlyThroughMask,38400,31161.28176473175,0.6009427574352831,0.5968135752854993,0.537578125,0.5724998699919921,24.991931509555293,0.4571354166666667,0.2300929190829902,0.2285348590398236,-2.191481841709926,0.2254055828508346,0.9548412538721887,2.074634135448382,5.800181179034016,5.803240583524064,0.22250663694298467,128,0,0.9999479166666667,0.6009114583333334,0.5967823318033365,0.02216145833333333,0.022682291666666667,0.39903645833333334
lab|centre|open|t=10|S=25|F=0.2|BareCrystalAllFaces,38400,31161.28176473175,0.19745222929936307,0.1466596449368555,0.00010416666666666667,325.54595402165694,24.991931509555293,0.9998958333333333,1.247081615869883,0.2732353724512285,-8.117694292444988,0.045394476329929996,0.9548412538721887,3.332288692251866,9.316918762966294,9.308985411923045,0.08191230914095743,128,0,0.0040885416666666665,0.0008072916666666667,0.0005845500119684843,0.0005989583333333333,0.0023697916666666667,0.00328125
lab|centre|open|t=10|S=25|F=0.2|FrontOnlyThroughMask,38400,31161.28176473175,0.5976871897771676,0.5935241316154478,0.5318489583333333,1.1449997399839842,24.991931509555293,0.462109375,0.22239610434776405,0.1981685268534801,-2.2208006272578245,0.23105136066984716,0.9548412538721887,2.085384494359805,5.830231801331828,5.856960176540935,0.22903020519465625,128,0,0.9863541666666666,0.58953125,0.5853842281064086,0.021640625,0.02216145833333333,0.3968229166666667
lab|centre|open|t=10|S=25|ideal,38400,31161.28176473175,,,0.5555729166666666,0,24.991931509555293,0.4384635416666667,0.16940288744398407,0.18926286210445253,-2.122567359065192,0.22177536839617032,0.9548412538721887,2.0297568961080366,5.674702609112108,5.700290951247094,0.22691521759021824,128,0,,,,,,
lab|centre|open|t=10|S=500|F=0.05|BareCrystalAllFaces,38400,623225.635294635,1.0,0.9999219891817117,1.0,81.38648850541423,499.83863019110584,0.0,0.3273922097470631,0.007874223543705818,-0.20284538230741397,0.0034657424422384164,0.9548412538721887,0.1475997791354981,0.4121777910778413,0.41218425977402423,0.009157546584213885,128,128,1.0,1.0,0.9999219891817117,1.0,1.0,0.0
lab|centre|open|t=10|S=500|F=0.05|FrontOnlyThroughMask,38400,623225.635294635,1.0,0.9999219891817117,1.0,0.28624993499599605,499.83863019110584,0.0,0.30518932636768115,0.004959286009055768,-0.1954454115992089,0.0010858990684460953,0.9548412538721887,0.13212353559266435,0.36895927582452975,0.3686358127961481,0.004816094679418761,128,128,1.0,1.0,0.9999219891817117,1.0,1.0,0.0
lab|centre|open|t=10|S=500|F=0.1|BareCrystalAllFaces,38400,623225.635294635,1.0,0.9999219891817117,0.9999739583333334,162.77297701082847,499.83863019110584,2.604166666666667e-05,0.33243687445784914,0.01432423216283519,-0.22991215973887005,0.00799757935503912,0.9548412538721887,0.1769441952490272,0.4941286572692933,0.4908780967653238,0.027323172220009496,128,128,1.0,1.0,0.9999219891817117,1.0,1.0,0.0
lab|centre|open|t=10|S=500|F=0.1|FrontOnlyThroughMask,38400,623225.635294635,1.0,0.9999219891817117,1.0,0.5724998699919921,499.83863019110584,0.0,0.3058659195032372,0.00456054986544164,-0.19541410635245612,0.0012139544942001861,0.9548412538721887,0.13237027521315903,0.36964830529203857,0.3695787741537975,0.004668528409614868,128,128,1.0,1.0,0.9999219891817117,1.0,1.0,0.0
lab|centre|open|t=10|S=500|F=0.2|BareCrystalAllFaces,38400,623225.635294635,0.9999479166666667,0.999836056211534,0.9752864583333334,325.54595402165694,499.83863019110584,0.02471354166666667,0.21670292098942776,0.05224339691631243,-0.5494020680223723,0.07208795674660623,0.9548412538721887,0.5650283949161929,1.5792867980836183,1.611788039934845,0.24979259156538272,128,3,1.0,0.9999479166666667,0.999836056211534,0.9999479166666667,1.0,5.208333333333334e-05
lab|centre|open|t=10|S=500|F=0.2|FrontOnlyThroughMask,38400,623225.635294635,1.0,0.9999219891817117,1.0,1.1449997399839842,499.83863019110584,0.0,0.30624487230711017,0.00445084686291647,-0.19556849752575825,0.001486484978212365,0.9548412538721887,0.13239663721904926,0.36972192308518353,0.369064332100816,0.005234768915632101,128,128,1.0,1.0,0.9999219891817117,1.0,1.0,0.0
lab|centre|open|t=10|S=500|ideal,38400,623225.635294635,,,1.0,0,499.83863019110584,0.0,0.30532513652888393,0.004886366910255479,-0.1956625876340175,0.0013318403869013332,0.9548412538721887,0.13250091171201903,0.370013131210215,0.37044598839257975,0.005023134233993167,128,128,,,,,,
lab|centre|open|t=10|S=50|F=0.05|BareCrystalAllFaces,38400,62322.5635294635,0.7825860271115745,0.7665176014069979,0.11151041666666667,81.38648850541423,49.983863019110586,0.8879947916666666,0.9538123654161929,0.2356807816011041,-7.042439963389853,0.1849402532951681,0.9548412538721887,3.1626297000636483,8.84277964459294,8.851753699613628,0.1334330231434246,128,0,0.04994791666666667,0.039088541666666664,0.03747456757394037,0.02546875,0.030989583333333334,0.010859375
lab|centre|open|t=10|S=50|F=0.05|FrontOnlyThroughMask,38400,62322.5635294635,0.880625,0.8778691500094636,0.8482291666666667,0.28624993499599605,49.983863019110586,0.150234375,0.1614381667832125,0.1245227930989831,-1.0032264507260473,0.14414400446511005,0.9548412538721887,1.217722506990599,3.404362776046143,3.402690237987281,0.24922482255081427,128,0,1.0,0.880625,0.8778691500094636,0.27252604166666666,0.273671875,0.119375
lab|centre|open|t=10|S=50|F=0.1|BareCrystalAllFaces,38400,62322.5635294635,0.6248236953455572,0.593862513420324,0.010703125,162.77297701082847,49.983863019110586,0.98921875,1.0713891861713467,0.25937922092117777,-7.988977447896159,0.0706318613158677,0.9548412538721887,3.3319829131976983,9.316206302658474,9.311381067699065,0.08735660706935927,128,0,0.018463541666666666,0.011536458333333333,0.010654534430737361,0.007578125,0.011666666666666667,0.006927083333333334
lab|centre|open|t=10|S=50|F=0.1|FrontOnlyThroughMask,38400,62322.5635294635,0.8794791666666667,0.8767121314992453,0.8460416666666667,0.5724998699919921,49.983863019110586,0.15221354166666667,0.16650999647091744,0.13242661359606528,-1.015129219503735,0.14306908604485313,0.9548412538721887,1.230565914259424,3.440271441827598,3.4122543790280746,0.25293158956530276,128,0,1.0,0.8794791666666667,0.8767121314992453,0.26221354166666666,0.2635416666666667,0.12052083333333333
lab|centre|open|t=10|S=50|F=0.2|BareCrystalAllFaces,38400,62322.5635294635,0.4759036144578313,0.429609689870194,0.00013020833333333333,325.54595402165694,49.983863019110586,0.9998697916666667,1.178523445441613,0.25083531700659517,-8.104867843298427,0.042239583182339724,0.9548412538721887,3.3323365220072514,9.317067435067516,9.323014754934075,0.06911695892381291,128,0,0.008645833333333333,0.004114583333333333,0.0035922593086809107,0.0025260416666666665,0.005494791666666667,0.00453125
lab|centre|open|t=10|S=50|F=0.2|FrontOnlyThroughMask,38400,62322.5635294635,0.8787254569633126,0.8759493142412647,0.8448697916666666,1.1449997399839842,49.983863019110586,0.15341145833333333,0.1832932904976586,0.12017503168424797,-1.0243031812038468,0.1670187633251202,0.9548412538721887,1.2385316920922067,3.4625749723872024,3.48207925163579,0.2909412265634965,128,0,0.9987239583333334,0.8776041666666666,0.8748190002130469,0.255859375,0.25723958333333335,0.12111979166666667
lab|centre|open|t=10|S=50|ideal,38400,62322.5635294635,,,0.857109375,0,49.983863019110586,0.14138020833333334,0.140051854225336,0.11463749343854784,-0.9780474875541643,0.14149398124094642,0.9548412538721887,1.1872532782090708,3.3191753953565,3.3229184117418344,0.24477031958697754,128,0,,,,,,
lab|centre|open|t=10|default|F=0.05|BareCrystalAllFaces,38400,1000000,1.0,0.9999219891817117,1.0,81.38648850541423,802.0187262592353,0.0,0.318797298447676,0.004361666679495864,-0.1949290732100967,0.0008687929777916632,0.9548412538721887,0.1351607503301184,0.37744077844501545,0.37718605782405074,0.004175216432403002,128,128,1.0,1.0,0.9999219891817117,1.0,1.0,0.0
lab|centre|open|t=10|default|F=0.05|FrontOnlyThroughMask,38400,1000000,1.0,0.9999219891817117,1.0,0.28624993499599605,802.0187262592353,0.0,0.30167748647076326,0.0031755582063021704,-0.19452537196257685,0.00034007649326889207,0.9548412538721887,0.1293523720989149,0.3612206073370115,0.361191744354346,0.002940919287679159,128,128,1.0,1.0,0.9999219891817117,1.0,1.0,0.0
lab|centre|open|t=10|default|F=0.1|BareCrystalAllFaces,38400,1000000,1.0,0.9999219891817117,1.0,162.77297701082847,802.0187262592353,0.0,0.3362032331450714,0.0052968623258662145,-0.19671235242220025,0.001795335336426616,0.9548412538721887,0.14236535492126048,0.39756004658329136,0.3977485780175303,0.005646691216440602,128,128,1.0,1.0,0.9999219891817117,1.0,1.0,0.0
lab|centre|open|t=10|default|F=0.1|FrontOnlyThroughMask,38400,1000000,1.0,0.9999219891817117,1.0,0.5724998699919921,802.0187262592353,0.0,0.30160513049868026,0.0033243840776487404,-0.1945171137001942,0.0003296506069839643,0.9548412538721887,0.1293737984224252,0.3612804432245668,0.36139284614261424,0.003065236159960448,128,128,1.0,1.0,0.9999219891817117,1.0,1.0,0.0
lab|centre|open|t=10|default|F=0.2|BareCrystalAllFaces,38400,1000000,1.0,0.9999219891817117,1.0,325.54595402165694,802.0187262592353,0.0,0.35659212402180623,0.012889167089950434,-0.22038749318354528,0.007377133064682746,0.9548412538721887,0.17065177270000978,0.4765522256673341,0.4736681501690527,0.015251478514465892,128,128,1.0,1.0,0.9999219891817117,1.0,1.0,0.0
lab|centre|open|t=10|default|F=0.2|FrontOnlyThroughMask,38400,1000000,1.0,0.9999219891817117,1.0,1.1449997399839842,802.0187262592353,0.0,0.30190780991095095,0.0032731431001331115,-0.19446931605761125,0.000198471223994072,0.9548412538721887,0.1294070163033885,0.3613732024734879,0.3610554084074391,0.0029550489799171627,128,128,1.0,1.0,0.9999219891817117,1.0,1.0,0.0
lab|centre|open|t=10|default|ideal,38400,1000000,,,1.0,0,802.0187262592353,0.0,0.301717017609054,0.0030582134273734393,-0.1944793086634077,0.000227849778481846,0.9548412538721887,0.12934216269615997,0.36119209588668794,0.3610725486777894,0.0027905092926437326,128,128,,,,,,
lab|centre|open|t=60|S=1000|F=0.05|BareCrystalAllFaces,38400,207741.87843154502,1.0,0.9999219891817117,1.0,488.3189310324854,999.6772603822119,0.0,0.3675104971002103,0.013597870485537449,-0.22790565248885292,0.008620450442922162,0.9548412538721887,0.1789941311550528,0.4998488822929878,0.4981605795480147,0.015786517668386603,128,128,1.0,1.0,0.9999219891817117,1.0,1.0,0.0
lab|centre|open|t=60|S=1000|F=0.05|FrontOnlyThroughMask,38400,207741.87843154502,1.0,0.9999219891817117,1.0,1.717499609975976,999.6772603822119,0.0,0.3000686581911417,0.002921783222029605,-0.19444444444444337,0.0,0.9548412538721887,0.12864380395553024,0.3592418925773617,0.35913387837028615,0.0026159037230162312,128,128,1.0,1.0,0.9999219891817117,1.0,1.0,0.0
lab|centre|open|t=60|S=1000|F=0.1|BareCrystalAllFaces,38400,207741.87843154502,1.0,0.9999219891817117,0.8755729166666667,976.6378620649708,999.6772603822119,0.12442708333333333,-0.0074889816724651795,0.09410095464798399,-1.4653351038010618,0.16019488930525394,0.9548412538721887,1.1685229985463679,3.2664994555707687,3.2820422346231117,0.2636584383364014,128,0,1.0,1.0,0.9999219891817117,1.0,1.0,0.0
lab|centre|open|t=60|S=1000|F=0.1|FrontOnlyThroughMask,38400,207741.87843154502,1.0,0.9999219891817117,1.0,3.434999219951952,999.6772603822119,0.0,0.30079455409163885,0.003090002617713659,-0.19444444444444337,0.0,0.9548412538721887,0.12887684839261587,0.359892679342755,0.3601458009760965,0.0027655799432832065,128,128,1.0,1.0,0.9999219891817117,1.0,1.0,0.0
lab|centre|open|t=60|S=1000|F=0.2|BareCrystalAllFaces,38400,207741.87843154502,1.0,0.9999219891817117,0.003671875,1953.2757241299416,999.6772603822119,0.996328125,-0.47299600655376084,0.23453046122385623,-8.11832808312883,0.061419353519381284,0.9548412538721887,3.212379541603086,8.980660342493346,8.97927546830589,0.08834517317483241,128,0,1.0,1.0,0.9999219891817117,1.0,1.0,0.0
lab|centre|open|t=60|S=1000|F=0.2|FrontOnlyThroughMask,38400,207741.87843154502,1.0,0.9999219891817117,1.0,6.869998439903904,999.6772603822119,0.0,0.3011485160886638,0.0030092319299225025,-0.19444444444444337,0.0,0.9548412538721887,0.12898759991124772,0.36020195767807034,0.36009179197714036,0.0026790920418474436,128,128,1.0,1.0,0.9999219891817117,1.0,1.0,0.0
lab|centre|open|t=60|S=1000|ideal,38400,207741.87843154502,,,1.0,0,999.6772603822119,0.0,0.30001686184704723,0.0028664736078911164,-0.19444444444444337,0.0,0.9548412538721887,0.12862111060465276,0.35917852015405183,0.3590628404802185,0.0025450802151539362,128,128,,,,,,
lab|centre|open|t=60|S=100|F=0.05|BareCrystalAllFaces,38400,20774.1878431545,0.7716643741403026,0.7528143159437908,0.00010416666666666667,488.3189310324854,99.96772603822119,0.9998958333333333,0.9637552459950337,0.25223275513543525,-8.106381189611035,0.046621012067658674,0.9548412538721887,3.3149983056688423,9.26843342350426,9.266071788540648,0.08379713581555055,128,0,0.03786458333333333,0.02921875,0.027818430822709083,0.022265625,0.027890625,0.008645833333333333
lab|centre|open|t=60|S=100|F=0.05|FrontOnlyThroughMask,38400,20774.1878431545,0.9921352118544754,0.9913524274522973,0.9869010416666667,1.717499609975976,99.96772603822119,0.01296875,0.2029726319229519,0.04617377194480865,-0.34260451557649274,0.05133393903765047,0.9548412538721887,0.41490162933958835,1.1596160460641907,1.1540920678755464,0.24323928583081747,128,31,0.9999739583333334,0.992109375,0.991325397124419,0.8554947916666666,0.856640625,0.007864583333333333
lab|centre|open|t=60|S=100|F=0.1|BareCrystalAllFaces,38400,20774.1878431545,0.5737704918032787,0.535663714914429,0.0,976.6378620649708,99.96772603822119,1.0,1.0484877039476783,0.2758670245617423,-8.13765528959989,0.04656909696829257,0.9548412538721887,3.2788482718986716,9.167079745226943,9.161990781278146,0.08913937256501621,128,0,0.012708333333333334,0.007291666666666667,0.006592242849132356,0.005208333333333333,0.008619791666666666,0.005416666666666667
lab|centre|open|t=60|S=100|F=0.1|FrontOnlyThroughMask,38400,20774.1878431545,0.990719983316824,0.9898735469447215,0.9845572916666666,3.434999219951952,99.96772603822119,0.0153125,0.2002176609766651,0.04706701918816099,-0.3577750782218069,0.056686418246811865,0.9548412538721887,0.4412675679760754,1.2333574274494294,1.2172883293661028,0.2653194944628169,128,23,0.9990104166666667,0.9897395833333333,0.9888526567973321,0.84109375,0.8425260416666667,0.009270833333333334
lab|centre|open|t=60|S=100|F=0.2|BareCrystalAllFaces,38400,20774.1878431545,0.4107142857142857,0.3555461556813032,0.0,1953.2757241299416,99.96772603822119,1.0,1.1382342933045662,0.25542745989311866,-8.191221895509976,0.052065576335266144,0.9548412538721887,3.237411038343412,9.050865394346275,9.042129061940681,0.0763342296159739,128,0,0.005833333333333334,0.002395833333333333,0.0020006755010593745,0.001875,0.004505208333333333,0.0034375
lab|centre|open|t=60|S=100|F=0.2|FrontOnlyThroughMask,38400,20774.1878431545,0.9917200643409013,0.9909128866555218,0.982265625,6.869998439903904,99.96772603822119,0.017604166666666667,0.19836513551860516,0.04557785873017116,-0.37470893177268444,0.0568029025863465,0.9548412538721887,0.47320998609018267,1.322669166441556,1.3648992534013282,0.2504384785496857,128,13,0.987578125,0.9794010416666666,0.9781685765034089,0.8180989583333333,0.8192447916666666,0.008177083333333333
lab|centre|open|t=60|S=100|ideal,38400,20774.1878431545,,,0.98875,0,99.96772603822119,0.011171875,0.19566474225370906,0.04088228369365802,-0.3328878677755893,0.04391968565013271,0.9548412538721887,0.3938751240688141,1.1008081827638332,1.097447691341217,0.22096738139711533,128,48,,,,,,
lab|centre|open|t=60|S=250|F=0.05|BareCrystalAllFaces,38400,51935.469607886254,0.9736858994929722,0.9721452732492708,0.0303125,488.3189310324854,249.91931509555297,0.9696875,0.39941008884355983,0.26949042244878474,-7.868336143191208,0.08932315195513273,0.9548412538721887,3.244669014692966,9.071636571596697,9.058369118221478,0.10329014515156375,128,0,0.8115104166666667,0.79015625,0.7867091101455923,0.7584114583333333,0.7759895833333333,0.021354166666666667
lab|centre|open|t=60|S=250|F=0.05|FrontOnlyThroughMask,38400,51935.469607886254,1.0,0.9999219891817117,1.0,1.717499609975976,249.91931509555297,0.0,0.29826401883670817,0.011503387771115146,-0.2102009323925458,0.0051234812415155,0.9548412538721887,0.15099299310550435,0.4216539735717864,0.4215961772591752,0.014255365546361944,128,128,1.0,1.0,0.9999219891817117,1.0,1.0,0.0
lab|centre|open|t=60|S=250|F=0.1|BareCrystalAllFaces,38400,51935.469607886254,0.9423374613003096,0.9391639292228623,0.0,976.6378620649708,249.91931509555297,1.0,0.6323053754863105,0.2458155122200017,-8.105078799472915,0.048188953531459536,0.9548412538721887,3.268396618415364,9.137778471027714,9.130439586005549,0.07990793071593678,128,0,0.40375,0.38046875,0.37638726779964954,0.33625,0.353203125,0.02328125
lab|centre|open|t=60|S=250|F=0.1|FrontOnlyThroughMask,38400,51935.469607886254,1.0,0.9999219891817117,0.9999739583333334,3.434999219951952,249.91931509555297,2.604166666666667e-05,0.29869454961115566,0.011911850828051556,-0.2107179262987094,0.00552825648416672,0.9548412538721887,0.15245464176498222,0.4257400444362419,0.42386381249076643,0.029130369366465472,128,128,1.0,1.0,0.9999219891817117,1.0,1.0,0.0
lab|centre|open|t=60|S=250|F=0.2|BareCrystalAllFaces,38400,51935.469607886254,0.8971514998739601,0.8888745980156809,0.0,1953.2757241299416,249.91931509555297,1.0,0.9205944248482155,0.23984158575956113,-8.153881985764123,0.05311762295160684,0.9548412538721887,3.2399788687749327,9.058076977828415,9.05818423739056,0.08204257614889765,128,0,0.10330729166666666,0.09268229166666667,0.09025797819140534,0.08151041666666667,0.09,0.010625
lab|centre|open|t=60|S=250|F=0.2|FrontOnlyThroughMask,38400,51935.469607886254,1.0,0.9999219891817117,0.9999739583333334,6.869998439903904,249.91931509555297,2.604166666666667e-05,0.29903764743275235,0.012367474431114632,-0.2117046221182998,0.005309690901360843,0.9548412538721887,0.1543509084099828,0.4310349872687103,0.4304542373941026,0.024538225969421523,128,128,1.0,1.0,0.9999219891817117,0.9999739583333334,0.9999739583333334,0.0
lab|centre|open|t=60|S=250|ideal,38400,51935.469607886254,,,1.0,0,249.91931509555297,0.0,0.29922622630736373,0.010084087768917406,-0.21001124027599458,0.005256968616347468,0.9548412538721887,0.15034679667621884,0.419849412192122,0.4195999665841758,0.01316389540713139,128,128,,,,,,
lab|centre|open|t=60|S=25|F=0.05|BareCrystalAllFaces,38400,5193.546960788625,0.14893617021276595,0.10202120240824428,0.0,488.3189310324854,24.991931509555297,1.0,1.2315594130454313,0.23187609720757485,-8.12562299593819,0.046567420389585945,0.9548412538721887,3.311612855030422,9.25894317366939,9.257226320095736,0.083776710822672,128,0,0.003671875,0.000546875,0.00036648726931002364,0.0003385416666666667,0.002109375,0.003125
lab|centre|open|t=60|S=25|F=0.05|FrontOnlyThroughMask,38400,5193.546960788625,0.6024328320732082,0.5981609421852712,0.519375,1.717499609975976,24.991931509555297,0.474375,0.2843283275406751,0.210431972859807,-2.2741762065657496,0.23865401764197294,0.9548412538721887,2.1127427558913596,5.906737756451175,5.905357290122783,0.2147616119965461,128,0,0.9334114583333334,0.5623177083333334,0.5581371019304997,0.021354166666666667,0.021744791666666666,0.37109375
lab|centre|open|t=60|S=25|F=0.1|BareCrystalAllFaces,38400,5193.546960788625,0.14285714285714285,0.0987357193395889,0.0,976.6378620649708,24.991931509555297,1.0,1.2670160693403754,0.24454029005947875,-8.162331271583975,0.04510456498597558,0.9548412538721887,3.277232781537593,9.162538923907634,9.162207801696972,0.08020985192638373,128,0,0.0040104166666666665,0.0005729166666666667,0.00038788861883688844,0.00046875,0.002395833333333333,0.0034375
lab|centre|open|t=60|S=25|F=0.1|FrontOnlyThroughMask,38400,5193.546960788625,0.6555685358255452,0.6506588009261207,0.49375,3.434999219951952,24.991931509555297,0.4998958333333333,0.19781179827274334,0.20291327806079296,-2.3354204830422307,0.21753306838415523,0.9548412538721887,2.15879208930798,6.035449536172675,6.023674852561223,0.21567363381672466,128,0,0.66875,0.43841145833333334,0.4342370103845014,0.017369791666666665,0.018177083333333333,0.23033854166666667
lab|centre|open|t=60|S=25|F=0.2|BareCrystalAllFaces,38400,5193.546960788625,0.0873015873015873,0.049730755698857515,0.0,1953.2757241299416,24.991931509555297,1.0,1.2707999522472955,0.22525139469688568,-8.217513728034907,0.049077448602704195,0.9548412538721887,3.23643190762962,9.048104385145658,9.040365260094262,0.0831483458985717,128,0,0.00328125,0.00028645833333333333,0.00016065924609382504,0.00015625,0.002578125,0.002994791666666667
lab|centre|open|t=60|S=25|F=0.2|FrontOnlyThroughMask,38400,5193.546960788625,0.7376749291136925,0.7306627920247796,0.44674479166666664,6.869998439903904,24.991931509555297,0.5461979166666666,0.344368938594658,0.22042733750763982,-2.4250490544551444,0.23838061633479019,0.9548412538721887,2.2412313269885225,6.26589576265898,6.281422641180358,0.18861866540996083,128,0,0.2847135416666667,0.21002604166666666,0.206610251937608,0.014036458333333333,0.014609375,0.0746875
lab|centre|open|t=60|S=25|ideal,38400,5193.546960788625,,,0.5479427083333334,0,24.991931509555297,0.446171875,0.2044485373145851,0.21114123001877716,-2.174522493087709,0.22148373579563654,0.9548412538721887,2.0546708715066995,5.744411525495536,5.758750434275304,0.21444276000751236,128,0,,,,,,
lab|centre|open|t=60|S=500|F=0.05|BareCrystalAllFaces,38400,103870.93921577251,0.9998437459308837,0.9996916197099257,0.7205989583333333,488.3189310324854,499.83863019110595,0.2794010416666667,-0.005295590139584416,0.1317829087749022,-2.6329827147388087,0.23432658477608645,0.9548412538721887,1.7365994476025464,4.854937201917283,4.8477538957862425,0.2686479931182652,128,0,0.9999739583333334,0.9998177083333334,0.9996576286129569,0.9998177083333334,0.9999739583333334,0.00015625
lab|centre|open|t=60|S=500|F=0.05|FrontOnlyThroughMask,38400,103870.93921577251,1.0,0.9999219891817117,1.0,1.717499609975976,499.83863019110595,0.0,0.30562361125384824,0.004870326080796219,-0.19552621527395342,0.0013663025959823486,0.9548412538721887,0.13235415704195444,0.36960329979865053,0.3691691469743327,0.004614012018899018,128,128,1.0,1.0,0.9999219891817117,1.0,1.0,0.0
lab|centre|open|t=60|S=500|F=0.1|BareCrystalAllFaces,38400,103870.93921577251,0.997496740547588,0.9970346314289759,0.014140625,976.6378620649708,499.83863019110595,0.985859375,-0.021669503775237915,0.24372911827096752,-7.998151933324745,0.062303037826448596,0.9548412538721887,3.223574521935297,9.012265770120353,9.01468533091884,0.07867720165652463,128,0,0.9986979166666666,0.9961979166666667,0.9956393748414097,0.995546875,0.9980208333333334,0.0025
lab|centre|open|t=60|S=500|F=0.1|FrontOnlyThroughMask,38400,103870.93921577251,1.0,0.9999219891817117,1.0,3.434999219951952,499.83863019110595,0.0,0.30681454687304793,0.004558097301076866,-0.19551869756713414,0.001214899666322587,0.9548412538721887,0.13271727958986862,0.37061733569504623,0.37000468265639846,0.005062321626828921,128,128,1.0,1.0,0.9999219891817117,1.0,1.0,0.0
lab|centre|open|t=60|S=500|F=0.2|BareCrystalAllFaces,38400,103870.93921577251,0.9803206159503562,0.9790515873559102,0.0,1953.2757241299416,499.83863019110595,1.0,0.3743378712464081,0.25485962933255835,-8.130095866531324,0.05922958842099221,0.9548412538721887,3.231311964608296,9.03375592388375,9.04061360548139,0.08741162677027775,128,0,0.9064583333333334,0.8886197916666667,0.8859442909498229,0.8769270833333334,0.8935677083333333,0.017838541666666666
lab|centre|open|t=60|S=500|F=0.2|FrontOnlyThroughMask,38400,103870.93921577251,1.0,0.9999219891817117,1.0,6.869998439903904,499.83863019110595,0.0,0.30766318336002274,0.004582880960197935,-0.1956570255623208,0.0014670437147231432,0.9548412538721887,0.1331280490114661,0.3717644363513006,0.3712388576436736,0.005350306039676789,128,128,1.0,1.0,0.9999219891817117,1.0,1.0,0.0
lab|centre|open|t=60|S=500|ideal,38400,103870.93921577251,,,1.0,0,499.83863019110595,0.0,0.3051737954168151,0.004744810411681458,-0.19551425856778668,0.001172394736295957,0.9548412538721887,0.13219192846609962,0.3691502700000554,0.36936044656136047,0.004804658481230744,128,128,,,,,,
lab|centre|open|t=60|S=50|F=0.05|BareCrystalAllFaces,38400,10387.09392157725,0.2956521739130435,0.24617453004688142,0.0,488.3189310324854,49.98386301911059,1.0,1.1488701285885663,0.22353714627952226,-8.124985407365152,0.044601632105660705,0.9548412538721887,3.314586657663008,9.267275147875878,9.272741422860447,0.07909051969870315,128,0,0.005989583333333334,0.0017708333333333332,0.0014332448407203013,0.00125,0.00375,0.00421875
lab|centre|open|t=60|S=50|F=0.05|FrontOnlyThroughMask,38400,10387.09392157725,0.8785731159933853,0.8757861394496119,0.841875,1.717499609975976,49.98386301911059,0.15677083333333333,0.18231353191166313,0.13843066289656897,-1.0536477861070455,0.14849815497394855,0.9548412538721887,1.250778100066013,3.4967992502619394,3.4790150799828625,0.2699038257332086,128,0,0.992109375,0.871640625,0.8687991644981332,0.25026041666666665,0.25169270833333335,0.12046875
lab|centre|open|t=60|S=50|F=0.1|BareCrystalAllFaces,38400,10387.09392157725,0.21714285714285714,0.1669243360275153,0.0,976.6378620649708,49.98386301911059,1.0,1.1824906800061488,0.23719225779919303,-8.156605029104735,0.041403351566179324,0.9548412538721887,3.279485505520585,9.168865245607533,9.168441536182371,0.074433863958374,128,0,0.004557291666666667,0.0009895833333333334,0.0007412258893442127,0.00078125,0.0027864583333333335,0.0035677083333333333
lab|centre|open|t=60|S=50|F=0.1|FrontOnlyThroughMask,38400,10387.09392157725,0.891783006462804,0.8890426789987721,0.8253645833333333,3.434999219951952,49.98386301911059,0.1728125,0.21846244933016792,0.13429479155027252,-1.0897595840072547,0.16458548066786494,0.9548412538721887,1.3071937186690932,3.654528290301988,3.6472382868241082,0.27654271251073925,128,0,0.9308072916666666,0.830078125,0.8268942505894255,0.23299479166666667,0.2340625,0.10072916666666666
lab|centre|open|t=60|S=50|F=0.2|BareCrystalAllFaces,38400,10387.09392157725,0.1346153846153846,0.0832550440455057,0.0,1953.2757241299416,49.98386301911059,1.0,1.2337713749271957,0.22866302092665214,-8.200812682540134,0.053598690801452166,0.9548412538721887,3.2363599551383833,9.047910801533236,9.03873068906788,0.083033428519767,128,0,0.0027083333333333334,0.00036458333333333335,0.00022042805986020682,0.000234375,0.001979166666666667,0.00234375
lab|centre|open|t=60|S=50|F=0.2|FrontOnlyThroughMask,38400,10387.09392157725,0.9242303223932616,0.9215562125491017,0.7954947916666667,6.869998439903904,49.98386301911059,0.20236979166666666,0.23136642115898848,0.15607552118788454,-1.2083384153508956,0.16367840706908274,0.9548412538721887,1.4021100580655124,3.9198821826698524,3.9233828497800287,0.24084314665842757,128,0,0.7172916666666667,0.6629427083333334,0.658952856255084,0.19736979166666666,0.19880208333333332,0.054348958333333336
lab|centre|open|t=60|S=50|ideal,38400,10387.09392157725,,,0.8509895833333333,0,49.98386301911059,0.14765625,0.15749962536769696,0.11542283754940962,-1.000227407651348,0.14298109232716785,0.9548412538721887,1.2137573572287317,3.393299265301533,3.3790839816748246,0.28117023027722976,128,0,,,,,,
lab|centre|open|t=60|default|F=0.05|BareCrystalAllFaces,38400,1000000,1.0,0.9999219891817117,1.0,488.3189310324854,4812.112357555412,0.0,0.3107077089837698,0.002526225730288248,-0.19444444444444337,0.0,0.9548412538721887,0.1313988825331673,0.366935548888025,0.3670684336055897,0.002168311019820942,128,128,1.0,1.0,0.9999219891817117,1.0,1.0,0.0
lab|centre|open|t=60|default|F=0.05|FrontOnlyThroughMask,38400,1000000,1.0,0.9999219891817117,1.0,1.717499609975976,4812.112357555412,0.0,0.29541392385506643,0.002293520318599936,-0.19444444444444337,0.0,0.9548412538721887,0.126747221082167,0.3539455921219388,0.35415887387348266,0.0019329266045122816,128,128,1.0,1.0,0.9999219891817117,1.0,1.0,0.0
lab|centre|open|t=60|default|F=0.1|BareCrystalAllFaces,38400,1000000,1.0,0.9999219891817117,1.0,976.6378620649708,4812.112357555412,0.0,0.32753719490349775,0.0032908856682288545,-0.19444444444444337,0.0,0.9548412538721887,0.1366027925566096,0.38146768903945305,0.38187811108842773,0.002870565307564944,128,128,1.0,1.0,0.9999219891817117,1.0,1.0,0.0
lab|centre|open|t=60|default|F=0.1|FrontOnlyThroughMask,38400,1000000,1.0,0.9999219891817117,1.0,3.434999219951952,4812.112357555412,0.0,0.2955913257266076,0.002282674675814163,-0.19444444444444337,0.0,0.9548412538721887,0.12680163519479157,0.354097545775336,0.3542174281893811,0.001919074134646413,128,128,1.0,1.0,0.9999219891817117,1.0,1.0,0.0
lab|centre|open|t=60|default|F=0.2|BareCrystalAllFaces,38400,1000000,1.0,0.9999219891817117,1.0,1953.2757241299416,4812.112357555412,0.0,0.3677689889310201,0.004556422489679601,-0.19444444444444337,0.0,0.9548412538721887,0.14933762293532152,0.4170302743355018,0.41698816595533866,0.0040809378011913205,128,128,1.0,1.0,0.9999219891817117,1.0,1.0,0.0
lab|centre|open|t=60|default|F=0.2|FrontOnlyThroughMask,38400,1000000,1.0,0.9999219891817117,1.0,6.869998439903904,4812.112357555412,0.0,0.2956430501357984,0.002208535012641239,-0.19444444444444337,0.0,0.9548412538721887,0.12681718359988745,0.3541409653237942,0.3541051002648562,0.0018621392520431314,128,128,1.0,1.0,0.9999219891817117,1.0,1.0,0.0
lab|centre|open|t=60|default|ideal,38400,1000000,,,1.0,0,4812.112357555412,0.0,0.2955176332973677,0.00221952627712731,-0.19444444444444337,0.0,0.9548412538721887,0.12677747895003286,0.35403008842091516,0.3540371718628923,0.0018687323324455935,128,128,,,,,,
lab|edge|cs662|t=10|S=1000|F=0.05|BareCrystalAllFaces,38400,3959042.1769880415,0.9999739583333334,0.9998764678836031,1.0,0.8282413032932074,1002.0084166458524,0.0,0.6194119689547286,0.007994554454571179,-0.19445465087890518,0.00011547262431486011,0.9548412538721887,0.23278920901429018,0.6517541974790635,0.6510603360504871,0.007565017281720619,128,128,1.0,0.9999739583333334,0.9998764678836031,0.9999739583333334,1.0,2.604166666666667e-05
lab|edge|cs662|t=10|S=1000|F=0.05|FrontOnlyThroughMask,38400,3959042.1769880415,0.9984635416666666,0.9980919258908293,1.0,0.022426805042618115,1002.0084166458524,0.0,0.61998406929696,0.008009574264731074,-0.19446521184950666,0.0001655350938152377,0.9548412538721887,0.23299835232965266,0.6523399822135807,0.652261639439346,0.007551613834458147,128,128,1.0,0.9984635416666666,0.9980919258908293,0.9984635416666666,1.0,0.0015364583333333333
lab|edge|cs662|t=10|S=1000|F=0.1|BareCrystalAllFaces,38400,3959042.1769880415,1.0,0.9999219891817117,1.0,1.6564826065864149,1002.0084166458524,0.0,0.6204092781637182,0.007836718980737983,-0.194497705222504,0.0002654305077621029,0.9548412538721887,0.2331377395694791,0.6527303498773698,0.6528745649520282,0.007384568412831583,128,128,1.0,1.0,0.9999219891817117,1.0,1.0,0.0
lab|edge|cs662|t=10|S=1000|F=0.1|FrontOnlyThroughMask,38400,3959042.1769880415,0.9985416666666667,0.9981784461728475,1.0,0.04485361008523623,1002.0084166458524,0.0,0.6200333456562539,0.007895110740351242,-0.19447608225630036,0.00020506938857277435,0.9548412538721887,0.23300226334670562,0.6523509391834167,0.6528079406342633,0.00744975972072169,128,128,1.0,0.9985416666666667,0.9981784461728475,0.9985416666666667,1.0,0.0014583333333333334
lab|edge|cs662|t=10|S=1000|F=0.2|BareCrystalAllFaces,38400,3959042.1769880415,1.0,0.9999219891817117,1.0,3.3129652131728298,1002.0084166458524,0.0,0.6200958470215276,0.007827854118024013,-0.1944654586226841,0.00016756133443482355,0.9548412538721887,0.2330410745335295,0.6524596586177162,0.6518866797299327,0.007420685974060703,128,128,1.0,1.0,0.9999219891817117,1.0,1.0,0.0
lab|edge|cs662|t=10|S=1000|F=0.2|FrontOnlyThroughMask,38400,3959042.1769880415,0.9988020833333333,0.9984685935125477,1.0,0.08970722017047246,1002.0084166458524,0.0,0.6199565593985543,0.007994286558126333,-0.19445471853193666,0.00011623803099215256,0.9548412538721887,0.2329677424340349,0.652254255246533,0.6511552040661668,0.007566000199282675,128,128,1.0,0.9988020833333333,0.9984685935125477,0.9988020833333333,1.0,0.0011979166666666666
lab|edge|cs662|t=10|S=1000|ideal,38400,3959042.1769880415,,,1.0,0,1002.0084166458524,0.0,0.619516840857201,0.0077883888466719065,-0.19448610332129135,0.0002329314367475951,0.9548412538721887,0.23283373326837573,0.6518788611504941,0.6511515698282109,0.007336957241046157,128,128,,,,,,
lab|edge|cs662|t=10|S=100|F=0.05|BareCrystalAllFaces,38400,395904.21769880416,0.9263020833333333,0.9240719987866801,0.9613020833333333,0.8282413032932074,100.20084166458524,0.038515625,0.058760445704559225,0.13698678356710084,-0.37164425627278164,0.07901564125622902,0.9548412538721887,0.922144020867779,2.5781821510740897,2.5437125593231373,0.41525274446255783,128,0,1.0,0.9263020833333333,0.9240719987866801,0.6815885416666667,0.7145572916666667,0.07369791666666667
lab|edge|cs662|t=10|S=100|F=0.05|FrontOnlyThroughMask,38400,395904.21769880416,0.8861458333333333,0.8834450267714202,0.9622135416666666,0.022426805042618115,100.20084166458524,0.037682291666666666,0.0638930854935505,0.13828166137224393,-0.37228082304347093,0.06797772299473438,0.9548412538721887,0.9149440451668343,2.5580617969066104,2.522268707154721,0.44562065550975233,128,0,1.0,0.8861458333333333,0.8834450267714202,0.6030729166666666,0.6348697916666667,0.11385416666666667
lab|edge|cs662|t=10|S=100|F=0.1|BareCrystalAllFaces,38400,395904.21769880416,0.9225559405037902,0.9202752441712343,0.9591145833333333,1.6564826065864149,100.20084166458524,0.04078125,0.03032154408489626,0.1420051717644905,-0.3765239579230807,0.0754656842244939,0.9548412538721887,0.9529026733853985,2.6641494023071783,2.664480109112695,0.44402453344560405,128,0,0.9997135416666667,0.9222916666666666,0.9200078147333925,0.6761197916666667,0.7086979166666667,0.077421875
lab|edge|cs662|t=10|S=100|F=0.1|FrontOnlyThroughMask,38400,395904.21769880416,0.8848697916666667,0.8821560899787703,0.9644270833333334,0.04485361008523623,100.20084166458524,0.03533854166666667,0.07781795094648135,0.13255343071641337,-0.3569578037287943,0.07241064473936343,0.9548412538721887,0.895422385998984,2.503493908861376,2.5017205617323004,0.4598896931325999,128,0,1.0,0.8848697916666667,0.8821560899787703,0.6002864583333334,0.6334635416666666,0.11513020833333333
lab|edge|cs662|t=10|S=100|F=0.2|BareCrystalAllFaces,38400,395904.21769880416,0.925261780104712,0.9230116076977454,0.9575260416666667,3.3129652131728298,100.20084166458524,0.04223958333333333,0.029330671390663993,0.13292833743196178,-0.39478579842547973,0.0673438213984128,0.9548412538721887,0.9530337559753435,2.664554479945944,2.6706619125257482,0.4015872664973965,128,0,0.9947916666666666,0.9204427083333333,0.918134667642655,0.6651041666666667,0.6964322916666666,0.07434895833333334
lab|edge|cs662|t=10|S=100|F=0.2|FrontOnlyThroughMask,38400,395904.21769880416,0.8859635416666667,0.8832608864538369,0.9619791666666667,0.08970722017047246,100.20084166458524,0.0378125,0.06550924779721277,0.1408882395975581,-0.3794991202531553,0.07013467067086389,0.9548412538721887,0.9138037481906399,2.5548988362612706,2.543044016973812,0.4337991349646543,128,0,1.0,0.8859635416666667,0.8832608864538369,0.6025,0.634453125,0.11403645833333333
lab|edge|cs662|t=10|S=100|ideal,38400,395904.21769880416,,,0.9634114583333333,0,100.20084166458524,0.03638020833333333,0.0783648260587134,0.12932695354763757,-0.36913758806383123,0.06850395024141732,0.9548412538721887,0.8994642712361699,2.5147800200961887,2.556066188267116,0.4138037162733119,128,0,,,,,,
lab|edge|cs662|t=10|S=250|F=0.05|BareCrystalAllFaces,38400,989760.5442470104,0.9925520833333333,0.9917890264072454,0.9998697916666667,0.8282413032932074,250.5021041614631,0.00013020833333333333,0.573278471383336,0.01999300574241431,-0.20803975901433208,0.005951895103242525,0.9548412538721887,0.24270672219245462,0.6794550414304988,0.6619850904707112,0.09948256730206524,128,124,1.0,0.9925520833333333,0.9917890264072454,0.9923958333333334,0.99984375,0.007447916666666667
lab|edge|cs662|t=10|S=250|F=0.05|FrontOnlyThroughMask,38400,989760.5442470104,0.9834895833333334,0.9823794496063117,0.9998177083333334,0.022426805042618115,250.5021041614631,0.00018229166666666667,0.5727792159999533,0.020271994343002756,-0.20823481518439801,0.006822695825398757,0.9548412538721887,0.24584750742788875,0.6882282916127122,0.6623211332809873,0.11575244024120376,128,122,1.0,0.9834895833333334,0.9823794496063117,0.9810677083333333,0.997109375,0.016510416666666666
lab|edge|cs662|t=10|S=250|F=0.1|BareCrystalAllFaces,38400,989760.5442470104,0.9926041666666666,0.9918436123416173,0.9997395833333333,1.6564826065864149,250.5021041614631,0.00026041666666666666,0.5724247219085158,0.020762265825721923,-0.20809019137076176,0.006371523601509118,0.9548412538721887,0.24789829331237756,0.6939540658653727,0.6629951759512793,0.12556633589752847,128,121,1.0,0.9926041666666666,0.9918436123416173,0.9921614583333334,0.9995052083333333,0.007395833333333333
lab|edge|cs662|t=10|S=250|F=0.1|FrontOnlyThroughMask,38400,989760.5442470104,0.9834114583333333,0.9822988455358318,0.9997916666666666,0.04485361008523623,250.5021041614631,0.00020833333333333335,0.5724156976161393,0.02154421479690383,-0.20818707210582035,0.006695833781070815,0.9548412538721887,0.2475183935473256,0.6928915041833128,0.6619917615361819,0.12281799551445778,128,121,1.0,0.9834114583333333,0.9822988455358318,0.981484375,0.9974739583333333,0.016588541666666668
lab|edge|cs662|t=10|S=250|F=0.2|BareCrystalAllFaces,38400,989760.5442470104,0.9923958333333334,0.9916253217631004,0.99984375,3.3129652131728298,250.5021041614631,0.00015625,0.5764226203554496,0.020327989451122977,-0.20820701933176497,0.005374030660842368,0.9548412538721887,0.24385836409019765,0.6826749804568172,0.665014093898977,0.09504215551021598,128,124,1.0,0.9923958333333334,0.9916253217631004,0.9922135416666666,0.999765625,0.007604166666666667
lab|edge|cs662|t=10|S=250|F=0.2|FrontOnlyThroughMask,38400,989760.5442470104,0.983671875,0.9825675498749519,0.99984375,0.08970722017047246,250.5021041614631,0.00015625,0.5726886653808501,0.017502584868665388,-0.20829288963942438,0.006319695170234987,0.9548412538721887,0.24384308350100525,0.682624490659061,0.661132536123066,0.10496546213305542,128,123,1.0,0.983671875,0.9825675498749519,0.9811458333333334,0.9968229166666667,0.016328125
lab|edge|cs662|t=10|S=250|ideal,38400,989760.5442470104,,,0.9998697916666667,0,250.5021041614631,0.00013020833333333333,0.5745563556878113,0.02122090896263779,-0.20715389395001743,0.0056779113835168475,0.9548412538721887,0.24261687672643797,0.6792036818159984,0.6626964755189837,0.09903928342426373,128,124,,,,,,
lab|edge|cs662|t=10|S=25|F=0.05|BareCrystalAllFaces,38400,98976.05442470104,0.45465481171548117,0.4504560129894772,0.4239583333333333,0.8282413032932074,25.05021041614631,0.5721354166666667,-5.034468963472871,0.3764344434628103,-2.080332903324334,0.2283008003130883,0.9548412538721887,3.278047656088822,9.164167985157086,9.200170998257558,0.3628186477073323,128,0,0.9958333333333333,0.45276041666666667,0.4485719803779664,0.010494791666666666,0.01203125,0.5430729166666667
lab|edge|cs662|t=10|S=25|F=0.05|FrontOnlyThroughMask,38400,98976.05442470104,0.401328125,0.3972063210371504,0.42736979166666667,0.022426805042618115,25.05021041614631,0.5694270833333334,-5.020018292848806,0.3675552816965448,-2.0699418784561496,0.22163500451001492,0.9548412538721887,3.269690367269335,9.140773617892568,9.169202653714525,0.3316338519809571,128,0,1.0,0.401328125,0.3972063210371504,0.009479166666666667,0.011510416666666667,0.598671875
lab|edge|cs662|t=10|S=25|F=0.1|BareCrystalAllFaces,38400,98976.05442470104,0.46249188288771564,0.45812248951891266,0.40979166666666667,1.6564826065864149,25.05021041614631,0.5866145833333334,-5.1107093872783445,0.3344936228928284,-2.1580449041558554,0.2510736259007967,0.9548412538721887,3.3022092792989546,9.231746434414525,9.254693534081794,0.32046516481834375,128,0,0.9223697916666667,0.42658854166666665,0.4224282757656214,0.010833333333333334,0.01296875,0.49578125
lab|edge|cs662|t=10|S=25|F=0.1|FrontOnlyThroughMask,38400,98976.05442470104,0.40338541666666666,0.39926005937814607,0.4317708333333333,0.04485361008523623,25.05021041614631,0.5647135416666667,-5.0046284775197,0.3983852407690416,-2.0841039878311496,0.22962471726776487,0.9548412538721887,3.27377565599846,9.15225590261978,9.181626486659273,0.3825510516719649,128,0,1.0,0.40338541666666666,0.39926005937814607,0.009557291666666667,0.012005208333333333,0.5966145833333333
lab|edge|cs662|t=10|S=25|F=0.2|BareCrystalAllFaces,38400,98976.05442470104,0.5016579623642543,0.4963424630696064,0.3884375,3.3129652131728298,25.05021041614631,0.6074479166666666,-5.280824164791613,0.3513870360833925,-2.2198718335700787,0.2582095785790133,0.9548412538721887,3.356719469528368,9.384149808992616,9.395370362102636,0.3197709250496807,128,0,0.62828125,0.31518229166666667,0.3112799962106913,0.009505208333333333,0.011692708333333333,0.31309895833333334
lab|edge|cs662|t=10|S=25|F=0.2|FrontOnlyThroughMask,38400,98976.05442470104,0.4026822916666667,0.3985581403351273,0.4326302083333333,0.08970722017047246,25.05021041614631,0.5636458333333333,-5.022991493713174,0.33768701124748784,-2.0294996132841754,0.21000198604393466,0.9548412538721887,3.2737005504498584,9.15196250470594,9.13744376820735,0.30866129550727256,128,0,1.0,0.4026822916666667,0.3985581403351273,0.009401041666666667,0.011927083333333333,0.5973177083333333
lab|edge|cs662|t=10|S=25|ideal,38400,98976.05442470104,,,0.42911458333333335,0,25.05021041614631,0.5671875,-5.019210059875263,0.38845840858410685,-2.0563314399419568,0.2694967237301695,0.9548412538721887,3.2719619842535668,9.147134259233638,9.182839554964236,0.3601611065302494,128,0,,,,,,
lab|edge|cs662|t=10|S=500|F=0.05|BareCrystalAllFaces,38400,1979521.0884940207,0.999765625,0.999591045696711,1.0,0.8282413032932074,501.0042083229262,0.0,0.6144886881185081,0.00933616433431436,-0.19560940185229597,0.001257484498112421,0.9548412538721887,0.23341510697031018,0.6535064780628912,0.6529952466084008,0.007944111364408962,128,128,1.0,0.999765625,0.999591045696711,0.999765625,1.0,0.000234375
lab|edge|cs662|t=10|S=500|F=0.05|FrontOnlyThroughMask,38400,1979521.0884940207,0.9960677083333334,0.9955004595333933,1.0,0.022426805042618115,501.0042083229262,0.0,0.6138389791336796,0.009426014468029997,-0.19582590165892008,0.001511640565459758,0.9548412538721887,0.2333169347875083,0.6532310205796786,0.6528919752645886,0.007664400852407267,128,128,1.0,0.9960677083333334,0.9955004595333933,0.9960677083333334,1.0,0.003932291666666666
lab|edge|cs662|t=10|S=500|F=0.1|BareCrystalAllFaces,38400,1979521.0884940207,0.9996354166666667,0.9994300979586933,1.0,1.6564826065864149,501.0042083229262,0.0,0.6145531085762584,0.008860129745382805,-0.19568711964674676,0.0012897556440608002,0.9548412538721887,0.23347325491495538,0.6536691244014696,0.6527988274662258,0.007409800470063867,128,128,1.0,0.9996354166666667,0.9994300979586933,0.9996354166666667,1.0,0.00036458333333333335
lab|edge|cs662|t=10|S=500|F=0.1|FrontOnlyThroughMask,38400,1979521.0884940207,0.9957291666666667,0.9951399373265611,1.0,0.04485361008523623,501.0042083229262,0.0,0.614105238214261,0.009389317743920107,-0.1955749626051555,0.001322539653363777,0.9548412538721887,0.23333419311623957,0.653279747804982,0.6539287381697945,0.007784092591585394,128,128,1.0,0.9957291666666667,0.9951399373265611,0.9957291666666667,1.0,0.004270833333333333
lab|edge|cs662|t=10|S=500|F=0.2|BareCrystalAllFaces,38400,1979521.0884940207,0.9995833333333334,0.9993672250795074,1.0,3.3129652131728298,501.0042083229262,0.0,0.6147370111747398,0.008946445091729404,-0.19573821138956987,0.0013046023052995658,0.9548412538721887,0.23356687650097874,0.6539312354954515,0.6538129902475007,0.0073318587893075274,128,128,1.0,0.9995833333333334,0.9993672250795074,0.9995833333333334,1.0,0.0004166666666666667
lab|edge|cs662|t=10|S=500|F=0.2|FrontOnlyThroughMask,38400,1979521.0884940207,0.995703125,0.9951122418857761,1.0,0.08970722017047246,501.0042083229262,0.0,0.6129137210455952,0.009693287451768017,-0.19573206554445394,0.0013428301081034445,0.9548412538721887,0.23319839278433924,0.6528990922717646,0.6534707599687952,0.00754915583751188,128,128,1.0,0.995703125,0.9951122418857761,0.995703125,1.0,0.004296875
lab|edge|cs662|t=10|S=500|ideal,38400,1979521.0884940207,,,1.0,0,501.0042083229262,0.0,0.6134319696346953,0.00898237233237928,-0.19573173349679762,0.0014392452425905384,0.9548412538721887,0.2333418791425419,0.6533009465947738,0.6533827500127283,0.00761139270837935,128,128,,,,,,
lab|edge|cs662|t=10|S=50|F=0.05|BareCrystalAllFaces,38400,197952.10884940208,0.7325445020719852,0.7288016474938266,0.7440625,0.8282413032932074,50.10042083229262,0.2545572916666667,-2.0544236260794397,0.25929235119966204,-1.0640843811237184,0.15737703813687245,0.9548412538721887,2.2108467309726696,6.1807013587111035,6.171363027190356,0.3493107180101205,128,0,0.9991927083333333,0.731953125,0.7282092215612801,0.14966145833333333,0.16424479166666667,0.2672395833333333
lab|edge|cs662|t=10|S=50|F=0.05|FrontOnlyThroughMask,38400,197952.10884940208,0.6669791666666667,0.6630009296518431,0.756875,0.022426805042618115,50.10042083229262,0.241875,-1.9693851665330082,0.27724171732287706,-1.0101236917479899,0.1811977256965034,0.9548412538721887,2.169056285747296,6.063839445930348,6.064007271962076,0.38707582926937956,128,0,1.0,0.6669791666666667,0.6630009296518431,0.13002604166666668,0.141953125,0.3330208333333333
lab|edge|cs662|t=10|S=50|F=0.1|BareCrystalAllFaces,38400,197952.10884940208,0.7304317953596533,0.7266535771027804,0.7341666666666666,1.6564826065864149,50.10042083229262,0.26471354166666666,-2.1332570494046497,0.2739047862856053,-1.082452073907481,0.17233452015503328,0.9548412538721887,2.2425398358514554,6.269284552019603,6.2686019202159375,0.364353497562213,128,0,0.98546875,0.7198177083333334,0.7160228980553751,0.14286458333333332,0.15565104166666666,0.26565104166666664
lab|edge|cs662|t=10|S=50|F=0.1|FrontOnlyThroughMask,38400,197952.10884940208,0.6628125,0.658822278646598,0.7530989583333333,0.04485361008523623,50.10042083229262,0.245703125,-2.000395626183713,0.274283974374856,-1.0225199900649156,0.16617635547621615,0.9548412538721887,2.184483943402638,6.1069559376505325,6.0694147455635346,0.3717650540108821,128,0,1.0,0.6628125,0.658822278646598,0.12638020833333333,0.13869791666666667,0.3371875
lab|edge|cs662|t=10|S=50|F=0.2|BareCrystalAllFaces,38400,197952.10884940208,0.7515537097581809,0.7476657360643433,0.7187760416666666,3.3129652131728298,50.10042083229262,0.2791666666666667,-2.272024525788516,0.33314518746297916,-1.1773968589642452,0.13964339003276807,0.9548412538721887,2.3009708294755398,6.4326193895953026,6.460764570097577,0.40877704422115113,128,0,0.884140625,0.6644791666666666,0.6604936974966041,0.13328125,0.14515625,0.21966145833333334
lab|edge|cs662|t=10|S=50|F=0.2|FrontOnlyThroughMask,38400,197952.10884940208,0.6645572916666667,0.660572046612136,0.7504947916666667,0.08970722017047246,50.10042083229262,0.24815104166666666,-2.0163060022298316,0.32176830315932436,-1.0258431315722476,0.16026744822824585,0.9548412538721887,2.1904648236082243,6.123678502630525,6.104494567293342,0.4251862700728031,128,0,1.0,0.6645572916666667,0.660572046612136,0.127578125,0.139921875,0.33544270833333334
lab|edge|cs662|t=10|S=50|ideal,38400,197952.10884940208,,,0.7515885416666667,0,50.10042083229262,0.24736979166666667,-2.008602486327631,0.28225539488379525,-1.0316502461317492,0.15491018922312438,0.9548412538721887,2.195314844050239,6.137275783339487,6.133100931295314,0.39369153543922597,128,0,,,,,,
lab|edge|cs662|t=10|default|F=0.05|BareCrystalAllFaces,38400,1000000,0.9926822916666667,0.9919255081745013,0.99984375,0.8282413032932074,253.09364534432922,0.00015625,0.5771819100760686,0.01903027005466462,-0.20806896685679138,0.006550197462234298,0.9548412538721887,0.24351257126497206,0.6817072471178752,0.6624275322068773,0.0974644344501165,128,124,1.0,0.9926822916666667,0.9919255081745013,0.9923958333333334,0.9996614583333333,0.007317708333333333
lab|edge|cs662|t=10|default|F=0.05|FrontOnlyThroughMask,38400,1000000,0.983828125,0.9827288058730088,0.9998958333333333,0.022426805042618115,253.09364534432922,0.00010416666666666667,0.5747236349552016,0.018316446870199354,-0.20716041947719607,0.006215304046861524,0.9548412538721887,0.24086419464321973,0.6743069763388098,0.6601808608309971,0.0808850188087276,128,125,1.0,0.983828125,0.9827288058730088,0.9816927083333333,0.9971875,0.016171875
lab|edge|cs662|t=10|default|F=0.1|BareCrystalAllFaces,38400,1000000,0.992734375,0.9919801168232693,0.9998177083333334,1.6564826065864149,253.09364534432922,0.00018229166666666667,0.5740328127384571,0.018226849036743764,-0.20738128216086746,0.006807063129514123,0.9548412538721887,0.24478986440812217,0.6852715578272569,0.6617934041539368,0.10814662277242393,128,123,1.0,0.992734375,0.9919801168232693,0.992421875,0.9996875,0.007265625
lab|edge|cs662|t=10|default|F=0.1|FrontOnlyThroughMask,38400,1000000,0.9839322916666666,0.9828363240061007,0.9998177083333334,0.04485361008523623,253.09364534432922,0.00018229166666666667,0.5745667483625388,0.020243848671812396,-0.20746138648510934,0.006409032465121778,0.9548412538721887,0.24317894174558588,0.6807699646680819,0.65978329366885,0.0976637807779038,128,124,1.0,0.9839322916666666,0.9828363240061007,0.9819791666666666,0.9975260416666667,0.016067708333333333
lab|edge|cs662|t=10|default|F=0.2|BareCrystalAllFaces,38400,1000000,0.9919270833333333,0.9911346658321606,0.9998177083333334,3.3129652131728298,253.09364534432922,0.00018229166666666667,0.5762920261919395,0.02019240060390722,-0.2088491473319174,0.00726596444828924,0.9548412538721887,0.2461366853922226,0.689042013636424,0.6632079613498914,0.11164996251870378,128,122,1.0,0.9919270833333333,0.9911346658321606,0.9918229166666667,0.99984375,0.008072916666666667
lab|edge|cs662|t=10|default|F=0.2|FrontOnlyThroughMask,38400,1000000,0.9851302083333333,0.9840736331572058,0.9998177083333334,0.08970722017047246,253.09364534432922,0.00018229166666666667,0.5739654260370772,0.021557377491573923,-0.20784380196639746,0.0067057388203833985,0.9548412538721887,0.24482803883550686,0.6853774461347774,0.6599100913761295,0.11598109808001465,128,122,1.0,0.9851302083333333,0.9840736331572058,0.9829947916666667,0.9974479166666667,0.014869791666666667
lab|edge|cs662|t=10|default|ideal,38400,1000000,,,0.9998958333333333,0,253.09364534432922,0.00010416666666666667,0.5755870431681372,0.01813886583730482,-0.20679975075635104,0.006504071863537171,0.9548412538721887,0.2400923145696866,0.6721484299132443,0.6617673517348144,0.07365109117016903,128,126,,,,,,
lab|edge|cs662|t=60|S=1000|F=0.05|BareCrystalAllFaces,38400,659840.3628313402,1.0,0.9999219891817117,1.0,4.9694478197592415,1002.0084166458524,0.0,0.6202675504785169,0.008034627255764034,-0.19444444444444337,0.0,0.9548412538721887,0.23310477325099102,0.6526381046209855,0.6517779768415233,0.007488451673331792,128,128,1.0,1.0,0.9999219891817117,1.0,1.0,0.0
lab|edge|cs662|t=60|S=1000|F=0.05|FrontOnlyThroughMask,38400,659840.3628313402,0.99875,0.9984103258348922,1.0,0.1345608302557085,1002.0084166458524,0.0,0.6198654949994769,0.008035830442346384,-0.19444444444444337,0.0,0.9548412538721887,0.2329362880900764,0.6521661795701879,0.652006110685578,0.00757543306167357,128,128,1.0,0.99875,0.9984103258348922,0.99875,1.0,0.00125
lab|edge|cs662|t=60|S=1000|F=0.1|BareCrystalAllFaces,38400,659840.3628313402,1.0,0.9999219891817117,1.0,9.938895639518483,1002.0084166458524,0.0,0.6213248688615678,0.007943441055814791,-0.19446612799657426,0.00017285053315727232,0.9548412538721887,0.23344118620344861,0.6535803559085555,0.6531320005411094,0.007435240500683996,128,128,1.0,1.0,0.9999219891817117,1.0,1.0,0.0
lab|edge|cs662|t=60|S=1000|F=0.1|FrontOnlyThroughMask,38400,659840.3628313402,0.9984635416666666,0.9980919258908293,1.0,0.269121660511417,1002.0084166458524,0.0,0.6194703056084306,0.007656887297766005,-0.19446560662296494,0.0001686654128316772,0.9548412538721887,0.23282303716681582,0.6518489178323648,0.651762751192573,0.007178530627330688,128,128,1.0,0.9984635416666666,0.9980919258908293,0.9984635416666666,1.0,0.0015364583333333333
lab|edge|cs662|t=60|S=1000|F=0.2|BareCrystalAllFaces,38400,659840.3628313402,0.9999739583333334,0.9998764678836031,1.0,19.877791279036966,1002.0084166458524,0.0,0.6223166298486349,0.007579913220771671,-0.1944760764623948,0.00020504019476077096,0.9548412538721887,0.23375785155367268,0.6544672968278091,0.6538952906141446,0.007204331892986759,128,128,1.0,0.9999739583333334,0.9998764678836031,0.9999739583333334,1.0,2.604166666666667e-05
lab|edge|cs662|t=60|S=1000|F=0.2|FrontOnlyThroughMask,38400,659840.3628313402,0.998359375,0.997976888505453,1.0,0.538243321022834,1002.0084166458524,0.0,0.6199823652703399,0.00838717576885907,-0.1944649100597983,0.00016308786607888392,0.9548412538721887,0.2329765938261046,0.652279044890719,0.652492236909211,0.007916069719254017,128,128,1.0,0.998359375,0.997976888505453,0.998359375,1.0,0.001640625
lab|edge|cs662|t=60|S=1000|ideal,38400,659840.3628313402,,,1.0,0,1002.0084166458524,0.0,0.6202123874726454,0.007956488059261906,-0.19444444444444337,0.0,0.9548412538721887,0.23305395544565746,0.6524957637330916,0.6522615136674926,0.00750771256233409,128,128,,,,,,
lab|edge|cs662|t=60|S=100|F=0.05|BareCrystalAllFaces,38400,65984.03628313402,0.9245182724252492,0.9222405656442386,0.95234375,4.9694478197592415,100.20084166458523,0.04739583333333333,-0.02235624482610823,0.15419095529135746,-0.42472341295227894,0.08278245917385466,0.9548412538721887,1.004873282606516,2.8094855866630346,2.789325139890952,0.4328166035117199,128,0,0.9798177083333334,0.905859375,0.9033724014264033,0.647421875,0.6796354166666667,0.07395833333333333
lab|edge|cs662|t=60|S=100|F=0.05|FrontOnlyThroughMask,38400,65984.03628313402,0.8821354166666666,0.8793944344134494,0.9608854166666667,0.1345608302557085,100.20084166458523,0.03890625,0.04363909015562695,0.12093530818619641,-0.36777272167368247,0.06425190517743681,0.9548412538721887,0.9355761538795512,2.6157108803559472,2.613398395069272,0.3646389884482994,128,0,1.0,0.8821354166666666,0.8793944344134494,0.59828125,0.6313020833333334,0.11786458333333333
lab|edge|cs662|t=60|S=100|F=0.1|BareCrystalAllFaces,38400,65984.03628313402,0.9301416010049104,0.9278605527098902,0.9428645833333333,9.938895639518483,100.20084166458523,0.056927083333333336,-0.08029502081862194,0.1441991630341943,-0.4787831998489618,0.08514961217253057,0.9548412538721887,1.0707182285140666,2.9935769799749177,3.013908308330819,0.4012938255264004,128,0,0.9121875,0.8484635416666667,0.8454212631030369,0.6076041666666666,0.6381770833333333,0.06372395833333333
lab|edge|cs662|t=60|S=100|F=0.1|FrontOnlyThroughMask,38400,65984.03628313402,0.8879166666666667,0.8852339323329133,0.9646875,0.269121660511417,100.20084166458523,0.035130208333333336,0.09834898466434479,0.140772567119367,-0.36653779822725574,0.06415888607641043,0.9548412538721887,0.8705755719704041,2.434047147620633,2.4426792645561886,0.4806496870123436,128,0,1.0,0.8879166666666667,0.8852339323329133,0.6004166666666667,0.6312760416666666,0.11208333333333333
lab|edge|cs662|t=60|S=100|F=0.2|BareCrystalAllFaces,38400,65984.03628313402,0.9324268216732406,0.9299485997049369,0.9167447916666667,19.877791279036966,100.20084166458523,0.08283854166666667,-0.27956133715672266,0.20006920655809166,-0.5897938807471751,0.1250662202928519,0.9548412538721887,1.239346975148976,3.4649923646011143,3.426489311136242,0.4671765109935469,128,0,0.75265625,0.701796875,0.6979327278550316,0.53046875,0.5607291666666666,0.050859375
lab|edge|cs662|t=60|S=100|F=0.2|FrontOnlyThroughMask,38400,65984.03628313402,0.8861458333333333,0.8834450267714202,0.9636197916666667,0.538243321022834,100.20084166458523,0.03630208333333333,0.06233458291376681,0.150174058534053,-0.36402403844535436,0.06771370338915998,0.9548412538721887,0.9066689802256328,2.534906321246705,2.5222641843236873,0.4740355525203723,128,0,1.0,0.8861458333333333,0.8834450267714202,0.59734375,0.631015625,0.11385416666666667
lab|edge|cs662|t=60|S=100|ideal,38400,65984.03628313402,,,0.9645833333333333,0,100.20084166458523,0.035208333333333335,0.09218882820639758,0.12413603228734456,-0.361618217283457,0.07313048127654072,0.9548412538721887,0.8806187212055988,2.462092768086126,2.4507675211413185,0.38821236816178406,128,0,,,,,,
lab|edge|cs662|t=60|S=250|F=0.05|BareCrystalAllFaces,38400,164960.09070783504,0.9920833333333333,0.9912981437351536,0.9998697916666667,4.9694478197592415,250.5021041614631,0.00013020833333333333,0.574414598631618,0.019905039207983064,-0.20765127787351112,0.006147561186618522,0.9548412538721887,0.243930100092798,0.6828737249129174,0.6638435986964912,0.09886792529513248,128,123,1.0,0.9920833333333333,0.9912981437351536,0.9915364583333334,0.9994270833333333,0.007916666666666667
lab|edge|cs662|t=60|S=250|F=0.05|FrontOnlyThroughMask,38400,164960.09070783504,0.9841145833333333,0.9830245083174833,0.9996875,0.1345608302557085,250.5021041614631,0.0003125,0.5717849489044226,0.023928424002929004,-0.20700403133635945,0.006083146225932552,0.9548412538721887,0.2527129736285995,0.7074015548728428,0.6618524341474579,0.15136685207972583,128,117,1.0,0.9841145833333333,0.9830245083174833,0.9819010416666667,0.9971614583333334,0.015885416666666666
lab|edge|cs662|t=60|S=250|F=0.1|BareCrystalAllFaces,38400,164960.09070783504,0.991640625,0.9908351399310339,0.9998697916666667,9.938895639518483,250.5021041614631,0.00013020833333333333,0.5768993586020821,0.021801811462833803,-0.20896549897174543,0.005955473282883219,0.9548412538721887,0.24542446867197312,0.6870569560603237,0.6670144654441685,0.10231663567994352,128,123,1.0,0.991640625,0.9908351399310339,0.9912239583333333,0.9995572916666666,0.008359375
lab|edge|cs662|t=60|S=250|F=0.1|FrontOnlyThroughMask,38400,164960.09070783504,0.9831770833333333,0.9820570699723865,0.9997916666666666,0.269121660511417,250.5021041614631,0.00020833333333333335,0.5702421523447301,0.02174142666455321,-0.2084364394601175,0.006314918631388078,0.9548412538721887,0.2449574821642549,0.6857359910030698,0.6603553828519083,0.10828183133642003,128,123,1.0,0.9831770833333333,0.9820570699723865,0.9808072916666667,0.996953125,0.016822916666666667
lab|edge|cs662|t=60|S=250|F=0.2|BareCrystalAllFaces,38400,164960.09070783504,0.9902073132617981,0.9893396026996963,0.9997135416666667,19.877791279036966,250.5021041614631,0.00028645833333333333,0.5775392323582454,0.021085554993633567,-0.21086246085079324,0.0086971625044606,0.9548412538721887,0.2501069457729106,0.7001490748635053,0.6740136616812924,0.10060944753693853,128,124,0.9998958333333333,0.9901041666666667,0.9892322153657211,0.9893229166666667,0.9990364583333333,0.009791666666666667
lab|edge|cs662|t=60|S=250|F=0.2|FrontOnlyThroughMask,38400,164960.09070783504,0.98265625,0.9815199830405328,0.999765625,0.538243321022834,250.5021041614631,0.000234375,0.5701222311747945,0.023443631011396484,-0.20714014573079131,0.005535859535922504,0.9548412538721887,0.2481729575678323,0.6947166852676918,0.6619829806468807,0.1274514564970256,128,120,1.0,0.98265625,0.9815199830405328,0.98015625,0.9969010416666667,0.01734375
lab|edge|cs662|t=60|S=250|ideal,38400,164960.09070783504,,,0.99984375,0,250.5021041614631,0.00015625,0.5728585173303035,0.02035360315158381,-0.20754329048481915,0.006138332684562791,0.9548412538721887,0.24271911893097592,0.6794848088887567,0.6607732321989299,0.09594265358581396,128,124,,,,,,
lab|edge|cs662|t=60|S=25|F=0.05|BareCrystalAllFaces,38400,16496.009070783504,0.5619475138121547,0.5551222781692084,0.36973958333333334,4.9694478197592415,25.050210416146307,0.62578125,-5.325137884475993,0.4119316143721607,-2.2270174573790595,0.26575626306038835,0.9548412538721887,3.354577235719489,9.378136012696482,9.394172158007358,0.3530203897115272,128,0,0.3770833333333333,0.21190104166666668,0.20847399774159028,0.008645833333333333,0.010703125,0.16518229166666668
lab|edge|cs662|t=60|S=25|F=0.05|FrontOnlyThroughMask,38400,16496.009070783504,0.4094010416666667,0.40526572516740855,0.432421875,0.1345608302557085,25.050210416146307,0.5640625,-5.0130365725031,0.3533848630887949,-2.0798501259703546,0.25374066987929567,0.9548412538721887,3.27212959510863,9.147610100781923,9.132398915257061,0.3274355525169084,128,0,1.0,0.4094010416666667,0.40526572516740855,0.010182291666666666,0.012395833333333333,0.5905989583333333
lab|edge|cs662|t=60|S=25|F=0.1|BareCrystalAllFaces,38400,16496.009070783504,0.6017361846284142,0.5898693230944233,0.32341145833333335,9.938895639518483,25.050210416146307,0.671953125,-5.567280493177411,0.36220932647350074,-2.469087752159912,0.27753385491783356,0.9548412538721887,3.431797145517876,9.594076318393075,9.61011123211464,0.32128035339378097,128,0,0.12299479166666667,0.07401041666666666,0.07182384420063241,0.006536458333333333,0.008541666666666666,0.048984375
lab|edge|cs662|t=60|S=25|F=0.1|FrontOnlyThroughMask,38400,16496.009070783504,0.40130208333333334,0.3971803248322287,0.43268229166666666,0.269121660511417,25.050210416146307,0.56328125,-4.954172546866232,0.3668001054824339,-2.055540671837007,0.23762622321643218,0.9548412538721887,3.2559624101893854,9.102430691077418,9.096567284863694,0.3438415401470318,128,0,1.0,0.40130208333333334,0.3971803248322287,0.00921875,0.010885416666666667,0.5986979166666667
lab|edge|cs662|t=60|S=25|F=0.2|BareCrystalAllFaces,38400,16496.009070783504,0.6111547525530243,0.5881141427999177,0.25049479166666666,19.877791279036966,25.050210416146307,0.744296875,-5.966307583730489,0.3869151458068562,-2.8541291160694398,0.2997871988684164,0.9548412538721887,3.5524816520241806,9.931590294467442,9.910134083175649,0.3433731742227711,128,0,0.033151041666666665,0.020260416666666666,0.019091698162880043,0.005,0.007135416666666667,0.012890625
lab|edge|cs662|t=60|S=25|F=0.2|FrontOnlyThroughMask,38400,16496.009070783504,0.3972545648719752,0.39313953630136755,0.427421875,0.538243321022834,25.050210416146307,0.56875,-5.042596616300448,0.36435262127335677,-2.0785965914571083,0.2793697290536795,0.9548412538721887,3.276755587355125,9.160523312898722,9.161190339244438,0.3497873925006016,128,0,0.999765625,0.39716145833333333,0.39304708221869233,0.00859375,0.010729166666666666,0.6026041666666667
lab|edge|cs662|t=60|S=25|ideal,38400,16496.009070783504,,,0.43359375,0,25.050210416146307,0.5627083333333334,-4.973664889454441,0.34723397949093826,-2.07125420181269,0.23525067993083398,0.9548412538721887,3.2609770292291347,9.116436333850276,9.100153888329707,0.31502344114470615,128,0,,,,,,
lab|edge|cs662|t=60|S=500|F=0.05|BareCrystalAllFaces,38400,329920.1814156701,0.9995572916666666,0.9993360310396249,1.0,4.9694478197592415,501.0042083229262,0.0,0.615779469495366,0.009275970685736329,-0.19582645218990719,0.0014455178919725341,0.9548412538721887,0.23380625308503222,0.6546016722419857,0.6551250927740324,0.007943529782594876,128,128,1.0,0.9995572916666666,0.9993360310396249,0.9995572916666666,1.0,0.0004427083333333333
lab|edge|cs662|t=60|S=500|F=0.05|FrontOnlyThroughMask,38400,329920.1814156701,0.99578125,0.9951953435441956,1.0,0.1345608302557085,501.0042083229262,0.0,0.6144711320319968,0.008496105611952973,-0.19587732531203217,0.001552128790548361,0.9548412538721887,0.23350330279520937,0.6537528568738116,0.6536777026687732,0.0073682888901388756,128,128,1.0,0.99578125,0.9951953435441956,0.99578125,1.0,0.00421875
lab|edge|cs662|t=60|S=500|F=0.1|BareCrystalAllFaces,38400,329920.1814156701,0.9996614583333333,0.9994618097585155,1.0,9.938895639518483,501.0042083229262,0.0,0.6167663214121294,0.009340820420051679,-0.19585065981062139,0.0014665405127793855,0.9548412538721887,0.23434996849950157,0.656124291847985,0.655127806012251,0.007890944642877616,128,128,1.0,0.9996614583333333,0.9994618097585155,0.9996614583333333,1.0,0.0003385416666666667
lab|edge|cs662|t=60|S=500|F=0.1|FrontOnlyThroughMask,38400,329920.1814156701,0.9953645833333333,0.9947526449686194,1.0,0.269121660511417,501.0042083229262,0.0,0.6146205714461365,0.010181229844881574,-0.19569234315679135,0.0013150707820792547,0.9548412538721887,0.23345674404206923,0.6536229044620379,0.6529277891954437,0.008289739492270869,128,128,1.0,0.9953645833333333,0.9947526449686194,0.9953645833333333,1.0,0.004635416666666667
lab|edge|cs662|t=60|S=500|F=0.2|BareCrystalAllFaces,38400,329920.1814156701,0.9991666666666666,0.9988808253494135,1.0,19.877791279036966,501.0042083229262,0.0,0.6191010971527672,0.008886653625988365,-0.1959168941899942,0.0014954233833812875,0.9548412538721887,0.2351490291627543,0.6583623130818805,0.6584756108447789,0.006853254906849251,128,128,1.0,0.9991666666666666,0.9988808253494135,0.9991666666666666,1.0,0.0008333333333333334
lab|edge|cs662|t=60|S=500|F=0.2|FrontOnlyThroughMask,38400,329920.1814156701,0.9955208333333333,0.9949185127352235,1.0,0.538243321022834,501.0042083229262,0.0,0.6130605696868794,0.008862800056024129,-0.19584527732021678,0.0012621724540864822,0.9548412538721887,0.23313328756729984,0.6527165814264948,0.6530142169630351,0.00700716818181206,128,128,1.0,0.9955208333333333,0.9949185127352235,0.9955208333333333,1.0,0.004479166666666667
lab|edge|cs662|t=60|S=500|ideal,38400,329920.1814156701,,,1.0,0,501.0042083229262,0.0,0.6140829333506861,0.009241381901664252,-0.195707827209382,0.0014945552393639725,0.9548412538721887,0.23332648371693937,0.6532580632490078,0.653337690294542,0.007564984890416106,128,128,,,,,,
lab|edge|cs662|t=60|S=50|F=0.05|BareCrystalAllFaces,38400,32992.01814156701,0.7790102087675298,0.7749152383543747,0.7022135416666667,4.9694478197592415,50.10042083229261,0.2959895833333333,-2.3817428135412784,0.29970174018031553,-1.224727851838478,0.19308383273462837,0.9548412538721887,2.35169436637259,6.574465567756392,6.582137396934977,0.36065072854324803,128,0,0.7372135416666666,0.574296875,0.5701294663836327,0.12317708333333334,0.13565104166666667,0.16291666666666665
lab|edge|cs662|t=60|S=50|F=0.05|FrontOnlyThroughMask,38400,32992.01814156701,0.66421875,0.6602325346566957,0.7509375,0.1345608302557085,50.10042083229261,0.24760416666666665,-2.0227164459599187,0.28965393675445295,-1.0257154700747944,0.1477248435328917,0.9548412538721887,2.1971071255440737,6.142252317492429,6.203202010519814,0.3924280250683598,128,0,1.0,0.66421875,0.6602325346566957,0.124296875,0.13690104166666667,0.33578125
lab|edge|cs662|t=60|S=50|F=0.1|BareCrystalAllFaces,38400,32992.01814156701,0.8193529411764706,0.8144297591635655,0.6561458333333333,9.938895639518483,50.10042083229261,0.34177083333333336,-2.7130252457368638,0.32951771964992865,-1.407682667042805,0.20277537975675677,0.9548412538721887,2.4894440030302603,6.959606381468595,6.977731650941953,0.3918233459646311,128,0,0.4427083333333333,0.362734375,0.3586934422123872,0.09947916666666666,0.11020833333333334,0.07997395833333333
lab|edge|cs662|t=60|S=50|F=0.1|FrontOnlyThroughMask,38400,32992.01814156701,0.6616666666666666,0.6576732101998986,0.750859375,0.269121660511417,50.10042083229261,0.24770833333333334,-2.0121752041535594,0.27324995813310216,-1.042448656992606,0.1780266483578005,0.9548412538721887,2.193067059926715,6.130986088127682,6.137949801700574,0.3650219797790278,128,0,1.0,0.6616666666666666,0.6576732101998986,0.12544270833333335,0.13765625,0.3383333333333333
lab|edge|cs662|t=60|S=50|F=0.2|BareCrystalAllFaces,38400,32992.01814156701,0.8368652538984406,0.8296856670140882,0.5771354166666667,19.877791279036966,50.10042083229261,0.4203385416666667,-3.236905283478632,0.3348744525804938,-1.8101019820987894,0.23918822579314436,0.9548412538721887,2.700263613797155,7.5490945427972465,7.5130993841194655,0.3758453594518129,128,0,0.195390625,0.163515625,0.16041712303429098,0.06833333333333333,0.07736979166666667,0.031875
lab|edge|cs662|t=60|S=50|F=0.2|FrontOnlyThroughMask,38400,32992.01814156701,0.660381780775541,0.6563846752005827,0.7526041666666666,0.538243321022834,50.10042083229261,0.2459375,-2.0119349515411535,0.32142219956550805,-1.016896907344122,0.16370559333532358,0.9548412538721887,2.1877185329174464,6.1160013816229695,6.079165002053529,0.430101067859418,128,0,0.9999739583333334,0.6603645833333334,0.6563674821693422,0.12223958333333333,0.1353125,0.339609375
lab|edge|cs662|t=60|S=50|ideal,38400,32992.01814156701,,,0.750078125,0,50.10042083229261,0.24869791666666666,-2.0391266670294153,0.3194255242040244,-1.0446756249764961,0.16467839059132294,0.9548412538721887,2.206747232791034,6.169227585821822,6.205051450642292,0.42643795202175827,128,0,,,,,,
lab|edge|cs662|t=60|default|F=0.05|BareCrystalAllFaces,38400,1000000,1.0,0.9999219891817117,1.0,4.9694478197592415,1518.5618720659752,0.0,0.6211750033433238,0.007720878379680521,-0.19444444444444337,0.0,0.9548412538721887,0.23307984692625774,0.6525678060492206,0.6519967657910857,0.0072861191688795915,128,128,1.0,1.0,0.9999219891817117,1.0,1.0,0.0
lab|edge|cs662|t=60|default|F=0.05|FrontOnlyThroughMask,38400,1000000,0.998984375,0.9986736506108964,1.0,0.1345608302557085,1518.5618720659752,0.0,0.6210555821340404,0.007839691347353548,-0.19444444444444337,0.0,0.9548412538721887,0.23305363021753187,0.6524943963981871,0.6516966876831765,0.007430487561071367,128,128,1.0,0.998984375,0.9986736506108964,0.998984375,1.0,0.001015625
lab|edge|cs662|t=60|default|F=0.1|BareCrystalAllFaces,38400,1000000,1.0,0.9999219891817117,1.0,9.938895639518483,1518.5618720659752,0.0,0.6218239011782016,0.007881834637512911,-0.19444444444444337,0.0,0.9548412538721887,0.23329585597930144,0.6531728412757629,0.6521889251763275,0.007445920988143385,128,128,1.0,1.0,0.9999219891817117,1.0,1.0,0.0
lab|edge|cs662|t=60|default|F=0.1|FrontOnlyThroughMask,38400,1000000,0.9990625,0.9987621461320878,1.0,0.269121660511417,1518.5618720659752,0.0,0.6204492943261852,0.007630545792987852,-0.19444444444444337,0.0,0.9548412538721887,0.23283953509302902,0.6518947019273715,0.6520634879993856,0.007232721065411456,128,128,1.0,0.9990625,0.9987621461320878,0.9990625,1.0,0.0009375
lab|edge|cs662|t=60|default|F=0.2|BareCrystalAllFaces,38400,1000000,1.0,0.9999219891817117,1.0,19.877791279036966,1518.5618720659752,0.0,0.6229653356691701,0.00808454272468916,-0.19444444444444337,0.0,0.9548412538721887,0.23368038067514063,0.6542498922743485,0.6534777792616465,0.007639081073143489,128,128,1.0,1.0,0.9999219891817117,1.0,1.0,0.0
lab|edge|cs662|t=60|default|F=0.2|FrontOnlyThroughMask,38400,1000000,0.9990885416666667,0.9987917384431636,1.0,0.538243321022834,1518.5618720659752,0.0,0.6208196578883421,0.007698824306987555,-0.19444444444444337,0.0,0.9548412538721887,0.23296684335780823,0.6522512955367472,0.6518351401706115,0.007282056763869852,128,128,1.0,0.9990885416666667,0.9987917384431636,0.9990885416666667,1.0,0.0009114583333333333
lab|edge|cs662|t=60|default|ideal,38400,1000000,,,1.0,0,1518.5618720659752,0.0,0.6205876269596016,0.007958197772747963,-0.19444444444444337,0.0,0.9548412538721887,0.2328889812820156,0.6520332047066044,0.6510286266915821,0.007525431388023561,128,128,,,,,,
lab|edge|open|t=10|S=1000|F=0.05|BareCrystalAllFaces,38400,1297408.0746115411,0.9955208333333333,0.9949185127352235,1.0,81.38648850541423,1000.8609025776444,0.0,0.6286551676980521,0.005091453234196881,-0.1944548740671631,0.00011799771120546913,0.9548412538721887,0.23590671437635066,0.6604862648943025,0.6598889762999773,0.004727211015830554,128,128,1.0,0.9955208333333333,0.9949185127352235,0.9955208333333333,1.0,0.004479166666666667
lab|edge|open|t=10|S=1000|F=0.05|FrontOnlyThroughMask,38400,1297408.0746115411,1.0,0.9999219891817117,1.0,0.28624993499599605,1000.8609025776444,0.0,0.6144540019869703,0.005288530488920943,-0.19448571009459953,0.0002306691593500801,0.9548412538721887,0.2311349935554024,0.6471206806938133,0.6474931685048155,0.005010686470731626,128,128,1.0,1.0,0.9999219891817117,1.0,1.0,0.0
lab|edge|open|t=10|S=1000|F=0.1|BareCrystalAllFaces,38400,1297408.0746115411,0.9941666666666666,0.9934858711733581,1.0,162.77297701082847,1000.8609025776444,0.0,0.6423423334625277,0.004814446618906541,-0.19471950633143234,0.0005985064179461705,0.9548412538721887,0.24058211251408948,0.6735816377363579,0.673505615498153,0.004553230995537562,128,128,1.0,0.9941666666666666,0.9934858711733581,0.9941666666666666,1.0,0.005833333333333334
lab|edge|open|t=10|S=1000|F=0.1|FrontOnlyThroughMask,38400,1297408.0746115411,1.0,0.9999219891817117,1.0,0.5724998699919921,1000.8609025776444,0.0,0.6145808081813441,0.005643792674430784,-0.19444444444444337,0.0,0.9548412538721887,0.23113656067905902,0.6471251288527038,0.6463831847318648,0.005363706372847952,128,128,1.0,1.0,0.9999219891817117,1.0,1.0,0.0
lab|edge|open|t=10|S=1000|F=0.2|BareCrystalAllFaces,38400,1297408.0746115411,0.9921354166666667,0.9913526525606468,1.0,325.54595402165694,1000.8609025776444,0.0,0.6640863599343426,0.0044544790918608105,-0.19645261022939842,0.001684909451865578,0.9548412538721887,0.24840274128228879,0.6954847187689851,0.6960592041718552,0.0045386979221256505,128,128,1.0,0.9921354166666667,0.9913526525606468,0.9921354166666667,1.0,0.007864583333333333
lab|edge|open|t=10|S=1000|F=0.2|FrontOnlyThroughMask,38400,1297408.0746115411,1.0,0.9999219891817117,1.0,1.1449997399839842,1000.8609025776444,0.0,0.6149299342341125,0.005497560791027978,-0.19446589052287475,0.00017095878937749948,0.9548412538721887,0.23126821460232122,0.6474938348726298,0.6471701999472916,0.005086306647688787,128,128,1.0,1.0,0.9999219891817117,1.0,1.0,0.0
lab|edge|open|t=10|S=1000|ideal,38400,1297408.0746115411,,,1.0,0,1000.8609025776444,0.0,0.6143749487096425,0.0052558842946899475,-0.19444444444444337,0.0,0.9548412538721887,0.23106471428398107,0.646923877679174,0.6470868278718309,0.004977290811374291,128,128,,,,,,
lab|edge|open|t=10|S=100|F=0.05|BareCrystalAllFaces,38400,129740.80746115411,0.6701001430615164,0.6647185021764794,0.31169270833333335,81.38648850541423,100.08609025776444,0.688203125,-4.825775381522264,0.2647372175356297,-5.5634551001311,0.2221590352756795,0.9548412538721887,3.4564511049569013,9.664028676112963,9.686170092300596,0.2343546566486436,128,0,0.54609375,0.3659375,0.36188880911354143,0.310234375,0.45502604166666666,0.18015625
lab|edge|open|t=10|S=100|F=0.05|FrontOnlyThroughMask,38400,129740.80746115411,0.9661197916666666,0.9645618266921787,0.9687760416666666,0.28624993499599605,100.08609025776444,0.031171875,0.16480182191202014,0.10192911764877115,-0.41427452400721626,0.06800831822702487,0.9548412538721887,0.8020735894598284,2.242645435659248,2.243784520476046,0.37542017230980756,128,0,1.0,0.9661197916666666,0.9645618266921787,0.7233333333333334,0.7327604166666667,0.033880208333333335
lab|edge|open|t=10|S=100|F=0.1|BareCrystalAllFaces,38400,129740.80746115411,0.6268597891417874,0.6188877659830818,0.029088541666666665,162.77297701082847,100.08609025776444,0.9709114583333334,-6.863229114292643,0.23791335643497394,-7.866683755617897,0.087862660508144,0.9548412538721887,4.078041615925722,11.401936414167753,11.393911697943047,0.16633436067429752,128,0,0.264296875,0.16567708333333334,0.1625620504684308,0.13583333333333333,0.21096354166666667,0.09861979166666666
lab|edge|open|t=10|S=100|F=0.1|FrontOnlyThroughMask,38400,129740.80746115411,0.9680729166666666,0.9665577605393528,0.96875,0.5724998699919921,100.08609025776444,0.031197916666666665,0.16254922309870243,0.10950786897967522,-0.42523227728645063,0.06929193788715254,0.9548412538721887,0.8036688094836221,2.247133104736114,2.2452560998072775,0.3968892148952214,128,0,1.0,0.9680729166666666,0.9665577605393528,0.7241145833333333,0.73265625,0.031927083333333335
lab|edge|open|t=10|S=100|F=0.2|BareCrystalAllFaces,38400,129740.80746115411,0.5713891190278928,0.5576845920964824,0.00010416666666666667,325.54595402165694,100.08609025776444,0.9998958333333333,-6.977857285682531,0.26466023492101465,-8.114910031878487,0.05274231265191973,0.9548412538721887,4.0990398147072975,11.460593766607495,11.464256792691764,0.17258577933905542,128,0,0.094296875,0.05388020833333333,0.05199700032287791,0.04122395833333333,0.07065104166666666,0.04041666666666666
lab|edge|open|t=10|S=100|F=0.2|FrontOnlyThroughMask,38400,129740.80746115411,0.96625,0.9646948456385808,0.9693229166666667,1.1449997399839842,100.08609025776444,0.030677083333333334,0.17325739747377808,0.09247358513520668,-0.4185357841820092,0.07136001819590022,0.9548412538721887,0.7916043591796572,2.213382726161448,2.231209257845975,0.34132187040827466,128,0,1.0,0.96625,0.9646948456385808,0.7196614583333333,0.7280729166666666,0.03375
lab|edge|open|t=10|S=100|ideal,38400,129740.80746115411,,,0.96890625,0,100.08609025776444,0.031041666666666665,0.1651057603537938,0.10493233256696428,-0.43052111283414235,0.07305514514735921,0.9548412538721887,0.8015238301173856,2.2411321769748036,2.2745667579699624,0.4067416570753872,128,0,,,,,,
lab|edge|open|t=10|S=250|F=0.05|BareCrystalAllFaces,38400,324352.0186528853,0.8716759994790988,0.8688346797078745,0.966796875,81.38648850541423,250.2152256444111,0.033203125,0.330516846132466,0.08847227295962634,-0.5043881010245271,0.07637221447651431,0.9548412538721887,0.7734561020091969,2.162837212851428,2.1508586003864503,0.334819805866579,128,0,0.9998697916666667,0.8715625,0.8687203155181298,0.87140625,0.9996614583333333,0.12830729166666666
lab|edge|open|t=10|S=250|F=0.05|FrontOnlyThroughMask,38400,324352.0186528853,0.999453125,0.9992125832124087,0.9998958333333333,0.28624993499599605,250.2152256444111,0.00010416666666666667,0.5711450314547108,0.015785252296006514,-0.20799343131548895,0.006457935779601485,0.9548412538721887,0.23725301621633132,0.6642043434361207,0.6538426841389902,0.06754295315077757,128,125,1.0,0.999453125,0.9992125832124087,0.9992708333333333,0.9998177083333334,0.000546875
lab|edge|open|t=10|S=250|F=0.1|BareCrystalAllFaces,38400,324352.0186528853,0.8308579781263867,0.827676098709341,0.6747395833333333,162.77297701082847,250.2152256444111,0.32526041666666666,-1.8663053058024905,0.2730322992107536,-2.8476668928328377,0.23929908632933436,0.9548412538721887,2.337797256001081,6.536413321223704,6.56605016050402,0.35362151874776104,128,0,0.9976822916666667,0.8289322916666667,0.8257400549721507,0.8280208333333333,0.9960416666666667,0.16875
lab|edge|open|t=10|S=250|F=0.1|FrontOnlyThroughMask,38400,324352.0186528853,0.9994270833333333,0.9991820062784408,0.9998697916666667,0.5724998699919921,250.2152256444111,0.00013020833333333333,0.5727618816881114,0.014823720271965282,-0.20771793015354015,0.006177677471924397,0.9548412538721887,0.23701331212754348,0.6635334012823937,0.6540114776645932,0.05420479051613262,128,127,1.0,0.9994270833333333,0.9991820062784408,0.9994010416666667,0.9999739583333334,0.0005729166666666667
lab|edge|open|t=10|S=250|F=0.2|BareCrystalAllFaces,38400,324352.0186528853,0.7707879843273835,0.767152237841899,0.05768229166666667,325.54595402165694,250.2152256444111,0.9423177083333333,-6.502127660985712,0.2443216295687342,-7.7016689646911685,0.11085335807246766,0.9548412538721887,3.9582938140895236,11.067064388711518,11.057433775935817,0.16852822794056224,128,0,0.9570833333333333,0.7377083333333333,0.7339898064354458,0.7278645833333334,0.9408333333333333,0.219375
lab|edge|open|t=10|S=250|F=0.2|FrontOnlyThroughMask,38400,324352.0186528853,0.99921875,0.9989404988804258,0.99984375,1.1449997399839842,250.2152256444111,0.00015625,0.5709181215045318,0.017519728303403932,-0.2082170392400381,0.006454636972965428,0.9548412538721887,0.23911804936570186,0.6694113907317825,0.6527549476856167,0.09249628532395958,128,125,1.0,0.99921875,0.9989404988804258,0.9990364583333333,0.9997916666666666,0.00078125
lab|edge|open|t=10|S=250|ideal,38400,324352.0186528853,,,0.999921875,0,250.2152256444111,7.8125e-05,0.572312295963593,0.0164991383935782,-0.20766225663237434,0.004329748641655702,0.9548412538721887,0.23670551596111158,0.6626730364757986,0.6528627427555813,0.07043673113972615,128,126,,,,,,
lab|edge|open|t=10|S=25|F=0.05|BareCrystalAllFaces,38400,32435.201865288527,0.2733485193621868,0.23843575284532928,0.008776041666666666,81.38648850541423,25.02152256444111,0.99109375,-6.918536633162107,0.2798310912149099,-7.7890101145057224,0.11839988296127438,0.9548412538721887,4.1112926544850925,11.495060739555175,11.485441083426966,0.1805376112970134,128,0,0.011432291666666667,0.003125,0.002671605640876928,0.001328125,0.005859375,0.008307291666666666
lab|edge|open|t=10|S=25|F=0.05|FrontOnlyThroughMask,38400,32435.201865288527,0.4897916666666667,0.4855832636446563,0.45729166666666665,0.28624993499599605,25.02152256444111,0.5402604166666667,-4.591921800891529,0.3392048715108953,-2.4096436652038355,0.23366019905569685,0.9548412538721887,3.167287598833792,8.854784168786715,8.833559948955584,0.3191142299658273,128,0,1.0,0.4897916666666667,0.4855832636446563,0.010989583333333334,0.011666666666666667,0.5102083333333334
lab|edge|open|t=10|S=25|F=0.1|BareCrystalAllFaces,38400,32435.201865288527,0.18779342723004694,0.14489867100777284,0.000234375,162.77297701082847,25.02152256444111,0.999765625,-6.844745648721315,0.23908761985262608,-8.08907628624035,0.047408945364336694,0.9548412538721887,4.1048100943460435,11.476962193358274,11.480608511654948,0.1547109293529772,128,0,0.005546875,0.0010416666666666667,0.0007864375523100987,0.000625,0.003046875,0.004505208333333333
lab|edge|open|t=10|S=25|F=0.1|FrontOnlyThroughMask,38400,32435.201865288527,0.49023386634720556,0.4860252545484208,0.45765625,0.5724998699919921,25.02152256444111,0.5401041666666667,-4.59669087394489,0.3237133597362838,-2.4092033427445787,0.2401996457276029,0.9548412538721887,3.174409772615252,8.874721747095945,8.855369820795346,0.305551627722542,128,0,0.9999479166666667,0.49020833333333336,0.48599983707346706,0.009895833333333333,0.010703125,0.5097395833333334
lab|edge|open|t=10|S=25|F=0.2|BareCrystalAllFaces,38400,32435.201865288527,0.11242603550295859,0.07488409168837372,0.0,325.54595402165694,25.02152256444111,1.0,-6.8077146525308985,0.25513220332655734,-8.116209963641145,0.04866355543860094,0.9548412538721887,4.080905093303953,11.410062815950617,11.395493633345298,0.1754037580856375,128,0,0.004401041666666667,0.0004947916666666667,0.00032403262454585766,0.00026041666666666666,0.0022135416666666666,0.00390625
lab|edge|open|t=10|S=25|F=0.2|FrontOnlyThroughMask,38400,32435.201865288527,0.4831025518595151,0.4788569485279799,0.4465625,1.1449997399839842,25.02152256444111,0.5508854166666667,-4.602810141456411,0.3470085504546985,-2.432625239482502,0.2332939597964684,0.9548412538721887,3.1689024815892513,8.859281151436019,8.841573318057765,0.3326802787831466,128,0,0.98171875,0.4742708333333333,0.47006798272248645,0.009479166666666667,0.01015625,0.5074479166666667
lab|edge|open|t=10|S=25|ideal,38400,32435.201865288527,,,0.459765625,0,25.02152256444111,0.5375520833333334,-4.58431364626444,0.349814775431925,-2.394139409320348,0.25690062628788135,0.9548412538721887,3.1626756407678984,8.841893609629686,8.856656927821586,0.3330817438747941,128,0,,,,,,
lab|edge|open|t=10|S=500|F=0.05|BareCrystalAllFaces,38400,648704.0373057706,0.9651822916666667,0.9636042654716437,0.9999739583333334,81.38648850541423,500.4304512888222,2.604166666666667e-05,0.6318965389200589,0.00814989596668741,-0.19988453185129423,0.004085238079571213,0.9548412538721887,0.24193254410070897,0.6773516519932499,0.6751554313225234,0.021571801148084747,128,128,1.0,0.9651822916666667,0.9636042654716437,0.9651822916666667,1.0,0.034817708333333336
lab|edge|open|t=10|S=500|F=0.05|FrontOnlyThroughMask,38400,648704.0373057706,0.9999739583333334,0.9998764678836031,1.0,0.28624993499599605,500.4304512888222,0.0,0.6092964349372599,0.0073263821122547135,-0.19554281276505753,0.0012877705011628848,0.9548412538721887,0.23153148814069027,0.6482305323098584,0.6487233903842229,0.006115579843491183,128,128,1.0,0.9999739583333334,0.9998764678836031,0.9999739583333334,1.0,2.604166666666667e-05
lab|edge|open|t=10|S=500|F=0.1|BareCrystalAllFaces,38400,648704.0373057706,0.9528645833333333,0.9510471630209306,0.9984375,162.77297701082847,500.4304512888222,0.0015625,0.6353195639283186,0.0205546169267957,-0.2218004484507156,0.019674513838029324,0.9548412538721887,0.2868108828080579,0.8027670501956484,0.7052107582406126,0.16260918764462068,128,110,1.0,0.9528645833333333,0.9510471630209306,0.9528645833333333,1.0,0.047135416666666666
lab|edge|open|t=10|S=500|F=0.1|FrontOnlyThroughMask,38400,648704.0373057706,1.0,0.9999219891817117,1.0,0.5724998699919921,500.4304512888222,0.0,0.6088265851730978,0.006768288791865308,-0.1955486622323637,0.0011791738980242474,0.9548412538721887,0.23133042543174775,0.6476673763027307,0.6475755861172606,0.005305857698439709,128,128,1.0,1.0,0.9999219891817117,1.0,1.0,0.0
lab|edge|open|t=10|S=500|F=0.2|BareCrystalAllFaces,38400,648704.0373057706,0.9291145833333333,0.9269233264424066,0.8547135416666667,325.54595402165694,500.4304512888222,0.14528645833333334,-0.36901642480991115,0.17128343438668459,-1.4117696982428154,0.16628831508234998,0.9548412538721887,1.5125422840506013,4.229153103538048,4.197903622100831,0.3280354685264377,128,0,1.0,0.9291145833333333,0.9269233264424066,0.9291145833333333,1.0,0.07088541666666667
lab|edge|open|t=10|S=500|F=0.2|FrontOnlyThroughMask,38400,648704.0373057706,0.9999739583333334,0.9998764678836031,1.0,1.1449997399839842,500.4304512888222,0.0,0.6092310595198848,0.007224777592985525,-0.195528373436058,0.001201713682820075,0.9548412538721887,0.2315457223182436,0.6482703643921967,0.6484561942072834,0.0058410349404814646,128,128,1.0,0.9999739583333334,0.9998764678836031,0.9999739583333334,1.0,2.604166666666667e-05
lab|edge|open|t=10|S=500|ideal,38400,648704.0373057706,,,1.0,0,500.4304512888222,0.0,0.6094875071465493,0.007245729418490418,-0.1956047302790297,0.0012760087694002264,0.9548412538721887,0.23155307554148363,0.6482909084789017,0.6486089880309369,0.0056564574443640405,128,128,,,,,,
lab|edge|open|t=10|S=50|F=0.05|BareCrystalAllFaces,38400,64870.403730577054,0.4962264150943396,0.4800707831602294,0.049140625,81.38648850541423,50.04304512888222,0.9506770833333333,-6.757753450188381,0.28531507145976154,-7.484562237673921,0.13989042410315716,0.9548412538721887,4.044721581581183,11.308816955743104,11.277793965469586,0.200779521254533,128,0,0.06901041666666667,0.03424479166666667,0.03273138608465858,0.021822916666666668,0.043359375,0.034765625
lab|edge|open|t=10|S=50|F=0.05|FrontOnlyThroughMask,38400,64870.403730577054,0.786171875,0.7827013734628634,0.7767447916666667,0.28624993499599605,50.04304512888222,0.22244791666666666,-1.6521295344457296,0.252662786617185,-1.232021085954141,0.17518677434872884,0.9548412538721887,2.0443810755951777,5.7155436347442246,5.694386269566676,0.3875995706090732,128,0,1.0,0.786171875,0.7827013734628634,0.161171875,0.1659375,0.213828125
lab|edge|open|t=10|S=50|F=0.1|BareCrystalAllFaces,38400,64870.403730577054,0.42555438225976766,0.39879772685144094,0.00203125,162.77297701082847,50.04304512888222,0.9979427083333333,-6.986358940855655,0.24399220880695383,-8.072094557332747,0.05679581002833917,0.9548412538721887,4.125223303298925,11.533914745159207,11.552240822468324,0.15613290637720997,128,0,0.024661458333333334,0.010494791666666666,0.009653910430800371,0.007317708333333333,0.01625,0.014166666666666666
lab|edge|open|t=10|S=50|F=0.1|FrontOnlyThroughMask,38400,64870.403730577054,0.7836979166666667,0.780213153343066,0.7753125,0.5724998699919921,50.04304512888222,0.22385416666666666,-1.6566212220553262,0.2561432349478013,-1.2409975944395473,0.1574208352545811,0.9548412538721887,2.0483722496855443,5.726726575490716,5.724017277163364,0.3652351104163498,128,0,1.0,0.7836979166666667,0.780213153343066,0.16125,0.16643229166666668,0.21630208333333334
lab|edge|open|t=10|S=50|F=0.2|BareCrystalAllFaces,38400,64870.403730577054,0.31363636363636366,0.2771308888987145,0.0,325.54595402165694,50.04304512888222,1.0,-6.917774784510035,0.23373966688343964,-8.118818612552824,0.04106489508720577,0.9548412538721887,4.095984542970483,11.452129333764697,11.446122114682806,0.1514963477802236,128,0,0.011458333333333333,0.00359375,0.003106507942839339,0.0024739583333333332,0.007447916666666667,0.007864583333333333
lab|edge|open|t=10|S=50|F=0.2|FrontOnlyThroughMask,38400,64870.403730577054,0.7829311605557296,0.7794370569073492,0.7696614583333333,1.1449997399839842,50.04304512888222,0.22986979166666666,-1.7173738571641688,0.24847795328484928,-1.2878732865682776,0.16867243192476533,0.9548412538721887,2.078438518384738,5.810776999142305,5.8039508812841305,0.36096280595428487,128,0,0.9971875,0.7807291666666667,0.7772275318848075,0.155078125,0.15994791666666666,0.21645833333333334
lab|edge|open|t=10|S=50|ideal,38400,64870.403730577054,,,0.77703125,0,50.04304512888222,0.222265625,-1.6353436536097234,0.2669023619117327,-1.2456423658465257,0.17668679494766215,0.9548412538721887,2.0365737770690795,5.693722475002234,5.747949387211019,0.3886165567771955,128,0,,,,,,
lab|edge|open|t=10|default|F=0.05|BareCrystalAllFaces,38400,1000000,0.9899479166666667,0.9890695131858853,1.0,81.38648850541423,771.4310725847099,0.0,0.6323328545196183,0.005867636011232882,-0.19483702844426787,0.0008003653058101006,0.9548412538721887,0.23764008697607433,0.665341180368768,0.6651909808595711,0.005439429671164347,128,128,1.0,0.9899479166666667,0.9890695131858853,0.9899479166666667,1.0,0.010052083333333333
lab|edge|open|t=10|default|F=0.05|FrontOnlyThroughMask,38400,1000000,1.0,0.9999219891817117,1.0,0.28624993499599605,771.4310725847099,0.0,0.6133526100741414,0.006186064275466188,-0.1945286849329184,0.00032775835584804075,0.9548412538721887,0.2310986544670761,0.6470191879782453,0.6469499077243512,0.005741097440651915,128,128,1.0,1.0,0.9999219891817117,1.0,1.0,0.0
lab|edge|open|t=10|default|F=0.1|BareCrystalAllFaces,38400,1000000,0.984921875,0.9838583325799048,1.0,162.77297701082847,771.4310725847099,0.0,0.6469339262424298,0.005555386827214302,-0.19596210985688398,0.0013266025370093487,0.9548412538721887,0.24297305874375227,0.6802770238662127,0.6801924437677092,0.0045707452686867085,128,128,1.0,0.984921875,0.9838583325799048,0.984921875,1.0,0.015078125
lab|edge|open|t=10|default|F=0.1|FrontOnlyThroughMask,38400,1000000,1.0,0.9999219891817117,1.0,0.5724998699919921,771.4310725847099,0.0,0.6142376018711512,0.005745420724379128,-0.19455238787799428,0.0003726421247347254,0.9548412538721887,0.23135094275441553,0.6477257971245785,0.6476707335890528,0.005280524834742667,128,128,1.0,1.0,0.9999219891817117,1.0,1.0,0.0
lab|edge|open|t=10|default|F=0.2|BareCrystalAllFaces,38400,1000000,0.9769791666666666,0.9756802895377699,0.9991145833333334,325.54595402165694,771.4310725847099,0.0008854166666666666,0.6651981425267208,0.013344755223778374,-0.21225308708992524,0.015625201669551423,0.9548412538721887,0.2741805477437996,0.7675185450505037,0.7126910309483342,0.11381185951713774,128,120,1.0,0.9769791666666666,0.9756802895377699,0.9769791666666666,1.0,0.023020833333333334
lab|edge|open|t=10|default|F=0.2|FrontOnlyThroughMask,38400,1000000,1.0,0.9999219891817117,1.0,1.1449997399839842,771.4310725847099,0.0,0.6141843407314721,0.005513892532601875,-0.19452828506541076,0.00032618022738977186,0.9548412538721887,0.23136378871229898,0.6477618325364327,0.6472070825995456,0.004967870418051408,128,128,1.0,1.0,0.9999219891817117,1.0,1.0,0.0
lab|edge|open|t=10|default|ideal,38400,1000000,,,1.0,0,771.4310725847099,0.0,0.6135769000929919,0.005789709364978782,-0.19456148638808535,0.0003835005270344616,0.9548412538721887,0.23115865840529295,0.6471871889685865,0.6465196753688763,0.005388291051184937,128,128,,,,,,
lab|edge|open|t=60|S=1000|F=0.05|BareCrystalAllFaces,38400,216234.6791019235,0.9872135416666666,0.9862296507051987,0.9985416666666667,488.3189310324854,1000.8609025776444,0.0014583333333333334,0.672309819606216,0.014149176422446742,-0.21455704506323495,0.019238993835855207,0.9548412538721887,0.286056910558725,0.8007138544373398,0.7189333011801171,0.1308403263358656,128,116,1.0,0.9872135416666666,0.9862296507051987,0.9872135416666666,1.0,0.012786458333333334
lab|edge|open|t=60|S=1000|F=0.05|FrontOnlyThroughMask,38400,216234.6791019235,1.0,0.9999219891817117,1.0,1.717499609975976,1000.8609025776444,0.0,0.6149342048703526,0.005081191645907449,-0.19444444444444337,0.0,0.9548412538721887,0.23124301073546177,0.6474232602275718,0.6476048219247328,0.004787746449766049,128,128,1.0,1.0,0.9999219891817117,1.0,1.0,0.0
lab|edge|open|t=60|S=1000|F=0.1|BareCrystalAllFaces,38400,216234.6791019235,0.9718489583333333,0.9704208686957765,0.355546875,976.6378620649708,1000.8609025776444,0.644453125,-3.6226525087654218,0.23595440237209925,-5.474108172673821,0.26895851706965757,0.9548412538721887,3.059558071443254,8.554485424941912,8.56539955227459,0.22992888615786553,128,0,1.0,0.9718489583333333,0.9704208686957765,0.9718489583333333,1.0,0.028151041666666668
lab|edge|open|t=60|S=1000|F=0.1|FrontOnlyThroughMask,38400,216234.6791019235,1.0,0.9999219891817117,1.0,3.434999219951952,1000.8609025776444,0.0,0.6156723583219502,0.005788005989268335,-0.19445467725212084,0.00011577100318905945,0.9548412538721887,0.23148425002338924,0.648098956787878,0.6482825713149252,0.005485592630991326,128,128,1.0,1.0,0.9999219891817117,1.0,1.0,0.0
lab|edge|open|t=60|S=1000|F=0.2|BareCrystalAllFaces,38400,216234.6791019235,0.9373177083333334,0.9352455207564562,0.0,1953.2757241299416,1000.8609025776444,1.0,-6.1137190037011715,0.18609564974485707,-8.322940584284579,0.053901077182762894,0.9548412538721887,3.8169883386908934,10.672092694298053,10.656045305602094,0.1442498908017386,128,0,1.0,0.9373177083333334,0.9352455207564562,0.9373177083333334,1.0,0.06268229166666667
lab|edge|open|t=60|S=1000|F=0.2|FrontOnlyThroughMask,38400,216234.6791019235,1.0,0.9999219891817117,1.0,6.869998439903904,1000.8609025776444,0.0,0.6155274365550616,0.005281476436047624,-0.19445457175925818,0.00011457748769226457,0.9548412538721887,0.2314867879910078,0.6481060823201357,0.6482827340066267,0.004852533239140603,128,128,1.0,1.0,0.9999219891817117,1.0,1.0,0.0
lab|edge|open|t=60|S=1000|ideal,38400,216234.6791019235,,,1.0,0,1000.8609025776444,0.0,0.6142700375071195,0.005570388306591717,-0.1944548696214586,0.00011794741380086188,0.9548412538721887,0.231052915579899,0.646890825774692,0.6468392474664615,0.005221922440224854,128,128,,,,,,
lab|edge|open|t=60|S=100|F=0.05|BareCrystalAllFaces,38400,21623.46791019235,0.5285252960172229,0.5091838531860579,0.0,488.3189310324854,100.08609025776444,1.0,-6.941490836387906,0.23237385821099635,-8.125955672828319,0.051375154268133855,0.9548412538721887,4.081250214498397,11.410827367271589,11.422677726498588,0.1507379747367771,128,0,0.04838541666666667,0.025572916666666667,0.024261462922877806,0.020260416666666666,0.036432291666666665,0.0228125
lab|edge|open|t=60|S=100|F=0.05|FrontOnlyThroughMask,38400,21623.46791019235,0.9652522726680732,0.9636755440614837,0.9662239583333333,1.717499609975976,100.08609025776444,0.03372395833333333,0.1380621404054803,0.10254278522900961,-0.4359895833630896,0.0737682527121586,0.9548412538721887,0.8346315375676775,2.3336638530283165,2.3431138144806436,0.37218097694083635,128,0,0.999765625,0.9650260416666666,0.9634447013368177,0.7095572916666667,0.7193489583333333,0.03473958333333333
lab|edge|open|t=60|S=100|F=0.1|BareCrystalAllFaces,38400,21623.46791019235,0.39280359820089955,0.36134760075351585,0.0,976.6378620649708,100.08609025776444,1.0,-6.912109204786724,0.22502337994839436,-8.162820561155073,0.045732453512735846,0.9548412538721887,4.052384055929979,11.330050979314187,11.329505425233478,0.15529337882125593,128,0,0.017369791666666665,0.006822916666666666,0.00614670126773701,0.004791666666666666,0.012135416666666666,0.010546875
lab|edge|open|t=60|S=100|F=0.1|FrontOnlyThroughMask,38400,21623.46791019235,0.9646501648437908,0.9630570115652828,0.9644791666666667,3.434999219951952,100.08609025776444,0.035494791666666664,0.13896559957106353,0.10881934304839667,-0.4469079951632317,0.07553555434697255,0.9548412538721887,0.8440798014109123,2.3601094169358894,2.3319610882712625,0.37401938143965907,128,0,0.9952604166666666,0.960078125,0.9583958478538267,0.696171875,0.7052864583333334,0.035182291666666664
lab|edge|open|t=60|S=100|F=0.2|BareCrystalAllFaces,38400,21623.46791019235,0.26953125,0.22413655616826278,0.0,1953.2757241299416,100.08609025776444,1.0,-6.787440834533084,0.2153925015460126,-8.218850314749073,0.04877300334708303,0.9548412538721887,4.001847759361536,11.188722957851189,11.187885317620466,0.14826168765382877,128,0,0.006666666666666667,0.001796875,0.0014566999775946872,0.00140625,0.004895833333333334,0.004869791666666666
lab|edge|open|t=60|S=100|F=0.2|FrontOnlyThroughMask,38400,21623.46791019235,0.967997413932439,0.9664539952827257,0.95953125,6.869998439903904,100.08609025776444,0.040364583333333336,0.10282806355962906,0.1076167439338438,-0.4773169513229402,0.07699059136781383,0.9548412538721887,0.8920645950083202,2.4942560687793938,2.4810235381190275,0.3586755256046979,128,0,0.96671875,0.93578125,0.9336860567322544,0.671328125,0.6797135416666666,0.0309375
lab|edge|open|t=60|S=100|ideal,38400,21623.46791019235,,,0.9696614583333333,0,100.08609025776444,0.030208333333333334,0.17762893899954307,0.10435640639791602,-0.4166417194605013,0.07488843433562496,0.9548412538721887,0.7938966909532003,2.2198240852463913,2.220101792390227,0.3949207817404106,128,0,,,,,,
lab|edge|open|t=60|S=250|F=0.05|BareCrystalAllFaces,38400,54058.66977548088,0.7347520366756497,0.7306795869016253,0.001015625,488.3189310324854,250.2152256444111,0.998984375,-6.887685650153587,0.21977859106879877,-8.14167526973579,0.05288312086429696,0.9548412538721887,4.054514638079047,11.33603238497165,11.339996778258879,0.15376974830151532,128,0,0.840703125,0.6177083333333333,0.6136098588074952,0.594765625,0.8040104166666666,0.22299479166666666
lab|edge|open|t=60|S=250|F=0.05|FrontOnlyThroughMask,38400,54058.66977548088,0.9993489583333334,0.9990908444879734,0.999921875,1.717499609975976,250.2152256444111,7.8125e-05,0.5717956339686189,0.014270591772044317,-0.20833780475985597,0.0062870417433687304,0.9548412538721887,0.2352725489351154,0.6586728331675986,0.6544071337303697,0.034175199538350846,128,128,1.0,0.9993489583333334,0.9990908444879734,0.9991666666666666,0.9998177083333334,0.0006510416666666666
lab|edge|open|t=60|S=250|F=0.1|BareCrystalAllFaces,38400,54058.66977548088,0.6791425260718424,0.6732470839371456,0.0,976.6378620649708,250.2152256444111,1.0,-6.8677990040747625,0.23404394867059963,-8.173527993089555,0.04332736382804736,0.9548412538721887,4.025955629821264,11.256098436074907,11.254972135871554,0.15899359700286347,128,0,0.44947916666666665,0.30526041666666665,0.3013928439707584,0.272109375,0.3948697916666667,0.14421875
lab|edge|open|t=60|S=250|F=0.1|FrontOnlyThroughMask,38400,54058.66977548088,0.9993229166666666,0.9990606282737579,0.999921875,3.434999219951952,250.2152256444111,7.8125e-05,0.5730881518696594,0.01337649309815837,-0.20827558952781836,0.005611940639678343,0.9548412538721887,0.23584681122465154,0.6602788489042211,0.6557939045608645,0.0369849377062042,128,128,1.0,0.9993229166666666,0.9990606282737579,0.99921875,0.9998958333333333,0.0006770833333333334
lab|edge|open|t=60|S=250|F=0.2|BareCrystalAllFaces,38400,54058.66977548088,0.6162650602409638,0.6047815511792531,0.0,1953.2757241299416,250.2152256444111,1.0,-6.798895123552205,0.18818860533283163,-8.214838562439734,0.04900855311540303,0.9548412538721887,3.9863023188711373,11.145176857793455,11.147033793451456,0.1334365567720476,128,0,0.1296875,0.079921875,0.07765620072576815,0.0709375,0.11317708333333333,0.049765625
lab|edge|open|t=60|S=250|F=0.2|FrontOnlyThroughMask,38400,54058.66977548088,0.9993489583333334,0.9990908444879734,0.9997916666666666,6.869998439903904,250.2152256444111,0.00020833333333333335,0.574904363541802,0.014556460106702132,-0.2093469967348948,0.007851684916487847,0.9548412538721887,0.23996986370867984,0.6718019654036577,0.6575688118547653,0.06648925676735763,128,126,1.0,0.9993489583333334,0.9990908444879734,0.9990364583333333,0.9996875,0.0006510416666666666
lab|edge|open|t=60|S=250|ideal,38400,54058.66977548088,,,0.999921875,0,250.2152256444111,7.8125e-05,0.5726910351660573,0.015038425889813689,-0.20757415214634126,0.005580637076030234,0.9548412538721887,0.23670678147328775,0.6626757640531716,0.6528871161931726,0.06596753217348385,128,126,,,,,,
lab|edge|open|t=60|S=25|F=0.05|BareCrystalAllFaces,38400,5405.866977548088,0.14606741573033707,0.10440929410898882,0.0,488.3189310324854,25.02152256444111,1.0,-6.76928819232548,0.2578992837318768,-8.139853342435886,0.04452607422655176,0.9548412538721887,4.066913202884981,11.370951492063433,11.377392771652225,0.16198808405221388,128,0,0.004635416666666667,0.0006770833333333334,0.00047448322138911065,0.00046875,0.002890625,0.003958333333333334
lab|edge|open|t=60|S=25|F=0.05|FrontOnlyThroughMask,38400,5405.866977548088,0.49210302858760263,0.4877145398595219,0.4372916666666667,1.717499609975976,25.02152256444111,0.55984375,-4.691721407127387,0.29636380004403057,-2.418051971538303,0.24144768716515583,0.9548412538721887,3.1954920665689786,8.933638688616632,8.942144039445864,0.2809520727962118,128,0,0.9200520833333333,0.45276041666666667,0.4485719803779664,0.010390625,0.011197916666666667,0.46729166666666666
lab|edge|open|t=60|S=25|F=0.1|BareCrystalAllFaces,38400,5405.866977548088,0.09803921568627451,0.06140841681783394,0.0,976.6378620649708,25.02152256444111,1.0,-6.7992998399839415,0.25798791303835866,-8.165613186113617,0.0475362535320483,0.9548412538721887,4.045293072381318,11.31037590029342,11.306326267243024,0.16879688025229037,128,0,0.003984375,0.000390625,0.00024080476280701838,0.000234375,0.0023697916666666667,0.00359375
lab|edge|open|t=60|S=25|F=0.1|FrontOnlyThroughMask,38400,5405.866977548088,0.5426108892158924,0.5372729463709084,0.41473958333333333,3.434999219951952,25.02152256444111,0.5819791666666667,-4.859243364973184,0.31059762343106423,-2.485923100178583,0.26582926495948794,0.9548412538721887,3.241473148821632,9.062161523913215,9.078799474889145,0.30589583394148523,128,0,0.6194010416666667,0.33609375,0.3321249596322023,0.008776041666666666,0.009583333333333333,0.2833072916666667
lab|edge|open|t=60|S=25|F=0.2|BareCrystalAllFaces,38400,5405.866977548088,0.09174311926605505,0.050620887291459186,0.0,1953.2757241299416,25.02152256444111,1.0,-6.76371946251967,0.2341266603410431,-8.216212393116184,0.05017744339434894,0.9548412538721887,4.007510466803855,11.20463525391568,11.211071041429438,0.1477565764754072,128,0,0.0028385416666666667,0.00026041666666666666,0.00014129318342801184,0.00020833333333333335,0.002109375,0.002578125
lab|edge|open|t=60|S=25|F=0.2|FrontOnlyThroughMask,38400,5405.866977548088,0.6225951261222745,0.6142711893698709,0.38033854166666664,6.869998439903904,25.02152256444111,0.6159635416666667,-5.137487676480461,0.33101523169088404,-2.578281874371613,0.23060236220452704,0.9548412538721887,3.3220819906171206,9.287485456005529,9.294913578164408,0.32340922418734214,128,0,0.24364583333333334,0.15169270833333334,0.14868814334046565,0.00765625,0.008697916666666666,0.091953125
lab|edge|open|t=60|S=25|ideal,38400,5405.866977548088,,,0.46536458333333336,0,25.02152256444111,0.532421875,-4.4868637567442375,0.329097914770499,-2.37928138462899,0.22527754704684216,0.9548412538721887,3.1323306907919575,8.75705832336072,8.759694305887738,0.3210890480809185,128,0,,,,,,
lab|edge|open|t=60|S=500|F=0.05|BareCrystalAllFaces,38400,108117.33955096175,0.9064322916666666,0.9039519825160096,0.302890625,488.3189310324854,500.4304512888222,0.697109375,-4.373320635665992,0.2681459037879471,-5.833349982688809,0.2277417462083875,0.9548412538721887,3.317059001981641,9.274323633845903,9.263868154687042,0.22900346106351063,128,0,1.0,0.9064322916666666,0.9039519825160096,0.9064322916666666,1.0,0.09356770833333333
lab|edge|open|t=60|S=500|F=0.05|FrontOnlyThroughMask,38400,108117.33955096175,1.0,0.9999219891817117,1.0,1.717499609975976,500.4304512888222,0.0,0.609697755162992,0.007783568529679549,-0.19553620011951794,0.0011521362010814807,0.9548412538721887,0.23161408600168873,0.6484618958536456,0.6484979779703333,0.006013781339288357,128,128,1.0,1.0,0.9999219891817117,1.0,1.0,0.0
lab|edge|open|t=60|S=500|F=0.1|BareCrystalAllFaces,38400,108117.33955096175,0.8425715998227921,0.8394812733012185,2.604166666666667e-05,976.6378620649708,500.4304512888222,0.9999739583333334,-6.588366347524709,0.19649279743054193,-8.21444074901256,0.0444605162219999,0.9548412538721887,3.9528190613691696,11.051720097206534,11.037283535805644,0.14585403789025078,128,0,0.999296875,0.8419791666666666,0.8388853018885849,0.8417447916666667,0.9988020833333333,0.15731770833333333
lab|edge|open|t=60|S=500|F=0.1|FrontOnlyThroughMask,38400,108117.33955096175,0.9999739583333334,0.9998764678836031,1.0,3.434999219951952,500.4304512888222,0.0,0.6104140439253637,0.0070705039220090435,-0.19556883090571975,0.0013155685407889746,0.9548412538721887,0.2317877854612651,0.6489484077081179,0.6487386584514712,0.005708092880886161,128,128,1.0,0.9999739583333334,0.9998764678836031,0.9999739583333334,1.0,2.604166666666667e-05
lab|edge|open|t=60|S=500|F=0.2|BareCrystalAllFaces,38400,108117.33955096175,0.7607648765101805,0.7570112245104651,0.0,1953.2757241299416,500.4304512888222,1.0,-6.589740826369761,0.16836176798714872,-8.245717181836156,0.048734234568874525,0.9548412538721887,3.928461675029727,10.983515914621545,10.983901079409488,0.12088798088766671,128,0,0.9247135416666666,0.7034895833333333,0.6996316401474683,0.696484375,0.9119270833333334,0.22122395833333333
lab|edge|open|t=60|S=500|F=0.2|FrontOnlyThroughMask,38400,108117.33955096175,1.0,0.9999219891817117,1.0,6.869998439903904,500.4304512888222,0.0,0.6110616279229677,0.007634911620578927,-0.19557882461143716,0.0011843977270970653,0.9548412538721887,0.23214769996454393,0.6499564193819327,0.6499514859094783,0.005890583082217414,128,128,1.0,1.0,0.9999219891817117,1.0,1.0,0.0
lab|edge|open|t=60|S=500|ideal,38400,108117.33955096175,,,1.0,0,500.4304512888222,0.0,0.6091945091360962,0.007265636716802849,-0.1954672045238903,0.0011145295708103256,0.9548412538721887,0.23149635023874657,0.6481322281847295,0.6484103470600191,0.006158116571135945,128,128,,,,,,
lab|edge|open|t=60|S=50|F=0.05|BareCrystalAllFaces,38400,10811.733955096175,0.28955223880597014,0.24880742798793057,0.0,488.3189310324854,50.04304512888222,1.0,-6.856975988795011,0.23587844802570446,-8.127994121921478,0.04275068295301055,0.9548412538721887,4.07525130986801,11.39415170485551,11.386284603478977,0.14936387197026238,128,0,0.008723958333333334,0.0025260416666666665,0.002119887285148894,0.0017708333333333332,0.0059375,0.006197916666666667
lab|edge|open|t=60|S=50|F=0.05|FrontOnlyThroughMask,38400,10811.733955096175,0.7840816002959596,0.7805732877734187,0.7646614583333333,1.717499609975976,50.04304512888222,0.23434895833333333,-1.7675663766416674,0.29258014773366253,-1.288466501684686,0.19753701951536967,0.9548412538721887,2.0958489311310675,5.859404855247856,5.859960667804563,0.41444854896870525,128,0,0.9854947916666666,0.7727083333333333,0.7691624110501556,0.14919270833333334,0.153984375,0.21278645833333334
lab|edge|open|t=60|S=50|F=0.1|BareCrystalAllFaces,38400,10811.733955096175,0.16203703703703703,0.12215663719408583,0.0,976.6378620649708,50.04304512888222,1.0,-6.840651477414979,0.2279228052362259,-8.160438808642903,0.049928226113306745,0.9548412538721887,4.0488958225983165,11.320393560918001,11.311785833447711,0.15170888365859841,128,0,0.005625,0.0009114583333333333,0.0006737598577993919,0.0005208333333333333,0.003046875,0.004713541666666667
lab|edge|open|t=60|S=50|F=0.1|FrontOnlyThroughMask,38400,10811.733955096175,0.8006031680965069,0.7970135335578205,0.7501041666666667,3.434999219951952,50.04304512888222,0.24872395833333333,-1.853401748463376,0.27965141139772887,-1.345264502300205,0.1904364469364277,0.9548412538721887,2.1379865270831013,5.977248896968298,5.9568129195029025,0.3970841352821989,128,0,0.8894010416666667,0.7120572916666666,0.7082317247787266,0.13807291666666666,0.143203125,0.17734375
lab|edge|open|t=60|S=50|F=0.2|BareCrystalAllFaces,38400,10811.733955096175,0.13178294573643412,0.08573941368395722,0.0,1953.2757241299416,50.04304512888222,1.0,-6.788731539713429,0.19977782659101886,-8.221225704945843,0.056421929787280445,0.9548412538721887,4.007430188628759,11.204367629529736,11.187104954074288,0.14500551709090723,128,0,0.003359375,0.0004427083333333333,0.00028210597311729144,0.0003125,0.0023177083333333335,0.002916666666666667
lab|edge|open|t=60|S=50|F=0.2|FrontOnlyThroughMask,38400,10811.733955096175,0.8561800557473894,0.8524045460268275,0.7249479166666667,6.869998439903904,50.04304512888222,0.274140625,-2.027747311092081,0.28869667052824605,-1.4579707209284614,0.1997719874784644,0.9548412538721887,2.2185085309878922,6.202356695561323,6.184546879804591,0.38341882051210946,128,0,0.6259635416666667,0.5359375,0.5317364982649299,0.11911458333333333,0.12377604166666667,0.09002604166666667
lab|edge|open|t=60|S=50|ideal,38400,10811.733955096175,,,0.7826822916666667,0,50.04304512888222,0.2165625,-1.591855034347788,0.2372229674961863,-1.2352190624246868,0.17142209607828948,0.9548412538721887,2.018768780708756,5.6439890978392535,5.647792030791578,0.34428533598561284,128,0,,,,,,
lab|edge|open|t=60|default|F=0.05|BareCrystalAllFaces,38400,1000000,1.0,0.9999219891817117,1.0,488.3189310324854,4628.586435508259,0.0,0.6356438124135689,0.004411003042640675,-0.19444444444444337,0.0,0.9548412538721887,0.237591787964162,0.6652051086404809,0.6649183266725278,0.0041971059349854645,128,128,1.0,1.0,0.9999219891817117,1.0,1.0,0.0
lab|edge|open|t=60|default|F=0.05|FrontOnlyThroughMask,38400,1000000,1.0,0.9999219891817117,1.0,1.717499609975976,4628.586435508259,0.0,0.6168858823510723,0.0045574580000234625,-0.19444444444444337,0.0,0.9548412538721887,0.23122636400276608,0.6473755367547434,0.6476313289456175,0.00432489234778089,128,128,1.0,1.0,0.9999219891817117,1.0,1.0,0.0
lab|edge|open|t=60|default|F=0.1|BareCrystalAllFaces,38400,1000000,1.0,0.9999219891817117,1.0,976.6378620649708,4628.586435508259,0.0,0.651760727610536,0.004096190804671062,-0.19444444444444337,0.0,0.9548412538721887,0.24307963680078853,0.6805766864167537,0.6805390093468214,0.00391154219175682,128,128,1.0,1.0,0.9999219891817117,1.0,1.0,0.0
lab|edge|open|t=60|default|F=0.1|FrontOnlyThroughMask,38400,1000000,1.0,0.9999219891817117,1.0,3.434999219951952,4628.586435508259,0.0,0.6167446091381471,0.004859272654558741,-0.19444444444444337,0.0,0.9548412538721887,0.2311760342887866,0.6472345597515338,0.6473653633776457,0.004611407066285971,128,128,1.0,1.0,0.9999219891817117,1.0,1.0,0.0
lab|edge|open|t=60|default|F=0.2|BareCrystalAllFaces,38400,1000000,1.0,0.9999219891817117,1.0,1953.2757241299416,4628.586435508259,0.0,0.6777612323226991,0.003309654724991132,-0.19444444444444337,0.0,0.9548412538721887,0.2519591321822789,0.7054485268540986,0.7052859086992109,0.0031734024974754424,128,128,1.0,1.0,0.9999219891817117,1.0,1.0,0.0
lab|edge|open|t=60|default|F=0.2|FrontOnlyThroughMask,38400,1000000,1.0,0.9999219891817117,1.0,6.869998439903904,4628.586435508259,0.0,0.6171244725978887,0.004607333920287146,-0.19444444444444337,0.0,0.9548412538721887,0.23130541253269638,0.6475969483952728,0.6476313562875545,0.004376496726543169,128,128,1.0,1.0,0.9999219891817117,1.0,1.0,0.0
lab|edge|open|t=60|default|ideal,38400,1000000,,,1.0,0,4628.586435508259,0.0,0.6170140457398624,0.004944131763004438,-0.19444444444444337,0.0,0.9548412538721887,0.23126940181436986,0.6474960853367784,0.6474540765781811,0.004697635918562408,128,128,,,,,,
