condition,Acquisitions,ActivityBq,CorrectAmongTrusted,CorrectAmongTrustedLower95,DecoderWithinResolution,ExpectedBackgroundCounts,ExpectedSourceCounts,FailureRate,ResolutionDeg,RmsErrorDegMean,RmsErrorMmMean,RmsErrorMmMedian,RmsErrorMmSd,Seeds,SubMmSeeds,Trusted,TrustedCorrect,TrustedCorrectLower95,TrustedCorrectUniversal,TrustedUniversal,WrongTrusted
head1m|centre|cs662|t=10|S=1000|F=0.05|BareCrystalAllFaces,38400,53319343.182765454,1.0,0.9999219891817117,1.0,2.1384899894893574,1000.323571236503,0.5,1.041626676009974,0.2023691674166667,3.5320376388622785,3.525563815740675,0.12193777105554142,128,0,1.0,1.0,0.9999219891817117,1.0,1.0,0.0
head1m|centre|cs662|t=10|S=1000|F=0.05|FrontOnlyThroughMask,38400,53319343.182765454,1.0,0.9999219891817117,1.0,0.05209914322409908,1000.323571236503,0.50203125,1.041626676009974,0.20268127003330627,3.537485026840115,3.527390998840763,0.13941736696191506,128,0,1.0,1.0,0.9999219891817117,1.0,1.0,0.0
head1m|centre|cs662|t=10|S=1000|F=0.1|BareCrystalAllFaces,38400,53319343.182765454,1.0,0.9999219891817117,1.0,4.276979978978715,1000.323571236503,0.499296875,1.041626676009974,0.20222521983135838,3.5295252983140646,3.5185627266392343,0.14022485294477832,128,0,1.0,1.0,0.9999219891817117,1.0,1.0,0.0
head1m|centre|cs662|t=10|S=1000|F=0.1|FrontOnlyThroughMask,38400,53319343.182765454,1.0,0.9999219891817117,1.0,0.10419828644819816,1000.323571236503,0.49703125,1.041626676009974,0.20191289642766974,3.5240740720783954,3.53613399787801,0.12404417407114558,128,0,1.0,1.0,0.9999219891817117,1.0,1.0,0.0
head1m|centre|cs662|t=10|S=1000|F=0.2|BareCrystalAllFaces,38400,53319343.182765454,1.0,0.9999219891817117,1.0,8.55395995795743,1000.323571236503,0.50296875,1.041626676009974,0.20322343446831354,3.546947937980698,3.532236405978378,0.13579474269520747,128,0,1.0,1.0,0.9999219891817117,1.0,1.0,0.0
head1m|centre|cs662|t=10|S=1000|F=0.2|FrontOnlyThroughMask,38400,53319343.182765454,1.0,0.9999219891817117,1.0,0.20839657289639632,1000.323571236503,0.49799479166666666,1.041626676009974,0.20212405380769355,3.5277595167824334,3.528810952289456,0.1476879318856106,128,0,1.0,1.0,0.9999219891817117,1.0,1.0,0.0
head1m|centre|cs662|t=10|S=1000|ideal,38400,53319343.182765454,,,1.0,0,1000.323571236503,0.49752604166666664,1.041626676009974,0.2017091798460229,3.520518424809058,3.5218881690575974,0.14431450750432445,128,0,,,,,,
head1m|centre|cs662|t=10|S=100|F=0.05|BareCrystalAllFaces,38400,5331934.318276546,0.8563115957223737,0.8533245540922458,0.8479166666666667,2.1384899894893574,100.03235712365031,0.85328125,1.041626676009974,1.23617618176634,21.600510185376784,21.510192999673254,1.5762281921933128,128,0,0.9935416666666667,0.85078125,0.8477578690044406,0.25190104166666666,0.254296875,0.14276041666666667
head1m|centre|cs662|t=10|S=100|F=0.05|FrontOnlyThroughMask,38400,5331934.318276546,0.8727083333333333,0.8698768016305267,0.853671875,0.05209914322409908,100.03235712365031,0.84703125,1.041626676009974,1.208158368020136,21.1108493705397,20.936506528813254,1.6488956083309285,128,0,1.0,0.8727083333333333,0.8698768016305267,0.35205729166666666,0.3562239583333333,0.12729166666666666
head1m|centre|cs662|t=10|S=100|F=0.1|BareCrystalAllFaces,38400,5331934.318276546,0.8791829016731607,0.8762758181946686,0.8388802083333333,4.276979978978715,100.03235712365031,0.857265625,1.041626676009974,1.2628445140222422,22.06648472819634,22.089318029159784,1.5775381834609512,128,0,0.9089583333333333,0.799140625,0.7957479903273086,0.24221354166666667,0.24481770833333333,0.10981770833333333
head1m|centre|cs662|t=10|S=100|F=0.1|FrontOnlyThroughMask,38400,5331934.318276546,0.8714322916666667,0.868588901311099,0.852578125,0.10419828644819816,100.03235712365031,0.8484895833333334,1.041626676009974,1.2168279900073868,21.262350168893185,21.3177686710875,1.5407308866289298,128,0,1.0,0.8714322916666667,0.868588901311099,0.344296875,0.348359375,0.12856770833333334
head1m|centre|cs662|t=10|S=100|F=0.2|BareCrystalAllFaces,38400,5331934.318276546,0.9145535521873429,0.9117478139492914,0.8252083333333333,8.55395995795743,100.03235712365031,0.858984375,1.041626676009974,1.306237624615828,22.824631881846404,22.94461058965966,1.5037166010363374,128,0,0.7250520833333334,0.6630989583333333,0.6591095498298551,0.22098958333333332,0.22315104166666666,0.061953125
head1m|centre|cs662|t=10|S=100|F=0.2|FrontOnlyThroughMask,38400,5331934.318276546,0.8715885416666667,0.8687465984734632,0.853671875,0.20839657289639632,100.03235712365031,0.8482291666666667,1.041626676009974,1.2094348249073505,21.133047901053793,21.03466296660989,1.5122105207800145,128,0,1.0,0.8715885416666667,0.8687465984734632,0.3461458333333333,0.35015625,0.12841145833333334
head1m|centre|cs662|t=10|S=100|ideal,38400,5331934.318276546,,,0.8566145833333333,0,100.03235712365031,0.8464583333333333,1.041626676009974,1.1905923108140106,20.80340378301184,20.847683930153675,1.7609521412224973,128,0,,,,,,
head1m|centre|cs662|t=10|S=250|F=0.05|BareCrystalAllFaces,38400,13329835.795691364,0.995546875,0.9949461737469883,0.9944010416666667,2.1384899894893574,250.08089280912574,0.7297395833333333,1.041626676009974,0.36826946324434856,6.4302955884539745,6.330812101765612,1.0749960157192011,128,0,1.0,0.995546875,0.9949461737469883,0.9365104166666667,0.937734375,0.004453125
head1m|centre|cs662|t=10|S=250|F=0.05|FrontOnlyThroughMask,38400,13329835.795691364,0.9941145833333334,0.9934309651634035,0.9945572916666666,0.05209914322409908,250.08089280912574,0.7342447916666667,1.041626676009974,0.3692635706840518,6.4476844246508485,6.411913801277635,1.0151944468675744,128,0,1.0,0.9941145833333334,0.9934309651634035,0.958125,0.9602864583333334,0.005885416666666666
head1m|centre|cs662|t=10|S=250|F=0.1|BareCrystalAllFaces,38400,13329835.795691364,0.9955978119301901,0.9950002085424694,0.9935416666666667,4.276979978978715,250.08089280912574,0.7345052083333333,1.041626676009974,0.3812160311700616,6.656528303462686,6.58954266800946,1.0311955304279214,128,0,0.9997395833333333,0.9953385416666667,0.994725016357795,0.9354947916666667,0.9365625,0.004401041666666667
head1m|centre|cs662|t=10|S=250|F=0.1|FrontOnlyThroughMask,38400,13329835.795691364,0.9926822916666667,0.9919255081745013,0.994375,0.10419828644819816,250.08089280912574,0.7301822916666667,1.041626676009974,0.3684849308977873,6.433910085395004,6.395503634987893,0.9786856219535929,128,0,1.0,0.9926822916666667,0.9919255081745013,0.9557552083333334,0.9586458333333333,0.007317708333333333
head1m|centre|cs662|t=10|S=250|F=0.2|BareCrystalAllFaces,38400,13329835.795691364,0.9957674722403658,0.9951796569402007,0.9934895833333334,8.55395995795743,250.08089280912574,0.7409635416666667,1.041626676009974,0.3793561528675929,6.623983282740508,6.499412625446475,1.10830122013032,128,0,0.9967447916666666,0.9925260416666667,0.9917617367911304,0.925078125,0.926171875,0.00421875
head1m|centre|cs662|t=10|S=250|F=0.2|FrontOnlyThroughMask,38400,13329835.795691364,0.9936197916666667,0.9929099669533383,0.9943229166666666,0.20839657289639632,250.08089280912574,0.7318229166666667,1.041626676009974,0.3714457697679542,6.485778224165305,6.389757510073364,1.1414480813713823,128,0,1.0,0.9936197916666667,0.9929099669533383,0.95671875,0.959140625,0.006380208333333333
head1m|centre|cs662|t=10|S=250|ideal,38400,13329835.795691364,,,0.9939322916666666,0,250.08089280912574,0.729453125,1.041626676009974,0.3691850525010855,6.446270655562448,6.238840082911777,1.0937006981176882,128,0,,,,,,
head1m|centre|cs662|t=10|S=25|F=0.05|BareCrystalAllFaces,38400,1332983.5795691365,0.3651475643001067,0.3608304803185117,0.343359375,2.1384899894893574,25.00808928091258,0.9657291666666666,1.041626676009974,2.5374978552969645,44.34480148501745,44.52202979069574,1.4198755356575954,128,0,0.8788541666666667,0.32091145833333334,0.31699005469454566,0.0022916666666666667,0.002578125,0.5579427083333334
head1m|centre|cs662|t=10|S=25|F=0.05|FrontOnlyThroughMask,38400,1332983.5795691365,0.40260416666666665,0.3984801498730653,0.35651041666666666,0.05209914322409908,25.00808928091258,0.9613020833333333,1.041626676009974,2.505864284159145,43.79145690618682,43.8288864973232,1.3573328532783393,128,0,1.0,0.40260416666666665,0.3984801498730653,0.005052083333333333,0.0057552083333333335,0.5973958333333333
head1m|centre|cs662|t=10|S=25|F=0.1|BareCrystalAllFaces,38400,1332983.5795691365,0.430461096898983,0.4240063593418561,0.3268229166666667,4.276979978978715,25.00808928091258,0.965625,1.041626676009974,2.557634853081365,44.696221050808106,44.964648848551505,1.295889781070986,128,0,0.41736979166666666,0.17966145833333333,0.17644395730200838,0.0020833333333333333,0.002395833333333333,0.23770833333333333
head1m|centre|cs662|t=10|S=25|F=0.1|FrontOnlyThroughMask,38400,1332983.5795691365,0.40075520833333333,0.39663440732078986,0.3572916666666667,0.10419828644819816,25.00808928091258,0.9623177083333333,1.041626676009974,2.517347268239607,43.99264861352143,43.99361343541535,1.2579975797951237,128,0,1.0,0.40075520833333333,0.39663440732078986,0.004453125,0.00484375,0.5992447916666667
head1m|centre|cs662|t=10|S=25|F=0.2|BareCrystalAllFaces,38400,1332983.5795691365,0.4804961351788603,0.4693974554163753,0.30375,8.55395995795743,25.00808928091258,0.9714583333333333,1.041626676009974,2.5895541175533987,45.253725809675466,45.30181868827816,1.2975894963253154,128,0,0.14486979166666666,0.069609375,0.06748432666445926,0.0022395833333333334,0.0028385416666666667,0.07526041666666666
head1m|centre|cs662|t=10|S=25|F=0.2|FrontOnlyThroughMask,38400,1332983.5795691365,0.4036458333333333,0.3995200316243138,0.3592708333333333,0.20839657289639632,25.00808928091258,0.9621614583333333,1.041626676009974,2.508498791174028,43.83760826628491,43.983584499928746,1.3546441813186174,128,0,1.0,0.4036458333333333,0.3995200316243138,0.004322916666666667,0.004791666666666666,0.5963541666666666
head1m|centre|cs662|t=10|S=25|ideal,38400,1332983.5795691365,,,0.36322916666666666,0,25.00808928091258,0.962890625,1.041626676009974,2.5022519325032904,43.72870795348255,43.62575498122508,1.3748797857553943,128,0,,,,,,
head1m|centre|cs662|t=10|S=500|F=0.05|BareCrystalAllFaces,38400,26659671.591382727,0.9999739583333334,0.9998764678836031,0.9999739583333334,2.1384899894893574,500.1617856182515,0.6278645833333333,1.041626676009974,0.2464527517545094,4.301473347136913,4.299158237150065,0.17051082235666004,128,0,1.0,0.9999739583333334,0.9998764678836031,0.9999479166666667,0.9999739583333334,2.604166666666667e-05
head1m|centre|cs662|t=10|S=500|F=0.05|FrontOnlyThroughMask,38400,26659671.591382727,0.9998958333333333,0.9997616431038913,0.9999739583333334,0.05209914322409908,500.1617856182515,0.626171875,1.041626676009974,0.24659711815018123,4.303985091735168,4.303614249353906,0.1509970067634723,128,0,1.0,0.9998958333333333,0.9997616431038913,0.9997916666666666,0.9998958333333333,0.00010416666666666667
head1m|centre|cs662|t=10|S=500|F=0.1|BareCrystalAllFaces,38400,26659671.591382727,1.0,0.9999219891817117,1.0,4.276979978978715,500.1617856182515,0.6272916666666667,1.041626676009974,0.24791181748266877,4.326931383483846,4.328280641192326,0.1395801332684806,128,0,1.0,1.0,0.9999219891817117,0.9999739583333334,0.9999739583333334,0.0
head1m|centre|cs662|t=10|S=500|F=0.1|FrontOnlyThroughMask,38400,26659671.591382727,0.999921875,0.999798094358986,0.999921875,0.10419828644819816,500.1617856182515,0.6212239583333333,1.041626676009974,0.24779742027260193,4.324994537653357,4.274103942786583,0.23006753484111142,128,0,1.0,0.999921875,0.999798094358986,0.99984375,0.999921875,7.8125e-05
head1m|centre|cs662|t=10|S=500|F=0.2|BareCrystalAllFaces,38400,26659671.591382727,0.9999479166666667,0.999836056211534,0.9999479166666667,8.55395995795743,500.1617856182515,0.6314322916666667,1.041626676009974,0.24967925662867366,4.35781208004349,4.355982318598242,0.20881036897366062,128,0,1.0,0.9999479166666667,0.999836056211534,0.9998177083333334,0.9998697916666667,5.208333333333334e-05
head1m|centre|cs662|t=10|S=500|F=0.2|FrontOnlyThroughMask,38400,26659671.591382727,0.9997395833333333,0.9995583155847172,0.9999479166666667,0.20839657289639632,500.1617856182515,0.6250260416666666,1.041626676009974,0.2482619506390176,4.33305202996385,4.305094616949088,0.19280069857739796,128,0,1.0,0.9997395833333333,0.9995583155847172,0.9996614583333333,0.999921875,0.00026041666666666666
head1m|centre|cs662|t=10|S=500|ideal,38400,26659671.591382727,,,0.999921875,0,500.1617856182515,0.623984375,1.041626676009974,0.248384966776905,4.3352362908448345,4.305282719801435,0.22205956893041257,128,0,,,,,,
head1m|centre|cs662|t=10|S=50|F=0.05|BareCrystalAllFaces,38400,2665967.159138273,0.5974367400591521,0.5931961033979359,0.5797395833333333,2.1384899894893574,50.01617856182516,0.9230729166666667,1.041626676009974,2.01320645892455,35.180569070434444,35.28801831766467,1.562122593392979,128,0,0.9509375,0.568125,0.5639504822023631,0.031067708333333333,0.03208333333333333,0.3828125
head1m|centre|cs662|t=10|S=50|F=0.05|FrontOnlyThroughMask,38400,2665967.159138273,0.6305208333333333,0.6264492025216728,0.5986458333333333,0.05209914322409908,50.01617856182516,0.9184114583333334,1.041626676009974,1.9660704107883704,34.356546518872776,34.44336993329196,1.4200482957851388,128,0,1.0,0.6305208333333333,0.6264492025216728,0.0565625,0.05872395833333333,0.3694791666666667
head1m|centre|cs662|t=10|S=50|F=0.1|BareCrystalAllFaces,38400,2665967.159138273,0.6746603991554794,0.6697619052062337,0.5705208333333334,4.276979978978715,50.01617856182516,0.9263020833333333,1.041626676009974,2.0301596475203816,35.47666564274191,35.61302624189102,1.4057911141193413,128,0,0.6537239583333333,0.44104166666666667,0.4368643909521363,0.029505208333333335,0.030885416666666665,0.21268229166666666
head1m|centre|cs662|t=10|S=50|F=0.1|FrontOnlyThroughMask,38400,2665967.159138273,0.6314322916666667,0.6273626864298631,0.5979166666666667,0.10419828644819816,50.01617856182516,0.916640625,1.041626676009974,1.9704384211220596,34.43313188519768,34.29759185735752,1.4048469119738325,128,0,1.0,0.6314322916666667,0.6273626864298631,0.055859375,0.05778645833333333,0.36856770833333335
head1m|centre|cs662|t=10|S=50|F=0.2|BareCrystalAllFaces,38400,2665967.159138273,0.7408188779496796,0.7343685855710376,0.5365364583333333,8.55395995795743,50.01617856182516,0.9304427083333333,1.041626676009974,2.095599509019269,36.6200530087408,36.72268797714434,1.50001541000217,128,0,0.33328125,0.24690104166666665,0.24328273641850393,0.025104166666666667,0.02666666666666667,0.08638020833333333
head1m|centre|cs662|t=10|S=50|F=0.2|FrontOnlyThroughMask,38400,2665967.159138273,0.629921875,0.6258489215388553,0.5933072916666666,0.20839657289639632,50.01617856182516,0.9180208333333333,1.041626676009974,1.9771903368007533,34.551063221710955,34.59934955735072,1.4547583156748092,128,0,1.0,0.629921875,0.6258489215388553,0.05643229166666667,0.05828125,0.370078125
head1m|centre|cs662|t=10|S=50|ideal,38400,2665967.159138273,,,0.6004166666666667,0,50.01617856182516,0.917734375,1.041626676009974,1.9656011404408396,34.34829722369746,34.514188334871776,1.5572992313473988,128,0,,,,,,
head1m|centre|cs662|t=10|default|F=0.05|BareCrystalAllFaces,38400,1000000,0.2973207103520822,0.2931369531462927,0.27234375,2.1384899894893574,18.76098825538121,0.97609375,1.041626676009974,2.6989262163323566,47.16706553564709,47.22574202390988,1.1361397499804755,128,0,0.84171875,0.25026041666666665,0.24662552031033536,0.0004166666666666667,0.000546875,0.5914583333333333
head1m|centre|cs662|t=10|default|F=0.05|FrontOnlyThroughMask,38400,1000000,0.328125,0.32418049919875364,0.2811458333333333,0.05209914322409908,18.76098825538121,0.9752083333333333,1.041626676009974,2.6855520058274887,46.9332777812275,47.0247648996082,1.2273717517581786,128,0,1.0,0.328125,0.32418049919875364,0.0009635416666666667,0.0011197916666666667,0.671875
head1m|centre|cs662|t=10|default|F=0.1|BareCrystalAllFaces,38400,1000000,0.35081065000743716,0.34402834415191347,0.2578125,4.276979978978715,18.76098825538121,0.9778645833333334,1.041626676009974,2.7083290212197917,47.3305857701935,47.35826914602412,1.2314600250401015,128,0,0.35015625,0.12283854166666666,0.1200913539849519,0.0005208333333333333,0.0008072916666666667,0.22731770833333334
head1m|centre|cs662|t=10|default|F=0.1|FrontOnlyThroughMask,38400,1000000,0.325,0.3210653746197121,0.28065104166666666,0.10419828644819816,18.76098825538121,0.972734375,1.041626676009974,2.688474000018251,46.9845276203047,47.06070938111081,1.1358525902825716,128,0,1.0,0.325,0.3210653746197121,0.0012239583333333334,0.0012760416666666666,0.675
head1m|centre|cs662|t=10|default|F=0.2|BareCrystalAllFaces,38400,1000000,0.3825701624815362,0.36996927857253376,0.23986979166666667,8.55395995795743,18.76098825538121,0.9811197916666666,1.041626676009974,2.724096343535735,47.605775417186834,47.60063463015971,1.127333273217283,128,0,0.10578125,0.04046875,0.03882741528078284,0.0006510416666666666,0.0009635416666666667,0.0653125
head1m|centre|cs662|t=10|default|F=0.2|FrontOnlyThroughMask,38400,1000000,0.3310416666666667,0.32708812745054444,0.283828125,0.20839657289639632,18.76098825538121,0.9748697916666667,1.041626676009974,2.6859444870178297,46.94031186490143,47.005537489134355,1.2756262090741033,128,0,1.0,0.3310416666666667,0.32708812745054444,0.00078125,0.001015625,0.6689583333333333
head1m|centre|cs662|t=10|default|ideal,38400,1000000,,,0.283671875,0,18.76098825538121,0.9737760416666666,1.041626676009974,2.69043117974878,47.0189829076617,46.98105299385251,1.2780351961175913,128,0,,,,,,
head1m|centre|cs662|t=60|S=1000|F=0.05|BareCrystalAllFaces,38400,8886557.197127577,1.0,0.9999219891817117,1.0,12.830939936936145,1000.3235712365031,0.508203125,1.041626676009974,0.20412253517640216,3.562640578453129,3.5636369406724597,0.13772561130806368,128,0,1.0,1.0,0.9999219891817117,1.0,1.0,0.0
head1m|centre|cs662|t=60|S=1000|F=0.05|FrontOnlyThroughMask,38400,8886557.197127577,1.0,0.9999219891817117,1.0,0.3125948593445945,1000.3235712365031,0.5034895833333334,1.041626676009974,0.20322320043129588,3.546944113535221,3.543953283048918,0.1365247710937167,128,0,1.0,1.0,0.9999219891817117,1.0,1.0,0.0
head1m|centre|cs662|t=60|S=1000|F=0.1|BareCrystalAllFaces,38400,8886557.197127577,1.0,0.9999219891817117,1.0,25.66187987387229,1000.3235712365031,0.514453125,1.041626676009974,0.20392464050796558,3.559186266318441,3.5620326294391753,0.12531834537021308,128,0,1.0,1.0,0.9999219891817117,1.0,1.0,0.0
head1m|centre|cs662|t=60|S=1000|F=0.1|FrontOnlyThroughMask,38400,8886557.197127577,1.0,0.9999219891817117,1.0,0.625189718689189,1000.3235712365031,0.500703125,1.041626676009974,0.20213024131358673,3.5278674302315154,3.519370443722745,0.138350550474707,128,0,1.0,1.0,0.9999219891817117,1.0,1.0,0.0
head1m|centre|cs662|t=60|S=1000|F=0.2|BareCrystalAllFaces,38400,8886557.197127577,1.0,0.9999219891817117,1.0,51.32375974774458,1000.3235712365031,0.528359375,1.041626676009974,0.20688569788038302,3.610868088853311,3.594332243902612,0.1317013144764122,128,0,1.0,1.0,0.9999219891817117,1.0,1.0,0.0
head1m|centre|cs662|t=60|S=1000|F=0.2|FrontOnlyThroughMask,38400,8886557.197127577,1.0,0.9999219891817117,1.0,1.250379437378378,1000.3235712365031,0.5000520833333333,1.041626676009974,0.20218779024068606,3.5288720456849574,3.522227459733635,0.14294929653985156,128,0,1.0,1.0,0.9999219891817117,1.0,1.0,0.0
head1m|centre|cs662|t=60|S=1000|ideal,38400,8886557.197127577,,,1.0,0,1000.3235712365031,0.49661458333333336,1.041626676009974,0.20205095723941197,3.5264836546598555,3.52413258959922,0.12443642366255847,128,0,,,,,,
head1m|centre|cs662|t=60|S=100|F=0.05|BareCrystalAllFaces,38400,888655.7197127576,0.9416523891109841,0.9389232457713518,0.8109114583333333,12.830939936936145,100.0323571236503,0.863046875,1.041626676009974,1.3605976427075706,23.77489619659972,23.70776909582058,1.6128540845075285,128,0,0.5471875,0.5152604166666667,0.5110516710885908,0.20041666666666666,0.20276041666666667,0.031927083333333335
head1m|centre|cs662|t=60|S=100|F=0.05|FrontOnlyThroughMask,38400,888655.7197127576,0.8720572916666667,0.8692196981767578,0.855234375,0.3125948593445945,100.0323571236503,0.8484375,1.041626676009974,1.2007421944128358,20.98089880087792,20.99065159530727,1.715016876977941,128,0,1.0,0.8720572916666667,0.8692196981767578,0.34708333333333335,0.35140625,0.12794270833333332
head1m|centre|cs662|t=60|S=100|F=0.1|BareCrystalAllFaces,38400,888655.7197127576,0.9653283109322832,0.962413880266885,0.76734375,25.66187987387229,100.0323571236503,0.8766145833333333,1.041626676009974,1.4951531769988444,26.126198345850543,26.391260042702196,1.649906788466029,128,0,0.30419270833333334,0.29364583333333333,0.28982159932429735,0.16322916666666668,0.16591145833333334,0.010546875
head1m|centre|cs662|t=60|S=100|F=0.1|FrontOnlyThroughMask,38400,888655.7197127576,0.8692708333333333,0.8664075631058915,0.8510677083333333,0.625189718689189,100.0323571236503,0.8512760416666667,1.041626676009974,1.2248494235584508,21.40255088213179,21.398856636480776,1.5599175353915822,128,0,1.0,0.8692708333333333,0.8664075631058915,0.34291666666666665,0.3471875,0.13072916666666667
head1m|centre|cs662|t=60|S=100|F=0.2|BareCrystalAllFaces,38400,888655.7197127576,0.9705827937095283,0.9665159207961206,0.6917447916666667,51.32375974774458,100.0323571236503,0.8995052083333334,1.041626676009974,1.6904187134331348,29.53849416761509,29.542689764456703,1.5582960981612228,128,0,0.14075520833333333,0.13661458333333334,0.13373913996022746,0.10572916666666667,0.108203125,0.004140625
head1m|centre|cs662|t=60|S=100|F=0.2|FrontOnlyThroughMask,38400,888655.7197127576,0.8649366890730029,0.8620336331303851,0.8485416666666666,1.250379437378378,100.0323571236503,0.8477864583333333,1.041626676009974,1.2266699222657993,21.43417368483449,21.523745294454173,1.7837985034325703,128,0,0.99953125,0.86453125,0.8616252761364648,0.34078125,0.3445052083333333,0.135
head1m|centre|cs662|t=60|S=100|ideal,38400,888655.7197127576,,,0.853828125,0,100.0323571236503,0.8433854166666667,1.041626676009974,1.2013665881374596,20.991978124710236,21.15713947075106,1.6394454869718076,128,0,,,,,,
head1m|centre|cs662|t=60|S=250|F=0.05|BareCrystalAllFaces,38400,2221639.299281894,0.9960022093053839,0.995427578029533,0.99265625,12.830939936936145,250.08089280912577,0.7413541666666666,1.041626676009974,0.3913322727344143,6.833395411965788,6.696913051945099,1.1291103089668146,128,0,0.9901302083333333,0.986171875,0.9851509272983167,0.92125,0.92234375,0.003958333333333334
head1m|centre|cs662|t=60|S=250|F=0.05|FrontOnlyThroughMask,38400,2221639.299281894,0.9938802083333333,0.9931840423978581,0.9941145833333334,0.3125948593445945,250.08089280912577,0.737421875,1.041626676009974,0.37171508017183913,6.490472100126786,6.485584480126008,1.0224509871754428,128,0,1.0,0.9938802083333333,0.9931840423978581,0.9540885416666667,0.9566145833333334,0.006119791666666667
head1m|centre|cs662|t=60|S=250|F=0.1|BareCrystalAllFaces,38400,2221639.299281894,0.9968436233027673,0.9963182961547148,0.9895833333333334,25.66187987387229,250.08089280912577,0.753828125,1.041626676009974,0.42575683006609744,7.435246861702846,7.430701148952984,1.2201565046271439,128,0,0.9570572916666666,0.9540364583333333,0.9522401396495008,0.89796875,0.8994010416666667,0.0030208333333333333
head1m|centre|cs662|t=60|S=250|F=0.1|FrontOnlyThroughMask,38400,2221639.299281894,0.9931770833333333,0.9924446743530914,0.9941927083333333,0.625189718689189,250.08089280912577,0.7378645833333334,1.041626676009974,0.3710202312402161,6.478169429109575,6.45281275011274,1.0091312454979455,128,0,1.0,0.9931770833333333,0.9924446743530914,0.9544010416666666,0.9571614583333333,0.006822916666666666
head1m|centre|cs662|t=60|S=250|F=0.2|BareCrystalAllFaces,38400,2221639.299281894,0.9969133970439841,0.9963681850956835,0.9829947916666667,51.32375974774458,250.08089280912577,0.771875,1.041626676009974,0.49216118422367544,8.59609873194575,8.681573408651724,1.2525688154505217,128,0,0.8774479166666667,0.8747395833333333,0.8719271194896515,0.845,0.8469010416666667,0.0027083333333333334
head1m|centre|cs662|t=60|S=250|F=0.2|FrontOnlyThroughMask,38400,2221639.299281894,0.9931510416666667,0.9924173277824988,0.994765625,1.250379437378378,250.08089280912577,0.7334375,1.041626676009974,0.36439002540912163,6.3622585557208415,6.309284854177233,0.9786888345174499,128,0,1.0,0.9931510416666667,0.9924173277824988,0.9553125,0.957734375,0.006848958333333334
head1m|centre|cs662|t=60|S=250|ideal,38400,2221639.299281894,,,0.9945572916666666,0,250.08089280912577,0.7300260416666666,1.041626676009974,0.37124514275815285,6.482373850300515,6.420727839455701,1.0928566753609623,128,0,,,,,,
head1m|centre|cs662|t=60|S=25|F=0.05|BareCrystalAllFaces,38400,222163.9299281894,0.5074836295603368,0.4894654761135031,0.28346354166666665,12.830939936936145,25.008089280912575,0.974375,1.041626676009974,2.621870118760336,45.81825363174865,45.718334012896605,1.153570976738087,128,0,0.055677083333333335,0.028255208333333334,0.02687775987244904,0.0014322916666666666,0.0022395833333333334,0.027421875
head1m|centre|cs662|t=60|S=25|F=0.05|FrontOnlyThroughMask,38400,222163.9299281894,0.39796875,0.39385291050295634,0.35486979166666666,0.3125948593445945,25.008089280912575,0.962890625,1.041626676009974,2.527565055272239,44.17132069209282,44.20240711909091,1.1563841088226792,128,0,1.0,0.39796875,0.39385291050295634,0.004401041666666667,0.004869791666666666,0.60203125
head1m|centre|cs662|t=60|S=25|F=0.1|BareCrystalAllFaces,38400,222163.9299281894,0.49284253578732107,0.4547395525926375,0.24067708333333335,25.66187987387229,25.008089280912575,0.9809635416666667,1.041626676009974,2.6738391235835386,46.7257322844522,46.847343250670406,1.2868692743189813,128,0,0.012734375,0.006276041666666667,0.0056279566363639484,0.0013802083333333333,0.002109375,0.006458333333333333
head1m|centre|cs662|t=60|S=25|F=0.1|FrontOnlyThroughMask,38400,222163.9299281894,0.3962495116551634,0.39213653443686597,0.35265625,0.625189718689189,25.008089280912575,0.9639583333333334,1.041626676009974,2.518130016119394,44.00607854665796,44.06206384842298,1.4031758912461134,128,0,0.9998697916666667,0.39619791666666665,0.392085302451779,0.003932291666666666,0.004296875,0.603671875
head1m|centre|cs662|t=60|S=25|F=0.2|BareCrystalAllFaces,38400,222163.9299281894,0.45180722891566266,0.3863026250149145,0.197890625,51.32375974774458,25.008089280912575,0.9870572916666667,1.041626676009974,2.708239148826442,47.32587973282601,47.26147145276201,1.2353295692676831,128,0,0.004322916666666667,0.001953125,0.0015978125447775658,0.0011979166666666666,0.002578125,0.0023697916666666667
head1m|centre|cs662|t=60|S=25|F=0.2|FrontOnlyThroughMask,38400,222163.9299281894,0.39442846489826355,0.39027269001395487,0.3475,1.250379437378378,25.008089280912575,0.9645833333333333,1.041626676009974,2.5275252336737966,44.17023661415479,44.27553131432043,1.2136492423435399,128,0,0.9778125,0.38567708333333334,0.38158479523091393,0.0038020833333333335,0.004375,0.5921354166666667
head1m|centre|cs662|t=60|S=25|ideal,38400,222163.9299281894,,,0.3578385416666667,0,25.008089280912575,0.962265625,1.041626676009974,2.52480904303042,44.12328778210254,44.0126287794361,1.3936125667215138,128,0,,,,,,
head1m|centre|cs662|t=60|S=500|F=0.05|BareCrystalAllFaces,38400,4443278.598563788,0.9999479153102946,0.9998360519422922,0.9999739583333334,12.830939936936145,500.16178561825154,0.6314583333333333,1.041626676009974,0.24945779640720078,4.353959264825046,4.344916054783381,0.23478461003296758,128,0,0.9999739583333334,0.999921875,0.999798094358986,0.99984375,0.9998958333333333,5.208333333333334e-05
head1m|centre|cs662|t=60|S=500|F=0.05|FrontOnlyThroughMask,38400,4443278.598563788,0.999921875,0.999798094358986,0.9999739583333334,0.3125948593445945,500.16178561825154,0.6246614583333333,1.041626676009974,0.2465434163878347,4.303054426769976,4.303573024280007,0.18216628687193184,128,0,1.0,0.999921875,0.999798094358986,0.9998958333333333,0.9999479166666667,7.8125e-05
head1m|centre|cs662|t=60|S=500|F=0.1|BareCrystalAllFaces,38400,4443278.598563788,0.9999479153102946,0.9998360519422922,0.9999479166666667,25.66187987387229,500.16178561825154,0.6376822916666667,1.041626676009974,0.25205596363149313,4.399309694034311,4.383116635647853,0.2215848360418132,128,0,0.9999739583333334,0.999921875,0.999798094358986,0.9998697916666667,0.999921875,5.208333333333334e-05
head1m|centre|cs662|t=60|S=500|F=0.1|FrontOnlyThroughMask,38400,4443278.598563788,0.9997916666666666,0.999624129158168,1.0,0.625189718689189,500.16178561825154,0.6260416666666667,1.041626676009974,0.2469163984574044,4.309557715749575,4.328980826713138,0.153965995979525,128,0,1.0,0.9997916666666666,0.999624129158168,0.999765625,0.9999739583333334,0.00020833333333333335
head1m|centre|cs662|t=60|S=500|F=0.2|BareCrystalAllFaces,38400,4443278.598563788,0.9999218668611314,0.9997980733262595,0.9999479166666667,51.32375974774458,500.16178561825154,0.659921875,1.041626676009974,0.25695078206428706,4.484748447131248,4.467297452944317,0.24285487395175734,128,0,0.9998958333333333,0.9998177083333334,0.9996576286129569,0.9997916666666666,0.99984375,7.8125e-05
head1m|centre|cs662|t=60|S=500|F=0.2|FrontOnlyThroughMask,38400,4443278.598563788,0.9998177083333334,0.9996576286129569,0.9999739583333334,1.250379437378378,500.16178561825154,0.6223958333333334,1.041626676009974,0.2477289693850193,4.323755319596462,4.307596404459323,0.17666206073915702,128,0,1.0,0.9998177083333334,0.9996576286129569,0.9996614583333333,0.99984375,0.00018229166666666667
head1m|centre|cs662|t=60|S=500|ideal,38400,4443278.598563788,,,0.9999739583333334,0,500.16178561825154,0.6249479166666667,1.041626676009974,0.24751383603921637,4.31998577631315,4.314227446863377,0.16207330277969229,128,0,,,,,,
head1m|centre|cs662|t=60|S=50|F=0.05|BareCrystalAllFaces,38400,444327.8598563788,0.8017554479418886,0.793514812096444,0.516796875,12.830939936936145,50.01617856182515,0.9374739583333334,1.041626676009974,2.140274001390592,37.40083793728163,37.35026510769044,1.473310649234797,128,0,0.17208333333333334,0.13796875,0.13508125164939763,0.021588541666666666,0.022786458333333332,0.03411458333333333
head1m|centre|cs662|t=60|S=50|F=0.05|FrontOnlyThroughMask,38400,444327.8598563788,0.6319791666666666,0.6279107842260119,0.595390625,0.3125948593445945,50.01617856182515,0.9187239583333333,1.041626676009974,1.9777135423264707,34.56038809708868,34.58250581799412,1.3929409999524356,128,0,1.0,0.6319791666666666,0.6279107842260119,0.052109375,0.054140625,0.36802083333333335
head1m|centre|cs662|t=60|S=50|F=0.1|BareCrystalAllFaces,38400,444327.8598563788,0.8399419729206963,0.8260821524022435,0.450546875,25.66187987387229,50.01617856182515,0.9478385416666667,1.041626676009974,2.268009547185996,39.633051127115806,39.635079728786074,1.4647459809466234,128,0,0.05385416666666667,0.045234375,0.04350243676536007,0.015416666666666667,0.0171875,0.008619791666666666
head1m|centre|cs662|t=60|S=50|F=0.1|FrontOnlyThroughMask,38400,444327.8598563788,0.6270996640537514,0.6230205149596029,0.5934375,0.625189718689189,50.01617856182515,0.919375,1.041626676009974,1.9800500824962308,34.60096183665108,34.434882585692755,1.420350588487318,128,0,0.9999739583333334,0.6270833333333333,0.62300420250192,0.054401041666666664,0.05645833333333333,0.372890625
head1m|centre|cs662|t=60|S=50|F=0.2|BareCrystalAllFaces,38400,444327.8598563788,0.7903494176372712,0.7611689826151825,0.369296875,51.32375974774458,50.01617856182515,0.96296875,1.041626676009974,2.395616226030166,41.86221439962774,41.75472837390425,1.3411190305945275,128,0,0.015651041666666667,0.012369791666666666,0.011456395899276637,0.008541666666666666,0.010442708333333333,0.00328125
head1m|centre|cs662|t=60|S=50|F=0.2|FrontOnlyThroughMask,38400,444327.8598563788,0.626809791857573,0.6227190863779541,0.5879166666666666,1.250379437378378,50.01617856182515,0.9210677083333333,1.041626676009974,1.9954684774224805,34.870594657419865,34.873799114698926,1.5054281076156661,128,0,0.9946614583333333,0.6234635416666666,0.6193767500715831,0.05294270833333333,0.055260416666666666,0.3711979166666667
head1m|centre|cs662|t=60|S=50|ideal,38400,444327.8598563788,,,0.5981510416666667,0,50.01617856182515,0.9177083333333333,1.041626676009974,1.9748125012585107,34.5097994504086,34.56948888032983,1.4367840855855278,128,0,,,,,,
head1m|centre|cs662|t=60|default|F=0.05|BareCrystalAllFaces,38400,1000000,0.9558793351118408,0.9536541608891281,0.852734375,12.830939936936145,112.56592953228727,0.8494791666666667,1.041626676009974,1.2138884343102385,21.21104793501291,21.14973158688037,1.6718576828570162,128,0,0.6345052083333333,0.6065104166666667,0.6023909417986346,0.2766927083333333,0.27893229166666667,0.027994791666666668
head1m|centre|cs662|t=60|default|F=0.05|FrontOnlyThroughMask,38400,1000000,0.90375,0.9012387258242873,0.8873177083333333,0.3125948593445945,112.56592953228727,0.8329427083333333,1.041626676009974,1.0690393937492457,18.67922219842161,18.7500619572886,1.5070923585666742,128,0,1.0,0.90375,0.9012387258242873,0.4338020833333333,0.43809895833333334,0.09625
head1m|centre|cs662|t=60|default|F=0.1|BareCrystalAllFaces,38400,1000000,0.9726425290462037,0.97033348134242,0.8161458333333333,25.66187987387229,112.56592953228727,0.8633854166666667,1.041626676009974,1.3395591781619327,23.40752032912546,23.370566328370636,1.5632230537076928,128,0,0.3855208333333333,0.37497395833333336,0.37090441565381743,0.22502604166666668,0.22817708333333334,0.010546875
head1m|centre|cs662|t=60|default|F=0.1|FrontOnlyThroughMask,38400,1000000,0.8967447916666667,0.8941553695467652,0.8839322916666666,0.625189718689189,112.56592953228727,0.8353645833333333,1.041626676009974,1.0804762212550534,18.87908214016725,19.05718786972976,1.7817072437279071,128,0,1.0,0.8967447916666667,0.8941553695467652,0.434453125,0.4395572916666667,0.10325520833333333
head1m|centre|cs662|t=60|default|F=0.2|BareCrystalAllFaces,38400,1000000,0.9775534599548413,0.9745377893958482,0.7504947916666667,51.32375974774458,112.56592953228727,0.8844270833333333,1.041626676009974,1.5280980947582585,26.701882422173323,26.831778807921417,1.919421985333119,128,0,0.19606770833333334,0.19166666666666668,0.18836701796092573,0.15557291666666667,0.15825520833333334,0.004401041666666667
head1m|centre|cs662|t=60|default|F=0.2|FrontOnlyThroughMask,38400,1000000,0.8982079599916649,0.8956342753911796,0.8819010416666667,1.250379437378378,112.56592953228727,0.83328125,1.041626676009974,1.0951406337462386,19.135688624422112,19.258758815300546,1.630929276283469,128,0,0.9997916666666666,0.8980208333333334,0.8954453640839457,0.432578125,0.43697916666666664,0.10177083333333334
head1m|centre|cs662|t=60|default|ideal,38400,1000000,,,0.8874739583333333,0,112.56592953228727,0.8340885416666667,1.041626676009974,1.0763408848370652,18.807028086126056,18.888854861836347,1.5277687819077723,128,0,,,,,,
head1m|centre|open|t=10|S=1000|F=0.05|BareCrystalAllFaces,38400,21023146.540315185,1.0,0.9999219891817117,1.0,167.58498105779404,1000.2169442325073,0.7670572916666667,1.041626676009974,0.2047360310080342,3.573337237202054,3.567342848963823,0.06530112446021262,128,0,1.0,1.0,0.9999219891817117,1.0,1.0,0.0
head1m|centre|open|t=10|S=1000|F=0.05|FrontOnlyThroughMask,38400,21023146.540315185,1.0,0.9999219891817117,1.0,0.6413687897939254,1000.2169442325073,0.4928125,1.041626676009974,0.18302842571862837,3.1944645297472203,3.1990946972809615,0.07558954428256982,128,0,1.0,1.0,0.9999219891817117,1.0,1.0,0.0
head1m|centre|open|t=10|S=1000|F=0.1|BareCrystalAllFaces,38400,21023146.540315185,1.0,0.9999219891817117,1.0,335.1699621155881,1000.2169442325073,0.928203125,1.041626676009974,0.2311170553261833,4.03378043006671,4.034599763249743,0.07529311886725246,128,0,1.0,1.0,0.9999219891817117,1.0,1.0,0.0
head1m|centre|open|t=10|S=1000|F=0.1|FrontOnlyThroughMask,38400,21023146.540315185,1.0,0.9999219891817117,1.0,1.2827375795878508,1000.2169442325073,0.495859375,1.041626676009974,0.18367623962590368,3.205771390272463,3.197747856177405,0.07310492766904352,128,0,1.0,1.0,0.9999219891817117,1.0,1.0,0.0
head1m|centre|open|t=10|S=1000|F=0.2|BareCrystalAllFaces,38400,21023146.540315185,1.0,0.9999219891817117,0.9999479166666667,670.3399242311762,1000.2169442325073,0.9974739583333333,1.041626676009974,0.2800552562479482,4.887931761856134,4.8781953636175555,0.06886246014899092,128,0,1.0,1.0,0.9999219891817117,1.0,1.0,0.0
head1m|centre|open|t=10|S=1000|F=0.2|FrontOnlyThroughMask,38400,21023146.540315185,1.0,0.9999219891817117,1.0,2.5654751591757017,1000.2169442325073,0.4970833333333333,1.041626676009974,0.18399506042935915,3.2113359897496463,3.200572341231032,0.07268673971079491,128,0,1.0,1.0,0.9999219891817117,1.0,1.0,0.0
head1m|centre|open|t=10|S=1000|ideal,38400,21023146.540315185,,,1.0,0,1000.2169442325073,0.49244791666666665,1.041626676009974,0.18312045589037462,3.1960708169555803,3.199673496035933,0.07822260284639686,128,0,,,,,,
head1m|centre|open|t=10|S=100|F=0.05|BareCrystalAllFaces,38400,2102314.654031519,0.8457209847596717,0.8391420299607074,0.516328125,167.58498105779404,100.02169442325076,0.9910416666666667,1.041626676009974,1.7854443284270158,31.188302806843453,31.261504761853594,1.2147298686099797,128,0,0.22213541666666667,0.18786458333333333,0.18459039677215827,0.152109375,0.175390625,0.034270833333333334
head1m|centre|open|t=10|S=100|F=0.05|FrontOnlyThroughMask,38400,2102314.654031519,0.9377604166666667,0.935694921855379,0.9075520833333334,0.6413687897939254,100.02169442325076,0.823203125,1.041626676009974,0.9706113914319153,16.959058679379638,17.03436440377547,1.6395691018081338,128,0,1.0,0.9377604166666667,0.935694921855379,0.39059895833333336,0.3918229166666667,0.062239583333333334
head1m|centre|open|t=10|S=100|F=0.1|BareCrystalAllFaces,38400,2102314.654031519,0.7636807249912861,0.7502645337052163,0.27859375,335.1699621155881,100.02169442325076,0.9996354166666667,1.041626676009974,2.178861185697135,38.06073864926451,38.142247610051086,1.0162130872940773,128,0,0.07471354166666666,0.05705729166666667,0.05512210729533797,0.04419270833333333,0.05604166666666666,0.01765625
head1m|centre|open|t=10|S=100|F=0.1|FrontOnlyThroughMask,38400,2102314.654031519,0.9356149398343491,0.9335171098884378,0.9067708333333333,1.2827375795878508,100.02169442325076,0.822734375,1.041626676009974,0.9758242583058468,17.050062630203495,16.968196772494075,1.4837688853142665,128,0,0.99984375,0.93546875,0.9333689191127378,0.3843489583333333,0.38536458333333334,0.064375
head1m|centre|open|t=10|S=100|F=0.2|BareCrystalAllFaces,38400,2102314.654031519,0.594017094017094,0.5668874937401236,0.1325,670.3399242311762,100.02169442325076,1.0,1.041626676009974,2.4085358863609394,42.07338182485885,42.05987475689267,0.9580121805495908,128,0,0.024375,0.014479166666666666,0.013490718107332964,0.0103125,0.016458333333333332,0.009895833333333333
head1m|centre|open|t=10|S=100|F=0.2|FrontOnlyThroughMask,38400,2102314.654031519,0.9371937639198218,0.935113215464991,0.9071875,2.5654751591757017,100.02169442325076,0.8223697916666667,1.041626676009974,0.9760466950686725,17.054068344120363,17.204003498565378,1.4483284954130515,128,0,0.9938802083333333,0.9314583333333334,0.9293001807071372,0.37421875,0.375234375,0.062421875
head1m|centre|open|t=10|S=100|ideal,38400,2102314.654031519,,,0.912890625,0,100.02169442325076,0.8210416666666667,1.041626676009974,0.9415347945347444,16.450453312744877,16.32596256639998,1.665938661232698,128,0,,,,,,
head1m|centre|open|t=10|S=250|F=0.05|BareCrystalAllFaces,38400,5255786.635078796,0.9797461729687296,0.9785204503161536,0.95484375,167.58498105779404,250.05423605812683,0.9466666666666667,1.041626676009974,0.5987141666365815,10.456130025001471,10.45538490342685,1.256749754178949,128,0,0.9951822916666667,0.9750260416666666,0.9736762953122654,0.9725520833333333,0.991796875,0.02015625
head1m|centre|open|t=10|S=250|F=0.05|FrontOnlyThroughMask,38400,5255786.635078796,0.9996614583333333,0.9994618097585155,0.998828125,0.6413687897939254,250.05423605812683,0.706953125,1.041626676009974,0.2856736385985687,4.986557950836111,4.797948398323587,0.5849163171757149,128,0,1.0,0.9996614583333333,0.9994618097585155,0.9845052083333333,0.984609375,0.0003385416666666667
head1m|centre|open|t=10|S=250|F=0.1|BareCrystalAllFaces,38400,5255786.635078796,0.9503958817111042,0.9484655965713471,0.7940104166666667,335.1699621155881,250.05423605812683,0.9959114583333334,1.041626676009974,1.179804641073544,20.607713825627204,20.565513444010357,1.2310204669419034,128,0,0.9308072916666666,0.8846354166666667,0.8819193579514608,0.8663541666666666,0.90734375,0.046171875
head1m|centre|open|t=10|S=250|F=0.1|FrontOnlyThroughMask,38400,5255786.635078796,0.9996875,0.9994937321570765,0.998828125,1.2827375795878508,250.05423605812683,0.7050260416666667,1.041626676009974,0.2889543188748973,5.044065516197481,4.761416958785038,0.6199565776466024,128,0,1.0,0.9996875,0.9994937321570765,0.9841145833333333,0.984140625,0.0003125
head1m|centre|open|t=10|S=250|F=0.2|BareCrystalAllFaces,38400,5255786.635078796,0.9146937241638482,0.9116664774385905,0.4440104166666667,670.3399242311762,250.05423605812683,1.0,1.041626676009974,1.9251058839890696,33.62775638891316,33.70296229121794,1.1691231799860735,128,0,0.623671875,0.57046875,0.5662968542502314,0.52484375,0.5670572916666666,0.053203125
head1m|centre|open|t=10|S=250|F=0.2|FrontOnlyThroughMask,38400,5255786.635078796,0.99953125,0.999304980484489,0.998515625,2.5654751591757017,250.05423605812683,0.7016145833333334,1.041626676009974,0.29181615894126905,5.094188279178175,4.8120940047939325,0.6714210993025238,128,0,1.0,0.99953125,0.999304980484489,0.9826822916666667,0.9828125,0.00046875
head1m|centre|open|t=10|S=250|ideal,38400,5255786.635078796,,,0.998203125,0,250.05423605812683,0.6998177083333333,1.041626676009974,0.2913381437327527,5.08569554739222,4.805086038976501,0.6224116696593304,128,0,,,,,,
head1m|centre|open|t=10|S=25|F=0.05|BareCrystalAllFaces,38400,525578.6635078797,0.21132075471698114,0.17075295096610432,0.15627604166666667,167.58498105779404,25.00542360581269,0.9994791666666667,1.041626676009974,2.354046112798889,41.12138327126576,41.210787660508956,0.8692785136935504,128,0,0.0069010416666666664,0.0014583333333333334,0.0011534211603530333,0.0008854166666666666,0.0037239583333333335,0.005442708333333333
head1m|centre|open|t=10|S=25|F=0.05|FrontOnlyThroughMask,38400,525578.6635078797,0.4477961863082213,0.4436115361231229,0.40421875,0.6413687897939254,25.00542360581269,0.9527083333333334,1.041626676009974,2.4198729472668448,42.288783229785444,42.35358016066745,1.290288542985003,128,0,0.9996875,0.44765625,0.4434723865543724,0.0038541666666666668,0.003984375,0.55203125
head1m|centre|open|t=10|S=25|F=0.1|BareCrystalAllFaces,38400,525578.6635078797,0.20994475138121546,0.16124177066616083,0.10346354166666667,335.1699621155881,25.00542360581269,0.9999739583333334,1.041626676009974,2.4412738311488673,42.64526720473423,42.70991836625586,0.9053792412183151,128,0,0.004713541666666667,0.0009895833333333334,0.0007412258893442127,0.0006770833333333334,0.0030729166666666665,0.0037239583333333335
head1m|centre|open|t=10|S=25|F=0.1|FrontOnlyThroughMask,38400,525578.6635078797,0.4428365068942876,0.4386395302996106,0.3975,1.2827375795878508,25.00542360581269,0.9575260416666667,1.041626676009974,2.431316945165296,42.48868712144056,42.54742018216044,1.2863697557474558,128,0,0.9915364583333334,0.43908854166666667,0.43491335443013185,0.003880208333333333,0.004036458333333334,0.5524479166666667
head1m|centre|open|t=10|S=25|F=0.2|BareCrystalAllFaces,38400,525578.6635078797,0.08588957055214724,0.052672825686353335,0.07161458333333333,670.3399242311762,25.00542360581269,1.0,1.041626676009974,2.5003790394929246,43.677955882775976,43.68782167471991,0.7835868231638334,128,0,0.004244791666666667,0.00036458333333333335,0.00022042805986020682,0.000234375,0.0026041666666666665,0.003880208333333333
head1m|centre|open|t=10|S=25|F=0.2|FrontOnlyThroughMask,38400,525578.6635078797,0.4638303284683138,0.45919157929961263,0.3882291666666667,2.5654751591757017,25.00542360581269,0.9554947916666666,1.041626676009974,2.443415913830011,42.7000000198734,42.67780278738271,1.2554722158311578,128,0,0.818984375,0.3798697916666667,0.3757895839615179,0.004114583333333333,0.004453125,0.4391145833333333
head1m|centre|open|t=10|S=25|ideal,38400,525578.6635078797,,,0.420078125,0,25.00542360581269,0.9510677083333333,1.041626676009974,2.392754006084666,41.81501346424588,41.73589325270814,1.3595600909055356,128,0,,,,,,
head1m|centre|open|t=10|S=500|F=0.05|BareCrystalAllFaces,38400,10511573.270157592,0.9999739583333334,0.9998764678836031,0.99984375,167.58498105779404,500.10847211625367,0.8752604166666667,1.041626676009974,0.24851352430736073,4.3374240926714815,4.333337835879722,0.09639310699700973,128,0,1.0,0.9999739583333334,0.9998764678836031,0.9999739583333334,1.0,2.604166666666667e-05
head1m|centre|open|t=10|S=500|F=0.05|FrontOnlyThroughMask,38400,10511573.270157592,1.0,0.9999219891817117,1.0,0.6413687897939254,500.10847211625367,0.597890625,1.041626676009974,0.21877691386738468,3.81841218212237,3.8138525809588586,0.09667263090590335,128,0,1.0,1.0,0.9999219891817117,1.0,1.0,0.0
head1m|centre|open|t=10|S=500|F=0.1|BareCrystalAllFaces,38400,10511573.270157592,0.9994270833333333,0.9991820062784408,0.995859375,335.1699621155881,500.10847211625367,0.9815104166666667,1.041626676009974,0.32183691163792716,5.618031151132544,5.476056733084896,0.6078636588494877,128,0,1.0,0.9994270833333333,0.9991820062784408,0.9994270833333333,1.0,0.0005729166666666667
head1m|centre|open|t=10|S=500|F=0.1|FrontOnlyThroughMask,38400,10511573.270157592,1.0,0.9999219891817117,1.0,1.2827375795878508,500.10847211625367,0.5968229166666666,1.041626676009974,0.2189122439983048,3.8207742626467285,3.8251294161891076,0.10961822177656766,128,0,1.0,1.0,0.9999219891817117,1.0,1.0,0.0
head1m|centre|open|t=10|S=500|F=0.2|BareCrystalAllFaces,38400,10511573.270157592,0.9960415635823849,0.9954725761224332,0.92703125,670.3399242311762,500.10847211625367,0.999609375,1.041626676009974,0.7508053135261844,13.112947617199985,13.006846811259745,1.327735204308206,128,0,0.9999739583333334,0.996015625,0.9954449341534782,0.9959895833333333,0.999921875,0.003958333333333334
head1m|centre|open|t=10|S=500|F=0.2|FrontOnlyThroughMask,38400,10511573.270157592,1.0,0.9999219891817117,0.9999739583333334,2.5654751591757017,500.10847211625367,0.5986458333333333,1.041626676009974,0.21898613544292436,3.8220640409129003,3.815363035557713,0.11641710388597012,128,0,1.0,1.0,0.9999219891817117,1.0,1.0,0.0
head1m|centre|open|t=10|S=500|ideal,38400,10511573.270157592,,,1.0,0,500.10847211625367,0.5960677083333333,1.041626676009974,0.2182087071846278,3.8084948205831077,3.79688387463411,0.11495171791291817,128,0,,,,,,
head1m|centre|open|t=10|S=50|F=0.05|BareCrystalAllFaces,38400,1051157.3270157594,0.5587529976019184,0.5297507901754366,0.2577083333333333,167.58498105779404,50.01084721162538,0.9983333333333333,1.041626676009974,2.2093579932743714,38.593802639485105,38.691071477548654,0.9764303318175724,128,0,0.02171875,0.012135416666666666,0.011230758332901849,0.008385416666666666,0.014375,0.009583333333333333
head1m|centre|open|t=10|S=50|F=0.05|FrontOnlyThroughMask,38400,1051157.3270157594,0.7109635416666666,0.7071337501605484,0.667265625,0.6413687897939254,50.01084721162538,0.897734375,1.041626676009974,1.7870229331726017,31.227393213644437,31.259503623508234,1.4745181916809242,128,0,1.0,0.7109635416666666,0.7071337501605484,0.05869791666666667,0.05940104166666667,0.28903645833333336
head1m|centre|open|t=10|S=50|F=0.1|BareCrystalAllFaces,38400,1051157.3270157594,0.4256926952141058,0.38413018808842436,0.14658854166666666,335.1699621155881,50.01084721162538,0.9998958333333333,1.041626676009974,2.3714385120448975,41.42504093942434,41.38976869897288,0.8788544423404492,128,0,0.010338541666666666,0.004401041666666667,0.003860379670406042,0.002890625,0.006666666666666667,0.0059375
head1m|centre|open|t=10|S=50|F=0.1|FrontOnlyThroughMask,38400,1051157.3270157594,0.7090239891409329,0.7051821882788106,0.6632291666666666,1.2827375795878508,50.01084721162538,0.9008854166666667,1.041626676009974,1.8058777655727705,31.55719809986355,31.55322568139578,1.5364801379157331,128,0,0.9976302083333334,0.70734375,0.7035001686844582,0.05716145833333333,0.058046875,0.29028645833333333
head1m|centre|open|t=10|S=50|F=0.2|BareCrystalAllFaces,38400,1051157.3270157594,0.26244343891402716,0.2141114870828007,0.0871875,670.3399242311762,50.01084721162538,1.0,1.041626676009974,2.47677668863319,43.265637790023256,43.336860729779154,0.969510986933917,128,0,0.0057552083333333335,0.0015104166666666666,0.0011998292363550283,0.0010677083333333333,0.0036979166666666666,0.004244791666666667
head1m|centre|open|t=10|S=50|F=0.2|FrontOnlyThroughMask,38400,1051157.3270157594,0.7222098214285714,0.7182910020403239,0.651796875,2.5654751591757017,50.01084721162538,0.9029166666666667,1.041626676009974,1.8237099199382076,31.868406763569787,31.84776315771646,1.4153190060132168,128,0,0.9333333333333333,0.6740625,0.6701054368041781,0.05765625,0.05828125,0.25927083333333334
head1m|centre|open|t=10|S=50|ideal,38400,1051157.3270157594,,,0.6748958333333334,0,50.01084721162538,0.8973177083333334,1.041626676009974,1.7668843386958495,30.875554710157353,30.903180391658893,1.5640269805549838,128,0,,,,,,
head1m|centre|open|t=10|default|F=0.05|BareCrystalAllFaces,38400,1000000,0.540650406504065,0.5097179913658196,0.23947916666666666,167.58498105779404,47.5769382244677,0.9983854166666667,1.041626676009974,2.2323255142153124,38.99494126384907,38.87393290874694,0.9684158526172196,128,0,0.01921875,0.010390625,0.009553961539342903,0.0069791666666666665,0.01234375,0.008828125
head1m|centre|open|t=10|default|F=0.05|FrontOnlyThroughMask,38400,1000000,0.6955831032866295,0.6916966162281208,0.6475260416666667,0.6413687897939254,47.5769382244677,0.904140625,1.041626676009974,1.8410725446191187,32.17203893899176,32.17279040606354,1.5340277623213912,128,0,0.9999479166666667,0.695546875,0.6916603625708955,0.0515625,0.052395833333333336,0.30440104166666665
head1m|centre|open|t=10|default|F=0.1|BareCrystalAllFaces,38400,1000000,0.42363112391930835,0.3791698678432997,0.14078125,335.1699621155881,47.5769382244677,0.999921875,1.041626676009974,2.378003079628817,41.53978288069795,41.469629263161416,0.9124504372819968,128,0,0.009036458333333334,0.003828125,0.003324797831777046,0.0028125,0.005885416666666666,0.005208333333333333
head1m|centre|open|t=10|default|F=0.1|FrontOnlyThroughMask,38400,1000000,0.6887514031378077,0.6848367558101007,0.6440625,1.2827375795878508,47.5769382244677,0.9070833333333334,1.041626676009974,1.8528436827727557,32.377964806986704,32.54584341483702,1.4314685018397795,128,0,0.997578125,0.6870833333333334,0.6831678727082656,0.048854166666666664,0.04966145833333333,0.31049479166666666
head1m|centre|open|t=10|default|F=0.2|BareCrystalAllFaces,38400,1000000,0.21800947867298578,0.17208051576048589,0.08515625,670.3399242311762,47.5769382244677,1.0,1.041626676009974,2.4827744947121406,43.37044898194972,43.45009888467965,0.8838045105190918,128,0,0.005494791666666667,0.0011979166666666666,0.0009230520493606851,0.0008333333333333334,0.0030989583333333333,0.004296875
head1m|centre|open|t=10|default|F=0.2|FrontOnlyThroughMask,38400,1000000,0.6986127915810799,0.6945831781674757,0.6284635416666666,2.5654751591757017,47.5769382244677,0.9092447916666667,1.041626676009974,1.8869966688821354,32.974411279775246,33.118263585045085,1.5190372658253402,128,0,0.9254947916666667,0.6465625,0.6425288063780492,0.044869791666666665,0.04567708333333333,0.27893229166666667
head1m|centre|open|t=10|default|ideal,38400,1000000,,,0.6546354166666667,0,47.5769382244677,0.9018489583333333,1.041626676009974,1.8348224689585837,32.06305132418151,32.12389575423059,1.3034249763188204,128,0,,,,,,
head1m|centre|open|t=60|S=1000|F=0.05|BareCrystalAllFaces,38400,3503857.756719197,1.0,0.9999219891817117,0.9988541666666667,1005.5098863467643,1000.2169442325073,0.9998697916666667,1.041626676009974,0.32562898734213824,5.683653473557969,5.531126040774566,0.35762702716445094,128,0,1.0,1.0,0.9999219891817117,1.0,1.0,0.0
head1m|centre|open|t=60|S=1000|F=0.05|FrontOnlyThroughMask,38400,3503857.756719197,1.0,0.9999219891817117,1.0,3.848212738763554,1000.2169442325073,0.49236979166666667,1.041626676009974,0.18337104525067804,3.2004446188042404,3.1999939243365114,0.06892868876022545,128,0,1.0,1.0,0.9999219891817117,1.0,1.0,0.0
head1m|centre|open|t=60|S=1000|F=0.1|BareCrystalAllFaces,38400,3503857.756719197,0.9998958333333333,0.9997616431038913,0.91640625,2011.0197726935287,1000.2169442325073,1.0,1.041626676009974,0.8186884268982004,14.298793342425203,14.180437437915245,1.628600342131707,128,0,1.0,0.9998958333333333,0.9997616431038913,0.9998958333333333,1.0,0.00010416666666666667
head1m|centre|open|t=60|S=1000|F=0.1|FrontOnlyThroughMask,38400,3503857.756719197,1.0,0.9999219891817117,1.0,7.696425477527108,1000.2169442325073,0.494765625,1.041626676009974,0.18380924891374217,3.2080929079176523,3.2070537343832948,0.07078221785304331,128,0,1.0,1.0,0.9999219891817117,1.0,1.0,0.0
head1m|centre|open|t=60|S=1000|F=0.2|BareCrystalAllFaces,38400,3503857.756719197,0.9939821810034909,0.9932913101249483,0.3108854166666667,4022.0395453870574,1000.2169442325073,1.0,1.041626676009974,2.197803293250362,38.391945464511466,38.423318039220575,1.4099729997924375,128,0,0.9996354166666667,0.9936197916666667,0.9929099669533383,0.9934895833333334,0.9994791666666667,0.006015625
head1m|centre|open|t=60|S=1000|F=0.2|FrontOnlyThroughMask,38400,3503857.756719197,1.0,0.9999219891817117,1.0,15.392850955054216,1000.2169442325073,0.5002864583333333,1.041626676009974,0.18535866762223502,3.235136319149422,3.2201224895835074,0.08387831155895915,128,0,1.0,1.0,0.9999219891817117,1.0,1.0,0.0
head1m|centre|open|t=60|S=1000|ideal,38400,3503857.756719197,,,1.0,0,1000.2169442325073,0.49463541666666666,1.041626676009974,0.1837511572448384,3.207078918790722,3.209315195784484,0.07259339899033106,128,0,,,,,,
head1m|centre|open|t=60|S=100|F=0.05|BareCrystalAllFaces,38400,350385.77567191975,0.5070422535211268,0.46919075488973255,0.09065104166666667,1005.5098863467643,100.02169442325075,1.0,1.041626676009974,2.4875440447286348,43.45377958510873,43.45751907381515,0.8741567319779543,128,0,0.012942708333333334,0.0065625,0.005899530748468318,0.005286458333333333,0.009895833333333333,0.006380208333333333
head1m|centre|open|t=60|S=100|F=0.05|FrontOnlyThroughMask,38400,350385.77567191975,0.9393890804136936,0.9373213836889966,0.899921875,3.848212738763554,100.02169442325075,0.8248697916666666,1.041626676009974,1.0076006766487842,17.60550254581704,17.622809673051453,1.879152090273662,128,0,0.974453125,0.915390625,0.9130183040590972,0.36833333333333335,0.36950520833333333,0.0590625
head1m|centre|open|t=60|S=100|F=0.1|BareCrystalAllFaces,38400,350385.77567191975,0.3282828282828283,0.2730779294238815,0.05744791666666667,2011.0197726935287,100.02169442325075,1.0,1.041626676009974,2.559264351194608,44.7069804166866,44.6707534157064,0.9098442971464888,128,0,0.00515625,0.0016927083333333334,0.0013629966415789725,0.0016927083333333334,0.00515625,0.003463541666666667
head1m|centre|open|t=60|S=100|F=0.1|FrontOnlyThroughMask,38400,350385.77567191975,0.9608036788987995,0.9589840883143235,0.8872916666666667,7.696425477527108,100.02169442325075,0.8274739583333334,1.041626676009974,1.062173255107407,18.559313021239486,18.515927624513644,1.442250222624773,128,0,0.8437760416666666,0.810703125,0.8073845328598123,0.34265625,0.34393229166666667,0.03307291666666667
head1m|centre|open|t=60|S=100|F=0.2|BareCrystalAllFaces,38400,350385.77567191975,0.22274881516587677,0.17640948763999223,0.03515625,4022.0395453870574,100.02169442325075,1.0,1.041626676009974,2.6187676958091646,45.74676569531893,45.73412419361489,0.960925322586177,128,0,0.005494791666666667,0.0012239583333333334,0.0009459495733796079,0.0008072916666666667,0.003671875,0.004270833333333333
head1m|centre|open|t=60|S=100|F=0.2|FrontOnlyThroughMask,38400,350385.77567191975,0.9803299208726363,0.9787332836502523,0.8647135416666667,15.392850955054216,100.02169442325075,0.840234375,1.041626676009974,1.1486411494058533,20.070165669307734,20.0466901034019,1.4300260186601628,128,0,0.5825260416666667,0.5710677083333333,0.5668964979006148,0.2990364583333333,0.300546875,0.011458333333333333
head1m|centre|open|t=60|S=100|ideal,38400,350385.77567191975,,,0.91140625,0,100.02169442325075,0.822578125,1.041626676009974,0.9564701427565143,16.712151762231997,16.84950999918501,1.717019742373437,128,0,,,,,,
head1m|centre|open|t=60|S=250|F=0.05|BareCrystalAllFaces,38400,875964.4391797993,0.8919317930169041,0.8874449078760298,0.25166666666666665,1005.5098863467643,250.05423605812683,1.0,1.041626676009974,2.2391698098917527,39.114483780385854,39.181047556293166,1.0315126737778957,128,0,0.35278645833333333,0.3146614583333333,0.31076093389430265,0.289609375,0.3213020833333333,0.038125
head1m|centre|open|t=60|S=250|F=0.05|FrontOnlyThroughMask,38400,875964.4391797993,0.9996354071720618,0.9994300831186321,0.998515625,3.848212738763554,250.05423605812683,0.7044791666666667,1.041626676009974,0.2909994723444878,5.079765847320535,4.828540661507192,0.6123945288874305,128,0,0.9999739583333334,0.999609375,0.9993985756627383,0.9821875,0.9822916666666667,0.00036458333333333335
head1m|centre|open|t=60|S=250|F=0.1|BareCrystalAllFaces,38400,875964.4391797993,0.8204182041820418,0.8089809384845574,0.08981770833333333,2011.0197726935287,250.05423605812683,1.0,1.041626676009974,2.4967790171624498,43.615073937992946,43.51057516664032,0.9236774111004225,128,0,0.0846875,0.06947916666666666,0.06735597510911265,0.06947916666666666,0.0846875,0.015208333333333334
head1m|centre|open|t=60|S=250|F=0.1|FrontOnlyThroughMask,38400,875964.4391797993,0.9995832356541898,0.9993670767541583,0.9979947916666667,7.696425477527108,250.05423605812683,0.7064322916666667,1.041626676009974,0.2984742023866576,5.2103844838701425,4.909826997356556,0.689355716755773,128,0,0.999765625,0.9993489583333334,0.9990908444879734,0.97859375,0.97875,0.0004166666666666667
head1m|centre|open|t=60|S=250|F=0.2|BareCrystalAllFaces,38400,875964.4391797993,0.6333630686886709,0.6090027420932511,0.04864583333333333,4022.0395453870574,250.05423605812683,1.0,1.041626676009974,2.592646533731305,45.29018968888266,45.28253897294696,1.0170218808204046,128,0,0.029192708333333334,0.018489583333333334,0.01737281366555662,0.01421875,0.02171875,0.010703125
head1m|centre|open|t=60|S=250|F=0.2|FrontOnlyThroughMask,38400,875964.4391797993,0.9996078123774413,0.9993961700313996,0.9973958333333334,15.392850955054216,250.05423605812683,0.70953125,1.041626676009974,0.30643932235782545,5.349659972604773,5.05853935798302,0.7786492438370993,128,0,0.996015625,0.995625,0.9950291856873069,0.9752083333333333,0.9752604166666666,0.000390625
head1m|centre|open|t=60|S=250|ideal,38400,875964.4391797993,,,0.998515625,0,250.05423605812683,0.702890625,1.041626676009974,0.28886969608773677,5.042581858120096,4.761246197908839,0.701954384018663,128,0,,,,,,
head1m|centre|open|t=60|S=25|F=0.05|BareCrystalAllFaces,38400,87596.44391797994,0.1262135922330097,0.07629781997265049,0.06158854166666667,1005.5098863467643,25.005423605812688,1.0,1.041626676009974,2.5262115631713846,44.12933439271448,44.097524723150975,0.8726901008105912,128,0,0.0026822916666666666,0.0003385416666666667,0.0002002606751686466,0.00018229166666666667,0.0019010416666666668,0.00234375
head1m|centre|open|t=60|S=25|F=0.05|FrontOnlyThroughMask,38400,87596.44391797994,0.5075374656380243,0.5020391502476877,0.379765625,3.848212738763554,25.005423605812688,0.9571614583333333,1.041626676009974,2.4603376650233795,42.99574434212725,42.99117657465584,1.26463129485539,128,0,0.58734375,0.29809895833333333,0.2942577592014799,0.0035416666666666665,0.003880208333333333,0.28924479166666667
head1m|centre|open|t=60|S=25|F=0.1|BareCrystalAllFaces,38400,87596.44391797994,0.10465116279069768,0.055689874372486174,0.043932291666666665,2011.0197726935287,25.005423605812688,1.0,1.041626676009974,2.581209083784601,45.0904912343559,45.06680113182986,0.8875024497932879,128,0,0.0022395833333333334,0.000234375,0.0001222768124639261,0.000234375,0.0022395833333333334,0.0020052083333333332
head1m|centre|open|t=60|S=25|F=0.1|FrontOnlyThroughMask,38400,87596.44391797994,0.6033589923023093,0.5937395694311183,0.343984375,7.696425477527108,25.005423605812688,0.964296875,1.041626676009974,2.5278988106912412,44.176374451262646,44.141016228418,1.3642119864855458,128,0,0.18606770833333333,0.112265625,0.10962444377575933,0.0035677083333333333,0.0040104166666666665,0.07380208333333334
head1m|centre|open|t=60|S=25|F=0.2|BareCrystalAllFaces,38400,87596.44391797994,0.07006369426751592,0.039785787293053765,0.028567708333333334,4022.0395453870574,25.005423605812688,1.0,1.041626676009974,2.6305018652732217,45.95174152241588,45.99097514575351,0.9303075404816745,128,0,0.0040885416666666665,0.00028645833333333333,0.00016065924609382504,0.00013020833333333333,0.0026302083333333334,0.0038020833333333335
head1m|centre|open|t=60|S=25|F=0.2|FrontOnlyThroughMask,38400,87596.44391797994,0.6671790930053805,0.6450401179383425,0.29846354166666667,15.392850955054216,25.005423605812688,0.9697916666666667,1.041626676009974,2.596750101564687,45.37925274592305,45.309610334629646,1.23555180972856,128,0,0.033880208333333335,0.022604166666666668,0.021370273381623825,0.0022135416666666666,0.002942708333333333,0.011276041666666667
head1m|centre|open|t=60|S=25|ideal,38400,87596.44391797994,,,0.4097395833333333,0,25.005423605812688,0.9519270833333333,1.041626676009974,2.4006484602902516,41.95254094177982,42.043284700161024,1.3437919233234972,128,0,,,,,,
head1m|centre|open|t=60|S=500|F=0.05|BareCrystalAllFaces,38400,1751928.8783595986,0.9871570649194706,0.9861699057724499,0.759765625,1005.5098863467643,500.10847211625367,1.0,1.041626676009974,1.2895614171900056,22.52510358294625,22.454753425832653,1.1726960805953108,128,0,0.9976302083333334,0.9848177083333334,0.9837507011914497,0.9840625,0.99671875,0.0128125
head1m|centre|open|t=60|S=500|F=0.05|FrontOnlyThroughMask,38400,1751928.8783595986,1.0,0.9999219891817117,1.0,3.848212738763554,500.10847211625367,0.599140625,1.041626676009974,0.219230216703164,3.826324168852037,3.8311970110004974,0.11387256168979432,128,0,1.0,1.0,0.9999219891817117,1.0,1.0,0.0
head1m|centre|open|t=60|S=500|F=0.1|BareCrystalAllFaces,38400,1751928.8783595986,0.9484783849550875,0.9464412670251875,0.26859375,2011.0197726935287,500.10847211625367,1.0,1.041626676009974,2.2306919610818343,38.966300003629854,38.83718457292393,1.0470489314246778,128,0,0.8668489583333333,0.8221875,0.8189470721744344,0.8221875,0.8668489583333333,0.044661458333333334
head1m|centre|open|t=60|S=500|F=0.1|FrontOnlyThroughMask,38400,1751928.8783595986,1.0,0.9999219891817117,1.0,7.696425477527108,500.10847211625367,0.5996614583333333,1.041626676009974,0.21937723294111347,3.828890334967781,3.835002997656189,0.10626573790234613,128,0,1.0,1.0,0.9999219891817117,1.0,1.0,0.0
head1m|centre|open|t=60|S=500|F=0.2|BareCrystalAllFaces,38400,1751928.8783595986,0.896389870777076,0.8924954796808747,0.077109375,4022.0395453870574,500.10847211625367,1.0,1.041626676009974,2.5492406414654036,44.53175329893567,44.497751200750336,1.050169489371832,128,0,0.44940104166666667,0.40283854166666666,0.39871412158495617,0.3654427083333333,0.40283854166666666,0.0465625
head1m|centre|open|t=60|S=500|F=0.2|FrontOnlyThroughMask,38400,1751928.8783595986,1.0,0.9999219891817117,1.0,15.392850955054216,500.10847211625367,0.6084114583333333,1.041626676009974,0.22078007461475252,3.8533750208165265,3.8596604994254453,0.11312158469621453,128,0,1.0,1.0,0.9999219891817117,1.0,1.0,0.0
head1m|centre|open|t=60|S=500|ideal,38400,1751928.8783595986,,,1.0,0,500.10847211625367,0.59515625,1.041626676009974,0.21816717447495934,3.8077699355980537,3.7960649268625066,0.1056021104987445,128,0,,,,,,
head1m|centre|open|t=60|S=50|F=0.05|BareCrystalAllFaces,38400,175192.88783595987,0.24736842105263157,0.19648414093102187,0.06828125,1005.5098863467643,50.010847211625375,1.0,1.041626676009974,2.510448757892842,43.85395404763395,43.9098431742749,0.8519846940166955,128,0,0.0049479166666666664,0.0012239583333333334,0.0009459495733796079,0.0009895833333333334,0.0036979166666666666,0.0037239583333333335
head1m|centre|open|t=60|S=50|F=0.05|FrontOnlyThroughMask,38400,175192.88783595987,0.7525208595083921,0.7484584639289572,0.638984375,3.848212738763554,50.010847211625375,0.9053645833333334,1.041626676009974,1.871578178516372,32.705566610155785,32.77211055233049,1.448894675314984,128,0,0.808359375,0.6083072916666666,0.6041910336979343,0.05098958333333333,0.051770833333333335,0.20005208333333332
head1m|centre|open|t=60|S=50|F=0.1|BareCrystalAllFaces,38400,175192.88783595987,0.1619718309859155,0.11330283935086459,0.04708333333333333,2011.0197726935287,50.010847211625375,1.0,1.041626676009974,2.5731876635586146,44.95027131757895,45.01007988965581,1.040518632527179,128,0,0.0036979166666666666,0.0005989583333333333,0.0004093954012090451,0.0005989583333333333,0.0036979166666666666,0.0030989583333333333
head1m|centre|open|t=60|S=50|F=0.1|FrontOnlyThroughMask,38400,175192.88783595987,0.8395582210082536,0.8348333660449689,0.6155989583333333,7.696425477527108,50.010847211625375,0.9109635416666667,1.041626676009974,1.909343763614028,33.365019808586226,33.41468006583401,1.4172461875155593,128,0,0.4385677083333333,0.368203125,0.3641490630544285,0.043984375,0.044869791666666665,0.07036458333333333
head1m|centre|open|t=60|S=50|F=0.2|BareCrystalAllFaces,38400,175192.88783595987,0.10989010989010989,0.07402561543842127,0.031067708333333333,4022.0395453870574,50.010847211625375,1.0,1.041626676009974,2.62774304432123,45.903614575637064,45.97135309001912,1.0157157154104182,128,0,0.0047395833333333335,0.0005208333333333333,0.00034519904570147985,0.00028645833333333333,0.0030208333333333333,0.00421875
head1m|centre|open|t=60|S=50|F=0.2|FrontOnlyThroughMask,38400,175192.88783595987,0.9140287147552326,0.9077219344974657,0.5595833333333333,15.392850955054216,50.010847211625375,0.92171875,1.041626676009974,2.0415343166421156,35.675209765505,35.83952794339001,1.3357557007658996,128,0,0.150546875,0.13760416666666667,0.1347199046088968,0.032890625,0.033854166666666664,0.012942708333333334
head1m|centre|open|t=60|S=50|ideal,38400,175192.88783595987,,,0.6752604166666667,0,50.010847211625375,0.8983333333333333,1.041626676009974,1.7674815133816695,30.885864622681158,30.82719678325622,1.519136263212962,128,0,,,,,,
head1m|centre|open|t=60|default|F=0.05|BareCrystalAllFaces,38400,1000000,0.9112090680100756,0.9078855645233678,0.3134635416666667,1005.5098863467643,285.4616293468062,1.0,1.041626676009974,2.148629791303623,37.53275493255937,37.606863862476985,1.0697336135275035,128,0,0.5376041666666667,0.48986979166666667,0.4856613709404276,0.46088541666666666,0.5011979166666667,0.047734375
head1m|centre|open|t=60|default|F=0.05|FrontOnlyThroughMask,38400,1000000,0.9998697916666667,0.9997262427017626,0.9994010416666667,3.848212738763554,285.4616293468062,0.68546875,1.041626676009974,0.26768515574142965,4.672333781520598,4.57371261999083,0.37669276830736087,128,0,1.0,0.9998697916666667,0.9997262427017626,0.9944270833333333,0.9945052083333333,0.00013020833333333333
head1m|centre|open|t=60|default|F=0.1|BareCrystalAllFaces,38400,1000000,0.856005420972387,0.8482742865422817,0.102421875,2011.0197726935287,285.4616293468062,1.0,1.041626676009974,2.4773295062339757,43.27521668778431,43.278598981262746,0.9587428010964305,128,0,0.15372395833333333,0.13158854166666667,0.1287586810405785,0.13158854166666667,0.15372395833333333,0.022135416666666668
head1m|centre|open|t=60|default|F=0.1|FrontOnlyThroughMask,38400,1000000,0.9999218688960075,0.9997980785848518,0.999453125,7.696425477527108,285.4616293468062,0.6915364583333333,1.041626676009974,0.26781521068407294,4.674612161936689,4.5596012990151085,0.3967068135611621,128,0,0.999921875,0.99984375,0.9996916277400515,0.9941666666666666,0.9941927083333333,7.8125e-05
head1m|centre|open|t=60|default|F=0.2|BareCrystalAllFaces,38400,1000000,0.7072243346007605,0.6892716772871581,0.051432291666666664,4022.0395453870574,285.4616293468062,1.0,1.041626676009974,2.5857062947512284,45.16889311254162,45.24072784794551,1.1207525381855035,128,0,0.047942708333333334,0.03390625,0.0324001616704631,0.027317708333333333,0.0375,0.014036458333333333
head1m|centre|open|t=60|default|F=0.2|FrontOnlyThroughMask,38400,1000000,0.9998175658066197,0.9996573609476278,0.99921875,15.392850955054216,285.4616293468062,0.6913541666666667,1.041626676009974,0.2719472186196101,4.746719589200238,4.637129465756848,0.4367814963413718,128,0,0.99921875,0.9990364583333333,0.9987326019690198,0.9921614583333334,0.9923177083333333,0.00018229166666666667
head1m|centre|open|t=60|default|ideal,38400,1000000,,,0.9994791666666667,0,285.4616293468062,0.685,1.041626676009974,0.2672233444081453,4.664330789881861,4.537458389225225,0.4711352315493272,128,0,,,,,,
head1m|edge3deg|cs662|t=10|S=1000|F=0.05|BareCrystalAllFaces,38400,63051213.32430157,0.9829427083333333,0.9818153485075628,0.9481510416666666,2.1384899894893574,1000.9296157660774,0.9296354166666667,1.041626676009974,1.5255194128328242,26.658064917945246,26.56094540603838,4.378794083819582,128,0,1.0,0.9829427083333333,0.9818153485075628,0.9829427083333333,1.0,0.017057291666666665
head1m|edge3deg|cs662|t=10|S=1000|F=0.05|FrontOnlyThroughMask,38400,63051213.32430157,0.9296875,0.9275042710870086,0.948984375,0.05209914322409908,1000.9296157660774,0.928515625,1.041626676009974,1.5154969983316675,26.482948908182962,26.565131175085526,4.070679990076912,128,0,1.0,0.9296875,0.9275042710870086,0.9296875,1.0,0.0703125
head1m|edge3deg|cs662|t=10|S=1000|F=0.1|BareCrystalAllFaces,38400,63051213.32430157,0.982578125,0.9814394423112979,0.9496354166666666,4.276979978978715,1000.9296157660774,0.928671875,1.041626676009974,1.5054229118775222,26.306943638068013,26.523704087946335,4.189335095948747,128,0,1.0,0.982578125,0.9814394423112979,0.982578125,1.0,0.017421875
head1m|edge3deg|cs662|t=10|S=1000|F=0.1|FrontOnlyThroughMask,38400,63051213.32430157,0.928671875,0.9264744425954938,0.9492708333333333,0.10419828644819816,1000.9296157660774,0.9288802083333333,1.041626676009974,1.5137486718866449,26.45240102172983,26.49493706879891,3.8780053771709357,128,0,1.0,0.928671875,0.9264744425954938,0.928671875,1.0,0.071328125
head1m|edge3deg|cs662|t=10|S=1000|F=0.2|BareCrystalAllFaces,38400,63051213.32430157,0.981640625,0.9804733884279034,0.9472135416666667,8.55395995795743,1000.9296157660774,0.9286979166666667,1.041626676009974,1.5404441955851325,26.91881881422754,27.28933937919608,4.2037585960490285,128,0,1.0,0.981640625,0.9804733884279034,0.981640625,1.0,0.018359375
head1m|edge3deg|cs662|t=10|S=1000|F=0.2|FrontOnlyThroughMask,38400,63051213.32430157,0.928125,0.9259199722904439,0.9495572916666667,0.20839657289639632,1000.9296157660774,0.9323177083333334,1.041626676009974,1.5085350958445671,26.36132089639941,26.54863336537101,4.0129804904499045,128,0,1.0,0.928125,0.9259199722904439,0.928125,1.0,0.071875
head1m|edge3deg|cs662|t=10|S=1000|ideal,38400,63051213.32430157,,,0.9496875,0,1000.9296157660774,0.926953125,1.041626676009974,1.505233167756679,26.303628007787044,26.548086972554515,4.109399238249305,128,0,,,,,,
head1m|edge3deg|cs662|t=10|S=100|F=0.05|BareCrystalAllFaces,38400,6305121.332430157,0.5461340000531957,0.5418947545354524,0.526484375,2.1384899894893574,100.09296157660773,0.93546875,1.041626676009974,3.6391361148332324,63.590577597296594,63.90243805081596,2.305172149744486,128,0,0.9790885416666667,0.5347135416666666,0.5305118806829584,0.06466145833333334,0.07515625,0.444375
head1m|edge3deg|cs662|t=10|S=100|F=0.05|FrontOnlyThroughMask,38400,6305121.332430157,0.6189322916666666,0.6148362508609931,0.5344791666666666,0.05209914322409908,100.09296157660773,0.9336458333333333,1.041626676009974,3.6101702758847463,63.08454147546469,63.21410119192976,2.7219055286458826,128,0,1.0,0.6189322916666666,0.6148362508609931,0.15799479166666666,0.18518229166666667,0.3810677083333333
head1m|edge3deg|cs662|t=10|S=100|F=0.1|BareCrystalAllFaces,38400,6305121.332430157,0.5974390692387416,0.5927513320210662,0.52140625,4.276979978978715,100.09296157660773,0.9326302083333333,1.041626676009974,3.6388368433878684,63.585458965126925,63.52764383529224,2.409834143020034,128,0,0.7789322916666667,0.46536458333333336,0.46116675122896855,0.063828125,0.07294270833333333,0.3135677083333333
head1m|edge3deg|cs662|t=10|S=100|F=0.1|FrontOnlyThroughMask,38400,6305121.332430157,0.6166927083333333,0.6125922351354474,0.5327604166666666,0.10419828644819816,100.09296157660773,0.93421875,1.041626676009974,3.60518082937964,62.997331268783554,62.99441685080191,2.601689969393531,128,0,1.0,0.6166927083333333,0.6125922351354474,0.15880208333333334,0.18546875,0.38330729166666666
head1m|edge3deg|cs662|t=10|S=100|F=0.2|BareCrystalAllFaces,38400,6305121.332430157,0.6698182970631734,0.6641509512879014,0.5131770833333333,8.55395995795743,100.09296157660773,0.9365104166666667,1.041626676009974,3.627441806836197,63.386086047741955,63.56666041430322,2.4946155910021437,128,0,0.49302083333333335,0.330234375,0.326283320294535,0.059140625,0.06872395833333333,0.16278645833333333
head1m|edge3deg|cs662|t=10|S=100|F=0.2|FrontOnlyThroughMask,38400,6305121.332430157,0.6205208333333333,0.6164279921159576,0.5326822916666667,0.20839657289639632,100.09296157660773,0.9333072916666667,1.041626676009974,3.6278111635091324,63.392770290093495,63.416018657513675,2.6915948455830834,128,0,1.0,0.6205208333333333,0.6164279921159576,0.15817708333333333,0.18591145833333333,0.37947916666666665
head1m|edge3deg|cs662|t=10|S=100|ideal,38400,6305121.332430157,,,0.5336458333333334,0,100.09296157660773,0.9335677083333334,1.041626676009974,3.59957339687112,62.89939216920638,62.78547039713686,2.7222336145958157,128,0,,,,,,
head1m|edge3deg|cs662|t=10|S=250|F=0.05|BareCrystalAllFaces,38400,15762803.331075393,0.8489425981873112,0.8459040454836815,0.7692708333333333,2.1384899894893574,250.23240394151935,0.8916145833333333,1.041626676009974,2.9975337804618,52.37821557212759,52.22657784903069,3.470529250483416,128,0,0.9998958333333333,0.8488541666666667,0.8458150558308762,0.5729947916666667,0.6258333333333334,0.15104166666666666
head1m|edge3deg|cs662|t=10|S=250|F=0.05|FrontOnlyThroughMask,38400,15762803.331075393,0.83765625,0.8345290102209358,0.770234375,0.05209914322409908,250.23240394151935,0.8933854166666667,1.041626676009974,2.9938019218198733,52.31297151622095,52.62938354674804,3.3431841347205857,128,0,1.0,0.83765625,0.8345290102209358,0.7267708333333334,0.8318489583333334,0.16234375
head1m|edge3deg|cs662|t=10|S=250|F=0.1|BareCrystalAllFaces,38400,15762803.331075393,0.8531628285586744,0.8501465132169367,0.76625,4.276979978978715,250.23240394151935,0.8921354166666666,1.041626676009974,3.018803591784785,52.74986935949982,52.86074504170457,3.284369118165598,128,0,0.9917447916666666,0.8461197916666666,0.8430586517963413,0.5700520833333333,0.6208072916666667,0.145625
head1m|edge3deg|cs662|t=10|S=250|F=0.1|FrontOnlyThroughMask,38400,15762803.331075393,0.84,0.8368907564263022,0.774765625,0.10419828644819816,250.23240394151935,0.8922916666666667,1.041626676009974,2.9644592353377233,51.80035427363006,51.88259437326127,3.309686983082901,128,0,1.0,0.84,0.8368907564263022,0.7273958333333334,0.83296875,0.16
head1m|edge3deg|cs662|t=10|S=250|F=0.2|BareCrystalAllFaces,38400,15762803.331075393,0.8590469934586857,0.8560178418467457,0.7622395833333333,8.55395995795743,250.23240394151935,0.8911979166666667,1.041626676009974,3.024608113937032,52.85124939027109,53.01194728300791,3.3201715542109738,128,0,0.951484375,0.8173697916666667,0.8140959917654642,0.5542708333333334,0.607265625,0.13411458333333334
head1m|edge3deg|cs662|t=10|S=250|F=0.2|FrontOnlyThroughMask,38400,15762803.331075393,0.8385416666666666,0.8354211982240962,0.773828125,0.20839657289639632,250.23240394151935,0.89140625,1.041626676009974,2.970475035152988,51.905299635102374,52.21692588227966,2.817667264720788,128,0,1.0,0.8385416666666666,0.8354211982240962,0.7283072916666666,0.8360416666666667,0.16145833333333334
head1m|edge3deg|cs662|t=10|S=250|ideal,38400,15762803.331075393,,,0.773046875,0,250.23240394151935,0.889609375,1.041626676009974,2.976925602470505,52.01818503424201,51.87438000847031,3.441364642859147,128,0,,,,,,
head1m|edge3deg|cs662|t=10|S=25|F=0.05|BareCrystalAllFaces,38400,1576280.3331075392,0.20198553744331413,0.19833442723235264,0.19861979166666666,2.1384899894893574,25.023240394151934,0.9840104166666667,1.041626676009974,4.176113056046958,72.97741167129399,72.84006580964237,2.235472911897695,128,0,0.8498958333333333,0.17166666666666666,0.16850681306219675,0.000703125,0.0009895833333333334,0.6782291666666667
head1m|edge3deg|cs662|t=10|S=25|F=0.05|FrontOnlyThroughMask,38400,1576280.3331075392,0.255390625,0.25173095280522156,0.20356770833333335,0.05209914322409908,25.023240394151934,0.9822916666666667,1.041626676009974,4.169033742390549,72.85414946659958,72.7664173045897,2.259314410812059,128,0,1.0,0.255390625,0.25173095280522156,0.0020833333333333333,0.00296875,0.744609375
head1m|edge3deg|cs662|t=10|S=25|F=0.1|BareCrystalAllFaces,38400,1576280.3331075392,0.23135741844966679,0.22555359884288356,0.19375,4.276979978978715,25.023240394151934,0.9834895833333334,1.041626676009974,4.182550081940155,73.08953743936911,73.198929210154,2.024292754440805,128,0,0.3712239583333333,0.08588541666666667,0.08354367490075328,0.0005208333333333333,0.00109375,0.28533854166666667
head1m|edge3deg|cs662|t=10|S=25|F=0.1|FrontOnlyThroughMask,38400,1576280.3331075392,0.25471354166666665,0.2510571009425151,0.20361979166666666,0.10419828644819816,25.023240394151934,0.9821614583333333,1.041626676009974,4.174370941604797,72.9479817092329,73.18963201318022,2.0230967035366656,128,0,1.0,0.25471354166666665,0.2510571009425151,0.0020052083333333332,0.002864583333333333,0.7452864583333333
head1m|edge3deg|cs662|t=10|S=25|F=0.2|BareCrystalAllFaces,38400,1576280.3331075392,0.2445288075033497,0.23397771838229514,0.18520833333333334,8.55395995795743,25.023240394151934,0.9850260416666666,1.041626676009974,4.198031595168231,73.35920344185159,73.43609381636169,1.8794597796034103,128,0,0.11661458333333333,0.028515625,0.02713195389375503,0.000625,0.0011197916666666667,0.08809895833333334
head1m|edge3deg|cs662|t=10|S=25|F=0.2|FrontOnlyThroughMask,38400,1576280.3331075392,0.25127604166666667,0.24763618693659437,0.19971354166666666,0.20839657289639632,25.023240394151934,0.983046875,1.041626676009974,4.189592954314411,73.213595019943,73.29477808729814,2.189516752694533,128,0,1.0,0.25127604166666667,0.24763618693659437,0.001875,0.0026822916666666666,0.7487239583333334
head1m|edge3deg|cs662|t=10|S=25|ideal,38400,1576280.3331075392,,,0.20416666666666666,0,25.023240394151934,0.9827604166666667,1.041626676009974,4.165371798550982,72.79020640457179,72.5932533365773,2.0835646064107625,128,0,,,,,,
head1m|edge3deg|cs662|t=10|S=500|F=0.05|BareCrystalAllFaces,38400,31525606.662150785,0.94796875,0.9460663294047671,0.87578125,2.1384899894893574,500.4648078830387,0.8913541666666667,1.041626676009974,2.3405317210195715,40.8982784438618,40.65683821725665,3.9006150271349482,128,0,1.0,0.94796875,0.9460663294047671,0.9394791666666666,0.98984375,0.05203125
head1m|edge3deg|cs662|t=10|S=500|F=0.05|FrontOnlyThroughMask,38400,31525606.662150785,0.90125,0.8987103954681979,0.8785416666666667,0.05209914322409908,500.4648078830387,0.8935677083333333,1.041626676009974,2.3111778039466984,40.3853985872156,40.57716743541906,3.9833393603469323,128,0,1.0,0.90125,0.8987103954681979,0.8994010416666667,0.9971354166666667,0.09875
head1m|edge3deg|cs662|t=10|S=500|F=0.1|BareCrystalAllFaces,38400,31525606.662150785,0.9465364583333333,0.9446100674674152,0.875390625,4.276979978978715,500.4648078830387,0.8942708333333333,1.041626676009974,2.3427113541318696,40.93640979557622,41.16865654285208,3.625977758210965,128,0,1.0,0.9465364583333333,0.9446100674674152,0.9378125,0.9886197916666667,0.05346354166666667
head1m|edge3deg|cs662|t=10|S=500|F=0.1|FrontOnlyThroughMask,38400,31525606.662150785,0.9002083333333334,0.8976570712127583,0.874296875,0.10419828644819816,500.4648078830387,0.8908072916666666,1.041626676009974,2.353262747148778,41.12075171211839,41.387860068636805,3.923742894561056,128,0,1.0,0.9002083333333334,0.8976570712127583,0.89859375,0.9974479166666667,0.09979166666666667
head1m|edge3deg|cs662|t=10|S=500|F=0.2|BareCrystalAllFaces,38400,31525606.662150785,0.9485075793092671,0.9466141262709292,0.875390625,8.55395995795743,500.4648078830387,0.8938020833333333,1.041626676009974,2.3409418228269114,40.90546202432661,40.80505388464162,4.185357685267862,128,0,0.99984375,0.948359375,0.9464635592838689,0.9390625,0.988515625,0.051484375
head1m|edge3deg|cs662|t=10|S=500|F=0.2|FrontOnlyThroughMask,38400,31525606.662150785,0.9036979166666667,0.9011860471233009,0.877734375,0.20839657289639632,500.4648078830387,0.8945572916666666,1.041626676009974,2.3233765627526193,40.59854387869173,40.60826731576925,3.85872703478468,128,0,1.0,0.9036979166666667,0.9011860471233009,0.9020052083333333,0.9975520833333333,0.09630208333333333
head1m|edge3deg|cs662|t=10|S=500|ideal,38400,31525606.662150785,,,0.8764322916666667,0,500.4648078830387,0.8917708333333333,1.041626676009974,2.335853228555424,40.816570611771596,41.16918490258995,4.034944098311307,128,0,,,,,,
head1m|edge3deg|cs662|t=10|S=50|F=0.05|BareCrystalAllFaces,38400,3152560.6662150784,0.33389835296776565,0.32977132313165436,0.3346354166666667,2.1384899894893574,50.04648078830387,0.963984375,1.041626676009974,3.9245569738422597,68.5799031394113,68.68338734035991,2.317369142435684,128,0,0.921796875,0.30778645833333335,0.303909846995379,0.007161458333333333,0.009453125,0.6140104166666667
head1m|edge3deg|cs662|t=10|S=50|F=0.05|FrontOnlyThroughMask,38400,3152560.6662150784,0.4077604166666667,0.4036277527900101,0.3407291666666667,0.05209914322409908,50.04648078830387,0.961875,1.041626676009974,3.9219735157655786,68.53491656322889,68.5516810496845,2.4342745524950007,128,0,1.0,0.4077604166666667,0.4036277527900101,0.022395833333333334,0.027578125,0.5922395833333334
head1m|edge3deg|cs662|t=10|S=50|F=0.1|BareCrystalAllFaces,38400,3152560.6662150784,0.384979966774162,0.3793731897724291,0.3291145833333333,4.276979978978715,50.04648078830387,0.9666145833333334,1.041626676009974,3.942203520907311,68.88804111725489,68.98658521630603,2.224588534145708,128,0,0.53296875,0.20518229166666666,0.20179608320361755,0.006302083333333333,0.00859375,0.3277864583333333
head1m|edge3deg|cs662|t=10|S=50|F=0.1|FrontOnlyThroughMask,38400,3152560.6662150784,0.40541666666666665,0.4012878748341022,0.341640625,0.10419828644819816,50.04648078830387,0.96359375,1.041626676009974,3.9193547613862356,68.48888458178763,68.5866781519895,2.2191430018903846,128,0,1.0,0.40541666666666665,0.4012878748341022,0.020677083333333332,0.02578125,0.5945833333333334
head1m|edge3deg|cs662|t=10|S=50|F=0.2|BareCrystalAllFaces,38400,3152560.6662150784,0.4640064397424103,0.4551623204198313,0.31567708333333333,8.55395995795743,50.04648078830387,0.9681770833333333,1.041626676009974,3.9711956584539414,69.39407042904098,69.31848519907692,2.2636423462381114,128,0,0.22645833333333334,0.105078125,0.10251321610706764,0.00609375,0.008385416666666666,0.12138020833333334
head1m|edge3deg|cs662|t=10|S=50|F=0.2|FrontOnlyThroughMask,38400,3152560.6662150784,0.40171875,0.39759626556080724,0.33966145833333333,0.20839657289639632,50.04648078830387,0.96328125,1.041626676009974,3.9337540640303343,68.74049729410024,68.66339879728328,2.2464232106587394,128,0,1.0,0.40171875,0.39759626556080724,0.022213541666666666,0.027447916666666666,0.59828125
head1m|edge3deg|cs662|t=10|S=50|ideal,38400,3152560.6662150784,,,0.34078125,0,50.04648078830387,0.9626302083333333,1.041626676009974,3.9407495697337698,68.86293190295622,68.73519700584657,2.128380851504928,128,0,,,,,,
head1m|edge3deg|cs662|t=10|default|F=0.05|BareCrystalAllFaces,38400,1000000,0.15076902765859132,0.14739601430259064,0.13776041666666666,2.1384899894893574,15.874866842257786,0.9895572916666666,1.041626676009974,4.334100160234343,75.74039340928259,75.8630475532028,1.8361434670518808,128,0,0.7890104166666667,0.11895833333333333,0.11624923768173456,5.208333333333334e-05,0.00010416666666666667,0.6700520833333333
head1m|edge3deg|cs662|t=10|default|F=0.05|FrontOnlyThroughMask,38400,1000000,0.1925,0.189194837410338,0.13979166666666668,0.05209914322409908,15.874866842257786,0.9886458333333333,1.041626676009974,4.310434615418612,75.3281742356833,75.4554333783314,2.017738358011792,128,0,1.0,0.1925,0.189194837410338,0.00020833333333333335,0.00028645833333333333,0.8075
head1m|edge3deg|cs662|t=10|default|F=0.1|BareCrystalAllFaces,38400,1000000,0.16469632704629547,0.15892112198510155,0.13611979166666666,4.276979978978715,15.874866842257786,0.9898958333333333,1.041626676009974,4.315736493960019,75.4187698953202,75.49812036539129,2.0473595494591517,128,0,0.28856770833333334,0.047526041666666664,0.04575247973412646,0.00010416666666666667,0.00028645833333333333,0.24104166666666665
head1m|edge3deg|cs662|t=10|default|F=0.1|FrontOnlyThroughMask,38400,1000000,0.19169270833333332,0.18839288695762244,0.14010416666666667,0.10419828644819816,15.874866842257786,0.9894791666666667,1.041626676009974,4.316902144426238,75.44103741500204,75.22052115352565,1.8729467201233256,128,0,1.0,0.19169270833333332,0.18839288695762244,0.0003125,0.0005729166666666667,0.8083072916666667
head1m|edge3deg|cs662|t=10|default|F=0.2|BareCrystalAllFaces,38400,1000000,0.17695609111918126,0.16561950475290413,0.13497395833333334,8.55395995795743,15.874866842257786,0.9905729166666667,1.041626676009974,4.284424011538321,74.87003955472814,74.88558549865013,1.7732686807846763,128,0,0.07888020833333333,0.013958333333333333,0.012987856274846261,0.00020833333333333335,0.0005989583333333333,0.064921875
head1m|edge3deg|cs662|t=10|default|F=0.2|FrontOnlyThroughMask,38400,1000000,0.19055183728742936,0.1872595596084558,0.13997395833333334,0.20839657289639632,15.874866842257786,0.989609375,1.041626676009974,4.322585377995786,75.54010221354612,75.41158802403584,2.028460227221632,128,0,0.9999739583333334,0.190546875,0.18725467322744746,5.208333333333334e-05,0.00013020833333333333,0.8094270833333334
head1m|edge3deg|cs662|t=10|default|ideal,38400,1000000,,,0.14013020833333334,0,15.874866842257786,0.9894270833333333,1.041626676009974,4.333319506744354,75.72797876451156,75.74049157348566,1.7419834287782447,128,0,,,,,,
head1m|edge3deg|cs662|t=60|S=1000|F=0.05|BareCrystalAllFaces,38400,10508535.554050261,0.9823177083333333,0.9811710142351902,0.9473697916666667,12.830939936936145,1000.9296157660772,0.9277083333333334,1.041626676009974,1.538557368774287,26.885849379004803,26.5531764063669,4.153410196252142,128,0,1.0,0.9823177083333333,0.9811710142351902,0.9823177083333333,1.0,0.017682291666666666
head1m|edge3deg|cs662|t=60|S=1000|F=0.05|FrontOnlyThroughMask,38400,10508535.554050261,0.9256510416666667,0.9234121036632473,0.94875,0.3125948593445945,1000.9296157660772,0.9274739583333333,1.041626676009974,1.5184062051904823,26.53377184946374,27.342080507675547,4.189570866231117,128,0,1.0,0.9256510416666667,0.9234121036632473,0.9256510416666667,1.0,0.07434895833333334
head1m|edge3deg|cs662|t=60|S=1000|F=0.1|BareCrystalAllFaces,38400,10508535.554050261,0.9822135416666666,0.9810636604583182,0.9496614583333334,25.66187987387229,1000.9296157660772,0.9282552083333333,1.041626676009974,1.5025803391453505,26.257272400930344,25.724132106605825,4.480587792736815,128,0,1.0,0.9822135416666666,0.9810636604583182,0.9822135416666666,1.0,0.017786458333333335
head1m|edge3deg|cs662|t=60|S=1000|F=0.1|FrontOnlyThroughMask,38400,10508535.554050261,0.9278385416666667,0.9256295500194607,0.94921875,0.625189718689189,1000.9296157660772,0.9287239583333333,1.041626676009974,1.5107364994577992,26.399779797958935,26.52723334894231,4.301082791339943,128,0,1.0,0.9278385416666667,0.9256295500194607,0.9278385416666667,1.0,0.07216145833333333
head1m|edge3deg|cs662|t=60|S=1000|F=0.2|BareCrystalAllFaces,38400,10508535.554050261,0.9815625,0.9803929191060501,0.9461197916666667,51.32375974774458,1000.9296157660772,0.9289583333333333,1.041626676009974,1.556924155966992,27.20676386903366,27.396433196280256,4.137402651805347,128,0,1.0,0.9815625,0.9803929191060501,0.9815625,1.0,0.0184375
head1m|edge3deg|cs662|t=60|S=1000|F=0.2|FrontOnlyThroughMask,38400,10508535.554050261,0.9281770833333334,0.9259727774114171,0.9486979166666667,1.250379437378378,1000.9296157660772,0.9284114583333334,1.041626676009974,1.517493333981141,26.51783032814903,26.555812128478617,4.386162008699971,128,0,1.0,0.9281770833333334,0.9259727774114171,0.9281770833333334,1.0,0.07182291666666667
head1m|edge3deg|cs662|t=60|S=1000|ideal,38400,10508535.554050261,,,0.947578125,0,1000.9296157660772,0.9290885416666667,1.041626676009974,1.53507368993768,26.82498871525819,26.56476410915119,4.213509023023252,128,0,,,,,,
head1m|edge3deg|cs662|t=60|S=100|F=0.05|BareCrystalAllFaces,38400,1050853.5554050263,0.7242905493361104,0.7173582966933554,0.5002604166666667,12.830939936936145,100.09296157660775,0.9390625,1.041626676009974,3.6658275024557154,64.0569226611015,64.0992732647332,2.5765280919098696,128,0,0.300078125,0.21734375,0.21388464628295187,0.05265625,0.06229166666666667,0.082734375
head1m|edge3deg|cs662|t=60|S=100|F=0.05|FrontOnlyThroughMask,38400,1050853.5554050263,0.61375,0.6096438420126651,0.5334114583333334,0.3125948593445945,100.09296157660775,0.9289322916666667,1.041626676009974,3.6073691415171774,63.035539879100746,63.15671135952819,2.443279874857402,128,0,1.0,0.61375,0.6096438420126651,0.157421875,0.18528645833333332,0.38625
head1m|edge3deg|cs662|t=60|S=100|F=0.1|BareCrystalAllFaces,38400,1050853.5554050263,0.7821405953134896,0.7720423340766802,0.47510416666666666,25.66187987387229,100.09296157660775,0.94453125,1.041626676009974,3.706895672857476,64.77449056239615,64.67577045789112,2.3925894288157075,128,0,0.123359375,0.096484375,0.09401563316355294,0.040338541666666665,0.048854166666666664,0.026875
head1m|edge3deg|cs662|t=60|S=100|F=0.1|FrontOnlyThroughMask,38400,1050853.5554050263,0.6145052083333333,0.6104004942310168,0.5297916666666667,0.625189718689189,100.09296157660775,0.9323958333333333,1.041626676009974,3.624157424715912,63.32872083225597,63.40952875317019,2.8969648941189883,128,0,1.0,0.6145052083333333,0.6104004942310168,0.15736979166666668,0.18520833333333334,0.38549479166666667
head1m|edge3deg|cs662|t=60|S=100|F=0.2|BareCrystalAllFaces,38400,1050853.5554050263,0.7645799892990904,0.7478684226464469,0.42877604166666666,51.32375974774458,100.09296157660775,0.953515625,1.041626676009974,3.767640160846685,65.83531475375959,65.91737381691131,2.7335598133255434,128,0,0.048671875,0.03721354166666667,0.03563762247219405,0.027265625,0.03434895833333333,0.011458333333333333
head1m|edge3deg|cs662|t=60|S=100|F=0.2|FrontOnlyThroughMask,38400,1050853.5554050263,0.6136464333185645,0.6095384118542291,0.5298697916666667,1.250379437378378,100.09296157660775,0.93359375,1.041626676009974,3.616576287968771,63.19663486966684,63.191655579333656,2.9473834593112693,128,0,0.9991927083333333,0.6131510416666667,0.6090437459022735,0.15471354166666668,0.18046875,0.38604166666666667
head1m|edge3deg|cs662|t=60|S=100|ideal,38400,1050853.5554050263,,,0.5329166666666667,0,100.09296157660775,0.9344270833333334,1.041626676009974,3.617827833247127,63.218451212502956,63.28033648514303,2.1395704185857323,128,0,,,,,,
head1m|edge3deg|cs662|t=60|S=250|F=0.05|BareCrystalAllFaces,38400,2627133.8885125653,0.8724612939306529,0.8694462389188067,0.7642447916666667,12.830939936936145,250.2324039415193,0.89265625,1.041626676009974,3.009842728808438,52.5933072405219,52.829125103149266,3.0442861885459296,128,0,0.8847395833333334,0.7719010416666666,0.7683507646216872,0.5455729166666666,0.598515625,0.11283854166666667
head1m|edge3deg|cs662|t=60|S=250|F=0.05|FrontOnlyThroughMask,38400,2627133.8885125653,0.8356770833333333,0.8325348259067668,0.76890625,0.3125948593445945,250.2324039415193,0.890859375,1.041626676009974,3.0037865083957622,52.48741863205475,52.55925289563775,2.9734296262111064,128,0,1.0,0.8356770833333333,0.8325348259067668,0.7257291666666666,0.833125,0.16432291666666668
head1m|edge3deg|cs662|t=60|S=250|F=0.1|BareCrystalAllFaces,38400,2627133.8885125653,0.8905524563613461,0.8874234768961207,0.7484375,25.66187987387229,250.2324039415193,0.9009895833333333,1.041626676009974,3.0816856714700314,53.84859680939481,53.41315615933388,3.220349476120188,128,0,0.7235677083333333,0.644375,0.6403358453329723,0.502734375,0.5522135416666667,0.07919270833333333
head1m|edge3deg|cs662|t=60|S=250|F=0.1|FrontOnlyThroughMask,38400,2627133.8885125653,0.836015625,0.832875924866077,0.7678125,0.625189718689189,250.2324039415193,0.8938541666666666,1.041626676009974,3.0194515046833423,52.76119481502749,52.804388016624316,3.3149898483076807,128,0,1.0,0.836015625,0.832875924866077,0.7261979166666667,0.834375,0.163984375
head1m|edge3deg|cs662|t=60|S=250|F=0.2|BareCrystalAllFaces,38400,2627133.8885125653,0.9001987300664049,0.8967002237289493,0.7336197916666667,51.32375974774458,250.2324039415193,0.9033854166666667,1.041626676009974,3.1058973431922836,54.27169386732302,54.372376980325036,3.332959648958294,128,0,0.537265625,0.48364583333333333,0.4794391443973527,0.433515625,0.47703125,0.053619791666666666
head1m|edge3deg|cs662|t=60|S=250|F=0.2|FrontOnlyThroughMask,38400,2627133.8885125653,0.8356770833333333,0.8325348259067668,0.7701041666666667,1.250379437378378,250.2324039415193,0.893671875,1.041626676009974,2.998347641208371,52.39244029064777,52.558042485520076,3.42705789530654,128,0,1.0,0.8356770833333333,0.8325348259067668,0.7236197916666667,0.831796875,0.16432291666666668
head1m|edge3deg|cs662|t=60|S=250|ideal,38400,2627133.8885125653,,,0.773671875,0,250.2324039415193,0.8894010416666667,1.041626676009974,2.979843001334183,52.069121388231984,52.143820937694954,3.4528560553817655,128,0,,,,,,
head1m|edge3deg|cs662|t=60|S=25|F=0.05|BareCrystalAllFaces,38400,262713.3888512566,0.2591687041564792,0.2413738806574621,0.17815104166666668,12.830939936936145,25.023240394151937,0.985859375,1.041626676009974,4.204013570617492,73.46330263338842,73.37310866041456,2.082490138544158,128,0,0.042604166666666665,0.011041666666666667,0.010178988273238775,0.0004166666666666667,0.00109375,0.0315625
head1m|edge3deg|cs662|t=60|S=25|F=0.05|FrontOnlyThroughMask,38400,262713.3888512566,0.253046875,0.2493984382809782,0.20369791666666667,0.3125948593445945,25.023240394151937,0.982734375,1.041626676009974,4.156661675839167,72.63791190852152,72.64789981979834,2.006154960687413,128,0,1.0,0.253046875,0.2493984382809782,0.001953125,0.0025260416666666665,0.746953125
head1m|edge3deg|cs662|t=60|S=25|F=0.1|BareCrystalAllFaces,38400,262713.3888512566,0.31016042780748665,0.2707045800261457,0.16635416666666666,25.66187987387229,25.023240394151937,0.9879166666666667,1.041626676009974,4.228099601844566,73.88261267661277,73.74778826468798,2.2062186317353336,128,0,0.009739583333333333,0.0030208333333333333,0.002575302691708015,0.00046875,0.0015364583333333333,0.00671875
head1m|edge3deg|cs662|t=60|S=25|F=0.1|FrontOnlyThroughMask,38400,262713.3888512566,0.2480858378040523,0.24446155328671376,0.19947916666666668,0.625189718689189,25.023240394151937,0.983359375,1.041626676009974,4.190356488778714,73.22708323005975,73.29218000977652,2.1331931677965854,128,0,0.9999479166666667,0.24807291666666667,0.24444879048210832,0.0020572916666666665,0.002916666666666667,0.751875
head1m|edge3deg|cs662|t=60|S=25|F=0.2|BareCrystalAllFaces,38400,262713.3888512566,0.23648648648648649,0.18003734597557267,0.150546875,51.32375974774458,25.023240394151937,0.990078125,1.041626676009974,4.25282645759762,74.31254982967486,74.38570688019236,2.0780894695728636,128,0,0.0038541666666666668,0.0009114583333333333,0.0006737598577993919,0.0005729166666666667,0.0022135416666666666,0.002942708333333333
head1m|edge3deg|cs662|t=60|S=25|F=0.2|FrontOnlyThroughMask,38400,262713.3888512566,0.24911603985856637,0.24543523242463108,0.19723958333333333,1.250379437378378,25.023240394151937,0.9830729166666666,1.041626676009974,4.182815099012708,73.0950576421704,73.15186182041563,1.8729189844955463,128,0,0.9721875,0.2421875,0.23859297264421517,0.001979166666666667,0.0028125,0.73
head1m|edge3deg|cs662|t=60|S=25|ideal,38400,262713.3888512566,,,0.20481770833333332,0,25.023240394151937,0.9823958333333334,1.041626676009974,4.179381461569348,73.03535452881707,72.91787830321645,2.0825984323640383,128,0,,,,,,
head1m|edge3deg|cs662|t=60|S=500|F=0.05|BareCrystalAllFaces,38400,5254267.777025131,0.9455473920066698,0.943604205544265,0.8741666666666666,12.830939936936145,500.4648078830386,0.893828125,1.041626676009974,2.3498688088899184,41.061441670268685,40.62567494193377,4.208053310255923,128,0,0.99953125,0.9451041666666666,0.9431541835561883,0.9345572916666667,0.9864322916666667,0.054427083333333334
head1m|edge3deg|cs662|t=60|S=500|F=0.05|FrontOnlyThroughMask,38400,5254267.777025131,0.902734375,0.900211530968044,0.874921875,0.3125948593445945,500.4648078830386,0.8919791666666667,1.041626676009974,2.3416832150898625,40.918443949928744,41.17430302795722,4.266968804547728,128,0,1.0,0.902734375,0.900211530968044,0.900859375,0.9969791666666666,0.097265625
head1m|edge3deg|cs662|t=60|S=500|F=0.1|BareCrystalAllFaces,38400,5254267.777025131,0.9451115820317609,0.9431571218686823,0.8712760416666666,25.66187987387229,500.4648078830386,0.894765625,1.041626676009974,2.375261247823411,41.50511412881528,41.29184216327929,3.820870984119759,128,0,0.995390625,0.9407552083333334,0.9387357688863468,0.93078125,0.9832291666666667,0.054635416666666665
head1m|edge3deg|cs662|t=60|S=500|F=0.1|FrontOnlyThroughMask,38400,5254267.777025131,0.9034635416666666,0.9009489957095225,0.8780989583333333,0.625189718689189,500.4648078830386,0.8929947916666666,1.041626676009974,2.3152753659635894,40.45699797750576,40.10661471292951,4.132599044932742,128,0,1.0,0.9034635416666666,0.9009489957095225,0.9017708333333333,0.9972135416666666,0.09653645833333334
head1m|edge3deg|cs662|t=60|S=500|F=0.2|BareCrystalAllFaces,38400,5254267.777025131,0.9424553784227531,0.9404456285772401,0.86546875,51.32375974774458,500.4648078830386,0.89609375,1.041626676009974,2.42715814188506,42.41189563793458,42.71519886346008,3.3605724761171287,128,0,0.9833854166666667,0.926796875,0.9245735523857368,0.9202083333333333,0.9753645833333333,0.056588541666666665
head1m|edge3deg|cs662|t=60|S=500|F=0.2|FrontOnlyThroughMask,38400,5254267.777025131,0.90359375,0.9010806903861313,0.8777083333333333,1.250379437378378,500.4648078830386,0.8934895833333333,1.041626676009974,2.321862852974723,40.572088814372385,40.716326749560324,3.4945895616981923,128,0,1.0,0.90359375,0.9010806903861313,0.9021614583333334,0.9974479166666667,0.09640625
head1m|edge3deg|cs662|t=60|S=500|ideal,38400,5254267.777025131,,,0.874921875,0,500.4648078830386,0.8946354166666667,1.041626676009974,2.3481173560491606,41.03083142568646,40.87365725962135,3.8175436767519755,128,0,,,,,,
head1m|edge3deg|cs662|t=60|S=50|F=0.05|BareCrystalAllFaces,38400,525426.7777025132,0.509865005192108,0.4964843332183493,0.308125,12.830939936936145,50.046480788303874,0.9684375,1.041626676009974,3.971262551103628,69.39509535889623,69.57225950277436,2.2923102099274804,128,0,0.1003125,0.051145833333333335,0.04930882839936138,0.005703125,0.007838541666666667,0.049166666666666664
head1m|edge3deg|cs662|t=60|S=50|F=0.05|FrontOnlyThroughMask,38400,525426.7777025132,0.40015625,0.39603650378408634,0.33846354166666665,0.3125948593445945,50.046480788303874,0.96328125,1.041626676009974,3.9451704381508073,68.94001540295389,69.11276210786275,2.3134826355923703,128,0,1.0,0.40015625,0.39603650378408634,0.02125,0.026848958333333332,0.59984375
head1m|edge3deg|cs662|t=60|S=50|F=0.1|BareCrystalAllFaces,38400,525426.7777025132,0.5542046605876393,0.5275794727646665,0.2794270833333333,25.66187987387229,50.046480788303874,0.973828125,1.041626676009974,4.013705332039839,70.13624383022642,70.1536027240249,2.056718479410318,128,0,0.025703125,0.014244791666666666,0.0132643878406907,0.004322916666666667,0.006432291666666667,0.011458333333333333
head1m|edge3deg|cs662|t=60|S=50|F=0.1|FrontOnlyThroughMask,38400,525426.7777025132,0.40609375,0.4019638295846628,0.339921875,0.625189718689189,50.046480788303874,0.9620572916666666,1.041626676009974,3.9280674178601744,68.64129058360756,68.75275693490349,2.0685599773657044,128,0,1.0,0.40609375,0.4019638295846628,0.022005208333333335,0.026380208333333332,0.59390625
head1m|edge3deg|cs662|t=60|S=50|F=0.2|BareCrystalAllFaces,38400,525426.7777025132,0.48013245033112584,0.43149145826596463,0.24658854166666666,51.32375974774458,50.046480788303874,0.9781770833333333,1.041626676009974,4.097414469942377,71.59742505471068,71.92257149593988,2.405482255493811,128,0,0.007864583333333333,0.0037760416666666667,0.0032762449199122854,0.0022916666666666667,0.004401041666666667,0.0040885416666666665
head1m|edge3deg|cs662|t=60|S=50|F=0.2|FrontOnlyThroughMask,38400,525426.7777025132,0.4004676457452119,0.39632911839790275,0.33575520833333333,1.250379437378378,50.046480788303874,0.9629947916666667,1.041626676009974,3.942223650733574,68.8885738485047,68.71222894992825,2.3702392811319393,128,0,0.9912239583333333,0.396953125,0.39283912842688595,0.02109375,0.026276041666666666,0.5942708333333333
head1m|edge3deg|cs662|t=60|S=50|ideal,38400,525426.7777025132,,,0.34203125,0,50.046480788303874,0.9621875,1.041626676009974,3.9340634455749663,68.74591354083091,68.86158264621918,2.37590153504923,128,0,,,,,,
head1m|edge3deg|cs662|t=60|default|F=0.05|BareCrystalAllFaces,38400,1000000,0.7078735045905592,0.7005830403068956,0.4892708333333333,12.830939936936145,95.24920105354671,0.9405989583333333,1.041626676009974,3.67281242572174,64.17890274209734,64.1439790019473,2.4097483913960924,128,0,0.2808072916666667,0.19877604166666665,0.1954301084704751,0.045494791666666666,0.054609375,0.08203125
head1m|edge3deg|cs662|t=60|default|F=0.05|FrontOnlyThroughMask,38400,1000000,0.5975520833333333,0.593417434916069,0.5176302083333333,0.3125948593445945,95.24920105354671,0.9372395833333333,1.041626676009974,3.6568037344620437,63.89954767244901,63.952901496793615,2.457134167703379,128,0,1.0,0.5975520833333333,0.593417434916069,0.13544270833333333,0.16234375,0.4024479166666667
head1m|edge3deg|cs662|t=60|default|F=0.1|BareCrystalAllFaces,38400,1000000,0.7700650759219089,0.759060056631321,0.4611458333333333,25.66187987387229,95.24920105354671,0.9469791666666667,1.041626676009974,3.733042700658359,65.23137031062133,65.5173606703563,2.664632915183957,128,0,0.108046875,0.083203125,0.08089515704067621,0.036171875,0.04236979166666666,0.02484375
head1m|edge3deg|cs662|t=60|default|F=0.1|FrontOnlyThroughMask,38400,1000000,0.6002864583333334,0.5961562892335812,0.51375,0.625189718689189,95.24920105354671,0.9356510416666667,1.041626676009974,3.647347630785585,63.73418430317781,63.63345882404785,2.2969162936547964,128,0,1.0,0.6002864583333334,0.5961562892335812,0.136015625,0.16192708333333333,0.39971354166666667
head1m|edge3deg|cs662|t=60|default|F=0.2|BareCrystalAllFaces,38400,1000000,0.7757961783439491,0.7577889947835387,0.4150520833333333,51.32375974774458,95.24920105354671,0.9550260416666667,1.041626676009974,3.8163927719868025,66.68723639071261,66.51225871850605,2.532010384176621,128,0,0.04088541666666667,0.03171875,0.030260947393170694,0.022265625,0.028177083333333332,0.009166666666666667
head1m|edge3deg|cs662|t=60|default|F=0.2|FrontOnlyThroughMask,38400,1000000,0.596256126811972,0.5921170194246946,0.5154166666666666,1.250379437378378,95.24920105354671,0.937578125,1.041626676009974,3.6448209044121045,63.69010694626085,63.97637787188197,2.6368085279165037,128,0,0.9988541666666667,0.5955729166666667,0.5914351090961221,0.13828125,0.162734375,0.40328125
head1m|edge3deg|cs662|t=60|default|ideal,38400,1000000,,,0.517734375,0,95.24920105354671,0.93453125,1.041626676009974,3.648051023162249,63.74646303952691,63.751759500701496,2.6794602984833893,128,0,,,,,,
head1m|edge3deg|open|t=10|S=1000|F=0.05|BareCrystalAllFaces,38400,24771340.93788968,0.8445572916666667,0.8414837141655849,0.9615885416666666,167.58498105779404,1000.0770441294226,0.9421875,1.041626676009974,1.3217274691617313,23.097492916558146,22.92402638907369,3.755444707334707,128,0,1.0,0.8445572916666667,0.8414837141655849,0.8445572916666667,1.0,0.15544270833333335
head1m|edge3deg|open|t=10|S=1000|F=0.05|FrontOnlyThroughMask,38400,24771340.93788968,0.9911197916666666,0.990291122285003,0.964453125,0.6413687897939254,1000.0770441294226,0.9303385416666666,1.041626676009974,1.2748375439333293,22.27824416884768,21.89608113724791,3.5516122025535384,128,0,1.0,0.9911197916666666,0.990291122285003,0.9911197916666666,1.0,0.008880208333333334
head1m|edge3deg|open|t=10|S=1000|F=0.1|BareCrystalAllFaces,38400,24771340.93788968,0.8107552083333334,0.8074369600371856,0.9553125,335.1699621155881,1000.0770441294226,0.954609375,1.041626676009974,1.424837645645248,24.89897787296293,24.87085459760671,3.3586531453735886,128,0,1.0,0.8107552083333334,0.8074369600371856,0.8107552083333334,1.0,0.18924479166666666
head1m|edge3deg|open|t=10|S=1000|F=0.1|FrontOnlyThroughMask,38400,24771340.93788968,0.9919270833333333,0.9911346658321606,0.9659375,1.2827375795878508,1000.0770441294226,0.9307291666666667,1.041626676009974,1.2512438359315916,21.86602574255613,21.898000942623508,3.3004703456285225,128,0,1.0,0.9919270833333333,0.9911346658321606,0.9919270833333333,1.0,0.008072916666666667
head1m|edge3deg|open|t=10|S=1000|F=0.2|BareCrystalAllFaces,38400,24771340.93788968,0.7413541666666666,0.737652136811302,0.94671875,670.3399242311762,1000.0770441294226,0.98453125,1.041626676009974,1.4886817040793363,26.014489760502986,25.995833356042574,3.400026824402702,128,0,1.0,0.7413541666666666,0.737652136811302,0.7413541666666666,1.0,0.25864583333333335
head1m|edge3deg|open|t=10|S=1000|F=0.2|FrontOnlyThroughMask,38400,24771340.93788968,0.9908854166666666,0.9900465422770602,0.9640885416666667,2.5654751591757017,1000.0770441294226,0.9288541666666666,1.041626676009974,1.281426710496105,22.393368265084558,22.877180711289768,3.5219978624113324,128,0,1.0,0.9908854166666666,0.9900465422770602,0.9908854166666666,1.0,0.009114583333333334
head1m|edge3deg|open|t=10|S=1000|ideal,38400,24771340.93788968,,,0.9655729166666667,0,1000.0770441294226,0.9296614583333334,1.041626676009974,1.2569714237895364,21.96610290935394,21.899714755574227,3.388565327127594,128,0,,,,,,
head1m|edge3deg|open|t=10|S=100|F=0.05|BareCrystalAllFaces,38400,2477134.093788968,0.20345002536783358,0.18861485438535253,0.44919270833333336,167.58498105779404,100.00770441294226,0.9879166666666667,1.041626676009974,3.6316772972425557,63.449514555002104,63.590393903939606,2.2326204992867007,128,0,0.051328125,0.010442708333333333,0.009603933273301427,0.006927083333333334,0.034166666666666665,0.04088541666666667
head1m|edge3deg|open|t=10|S=100|F=0.05|FrontOnlyThroughMask,38400,2477134.093788968,0.7293419099455715,0.7255867083334135,0.5984895833333334,0.6413687897939254,100.00770441294226,0.9157291666666667,1.041626676009974,3.4652293614519425,60.55075452129322,60.419163194395225,2.695680992017314,128,0,0.9999739583333334,0.7293229166666667,0.7255676830634392,0.181796875,0.20125,0.27065104166666665
head1m|edge3deg|open|t=10|S=100|F=0.1|BareCrystalAllFaces,38400,2477134.093788968,0.17951807228915662,0.15787281001963782,0.3429947916666667,335.1699621155881,100.00770441294226,0.99890625,1.041626676009974,3.84317185344265,67.14170650457774,67.10252296552997,2.3071243656447775,128,0,0.021614583333333333,0.003880208333333333,0.0033733749730723637,0.0026041666666666665,0.014114583333333333,0.017734375
head1m|edge3deg|open|t=10|S=100|F=0.1|FrontOnlyThroughMask,38400,2477134.093788968,0.7230500703381442,0.7192677862104583,0.5943229166666667,1.2827375795878508,100.00770441294226,0.919140625,1.041626676009974,3.4851274930822167,60.898411993505775,61.0277661455646,2.7631103791909903,128,0,0.9996354166666667,0.7227864583333333,0.7190037810790078,0.17552083333333332,0.19541666666666666,0.27684895833333334
head1m|edge3deg|open|t=10|S=100|F=0.2|BareCrystalAllFaces,38400,2477134.093788968,0.11594202898550725,0.09096242029787253,0.266015625,670.3399242311762,100.00770441294226,1.0,1.041626676009974,4.0532816027101894,70.81056340380846,70.83000396934092,1.9959455480845052,128,0,0.01078125,0.00125,0.0009688806321764946,0.0008072916666666667,0.007057291666666667,0.00953125
head1m|edge3deg|open|t=10|S=100|F=0.2|FrontOnlyThroughMask,38400,2477134.093788968,0.726385574118271,0.722583334352912,0.5911979166666667,2.5654751591757017,100.00770441294226,0.9186979166666667,1.041626676009974,3.466969248175727,60.58126479672316,60.623438221957976,2.7722150646490515,128,0,0.98203125,0.7133333333333334,0.7095127293452501,0.169453125,0.189296875,0.26869791666666665
head1m|edge3deg|open|t=10|S=100|ideal,38400,2477134.093788968,,,0.6010677083333333,0,100.00770441294226,0.9191927083333333,1.041626676009974,3.4441329760336985,60.182204347484664,60.23583567864192,2.870984890268359,128,0,,,,,,
head1m|edge3deg|open|t=10|S=250|F=0.05|BareCrystalAllFaces,38400,6192835.23447242,0.37973589058324164,0.37472203297559536,0.7328125,167.58498105779404,250.01926103235564,0.9541666666666667,1.041626676009974,2.9041647549061276,50.74440319868318,50.692024205860825,2.7331092344237393,128,0,0.6626041666666667,0.2516145833333333,0.2479730817117253,0.224375,0.5710416666666667,0.41098958333333335
head1m|edge3deg|open|t=10|S=250|F=0.05|FrontOnlyThroughMask,38400,6192835.23447242,0.9179166666666667,0.915576162164905,0.8096354166666667,0.6413687897939254,250.01926103235564,0.8765625,1.041626676009974,2.7925960703089703,48.797028061001676,48.66535023520737,2.959937014724258,128,0,1.0,0.9179166666666667,0.915576162164905,0.8324479166666666,0.8965885416666667,0.08208333333333333
head1m|edge3deg|open|t=10|S=250|F=0.1|BareCrystalAllFaces,38400,6192835.23447242,0.35004463979122313,0.3435310274548039,0.6172395833333333,335.1699621155881,250.01926103235564,0.9886197916666667,1.041626676009974,3.1237481156932323,54.57829674817428,54.38919227166737,2.642060958779283,128,0,0.37919270833333335,0.132734375,0.1298940040319113,0.11013020833333333,0.30484375,0.24645833333333333
head1m|edge3deg|open|t=10|S=250|F=0.1|FrontOnlyThroughMask,38400,6192835.23447242,0.91875,0.916420132311915,0.8099479166666667,1.2827375795878508,250.01926103235564,0.8757552083333333,1.041626676009974,2.791335300907382,48.77500505200192,49.25269013496751,3.264073398382018,128,0,1.0,0.91875,0.916420132311915,0.8320052083333334,0.8945833333333333,0.08125
head1m|edge3deg|open|t=10|S=250|F=0.2|BareCrystalAllFaces,38400,6192835.23447242,0.30125667068342227,0.2913443807076494,0.44341145833333334,670.3399242311762,250.01926103235564,0.9997916666666666,1.041626676009974,3.534358563044193,61.74846591476203,61.87880157531039,2.458993121267481,128,0,0.15127604166666667,0.045572916666666664,0.043834754241769296,0.03591145833333333,0.11252604166666667,0.105703125
head1m|edge3deg|open|t=10|S=250|F=0.2|FrontOnlyThroughMask,38400,6192835.23447242,0.917890625,0.9155497892378788,0.8088020833333334,2.5654751591757017,250.01926103235564,0.875546875,1.041626676009974,2.797508198268975,48.882887408201675,48.8811865798652,2.92347700285884,128,0,1.0,0.917890625,0.9155497892378788,0.8269010416666667,0.8903385416666667,0.082109375
head1m|edge3deg|open|t=10|S=250|ideal,38400,6192835.23447242,,,0.8105989583333333,0,250.01926103235564,0.8762760416666666,1.041626676009974,2.7880703399011706,48.7179049494288,48.8446201743093,2.954980685781638,128,0,,,,,,
head1m|edge3deg|open|t=10|S=25|F=0.05|BareCrystalAllFaces,38400,619283.523447242,0.04716981132075472,0.025811317566100025,0.24921875,167.58498105779404,25.001926103235565,0.9984114583333333,1.041626676009974,4.0925910074640015,71.49656150434994,71.38235640101425,1.9666797873088084,128,0,0.005520833333333333,0.00026041666666666666,0.00014129318342801184,0.00020833333333333335,0.0030989583333333333,0.005260416666666667
head1m|edge3deg|open|t=10|S=25|F=0.05|FrontOnlyThroughMask,38400,619283.523447242,0.28991169805423145,0.2861015827107818,0.23140625,0.6413687897939254,25.001926103235565,0.97796875,1.041626676009974,4.134577065885918,72.25140263033232,72.27590050733625,2.046046684736861,128,0,0.999765625,0.28984375,0.28603434923389265,0.0016666666666666668,0.002265625,0.709921875
head1m|edge3deg|open|t=10|S=25|F=0.1|BareCrystalAllFaces,38400,619283.523447242,0.08024691358024691,0.04811795402563977,0.21533854166666666,335.1699621155881,25.001926103235565,0.9998697916666667,1.041626676009974,4.1879146419035,73.16106557042953,73.24123458753348,1.9620460099486876,128,0,0.00421875,0.0003385416666666667,0.0002002606751686466,0.00020833333333333335,0.00265625,0.003880208333333333
head1m|edge3deg|open|t=10|S=25|F=0.1|FrontOnlyThroughMask,38400,619283.523447242,0.2887649905322954,0.28494108518205025,0.22830729166666666,1.2827375795878508,25.001926103235565,0.9791927083333334,1.041626676009974,4.155445905477798,72.61601311105801,72.75615471797556,2.318353887685603,128,0,0.9902083333333334,0.2859375,0.2821436772192542,0.0013020833333333333,0.001640625,0.7042708333333333
head1m|edge3deg|open|t=10|S=25|F=0.2|BareCrystalAllFaces,38400,619283.523447242,0.08125,0.0487279398809989,0.20203125,670.3399242311762,25.001926103235565,1.0,1.041626676009974,4.271313077479732,74.61766681007695,74.5316660532583,1.7831439755627385,128,0,0.004166666666666667,0.0003385416666666667,0.0002002606751686466,0.00018229166666666667,0.002447916666666667,0.003828125
head1m|edge3deg|open|t=10|S=25|F=0.2|FrontOnlyThroughMask,38400,619283.523447242,0.30411997363216875,0.29977328351430454,0.2259375,2.5654751591757017,25.001926103235565,0.9791145833333333,1.041626676009974,4.149305814769044,72.50847862800333,72.56049737022778,2.0018431780613315,128,0,0.7901041666666667,0.24028645833333334,0.23670168810346204,0.001953125,0.0023177083333333335,0.5498177083333333
head1m|edge3deg|open|t=10|S=25|ideal,38400,619283.523447242,,,0.23567708333333334,0,25.001926103235565,0.9790364583333333,1.041626676009974,4.141571320565367,72.37326433482397,72.42494128480926,2.219944514130007,128,0,,,,,,
head1m|edge3deg|open|t=10|S=500|F=0.05|BareCrystalAllFaces,38400,12385670.46894484,0.5734118198629958,0.5692429697198397,0.8861197916666667,167.58498105779404,500.0385220647113,0.930234375,1.041626676009974,2.1806867893903705,38.10527207659091,38.378954167292534,3.4094952275095673,128,0,0.9998177083333334,0.5733072916666667,0.5691386987666056,0.5732291666666667,0.9993229166666666,0.42651041666666667
head1m|edge3deg|open|t=10|S=500|F=0.05|FrontOnlyThroughMask,38400,12385670.46894484,0.9678125,0.9662915537308443,0.9020052083333333,0.6413687897939254,500.0385220647113,0.8855989583333334,1.041626676009974,2.087000060527949,36.46839871749225,36.530738922160694,3.585481806262551,128,0,1.0,0.9678125,0.9662915537308443,0.9677864583333333,0.999921875,0.0321875
head1m|edge3deg|open|t=10|S=500|F=0.1|BareCrystalAllFaces,38400,12385670.46894484,0.5145725218849924,0.5103500517019157,0.8555208333333333,335.1699621155881,500.0385220647113,0.9673697916666667,1.041626676009974,2.246247706745156,39.25038750627586,39.07689503326495,3.115592606761882,128,0,0.99359375,0.5112760416666666,0.5070666309240139,0.5096354166666667,0.9882552083333334,0.4823177083333333
head1m|edge3deg|open|t=10|S=500|F=0.1|FrontOnlyThroughMask,38400,12385670.46894484,0.968515625,0.9670103723327494,0.900234375,1.2827375795878508,500.0385220647113,0.8848697916666667,1.041626676009974,2.107253021310992,36.8222683916831,37.079578015660914,3.073444613857509,128,0,1.0,0.968515625,0.9670103723327494,0.9684114583333333,0.9998697916666667,0.031484375
head1m|edge3deg|open|t=10|S=500|F=0.2|BareCrystalAllFaces,38400,12385670.46894484,0.4430252870929866,0.43864210014876814,0.7423697916666666,670.3399242311762,500.0385220647113,0.9964583333333333,1.041626676009974,2.5716451555645348,44.93375340951917,44.889060233778615,2.98785617739774,128,0,0.9093489583333333,0.40286458333333336,0.39874011850213914,0.38953125,0.8669010416666667,0.506484375
head1m|edge3deg|open|t=10|S=500|F=0.2|FrontOnlyThroughMask,38400,12385670.46894484,0.9676041666666667,0.9660786069177887,0.899453125,2.5654751591757017,500.0385220647113,0.88609375,1.041626676009974,2.1136710993659666,36.93440662521596,37.10488119442241,3.4845833237687693,128,0,1.0,0.9676041666666667,0.9660786069177887,0.9675520833333333,0.9998958333333333,0.03239583333333333
head1m|edge3deg|open|t=10|S=500|ideal,38400,12385670.46894484,,,0.9010416666666666,0,500.0385220647113,0.8834635416666666,1.041626676009974,2.097724705303159,36.65578696439908,36.50869672300527,3.29687289819662,128,0,,,,,,
head1m|edge3deg|open|t=10|S=50|F=0.05|BareCrystalAllFaces,38400,1238567.046894484,0.09523809523809523,0.0726734944150544,0.31309895833333334,167.58498105779404,50.00385220647113,0.9958333333333333,1.041626676009974,3.9440242392285607,68.90305345445955,69.0379847910518,1.8848449952211441,128,0,0.0109375,0.0010416666666666667,0.0007864375523100987,0.000546875,0.006015625,0.009895833333333333
head1m|edge3deg|open|t=10|S=50|F=0.05|FrontOnlyThroughMask,38400,1238567.046894484,0.4841784514415189,0.4799714240267291,0.3977864583333333,0.6413687897939254,50.00385220647113,0.954609375,1.041626676009974,3.8316504773560514,66.95539819923847,67.06529263679684,2.568283187685714,128,0,0.999921875,0.484140625,0.47993377456828973,0.022213541666666666,0.026197916666666668,0.51578125
head1m|edge3deg|open|t=10|S=50|F=0.1|BareCrystalAllFaces,38400,1238567.046894484,0.06910569105691057,0.044507771747832735,0.25828125,335.1699621155881,50.00385220647113,0.9997395833333333,1.041626676009974,4.078192932965012,71.24549586264014,71.23898598116993,2.0801716269845714,128,0,0.00640625,0.0004427083333333333,0.00028210597311729144,0.0003125,0.00390625,0.0059635416666666665
head1m|edge3deg|open|t=10|S=50|F=0.1|FrontOnlyThroughMask,38400,1238567.046894484,0.47494513533284566,0.47073513789772675,0.38739583333333333,1.2827375795878508,50.00385220647113,0.956640625,1.041626676009974,3.8573228653917497,67.40395612955766,67.84228116964107,2.2369833206070897,128,0,0.9967708333333334,0.4734114583333333,0.4692090336259131,0.023020833333333334,0.026822916666666665,0.523359375
head1m|edge3deg|open|t=10|S=50|F=0.2|BareCrystalAllFaces,38400,1238567.046894484,0.040229885057471264,0.0190308098904179,0.2253125,670.3399242311762,50.00385220647113,1.0,1.041626676009974,4.18848545283855,73.17124038489709,73.25388070000008,1.8554020539152696,128,0,0.00453125,0.00018229166666666667,8.555812051616448e-05,0.00015625,0.0028385416666666667,0.004348958333333333
head1m|edge3deg|open|t=10|S=50|F=0.2|FrontOnlyThroughMask,38400,1238567.046894484,0.4926360170959917,0.48820302667386883,0.3859635416666667,2.5654751591757017,50.00385220647113,0.9558072916666667,1.041626676009974,3.849163972822233,67.26108120733284,67.74298885013266,2.543614147139959,128,0,0.9017708333333333,0.4442447916666667,0.44006423237748743,0.020260416666666666,0.023854166666666666,0.45752604166666666
head1m|edge3deg|open|t=10|S=50|ideal,38400,1238567.046894484,,,0.398203125,0,50.00385220647113,0.9543229166666667,1.041626676009974,3.8446591623336084,67.18266461745877,67.33046359127651,2.423223726136484,128,0,,,,,,
head1m|edge3deg|open|t=10|default|F=0.05|BareCrystalAllFaces,38400,1000000,0.09467455621301775,0.06973960462007295,0.2852604166666667,167.58498105779404,40.37234183797162,0.99671875,1.041626676009974,4.011697802867883,70.0845515090948,70.20476656584829,2.3212618057202286,128,0,0.008802083333333334,0.0008333333333333334,0.0006067653611035593,0.00046875,0.004583333333333333,0.00796875
head1m|edge3deg|open|t=10|default|F=0.05|FrontOnlyThroughMask,38400,1000000,0.4165060680243763,0.41235970291181423,0.3408333333333333,0.6413687897939254,40.37234183797162,0.9634375,1.041626676009974,3.9409348745853565,68.86552278009788,69.05634247893983,2.3375074795094495,128,0,0.9999479166666667,0.416484375,0.41233815013328967,0.011145833333333334,0.012942708333333334,0.5834635416666667
head1m|edge3deg|open|t=10|default|F=0.1|BareCrystalAllFaces,38400,1000000,0.06837606837606838,0.0433555315903608,0.23895833333333333,335.1699621155881,40.37234183797162,0.999765625,1.041626676009974,4.119344450000145,71.96387541097849,72.1284115549584,1.8160445708136905,128,0,0.00609375,0.0004166666666666667,0.00026136993531256764,0.00020833333333333335,0.0031510416666666666,0.0056770833333333335
head1m|edge3deg|open|t=10|default|F=0.1|FrontOnlyThroughMask,38400,1000000,0.4116599444764549,0.40750923224809144,0.3338541666666667,1.2827375795878508,40.37234183797162,0.964609375,1.041626676009974,3.9355587370392886,68.77144967824056,68.85568273362418,2.331007390203781,128,0,0.9943229166666666,0.40932291666666665,0.40518772540485726,0.011067708333333334,0.013203125,0.585
head1m|edge3deg|open|t=10|default|F=0.2|BareCrystalAllFaces,38400,1000000,0.03529411764705882,0.015480133418119612,0.2159375,670.3399242311762,40.37234183797162,1.0,1.041626676009974,4.227609686169118,73.85472140530113,73.80631754381687,2.0879031622359836,128,0,0.004427083333333333,0.00015625,6.804937404071531e-05,5.208333333333334e-05,0.002916666666666667,0.004270833333333333
head1m|edge3deg|open|t=10|default|F=0.2|FrontOnlyThroughMask,38400,1000000,0.423796711509716,0.419342552068307,0.3255208333333333,2.5654751591757017,40.37234183797162,0.9635677083333334,1.041626676009974,3.95167805897376,69.05346132754781,68.86570318922065,2.06558416257859,128,0,0.87109375,0.36916666666666664,0.36511034959438804,0.009661458333333333,0.011536458333333333,0.5019270833333334
head1m|edge3deg|open|t=10|default|ideal,38400,1000000,,,0.336796875,0,40.37234183797162,0.964296875,1.041626676009974,3.9454214441710955,68.94378305505593,68.90273123390367,2.3437673546533664,128,0,,,,,,
head1m|edge3deg|open|t=60|S=1000|F=0.05|BareCrystalAllFaces,38400,4128556.822981613,0.6783072916666667,0.6743634060145451,0.9177864583333334,1005.5098863467643,1000.0770441294226,0.9959895833333333,1.041626676009974,1.6493941420524216,28.822311870472042,28.82423473072191,3.2884226526190248,128,0,1.0,0.6783072916666667,0.6743634060145451,0.6783072916666667,1.0,0.32169270833333335
head1m|edge3deg|open|t=60|S=1000|F=0.05|FrontOnlyThroughMask,38400,4128556.822981613,0.9920052083333334,0.9912163957496694,0.9654166666666667,3.848212738763554,1000.0770441294226,0.9339322916666667,1.041626676009974,1.254966597462632,21.931111168424817,21.935860033880893,3.900015576204636,128,0,1.0,0.9920052083333334,0.9912163957496694,0.9920052083333334,1.0,0.007994791666666667
head1m|edge3deg|open|t=60|S=1000|F=0.1|BareCrystalAllFaces,38400,4128556.822981613,0.5565055956489907,0.552310914213175,0.7460677083333334,2011.0197726935287,1000.0770441294226,1.0,1.041626676009974,2.360660223194646,41.247092053381806,41.337319860932816,3.345791255965068,128,0,0.9959375,0.5542447916666666,0.5500566836393407,0.5542447916666666,0.9959375,0.44169270833333335
head1m|edge3deg|open|t=60|S=1000|F=0.1|FrontOnlyThroughMask,38400,4128556.822981613,0.9920572916666667,0.9912708923828636,0.963671875,7.696425477527108,1000.0770441294226,0.9301302083333334,1.041626676009974,1.2869734906887447,22.490271996395805,21.900800384397087,3.694882652439849,128,0,1.0,0.9920572916666667,0.9912708923828636,0.9920572916666667,1.0,0.007942708333333333
head1m|edge3deg|open|t=60|S=1000|F=0.2|BareCrystalAllFaces,38400,4128556.822981613,0.44092279855247285,0.4364269298424906,0.48700520833333333,4022.0395453870574,1000.0770441294226,1.0,1.041626676009974,3.363196150669756,58.758518821340196,58.88793041043662,3.2296614727518027,128,0,0.8635416666666667,0.3807552083333333,0.37667311891754124,0.36713541666666666,0.8210416666666667,0.48278645833333333
head1m|edge3deg|open|t=60|S=1000|F=0.2|FrontOnlyThroughMask,38400,4128556.822981613,0.9915625,0.9907534910047829,0.9648697916666666,15.392850955054216,1000.0770441294226,0.9305989583333333,1.041626676009974,1.2698627994161504,22.191308893009356,21.896927286978404,3.299893974963404,128,0,1.0,0.9915625,0.9907534910047829,0.9915625,1.0,0.0084375
head1m|edge3deg|open|t=60|S=1000|ideal,38400,4128556.822981613,,,0.9649479166666667,0,1000.0770441294226,0.9308854166666667,1.041626676009974,1.2646196252018076,22.09974152077503,21.900684611845733,3.7465925744637825,128,0,,,,,,
head1m|edge3deg|open|t=60|S=100|F=0.05|BareCrystalAllFaces,38400,412855.6822981613,0.1482889733840304,0.11344744733226164,0.24390625,1005.5098863467643,100.00770441294226,1.0,1.041626676009974,4.145660774503872,72.42372066525719,72.44194914325325,1.9414769137316332,128,0,0.006848958333333334,0.001015625,0.0007638095132479633,0.0006510416666666666,0.005130208333333333,0.005833333333333334
head1m|edge3deg|open|t=60|S=100|F=0.05|FrontOnlyThroughMask,38400,412855.6822981613,0.738751773839005,0.7349119690563104,0.58515625,3.848212738763554,100.00770441294226,0.9225,1.041626676009974,3.497852657306037,61.12098810060303,61.07031915252274,2.6082213102661864,128,0,0.9359114583333333,0.69140625,0.6875053847033301,0.16770833333333332,0.18635416666666665,0.24450520833333333
head1m|edge3deg|open|t=60|S=100|F=0.1|BareCrystalAllFaces,38400,412855.6822981613,0.08029197080291971,0.04567903813337387,0.23473958333333333,2011.0197726935287,100.00770441294226,1.0,1.041626676009974,4.248811148180129,74.22495671340873,74.45338235860817,2.213992108778275,128,0,0.0035677083333333333,0.00028645833333333333,0.00016065924609382504,0.00028645833333333333,0.0035677083333333333,0.00328125
head1m|edge3deg|open|t=60|S=100|F=0.1|FrontOnlyThroughMask,38400,412855.6822981613,0.7817109144542773,0.7775443334809746,0.5733072916666667,7.696425477527108,100.00770441294226,0.9223697916666667,1.041626676009974,3.5197142374542714,61.502886507323396,61.544433142246106,2.8628369379746728,128,0,0.70625,0.5520833333333334,0.5478934060601682,0.15033854166666666,0.16919270833333333,0.15416666666666667
head1m|edge3deg|open|t=60|S=100|F=0.2|BareCrystalAllFaces,38400,412855.6822981613,0.046242774566473986,0.023215061846309053,0.23145833333333332,4022.0395453870574,100.00770441294226,1.0,1.041626676009974,4.375607207230413,76.43971290185524,76.56371807931596,2.6595603653896798,128,0,0.004505208333333333,0.00020833333333333335,0.00010367133577899776,0.00013020833333333333,0.003046875,0.004296875
head1m|edge3deg|open|t=60|S=100|F=0.2|FrontOnlyThroughMask,38400,412855.6822981613,0.8376723847965019,0.8326151328158717,0.5493489583333333,15.392850955054216,100.00770441294226,0.9260677083333333,1.041626676009974,3.5530920519424076,62.086017491028954,61.830817491489576,2.9291510362487863,128,0,0.387109375,0.32427083333333334,0.32033854086056174,0.12799479166666666,0.14434895833333333,0.06283854166666666
head1m|edge3deg|open|t=60|S=100|ideal,38400,412855.6822981613,,,0.602109375,0,100.00770441294226,0.91640625,1.041626676009974,3.477879477884077,60.7718417752127,60.697109763543665,2.5799297781178194,128,0,,,,,,
head1m|edge3deg|open|t=60|S=250|F=0.05|BareCrystalAllFaces,38400,1032139.2057454033,0.2777777777777778,0.2636907319883149,0.36010416666666667,1005.5098863467643,250.01926103235564,1.0,1.041626676009974,3.766748859275112,65.8066614731856,65.76591040594714,2.391566377019692,128,0,0.07125,0.019791666666666666,0.01863645707951116,0.016354166666666666,0.05755208333333333,0.051458333333333335
head1m|edge3deg|open|t=60|S=250|F=0.05|FrontOnlyThroughMask,38400,1032139.2057454033,0.9183184434662569,0.9159828422281808,0.8094270833333334,3.848212738763554,250.01926103235564,0.8751822916666666,1.041626676009974,2.7896836373296137,48.746151637926566,48.627360820543814,2.8791542505967698,128,0,0.9998177083333334,0.9181510416666666,0.9158135216070556,0.82859375,0.8908854166666667,0.08166666666666667
head1m|edge3deg|open|t=60|S=250|F=0.1|BareCrystalAllFaces,38400,1032139.2057454033,0.19919246298788695,0.17533514907958336,0.2891927083333333,2011.0197726935287,250.01926103235564,1.0,1.041626676009974,4.042776272818625,70.62709494598727,70.86843383518658,2.655495018222508,128,0,0.019348958333333333,0.0038541666666666668,0.0033490834044493413,0.0038541666666666668,0.019348958333333333,0.015494791666666667
head1m|edge3deg|open|t=60|S=250|F=0.1|FrontOnlyThroughMask,38400,1032139.2057454033,0.9193105432479795,0.9169827231210074,0.806171875,7.696425477527108,250.01926103235564,0.8799479166666667,1.041626676009974,2.801771425835936,48.95742493823358,49.19912739260509,3.143815122788998,128,0,0.9956510416666666,0.9153125,0.9129392050780326,0.8197395833333333,0.8801041666666667,0.08033854166666667
head1m|edge3deg|open|t=60|S=250|F=0.2|BareCrystalAllFaces,38400,1032139.2057454033,0.12745098039215685,0.10383515619511637,0.268671875,4022.0395453870574,250.01926103235564,1.0,1.041626676009974,4.21475302122989,73.63044839792957,73.71476618211517,2.8513508937602,128,0,0.01328125,0.0016927083333333334,0.0013629966415789725,0.00125,0.008984375,0.011588541666666667
head1m|edge3deg|open|t=60|S=250|F=0.2|FrontOnlyThroughMask,38400,1032139.2057454033,0.9196577517085508,0.9173007663462638,0.799921875,15.392850955054216,250.01926103235564,0.8777864583333334,1.041626676009974,2.8357680466233712,49.551403434597304,49.63044263305784,2.972795493348269,128,0,0.9678645833333334,0.8901041666666667,0.8874440466442594,0.8003125,0.8611458333333334,0.07776041666666667
head1m|edge3deg|open|t=60|S=250|ideal,38400,1032139.2057454033,,,0.8121354166666667,0,250.01926103235564,0.8754427083333334,1.041626676009974,2.77926844548718,48.56414576060466,48.714016200267814,3.185691240822201,128,0,,,,,,
head1m|edge3deg|open|t=60|S=25|F=0.05|BareCrystalAllFaces,38400,103213.92057454033,0.08,0.04404384368197234,0.197734375,1005.5098863467643,25.001926103235565,1.0,1.041626676009974,4.310637940836507,75.30464061768366,75.21959305394869,1.9443442029893891,128,0,0.0032552083333333335,0.00026041666666666666,0.00014129318342801184,0.00020833333333333335,0.0025,0.002994791666666667
head1m|edge3deg|open|t=60|S=25|F=0.05|FrontOnlyThroughMask,38400,103213.92057454033,0.3211368521614521,0.3158235959689896,0.21549479166666666,3.848212738763554,25.001926103235565,0.98015625,1.041626676009974,4.140609128372762,72.35642765026007,72.54095146330494,1.6926640475894479,128,0,0.5451822916666667,0.175078125,0.17189337450176895,0.0016145833333333333,0.0021875,0.3701041666666667
head1m|edge3deg|open|t=60|S=25|F=0.1|BareCrystalAllFaces,38400,103213.92057454033,0.012048192771084338,0.0006178005812294606,0.20453125,2011.0197726935287,25.001926103235565,1.0,1.041626676009974,4.364416871880445,76.24369789552368,76.30957986549342,2.3117222589666135,128,0,0.0021614583333333334,2.604166666666667e-05,1.3357619825449646e-06,2.604166666666667e-05,0.0021614583333333334,0.0021354166666666665
head1m|edge3deg|open|t=60|S=25|F=0.1|FrontOnlyThroughMask,38400,103213.92057454033,0.3972025615099427,0.3867090231832453,0.20197916666666665,7.696425477527108,25.001926103235565,0.9815364583333334,1.041626676009974,4.150348935740232,72.52598278398038,72.51787183167423,2.0016145637527645,128,0,0.15453125,0.06138020833333333,0.05937700614472182,0.0014583333333333334,0.002109375,0.09315104166666667
head1m|edge3deg|open|t=60|S=25|F=0.2|BareCrystalAllFaces,38400,103213.92057454033,0.03896103896103896,0.01710121276965195,0.21497395833333333,4022.0395453870574,25.001926103235565,1.0,1.041626676009974,4.427900248441251,77.35266670141539,77.4759190551319,2.663049407536529,128,0,0.0040104166666666665,0.00015625,6.804937404071531e-05,0.00013020833333333333,0.0027604166666666667,0.0038541666666666668
head1m|edge3deg|open|t=60|S=25|F=0.2|FrontOnlyThroughMask,38400,103213.92057454033,0.45401742497579867,0.4281742306802462,0.18536458333333333,15.392850955054216,25.001926103235565,0.9842708333333333,1.041626676009974,4.180540176187223,73.0533341236783,72.99982927018591,1.8242445768857098,128,0,0.026901041666666667,0.012213541666666666,0.011305961212886361,0.0011197916666666667,0.001796875,0.0146875
head1m|edge3deg|open|t=60|S=25|ideal,38400,103213.92057454033,,,0.2378125,0,25.001926103235565,0.978359375,1.041626676009974,4.129607039671629,72.16460964329394,72.16932946485062,2.2220646935503687,128,0,,,,,,
head1m|edge3deg|open|t=60|S=500|F=0.05|BareCrystalAllFaces,38400,2064278.4114908066,0.4191550541915505,0.4142154018430976,0.6169010416666667,1005.5098863467643,500.0385220647113,0.99953125,1.041626676009974,2.9505645171895476,51.55194099700097,51.33900835233676,2.8039433228847055,128,0,0.70640625,0.29609375,0.2922601359843072,0.281015625,0.6619791666666667,0.4103125
head1m|edge3deg|open|t=60|S=500|F=0.05|FrontOnlyThroughMask,38400,2064278.4114908066,0.97,0.9685285254897065,0.9015364583333333,3.848212738763554,500.0385220647113,0.8860416666666666,1.041626676009974,2.091276771327686,36.54310901617307,36.496570738018946,3.3340869729815052,128,0,1.0,0.97,0.9685285254897065,0.9698958333333333,0.99984375,0.03
head1m|edge3deg|open|t=60|S=500|F=0.1|BareCrystalAllFaces,38400,2064278.4114908066,0.36988737403675165,0.3619734401260477,0.413203125,2011.0197726935287,500.0385220647113,1.0,1.041626676009974,3.596436781936962,62.83221791607827,62.7872029665333,2.8152912002846384,128,0,0.26359375,0.0975,0.095019592428093,0.0975,0.26359375,0.16609375
head1m|edge3deg|open|t=60|S=500|F=0.1|FrontOnlyThroughMask,38400,2064278.4114908066,0.9684375,0.9669304941005608,0.89828125,7.696425477527108,500.0385220647113,0.8865104166666666,1.041626676009974,2.126547445015937,37.1593901896792,37.11215769562206,3.1409350545039847,128,0,1.0,0.9684375,0.9669304941005608,0.9683333333333334,0.9998958333333333,0.0315625
head1m|edge3deg|open|t=60|S=500|F=0.2|BareCrystalAllFaces,38400,2064278.4114908066,0.2881898160490536,0.2760175685644417,0.34208333333333335,4022.0395453870574,500.0385220647113,1.0,1.041626676009974,3.949017357595118,68.98982152208926,68.93108394322991,2.880816305906142,128,0,0.09768229166666667,0.028151041666666668,0.026776091001391198,0.022239583333333333,0.07434895833333334,0.06953125
head1m|edge3deg|open|t=60|S=500|F=0.2|FrontOnlyThroughMask,38400,2064278.4114908066,0.9680989583333334,0.9665843826542464,0.897734375,15.392850955054216,500.0385220647113,0.8880208333333334,1.041626676009974,2.1297627595015296,37.21557375947758,37.70312879343787,3.6079667670095823,128,0,1.0,0.9680989583333334,0.9665843826542464,0.9678125,0.9996875,0.031901041666666664
head1m|edge3deg|open|t=60|S=500|ideal,38400,2064278.4114908066,,,0.9034375,0,500.0385220647113,0.8852083333333334,1.041626676009974,2.0710867745287036,36.1903728874744,36.51103976150374,3.9441431656908112,128,0,,,,,,
head1m|edge3deg|open|t=60|S=50|F=0.05|BareCrystalAllFaces,38400,206427.84114908066,0.0425531914893617,0.018691606735220787,0.21213541666666666,1005.5098863467643,50.00385220647113,1.0,1.041626676009974,4.24803893788067,74.21135549312645,74.27102833101709,2.2629832145952826,128,0,0.003671875,0.00015625,6.804937404071531e-05,5.208333333333334e-05,0.002942708333333333,0.003515625
head1m|edge3deg|open|t=60|S=50|F=0.05|FrontOnlyThroughMask,38400,206427.84114908066,0.5158321962142682,0.5109513832732732,0.37190104166666665,3.848212738763554,50.00385220647113,0.9575,1.041626676009974,3.8832519579069626,67.85698886977379,68.01210104085828,2.158446721137989,128,0,0.744296875,0.38393229166666665,0.3798435683759476,0.01765625,0.02140625,0.3603645833333333
head1m|edge3deg|open|t=60|S=50|F=0.1|BareCrystalAllFaces,38400,206427.84114908066,0.009615384615384616,0.0004930831482548526,0.21627604166666667,2011.0197726935287,50.00385220647113,1.0,1.041626676009974,4.31960574963877,75.46120279232515,75.67153034821662,2.224473808598894,128,0,0.0027083333333333334,2.604166666666667e-05,1.3357619825449646e-06,2.604166666666667e-05,0.0027083333333333334,0.0026822916666666666
head1m|edge3deg|open|t=60|S=50|F=0.1|FrontOnlyThroughMask,38400,206427.84114908066,0.6111111111111112,0.6039859523612525,0.35614583333333333,7.696425477527108,50.00385220647113,0.9601302083333333,1.041626676009974,3.898273506188291,68.11898744300872,68.17340469917379,2.292938174742944,128,0,0.33515625,0.20481770833333332,0.2014337564279261,0.016328125,0.019921875,0.13033854166666667
head1m|edge3deg|open|t=60|S=50|F=0.2|BareCrystalAllFaces,38400,206427.84114908066,0.025157232704402517,0.008637793785497673,0.21997395833333333,4022.0395453870574,50.00385220647113,1.0,1.041626676009974,4.395764868385191,76.79125728905119,76.90137242472072,2.4844821949004827,128,0,0.004140625,0.00010416666666666667,3.558196516000094e-05,7.8125e-05,0.0027083333333333334,0.004036458333333334
head1m|edge3deg|open|t=60|S=50|F=0.2|FrontOnlyThroughMask,38400,206427.84114908066,0.6923717059639389,0.6794772302227988,0.328125,15.392850955054216,50.00385220647113,0.9644791666666667,1.041626676009974,3.95960901116104,69.19113153978725,69.0181853148911,2.2173395911645697,128,0,0.09388020833333334,0.065,0.06294203926096315,0.013385416666666667,0.016197916666666666,0.028880208333333334
head1m|edge3deg|open|t=60|S=50|ideal,38400,206427.84114908066,,,0.39794270833333334,0,50.00385220647113,0.952578125,1.041626676009974,3.8281173908921415,66.89354889886454,66.98182806021805,2.43313100461193,128,0,,,,,,
head1m|edge3deg|open|t=60|default|F=0.05|BareCrystalAllFaces,38400,1000000,0.26864406779661015,0.25364245552855474,0.35419270833333333,1005.5098863467643,242.2340510278297,0.9999739583333334,1.041626676009974,3.7681548652785217,65.83106222124047,65.90064295784681,2.300121691315088,128,0,0.06145833333333333,0.016510416666666666,0.015454922176577884,0.013619791666666667,0.0496875,0.044947916666666664
head1m|edge3deg|open|t=60|default|F=0.05|FrontOnlyThroughMask,38400,1000000,0.9134602860343345,0.9110636599030202,0.798515625,3.848212738763554,242.2340510278297,0.8801822916666666,1.041626676009974,2.8579244814350764,49.938545490806725,50.16372945613146,2.906031346160814,128,0,0.9996614583333333,0.9131510416666667,0.9107510326118802,0.8053645833333334,0.8693489583333334,0.08651041666666667
head1m|edge3deg|open|t=60|default|F=0.1|BareCrystalAllFaces,38400,1000000,0.21021897810218979,0.18484319661871748,0.2850260416666667,2011.0197726935287,242.2340510278297,1.0,1.041626676009974,4.056969997402182,70.87490835941485,70.90960808186499,2.170217052452219,128,0,0.017838541666666666,0.00375,0.0032519777061830522,0.00375,0.017838541666666666,0.014088541666666666
head1m|edge3deg|open|t=60|default|F=0.1|FrontOnlyThroughMask,38400,1000000,0.912514074733562,0.9100995345739782,0.7975260416666666,7.696425477527108,242.2340510278297,0.8782291666666666,1.041626676009974,2.8526372078120072,49.846136623303906,50.12263116067693,3.058687733278615,128,0,0.9945052083333333,0.9075,0.9050321854767815,0.7941666666666667,0.8583854166666667,0.08700520833333333
head1m|edge3deg|open|t=60|default|F=0.2|BareCrystalAllFaces,38400,1000000,0.1463917525773196,0.12061537487212858,0.2688802083333333,4022.0395453870574,242.2340510278297,1.0,1.041626676009974,4.222324428997568,73.76275677978576,73.6408118574811,2.7419464552682333,128,0,0.012630208333333334,0.0018489583333333333,0.0015036663278094663,0.001171875,0.008307291666666666,0.01078125
head1m|edge3deg|open|t=60|default|F=0.2|FrontOnlyThroughMask,38400,1000000,0.9191960400348129,0.9168200508972487,0.79359375,15.392850955054216,242.2340510278297,0.8809895833333333,1.041626676009974,2.8551476378723697,49.8900123645772,49.718206096909825,3.17801454915397,128,0,0.9575,0.8801302083333333,0.8773695185247817,0.7797135416666666,0.839765625,0.07736979166666667
head1m|edge3deg|open|t=60|default|ideal,38400,1000000,,,0.8046875,0,242.2340510278297,0.8784635416666666,1.041626676009974,2.830371316565513,49.457044539974895,49.411256743458146,3.055275536855105,128,0,,,,,,
head5m|centre|cs662|t=10|S=1000|F=0.05|BareCrystalAllFaces,38400,1385468397.5354178,1.0,0.9999219891817117,1.0,2.1384899894893574,998.9755395220883,1.0,1.041626676009974,0.44633048673357656,38.95047063879321,38.94980474538267,0.010322454395682265,128,0,1.0,1.0,0.9999219891817117,1.0,1.0,0.0
head5m|centre|cs662|t=10|S=1000|F=0.05|FrontOnlyThroughMask,38400,1385468397.5354178,1.0,0.9999219891817117,1.0,0.05209914322409908,998.9755395220883,1.0,1.041626676009974,0.4463097140944517,38.948657773997965,38.9485023350157,0.010074684175227288,128,0,1.0,1.0,0.9999219891817117,1.0,1.0,0.0
head5m|centre|cs662|t=10|S=1000|F=0.1|BareCrystalAllFaces,38400,1385468397.5354178,1.0,0.9999219891817117,1.0,4.276979978978715,998.9755395220883,1.0,1.041626676009974,0.446342150283046,38.95148853281721,38.95031293194975,0.009767643768673003,128,0,1.0,1.0,0.9999219891817117,1.0,1.0,0.0
head5m|centre|cs662|t=10|S=1000|F=0.1|FrontOnlyThroughMask,38400,1385468397.5354178,1.0,0.9999219891817117,1.0,0.10419828644819816,998.9755395220883,1.0,1.041626676009974,0.4463066874323765,38.94839362284069,38.94850529389343,0.008931438433704086,128,0,1.0,1.0,0.9999219891817117,1.0,1.0,0.0
head5m|centre|cs662|t=10|S=1000|F=0.2|BareCrystalAllFaces,38400,1385468397.5354178,1.0,0.9999219891817117,1.0,8.55395995795743,998.9755395220883,1.0,1.041626676009974,0.44638022304763064,38.95481121471626,38.9538771623737,0.011292147684229939,128,0,1.0,1.0,0.9999219891817117,1.0,1.0,0.0
head5m|centre|cs662|t=10|S=1000|F=0.2|FrontOnlyThroughMask,38400,1385468397.5354178,1.0,0.9999219891817117,1.0,0.20839657289639632,998.9755395220883,1.0,1.041626676009974,0.44632237073015124,38.94976234076516,38.94896625146187,0.009926862989291524,128,0,1.0,1.0,0.9999219891817117,1.0,1.0,0.0
head5m|centre|cs662|t=10|S=1000|ideal,38400,1385468397.5354178,,,1.0,0,998.9755395220883,1.0,1.041626676009974,0.44630884752092126,38.94858214648956,38.94789473315953,0.009682808334047324,128,0,,,,,,
head5m|centre|cs662|t=10|S=100|F=0.05|BareCrystalAllFaces,38400,138546839.7535418,0.9922537231684098,0.9914758689559278,0.9904166666666666,2.1384899894893574,99.89755395220885,1.0,1.041626676009974,0.5690057664808125,49.674134304968554,49.64556193487871,4.202183041631696,128,0,0.9984635416666666,0.9907291666666667,0.9898835636365422,0.7239322916666666,0.7240364583333333,0.007734375
head5m|centre|cs662|t=10|S=100|F=0.05|FrontOnlyThroughMask,38400,138546839.7535418,0.9904947916666667,0.9896392040190838,0.9906510416666666,0.05209914322409908,99.89755395220885,1.0,1.041626676009974,0.568973279452026,49.671042136653085,48.93418795146151,4.48158397990819,128,0,1.0,0.9904947916666667,0.9896392040190838,0.7704947916666667,0.770859375,0.009505208333333333
head5m|centre|cs662|t=10|S=100|F=0.1|BareCrystalAllFaces,38400,138546839.7535418,0.9930608489946117,0.9923190007821411,0.9895572916666666,4.276979978978715,99.89755395220885,1.0,1.041626676009974,0.5760678206577645,50.29169783716355,50.25801251284627,4.636180844020228,128,0,0.9907552083333333,0.9838802083333333,0.9827825635171582,0.7075260416666667,0.7076822916666666,0.006875
head5m|centre|cs662|t=10|S=100|F=0.1|FrontOnlyThroughMask,38400,138546839.7535418,0.9913541666666666,0.9905358414641051,0.9909114583333334,0.10419828644819816,99.89755395220885,1.0,1.041626676009974,0.5668334400963855,49.4844302084078,48.71816750827712,4.652039279806912,128,0,1.0,0.9913541666666666,0.9905358414641051,0.7681770833333333,0.7685416666666667,0.008645833333333333
head5m|centre|cs662|t=10|S=100|F=0.2|BareCrystalAllFaces,38400,138546839.7535418,0.9950004075754694,0.9943521262029578,0.9867708333333334,8.55395995795743,99.89755395220885,1.0,1.041626676009974,0.5994300903397431,52.33653629460683,52.225633243649746,5.631134625544461,128,0,0.9584114583333333,0.9536197916666667,0.9518159348304749,0.6737239583333333,0.6740364583333334,0.004791666666666666
head5m|centre|cs662|t=10|S=100|F=0.2|FrontOnlyThroughMask,38400,138546839.7535418,0.9905729166666667,0.9897206430170643,0.9916666666666667,0.20839657289639632,99.89755395220885,1.0,1.041626676009974,0.5604340741724069,48.924415016547115,48.08494371355277,4.620038190355435,128,0,1.0,0.9905729166666667,0.9897206430170643,0.7729427083333333,0.7730989583333333,0.009427083333333334
head5m|centre|cs662|t=10|S=100|ideal,38400,138546839.7535418,,,0.991484375,0,99.89755395220885,1.0,1.041626676009974,0.5602097901874928,48.9038851797954,47.94981417680846,4.586792608566104,128,0,,,,,,
head5m|centre|cs662|t=10|S=250|F=0.05|BareCrystalAllFaces,38400,346367099.38385445,1.0,0.9999219891817117,1.0,2.1384899894893574,249.74388488052207,1.0,1.041626676009974,0.45489514656001256,39.69793659900644,39.68362597812444,0.14191702493738115,128,0,1.0,1.0,0.9999219891817117,0.9998177083333334,0.9998177083333334,0.0
head5m|centre|cs662|t=10|S=250|F=0.05|FrontOnlyThroughMask,38400,346367099.38385445,1.0,0.9999219891817117,0.9999739583333334,0.05209914322409908,249.74388488052207,1.0,1.041626676009974,0.4553583931897211,39.73838664517294,39.71092090757516,0.23403772738032705,128,0,1.0,1.0,0.9999219891817117,0.9996614583333333,0.9996614583333333,0.0
head5m|centre|cs662|t=10|S=250|F=0.1|BareCrystalAllFaces,38400,346367099.38385445,1.0,0.9999219891817117,1.0,4.276979978978715,249.74388488052207,1.0,1.041626676009974,0.454745680770472,39.68489218283181,39.69205729321108,0.14471500663761097,128,0,1.0,1.0,0.9999219891817117,0.9999739583333334,0.9999739583333334,0.0
head5m|centre|cs662|t=10|S=250|F=0.1|FrontOnlyThroughMask,38400,346367099.38385445,1.0,0.9999219891817117,1.0,0.10419828644819816,249.74388488052207,1.0,1.041626676009974,0.4549543798344592,39.70310617543352,39.70683274126647,0.1513027258076247,128,0,1.0,1.0,0.9999219891817117,0.9996875,0.9996875,0.0
head5m|centre|cs662|t=10|S=250|F=0.2|BareCrystalAllFaces,38400,346367099.38385445,1.0,0.9999219891817117,1.0,8.55395995795743,249.74388488052207,1.0,1.041626676009974,0.4541562740128232,39.63345249258566,39.620997518861806,0.14644762574934195,128,0,1.0,1.0,0.9999219891817117,0.9998177083333334,0.9998177083333334,0.0
head5m|centre|cs662|t=10|S=250|F=0.2|FrontOnlyThroughMask,38400,346367099.38385445,0.9999739583333334,0.9998764678836031,1.0,0.20839657289639632,249.74388488052207,1.0,1.041626676009974,0.45485504634117735,39.69443701251047,39.68879376733486,0.16194103425367712,128,0,1.0,0.9999739583333334,0.9998764678836031,0.9996614583333333,0.9996875,2.604166666666667e-05
head5m|centre|cs662|t=10|S=250|ideal,38400,346367099.38385445,,,1.0,0,249.74388488052207,1.0,1.041626676009974,0.45493622452009763,39.701521688865434,39.69708161157867,0.1435571627916087,128,0,,,,,,
head5m|centre|cs662|t=10|S=25|F=0.05|BareCrystalAllFaces,38400,34636709.93838545,0.6628050552004648,0.6580882630946712,0.524375,2.1384899894893574,24.974388488052213,1.0,1.041626676009974,2.2971890932114847,200.74787946097524,201.12223116322326,7.796520722587044,128,0,0.7170833333333333,0.47528645833333333,0.4710831204291635,0.0084375,0.008489583333333333,0.241796875
head5m|centre|cs662|t=10|S=25|F=0.05|FrontOnlyThroughMask,38400,34636709.93838545,0.6093489583333334,0.6052345918970894,0.5501822916666667,0.05209914322409908,24.974388488052213,1.0,1.041626676009974,2.237130086336067,195.49909457819248,195.37081005114896,7.779986713217482,128,0,1.0,0.6093489583333334,0.6052345918970894,0.01359375,0.01359375,0.39065104166666664
head5m|centre|cs662|t=10|S=25|F=0.1|BareCrystalAllFaces,38400,34636709.93838545,0.750566322678077,0.7448556027943501,0.49609375,4.276979978978715,24.974388488052213,1.0,1.041626676009974,2.362002388002495,206.41263179812452,206.40604143243286,7.348708653187795,128,0,0.4138541666666667,0.310625,0.30673839425873517,0.0077083333333333335,0.007760416666666666,0.10322916666666666
head5m|centre|cs662|t=10|S=25|F=0.1|FrontOnlyThroughMask,38400,34636709.93838545,0.6127242896950441,0.6086161335099602,0.550703125,0.10419828644819816,24.974388488052213,1.0,1.041626676009974,2.240117674938083,195.761572981478,195.49434600800487,7.880009617659096,128,0,0.9999739583333334,0.6127083333333333,0.6086002007917638,0.014166666666666666,0.014244791666666666,0.387265625
head5m|centre|cs662|t=10|S=25|F=0.2|BareCrystalAllFaces,38400,34636709.93838545,0.8413324913167035,0.8335862766763058,0.46161458333333333,8.55395995795743,24.974388488052213,1.0,1.041626676009974,2.4124932059593793,210.821104209272,210.57270305166497,6.862323375717966,128,0,0.16494791666666667,0.13877604166666666,0.1358814014078565,0.004895833333333334,0.004921875,0.026171875
head5m|centre|cs662|t=10|S=25|F=0.2|FrontOnlyThroughMask,38400,34636709.93838545,0.6128545014193078,0.608746591022975,0.5507291666666667,0.20839657289639632,24.974388488052213,1.0,1.041626676009974,2.2404527577986384,195.78999727239196,196.0326047709673,7.787076975135057,128,0,0.9999739583333334,0.6128385416666666,0.6087306548666227,0.01359375,0.013697916666666667,0.3871354166666667
head5m|centre|cs662|t=10|S=25|ideal,38400,34636709.93838545,,,0.55046875,0,24.974388488052213,1.0,1.041626676009974,2.2504979958173537,196.66949619234336,196.95554592529666,7.859273650990118,128,0,,,,,,
head5m|centre|cs662|t=10|S=500|F=0.05|BareCrystalAllFaces,38400,692734198.7677089,1.0,0.9999219891817117,1.0,2.1384899894893574,499.48776976104415,1.0,1.041626676009974,0.4471254088786485,39.019845953931195,39.017433951942934,0.03875387079932813,128,0,1.0,1.0,0.9999219891817117,1.0,1.0,0.0
head5m|centre|cs662|t=10|S=500|F=0.05|FrontOnlyThroughMask,38400,692734198.7677089,1.0,0.9999219891817117,1.0,0.05209914322409908,499.48776976104415,1.0,1.041626676009974,0.44706503741732556,39.01457717782411,39.01156329092605,0.041027947204593136,128,0,1.0,1.0,0.9999219891817117,1.0,1.0,0.0
head5m|centre|cs662|t=10|S=500|F=0.1|BareCrystalAllFaces,38400,692734198.7677089,1.0,0.9999219891817117,1.0,4.276979978978715,499.48776976104415,1.0,1.041626676009974,0.4471985899940954,39.0262326792607,39.02207436337524,0.046275143431815734,128,0,1.0,1.0,0.9999219891817117,1.0,1.0,0.0
head5m|centre|cs662|t=10|S=500|F=0.1|FrontOnlyThroughMask,38400,692734198.7677089,1.0,0.9999219891817117,1.0,0.10419828644819816,499.48776976104415,1.0,1.041626676009974,0.4471764081105621,39.024296876824714,39.02405900599564,0.0426482834400754,128,0,1.0,1.0,0.9999219891817117,1.0,1.0,0.0
head5m|centre|cs662|t=10|S=500|F=0.2|BareCrystalAllFaces,38400,692734198.7677089,1.0,0.9999219891817117,1.0,8.55395995795743,499.48776976104415,1.0,1.041626676009974,0.4471494325897598,39.02194243407004,39.01805939003363,0.04646230144518744,128,0,1.0,1.0,0.9999219891817117,1.0,1.0,0.0
head5m|centre|cs662|t=10|S=500|F=0.2|FrontOnlyThroughMask,38400,692734198.7677089,1.0,0.9999219891817117,1.0,0.20839657289639632,499.48776976104415,1.0,1.041626676009974,0.44707259189101345,39.01523648008174,39.00421494841903,0.04721424676526934,128,0,1.0,1.0,0.9999219891817117,1.0,1.0,0.0
head5m|centre|cs662|t=10|S=500|ideal,38400,692734198.7677089,,,1.0,0,499.48776976104415,1.0,1.041626676009974,0.4470976784885111,39.01742588361383,39.00928417785639,0.04339264965098369,128,0,,,,,,
head5m|centre|cs662|t=10|S=50|F=0.05|BareCrystalAllFaces,38400,69273419.8767709,0.8965632298965632,0.8938842893750001,0.8539322916666666,2.1384899894893574,49.948776976104426,1.0,1.041626676009974,1.3147818171134917,114.87662738601401,115.5136995778326,7.966811273383507,128,0,0.9365625,0.8396875,0.8365758435075391,0.144296875,0.14458333333333334,0.096875
head5m|centre|cs662|t=10|S=50|F=0.05|FrontOnlyThroughMask,38400,69273419.8767709,0.884375,0.8816563265108409,0.8659114583333334,0.05209914322409908,49.948776976104426,1.0,1.041626676009974,1.2694758741307697,110.91697695386536,111.26315956941941,8.882672057024974,128,0,1.0,0.884375,0.8816563265108409,0.19854166666666667,0.198828125,0.115625
head5m|centre|cs662|t=10|S=50|F=0.1|BareCrystalAllFaces,38400,69273419.8767709,0.9278245763545183,0.925341010052907,0.8376822916666666,4.276979978978715,49.948776976104426,1.0,1.041626676009974,1.3730234708775673,119.9665553973498,119.42871890697892,8.04520574692244,128,0,0.7945052083333334,0.7371614583333334,0.7334404852496625,0.1303125,0.13052083333333334,0.05734375
head5m|centre|cs662|t=10|S=50|F=0.1|FrontOnlyThroughMask,38400,69273419.8767709,0.8832291666666666,0.8804990396918538,0.865703125,0.10419828644819816,49.948776976104426,1.0,1.041626676009974,1.274588270460002,111.36341137617482,111.68613383981575,7.966792234875005,128,0,1.0,0.8832291666666666,0.8804990396918538,0.198359375,0.19861979166666666,0.11677083333333334
head5m|centre|cs662|t=10|S=50|F=0.2|BareCrystalAllFaces,38400,69273419.8767709,0.9600539434523809,0.9577875591417193,0.8151822916666667,8.55395995795743,49.948776976104426,1.0,1.041626676009974,1.4494140482370081,126.6442160094024,126.90092003303741,8.073724402894813,128,0,0.56,0.5376302083333333,0.5334301600898822,0.10463541666666666,0.10489583333333333,0.022369791666666666
head5m|centre|cs662|t=10|S=50|F=0.2|FrontOnlyThroughMask,38400,69273419.8767709,0.8847916666666666,0.8820771789096733,0.8659375,0.20839657289639632,49.948776976104426,1.0,1.041626676009974,1.2708739900755095,111.0380833181862,111.20321186986376,8.164212446497354,128,0,1.0,0.8847916666666666,0.8820771789096733,0.19450520833333335,0.19473958333333333,0.11520833333333333
head5m|centre|cs662|t=10|S=50|ideal,38400,69273419.8767709,,,0.8664322916666667,0,49.948776976104426,1.0,1.041626676009974,1.2587493527291185,109.97554741815019,111.26065733743981,7.639556424048763,128,0,,,,,,
head5m|centre|cs662|t=10|default|F=0.05|BareCrystalAllFaces,38400,1000000,0.0893854748603352,0.06579929352082423,0.008489583333333333,2.1384899894893574,0.7210381278267668,1.0,1.041626676009974,4.307718379116602,376.72041099137397,376.91119495609684,3.404335020344457,128,0,0.009322916666666667,0.0008333333333333334,0.0006067653611035593,0.0,0.0,0.008489583333333333
head5m|centre|cs662|t=10|default|F=0.05|FrontOnlyThroughMask,38400,1000000,0.193900652550273,0.18641830331414075,0.0003385416666666667,0.05209914322409908,0.7210381278267668,1.0,1.041626676009974,4.872645634739913,426.2854936507315,426.3750159483386,2.5386448487514235,128,0,0.195546875,0.03791666666666667,0.036326353485341745,0.0,0.0,0.15763020833333333
head5m|centre|cs662|t=10|default|F=0.1|BareCrystalAllFaces,38400,1000000,0.11261261261261261,0.07951410637261498,0.024791666666666667,4.276979978978715,0.7210381278267668,1.0,1.041626676009974,3.837875513082756,335.5351961690298,335.61482429587255,4.5302895962894745,128,0,0.00578125,0.0006510416666666666,0.0004526985418597762,0.0,0.0,0.005130208333333333
head5m|centre|cs662|t=10|default|F=0.1|FrontOnlyThroughMask,38400,1000000,0.19869281045751633,0.1903288707924365,0.000546875,0.10419828644819816,0.7210381278267668,1.0,1.041626676009974,4.862933727165398,425.4328535162531,425.5119486841693,2.489379712068919,128,0,0.159375,0.03166666666666667,0.030210035753678147,0.0,0.0,0.12770833333333334
head5m|centre|cs662|t=10|default|F=0.2|BareCrystalAllFaces,38400,1000000,0.08287292817679558,0.05177712381114031,0.043932291666666665,8.55395995795743,0.7210381278267668,1.0,1.041626676009974,3.4065198359153235,297.74148820886404,297.5260228874425,5.3983031771348085,128,0,0.004713541666666667,0.000390625,0.00024080476280701838,0.0,0.0,0.004322916666666667
head5m|centre|cs662|t=10|default|F=0.2|FrontOnlyThroughMask,38400,1000000,0.19033501334123926,0.17927016653101868,0.000390625,0.20839657289639632,0.7210381278267668,1.0,1.041626676009974,4.830445258477769,422.5805358396023,422.3540651910855,2.451823702542472,128,0,0.08783854166666667,0.01671875,0.015656629666039465,0.0,0.0,0.07111979166666667
head5m|centre|cs662|t=10|default|ideal,38400,1000000,,,0.0003125,0,0.7210381278267668,1.0,1.041626676009974,4.888075840942187,427.6396065160648,427.6560885953363,2.444102191654484,128,0,,,,,,
head5m|centre|cs662|t=60|S=1000|F=0.05|BareCrystalAllFaces,38400,230911399.58923635,1.0,0.9999219891817117,1.0,12.830939936936145,998.9755395220886,1.0,1.041626676009974,0.4464085954488291,38.95728731540008,38.95784732977407,0.010063169738159192,128,0,1.0,1.0,0.9999219891817117,1.0,1.0,0.0
head5m|centre|cs662|t=60|S=1000|F=0.05|FrontOnlyThroughMask,38400,230911399.58923635,1.0,0.9999219891817117,1.0,0.3125948593445945,998.9755395220886,1.0,1.041626676009974,0.4463029330234921,38.948065964503904,38.94772822829302,0.009010046205973456,128,0,1.0,1.0,0.9999219891817117,1.0,1.0,0.0
head5m|centre|cs662|t=60|S=1000|F=0.1|BareCrystalAllFaces,38400,230911399.58923635,1.0,0.9999219891817117,1.0,25.66187987387229,998.9755395220886,1.0,1.041626676009974,0.4465095640659868,38.966099029456124,38.96722214202062,0.009571855369757423,128,0,1.0,1.0,0.9999219891817117,1.0,1.0,0.0
head5m|centre|cs662|t=60|S=1000|F=0.1|FrontOnlyThroughMask,38400,230911399.58923635,1.0,0.9999219891817117,1.0,0.625189718689189,998.9755395220886,1.0,1.041626676009974,0.4463178785837627,38.94937029856308,38.95036677333873,0.010080905817046319,128,0,1.0,1.0,0.9999219891817117,1.0,1.0,0.0
head5m|centre|cs662|t=60|S=1000|F=0.2|BareCrystalAllFaces,38400,230911399.58923635,1.0,0.9999219891817117,1.0,51.32375974774458,998.9755395220886,1.0,1.041626676009974,0.4466830533359282,38.981239745336595,38.98043673529954,0.010558238162367038,128,0,1.0,1.0,0.9999219891817117,1.0,1.0,0.0
head5m|centre|cs662|t=60|S=1000|F=0.2|FrontOnlyThroughMask,38400,230911399.58923635,1.0,0.9999219891817117,1.0,1.250379437378378,998.9755395220886,1.0,1.041626676009974,0.4463216424864876,38.94969878134674,38.94880464277192,0.01079002575046531,128,0,1.0,1.0,0.9999219891817117,1.0,1.0,0.0
head5m|centre|cs662|t=60|S=1000|ideal,38400,230911399.58923635,,,1.0,0,998.9755395220886,1.0,1.041626676009974,0.4463260290660529,38.95008161937325,38.949324450200876,0.011950508556601314,128,0,,,,,,
head5m|centre|cs662|t=60|S=100|F=0.05|BareCrystalAllFaces,38400,23091139.958923634,0.9960851206621739,0.9954968872687782,0.9849739583333333,12.830939936936145,99.89755395220885,1.0,1.041626676009974,0.6070951096968724,53.00594108127318,52.54431659271068,5.419412942057684,128,0,0.9312760416666667,0.9276302083333333,0.9254183400658471,0.6363541666666667,0.6365625,0.0036458333333333334
head5m|centre|cs662|t=60|S=100|F=0.05|FrontOnlyThroughMask,38400,23091139.958923634,0.9907291666666667,0.9898835636365422,0.9919270833333333,0.3125948593445945,99.89755395220885,1.0,1.041626676009974,0.5584275712548266,48.748725542437036,48.035409692471426,4.314367913454483,128,0,1.0,0.9907291666666667,0.9898835636365422,0.7676302083333333,0.76796875,0.009270833333333334
head5m|centre|cs662|t=60|S=100|F=0.1|BareCrystalAllFaces,38400,23091139.958923634,0.9974167053056898,0.9968821412614718,0.9747135416666667,25.66187987387229,99.89755395220885,1.0,1.041626676009974,0.6869941294234663,59.99464949471318,59.47730646399643,6.6577852531998944,128,0,0.7863020833333333,0.7842708333333334,0.7807893562838736,0.5319791666666667,0.5322135416666667,0.00203125
head5m|centre|cs662|t=60|S=100|F=0.1|FrontOnlyThroughMask,38400,23091139.958923634,0.9908591369566916,0.990019115270308,0.9916927083333333,0.625189718689189,99.89755395220885,1.0,1.041626676009974,0.5587613864244884,48.77758328326796,47.919996121661256,4.511357540431814,128,0,0.9999739583333334,0.9908333333333333,0.9899922095266317,0.7709114583333333,0.7712760416666666,0.009140625
head5m|centre|cs662|t=60|S=100|F=0.2|BareCrystalAllFaces,38400,23091139.958923634,0.9967207738973602,0.9960519048901486,0.9491145833333333,51.32375974774458,99.89755395220885,1.0,1.041626676009974,0.8401809518612648,73.38745129317611,72.92251861001182,8.16800436288611,128,0,0.6353125,0.6332291666666666,0.6291636002059684,0.37893229166666664,0.379140625,0.0020833333333333333
head5m|centre|cs662|t=60|S=100|F=0.2|FrontOnlyThroughMask,38400,23091139.958923634,0.9912472647702407,0.9904240686147252,0.9915885416666667,1.250379437378378,99.89755395220885,1.0,1.041626676009974,0.5579986259608214,48.71151507019641,48.33273518552376,4.458971734737711,128,0,0.9996875,0.9909375,0.9901008816383188,0.7650520833333333,0.7652864583333333,0.00875
head5m|centre|cs662|t=60|S=100|ideal,38400,23091139.958923634,,,0.991796875,0,99.89755395220885,1.0,1.041626676009974,0.5603680855308038,48.91840767715469,48.861368826886796,4.518791996257902,128,0,,,,,,
head5m|centre|cs662|t=60|S=250|F=0.05|BareCrystalAllFaces,38400,57727849.89730909,1.0,0.9999219871502063,1.0,12.830939936936145,249.74388488052216,1.0,1.041626676009974,0.4537058857460287,39.594145439382544,39.579372279930745,0.1405956714444154,128,0,0.9999739583333334,0.9999739583333334,0.9998764678836031,0.999765625,0.999765625,0.0
head5m|centre|cs662|t=60|S=250|F=0.05|FrontOnlyThroughMask,38400,57727849.89730909,1.0,0.9999219891817117,1.0,0.3125948593445945,249.74388488052216,1.0,1.041626676009974,0.4547871755270622,39.68851371916767,39.6964699836137,0.13624089115564758,128,0,1.0,1.0,0.9999219891817117,0.9996354166666667,0.9996354166666667,0.0
head5m|centre|cs662|t=60|S=250|F=0.1|BareCrystalAllFaces,38400,57727849.89730909,1.0,0.9999219830868781,1.0,25.66187987387229,249.74388488052216,1.0,1.041626676009974,0.4528203256447627,39.51685913906956,39.5099055142268,0.12750108448513098,128,0,0.999921875,0.999921875,0.999798094358986,0.9994010416666667,0.9994010416666667,0.0
head5m|centre|cs662|t=60|S=250|F=0.1|FrontOnlyThroughMask,38400,57727849.89730909,0.9999739583333334,0.9998764678836031,1.0,0.625189718689189,249.74388488052216,1.0,1.041626676009974,0.45513028202409106,39.718457722845926,39.71505973386974,0.1591495693028427,128,0,1.0,0.9999739583333334,0.9998764678836031,0.999765625,0.9997916666666666,2.604166666666667e-05
head5m|centre|cs662|t=60|S=250|F=0.2|BareCrystalAllFaces,38400,57727849.89730909,1.0,0.9999219769910921,1.0,51.32375974774458,249.74388488052216,1.0,1.041626676009974,0.4527589162926084,39.51149868782892,39.51192730567587,0.11110791288246391,128,0,0.99984375,0.99984375,0.9996916277400515,0.998515625,0.998515625,0.0
head5m|centre|cs662|t=60|S=250|F=0.2|FrontOnlyThroughMask,38400,57727849.89730909,1.0,0.9999219891817117,1.0,1.250379437378378,249.74388488052216,1.0,1.041626676009974,0.45480028749885143,39.68965797033629,39.71040008987013,0.15540191116859942,128,0,1.0,1.0,0.9999219891817117,0.9996614583333333,0.9996614583333333,0.0
head5m|centre|cs662|t=60|S=250|ideal,38400,57727849.89730909,,,1.0,0,249.74388488052216,1.0,1.041626676009974,0.4549837662933315,39.705670796593104,39.695925599567936,0.15067322211562847,128,0,,,,,,
head5m|centre|cs662|t=60|S=25|F=0.05|BareCrystalAllFaces,38400,5772784.989730909,0.8345919610231425,0.8247558146030093,0.43268229166666666,12.830939936936145,24.974388488052213,1.0,1.041626676009974,2.467637676569844,215.63983526247443,215.88354477699048,7.137847581061352,128,0,0.10690104166666667,0.08921875,0.08683599044079297,0.0047395833333333335,0.00484375,0.017682291666666666
head5m|centre|cs662|t=60|S=25|F=0.05|FrontOnlyThroughMask,38400,5772784.989730909,0.6078216087627114,0.6036965361011136,0.5470572916666666,0.3125948593445945,24.974388488052213,1.0,1.041626676009974,2.2512035139668085,196.72991463948202,196.085838061216,7.776516826623037,128,0,0.996171875,0.6054947916666666,0.6013735242647698,0.01375,0.013802083333333333,0.39067708333333334
head5m|centre|cs662|t=60|S=25|F=0.1|BareCrystalAllFaces,38400,5772784.989730909,0.86003861003861,0.8410659237462855,0.3620833333333333,25.66187987387229,24.974388488052213,1.0,1.041626676009974,2.5700443675476885,224.58272851444488,224.30287243019143,7.400065545333132,128,0,0.026979166666666665,0.023203125,0.021953162149328798,0.002942708333333333,0.0031770833333333334,0.0037760416666666667
head5m|centre|cs662|t=60|S=25|F=0.1|FrontOnlyThroughMask,38400,5772784.989730909,0.6102962551864478,0.6061531097787762,0.5454947916666667,0.625189718689189,24.974388488052213,1.0,1.041626676009974,2.25462296362212,197.02803652495058,196.7409064462527,6.72438924477795,128,0,0.985390625,0.6013802083333334,0.5972518683105176,0.014973958333333334,0.014973958333333334,0.3840104166666667
head5m|centre|cs662|t=60|S=25|F=0.2|BareCrystalAllFaces,38400,5772784.989730909,0.7642436149312377,0.7312116126141913,0.28375,51.32375974774458,24.974388488052213,1.0,1.041626676009974,2.6805866225045394,234.23713820378094,234.16814678573428,8.216269689579148,128,0,0.013255208333333334,0.010130208333333333,0.009304185655440713,0.0014583333333333334,0.001640625,0.003125
head5m|centre|cs662|t=60|S=25|F=0.2|FrontOnlyThroughMask,38400,5772784.989730909,0.6401777937952368,0.6358275335731653,0.5310677083333334,1.250379437378378,24.974388488052213,1.0,1.041626676009974,2.2863603603363463,199.80258089487418,200.1237360338533,7.962902762890654,128,0,0.867109375,0.5551041666666666,0.550916804127504,0.014270833333333333,0.014348958333333333,0.31200520833333334
head5m|centre|cs662|t=60|S=25|ideal,38400,5772784.989730909,,,0.5525260416666666,0,24.974388488052213,1.0,1.041626676009974,2.245588025054316,196.24065882689098,195.69191618774,8.346905165048149,128,0,,,,,,
head5m|centre|cs662|t=60|S=500|F=0.05|BareCrystalAllFaces,38400,115455699.79461817,1.0,0.9999219891817117,1.0,12.830939936936145,499.4877697610443,1.0,1.041626676009974,0.4472062687643852,39.02690261849121,39.01940878503814,0.040502963528128225,128,0,1.0,1.0,0.9999219891817117,1.0,1.0,0.0
head5m|centre|cs662|t=60|S=500|F=0.05|FrontOnlyThroughMask,38400,115455699.79461817,1.0,0.9999219891817117,1.0,0.3125948593445945,499.4877697610443,1.0,1.041626676009974,0.4471129799958537,39.01876128606825,39.01251277995067,0.0463116695311396,128,0,1.0,1.0,0.9999219891817117,1.0,1.0,0.0
head5m|centre|cs662|t=60|S=500|F=0.1|BareCrystalAllFaces,38400,115455699.79461817,1.0,0.9999219891817117,1.0,25.66187987387229,499.4877697610443,1.0,1.041626676009974,0.4472271143540452,39.028721596144074,39.02395779547781,0.033656933410596994,128,0,1.0,1.0,0.9999219891817117,1.0,1.0,0.0
head5m|centre|cs662|t=60|S=500|F=0.1|FrontOnlyThroughMask,38400,115455699.79461817,1.0,0.9999219891817117,1.0,0.625189718689189,499.4877697610443,1.0,1.041626676009974,0.44709357855259785,39.017068057998024,39.00915978924965,0.043181449844082634,128,0,1.0,1.0,0.9999219891817117,1.0,1.0,0.0
head5m|centre|cs662|t=60|S=500|F=0.2|BareCrystalAllFaces,38400,115455699.79461817,1.0,0.9999219891817117,1.0,51.32375974774458,499.4877697610443,1.0,1.041626676009974,0.4476011731949361,39.06136639441406,39.058717664337536,0.03566700408530457,128,0,1.0,1.0,0.9999219891817117,1.0,1.0,0.0
head5m|centre|cs662|t=60|S=500|F=0.2|FrontOnlyThroughMask,38400,115455699.79461817,1.0,0.9999219891817117,1.0,1.250379437378378,499.4877697610443,1.0,1.041626676009974,0.44702985250843297,39.011506439861456,39.00618459893905,0.0376862244196478,128,0,1.0,1.0,0.9999219891817117,1.0,1.0,0.0
head5m|centre|cs662|t=60|S=500|ideal,38400,115455699.79461817,,,1.0,0,499.4877697610443,1.0,1.041626676009974,0.44712895063968766,39.02015511141098,39.01328595990515,0.045382698368008505,128,0,,,,,,
head5m|centre|cs662|t=60|S=50|F=0.05|BareCrystalAllFaces,38400,11545569.979461817,0.9671240875912409,0.96479404078862,0.7911458333333333,12.830939936936145,49.948776976104426,1.0,1.041626676009974,1.5331241098180712,133.95978854866928,134.14773701799294,8.217175519762755,128,0,0.4459635416666667,0.4313020833333333,0.42713587411142995,0.08885416666666666,0.088984375,0.014661458333333334
head5m|centre|cs662|t=60|S=50|F=0.05|FrontOnlyThroughMask,38400,11545569.979461817,0.8875514564118597,0.8848643398835649,0.8685677083333333,0.3125948593445945,49.948776976104426,1.0,1.041626676009974,1.2668082666553353,110.68375592462486,110.14197260669559,8.551834253291602,128,0,0.99953125,0.8871354166666666,0.8844446837148795,0.19473958333333333,0.194921875,0.11239583333333333
head5m|centre|cs662|t=60|S=50|F=0.1|BareCrystalAllFaces,38400,11545569.979461817,0.977103231715295,0.9740847494818955,0.7284895833333334,25.66187987387229,49.948776976104426,1.0,1.041626676009974,1.710497578466185,149.46028174395707,149.69174696780607,8.457099308700087,128,0,0.19903645833333333,0.19447916666666668,0.19116100368720693,0.05572916666666667,0.05583333333333333,0.004557291666666667
head5m|centre|cs662|t=60|S=50|F=0.1|FrontOnlyThroughMask,38400,11545569.979461817,0.8829359904011685,0.8802007093107532,0.8641666666666666,0.625189718689189,49.948776976104426,1.0,1.041626676009974,1.2799185416228462,111.82932799317557,112.07802642441862,8.450751062280302,128,0,0.9983854166666667,0.8815104166666666,0.8787632650663669,0.19239583333333332,0.19268229166666667,0.116875
head5m|centre|cs662|t=60|S=50|F=0.2|BareCrystalAllFaces,38400,11545569.979461817,0.9631324688532926,0.9578005896352245,0.631171875,51.32375974774458,49.948776976104426,1.0,1.041626676009974,1.9588581053142216,171.16504862032988,171.51833731904753,9.410437996619187,128,0,0.102421875,0.09864583333333334,0.0961523639228962,0.025859375,0.02606770833333333,0.0037760416666666667
head5m|centre|cs662|t=60|S=50|F=0.2|FrontOnlyThroughMask,38400,11545569.979461817,0.8850238202964895,0.8822816003284962,0.8546354166666666,1.250379437378378,49.948776976104426,1.0,1.041626676009974,1.315988117360307,114.98133429179462,116.06097530890769,9.014671009333492,128,0,0.9784635416666667,0.8659635416666667,0.8630703463304163,0.1859375,0.18598958333333335,0.1125
head5m|centre|cs662|t=60|S=50|ideal,38400,11545569.979461817,,,0.8688802083333333,0,49.948776976104426,1.0,1.041626676009974,1.2503837267387452,109.24570077708027,108.52041399668276,8.084033547385623,128,0,,,,,,
head5m|centre|cs662|t=60|default|F=0.05|BareCrystalAllFaces,38400,1000000,0.17333333333333334,0.1418531999145506,0.08315104166666666,12.830939936936145,4.326228766960601,1.0,1.041626676009974,3.1787810782531265,277.8046455798514,277.50554872943735,6.094583350879052,128,0,0.009765625,0.0016927083333333334,0.0013629966415789725,0.0,0.0,0.008072916666666667
head5m|centre|cs662|t=60|default|F=0.05|FrontOnlyThroughMask,38400,1000000,0.20545447639305656,0.20136378769172464,0.05231770833333333,0.3125948593445945,4.326228766960601,1.0,1.041626676009974,3.8485068959653503,336.4777596795399,336.402277785783,4.4680126426177775,128,0,0.6855989583333333,0.140859375,0.13794645635484068,0.0,0.0,0.5447395833333334
head5m|centre|cs662|t=60|default|F=0.1|BareCrystalAllFaces,38400,1000000,0.14414414414414414,0.0925521482834546,0.081484375,25.66187987387229,4.326228766960601,1.0,1.041626676009974,3.1072780059046616,271.54193769440775,271.41391031969937,5.653086938027013,128,0,0.002890625,0.0004166666666666667,0.00026136993531256764,0.0,7.8125e-05,0.0024739583333333332
head5m|centre|cs662|t=60|default|F=0.1|FrontOnlyThroughMask,38400,1000000,0.19855983450031828,0.19442716396881224,0.056484375,0.625189718689189,4.326228766960601,1.0,1.041626676009974,3.7804522406471768,330.5152080968835,330.242931551721,5.062736075153957,128,0,0.6545833333333333,0.12997395833333333,0.12715902898190415,0.0,0.0,0.524609375
head5m|centre|cs662|t=60|default|F=0.2|BareCrystalAllFaces,38400,1000000,0.09929078014184398,0.06103133838132868,0.08322916666666667,51.32375974774458,4.326228766960601,1.0,1.041626676009974,3.0244745687737766,264.29124328882216,264.479515195033,5.184800447452356,128,0,0.003671875,0.00036458333333333335,0.00022042805986020682,2.604166666666667e-05,0.00013020833333333333,0.0033072916666666667
head5m|centre|cs662|t=60|default|F=0.2|FrontOnlyThroughMask,38400,1000000,0.20085575578046572,0.19489020421572412,0.05890625,1.250379437378378,4.326228766960601,1.0,1.041626676009974,3.6861226571814285,322.2467902582026,321.87531474120436,4.895166661175335,128,0,0.316484375,0.06356770833333333,0.0615311869582321,0.0,0.0,0.2529166666666667
head5m|centre|cs662|t=60|default|ideal,38400,1000000,,,0.049375,0,4.326228766960601,1.0,1.041626676009974,3.8998157541661165,340.97400161527855,340.81909738637455,4.893236023243145,128,0,,,,,,
head5m|centre|open|t=10|S=1000|F=0.05|BareCrystalAllFaces,38400,551509757.9998616,1.0,0.9999219891817117,1.0,167.58498105779404,997.9613757791516,1.0,1.041626676009974,0.44921869302523343,39.20252961161296,39.20142501353309,0.012882808808863623,128,0,1.0,1.0,0.9999219891817117,1.0,1.0,0.0
head5m|centre|open|t=10|S=1000|F=0.05|FrontOnlyThroughMask,38400,551509757.9998616,1.0,0.9999219891817117,1.0,0.6413687897939254,997.9613757791516,1.0,1.041626676009974,0.44653421745869226,38.968250564818895,38.967870862141886,0.007376815961364374,128,0,1.0,1.0,0.9999219891817117,1.0,1.0,0.0
head5m|centre|open|t=10|S=1000|F=0.1|BareCrystalAllFaces,38400,551509757.9998616,1.0,0.9999219891817117,1.0,335.1699621155881,997.9613757791516,1.0,1.041626676009974,0.4522362228634986,39.46587555413728,39.4598714935848,0.027863543301702022,128,0,1.0,1.0,0.9999219891817117,1.0,1.0,0.0
head5m|centre|open|t=10|S=1000|F=0.1|FrontOnlyThroughMask,38400,551509757.9998616,1.0,0.9999219891817117,1.0,1.2827375795878508,997.9613757791516,1.0,1.041626676009974,0.4465449102045816,38.96918373950519,38.969434618040005,0.007613475434898141,128,0,1.0,1.0,0.9999219891817117,1.0,1.0,0.0
head5m|centre|open|t=10|S=1000|F=0.2|BareCrystalAllFaces,38400,551509757.9998616,1.0,0.9999219891817117,1.0,670.3399242311762,997.9613757791516,1.0,1.041626676009974,0.4610906323455309,40.23862289223608,40.22256712051353,0.11536021706934509,128,0,1.0,1.0,0.9999219891817117,1.0,1.0,0.0
head5m|centre|open|t=10|S=1000|F=0.2|FrontOnlyThroughMask,38400,551509757.9998616,1.0,0.9999219891817117,1.0,2.5654751591757017,997.9613757791516,1.0,1.041626676009974,0.4465420968143502,38.96893821885988,38.968714678289246,0.008079467375766015,128,0,1.0,1.0,0.9999219891817117,1.0,1.0,0.0
head5m|centre|open|t=10|S=1000|ideal,38400,551509757.9998616,,,1.0,0,997.9613757791516,1.0,1.041626676009974,0.4465434451185882,38.96905588362272,38.96814424828911,0.006872127499092365,128,0,,,,,,
head5m|centre|open|t=10|S=100|F=0.05|BareCrystalAllFaces,38400,55150975.79998616,0.98391455411144,0.9824922090412708,0.94140625,167.58498105779404,99.79613757791515,1.0,1.041626676009974,0.77853236956652,67.97331545933476,67.74680425465684,5.328956877189937,128,0,0.607109375,0.59734375,0.5932087657610926,0.39765625,0.40010416666666665,0.009765625
head5m|centre|open|t=10|S=100|F=0.05|FrontOnlyThroughMask,38400,55150975.79998616,0.9988802083333334,0.9985562496896281,0.9982291666666666,0.6413687897939254,99.79613757791515,1.0,1.041626676009974,0.49640695473484314,43.324294134023376,42.15072427632596,2.2461327554934023,128,0,1.0,0.9988802083333334,0.9985562496896281,0.8761979166666667,0.87625,0.0011197916666666667
head5m|centre|open|t=10|S=100|F=0.1|BareCrystalAllFaces,38400,55150975.79998616,0.9618279569892473,0.9587090631189156,0.7974739583333333,335.1699621155881,99.79613757791515,1.0,1.041626676009974,1.1818235658398977,103.19935127624393,102.64100535096586,5.39018739313901,128,0,0.290625,0.27953125,0.2757637284576253,0.11971354166666667,0.121015625,0.01109375
head5m|centre|open|t=10|S=100|F=0.1|FrontOnlyThroughMask,38400,55150975.79998616,0.9986977810188561,0.9983520126676924,0.997578125,1.2827375795878508,99.79613757791515,1.0,1.041626676009974,0.502624765352024,43.868052676486684,42.32002389181244,2.691801648669948,128,0,0.9998958333333333,0.99859375,0.9982362508554706,0.8689322916666666,0.868984375,0.0013020833333333333
head5m|centre|open|t=10|S=100|F=0.2|BareCrystalAllFaces,38400,55150975.79998616,0.9259615384615385,0.9177906132950362,0.517578125,670.3399242311762,99.79613757791515,1.0,1.041626676009974,1.7073242157311384,149.0988145072291,149.5082507111241,4.77343528543152,128,0,0.08125,0.075234375,0.07303110323204462,0.023828125,0.024661458333333334,0.006015625
head5m|centre|open|t=10|S=100|F=0.2|FrontOnlyThroughMask,38400,55150975.79998616,0.9983847015605867,0.998004731771393,0.9970833333333333,2.5654751591757017,99.79613757791515,1.0,1.041626676009974,0.5023126910170156,43.840894480358884,42.7233457791193,2.609077258723151,128,0,0.9995572916666666,0.9979427083333333,0.9975198423074656,0.8623958333333334,0.8623958333333334,0.0016145833333333333
head5m|centre|open|t=10|S=100|ideal,38400,55150975.79998616,,,0.99796875,0,99.79613757791515,1.0,1.041626676009974,0.5013293883773878,43.75495885506909,42.17208262153421,2.7474853815595806,128,0,,,,,,
head5m|centre|open|t=10|S=250|F=0.05|BareCrystalAllFaces,38400,137877439.4999654,0.9999739583333334,0.9998764678836031,1.0,167.58498105779404,249.4903439447879,1.0,1.041626676009974,0.4744123054761755,41.401252636297755,41.405420643486806,0.18792514237081326,128,0,1.0,0.9999739583333334,0.9998764678836031,0.9999479166666667,0.9999739583333334,2.604166666666667e-05
head5m|centre|open|t=10|S=250|F=0.05|FrontOnlyThroughMask,38400,137877439.4999654,1.0,0.9999219891817117,1.0,0.6413687897939254,249.4903439447879,1.0,1.041626676009974,0.4525607374494894,39.49420487254417,39.49771881364261,0.11934079815687777,128,0,1.0,1.0,0.9999219891817117,1.0,1.0,0.0
head5m|centre|open|t=10|S=250|F=0.1|BareCrystalAllFaces,38400,137877439.4999654,0.9991663192997082,0.9988803588990233,0.9996354166666667,335.1699621155881,249.4903439447879,1.0,1.041626676009974,0.5070793957633445,44.25249098137522,44.10409354498927,0.6825830847946212,128,0,0.9995833333333334,0.99875,0.9984103258348922,0.9954947916666667,0.9961197916666666,0.0008333333333333334
head5m|centre|open|t=10|S=250|F=0.1|FrontOnlyThroughMask,38400,137877439.4999654,1.0,0.9999219891817117,1.0,1.2827375795878508,249.4903439447879,1.0,1.041626676009974,0.45283244304937376,39.51791751959118,39.513601492185984,0.12190342733154069,128,0,1.0,1.0,0.9999219891817117,1.0,1.0,0.0
head5m|centre|open|t=10|S=250|F=0.2|BareCrystalAllFaces,38400,137877439.4999654,0.9953884548611112,0.9947644818421005,0.9878385416666666,670.3399242311762,249.4903439447879,1.0,1.041626676009974,0.6022481884611307,52.56332748850831,52.21409355102324,2.5959181293272007,128,0,0.96,0.9555729166666667,0.9538047416522099,0.8880208333333334,0.8900260416666667,0.004427083333333333
head5m|centre|open|t=10|S=250|F=0.2|FrontOnlyThroughMask,38400,137877439.4999654,1.0,0.9999219891817117,1.0,2.5654751591757017,249.4903439447879,1.0,1.041626676009974,0.45251635521408806,39.490331416715065,39.48328039671368,0.1274736086495952,128,0,1.0,1.0,0.9999219891817117,1.0,1.0,0.0
head5m|centre|open|t=10|S=250|ideal,38400,137877439.4999654,,,1.0,0,249.4903439447879,1.0,1.041626676009974,0.4526413075094993,39.50123650798414,39.48202738757151,0.12859118211022577,128,0,,,,,,
head5m|centre|open|t=10|S=25|F=0.05|BareCrystalAllFaces,38400,13787743.94999654,0.6,0.5503496247337234,0.28348958333333335,167.58498105779404,24.949034394478787,1.0,1.041626676009974,2.127454937734228,185.81273069958436,185.86008688924204,4.596053758730165,128,0,0.007552083333333333,0.00453125,0.003982452902622778,0.00078125,0.0011197916666666667,0.0030208333333333333
head5m|centre|open|t=10|S=25|F=0.05|FrontOnlyThroughMask,38400,13787743.94999654,0.6861542476836748,0.6822313317223114,0.6302864583333333,0.6413687897939254,24.949034394478787,1.0,1.041626676009974,2.031627191260549,177.53722737226744,178.1674970025756,7.9794836938274765,128,0,0.9977864583333333,0.6846354166666667,0.6807118659336964,0.017161458333333334,0.0171875,0.3131510416666667
head5m|centre|open|t=10|S=25|F=0.1|BareCrystalAllFaces,38400,13787743.94999654,0.35684647302904565,0.3055436657358539,0.17161458333333332,335.1699621155881,24.949034394478787,1.0,1.041626676009974,2.246602499607257,196.21343077367302,196.16524408819274,4.744199977020303,128,0,0.006276041666666667,0.0022395833333333334,0.0018580274070858379,0.00026041666666666666,0.000625,0.004036458333333334
head5m|centre|open|t=10|S=25|F=0.1|FrontOnlyThroughMask,38400,13787743.94999654,0.7108698130414957,0.7068617782409043,0.6238802083333334,1.2827375795878508,24.949034394478787,1.0,1.041626676009974,2.0505882096524655,179.19337500767125,180.2744519227028,7.839072154859718,128,0,0.91375,0.6495572916666666,0.6455312236073258,0.015911458333333333,0.015989583333333335,0.26419270833333336
head5m|centre|open|t=10|S=25|F=0.2|BareCrystalAllFaces,38400,13787743.94999654,0.2236024844720497,0.17066226624311387,0.08989583333333333,670.3399242311762,24.949034394478787,1.0,1.041626676009974,2.320104496352406,202.62849330180308,202.62383692014174,4.086525445030189,128,0,0.004192708333333333,0.0009375,0.0006961991006409208,0.00010416666666666667,0.000390625,0.0032552083333333335
head5m|centre|open|t=10|S=25|F=0.2|FrontOnlyThroughMask,38400,13787743.94999654,0.7605064949241349,0.7562336342493768,0.598046875,2.5654751591757017,24.949034394478787,1.0,1.041626676009974,2.1108440307392615,184.46092065526324,184.02546225708048,7.752783344782504,128,0,0.715703125,0.544296875,0.5401010541776503,0.014479166666666666,0.014505208333333333,0.17140625
head5m|centre|open|t=10|S=25|ideal,38400,13787743.94999654,,,0.646875,0,24.949034394478787,1.0,1.041626676009974,2.0015337946776057,174.90776672293114,174.76271574559948,9.12155689153389,128,0,,,,,,
head5m|centre|open|t=10|S=500|F=0.05|BareCrystalAllFaces,38400,275754878.9999308,1.0,0.9999219891817117,1.0,167.58498105779404,498.9806878895758,1.0,1.041626676009974,0.4542006786529534,39.63732045916428,39.64543963213376,0.07416308721396775,128,0,1.0,1.0,0.9999219891817117,1.0,1.0,0.0
head5m|centre|open|t=10|S=500|F=0.05|FrontOnlyThroughMask,38400,275754878.9999308,1.0,0.9999219891817117,1.0,0.6413687897939254,498.9806878895758,1.0,1.041626676009974,0.4469194053890226,39.00186709538019,38.99745056569613,0.028974977874475522,128,0,1.0,1.0,0.9999219891817117,1.0,1.0,0.0
head5m|centre|open|t=10|S=500|F=0.1|BareCrystalAllFaces,38400,275754878.9999308,1.0,0.9999219891817117,1.0,335.1699621155881,498.9806878895758,1.0,1.041626676009974,0.46721238653512603,40.77289023171712,40.76063012769122,0.16296750696261492,128,0,1.0,1.0,0.9999219891817117,1.0,1.0,0.0
head5m|centre|open|t=10|S=500|F=0.1|FrontOnlyThroughMask,38400,275754878.9999308,1.0,0.9999219891817117,1.0,1.2827375795878508,498.9806878895758,1.0,1.041626676009974,0.4468921759509062,38.99949070001053,38.998197844343466,0.027481818035828734,128,0,1.0,1.0,0.9999219891817117,1.0,1.0,0.0
head5m|centre|open|t=10|S=500|F=0.2|BareCrystalAllFaces,38400,275754878.9999308,1.0,0.9999219891817117,1.0,670.3399242311762,498.9806878895758,1.0,1.041626676009974,0.5013731806718259,43.75421415370472,43.76947121167127,0.24585836457139912,128,0,1.0,1.0,0.9999219891817117,1.0,1.0,0.0
head5m|centre|open|t=10|S=500|F=0.2|FrontOnlyThroughMask,38400,275754878.9999308,1.0,0.9999219891817117,1.0,2.5654751591757017,498.9806878895758,1.0,1.041626676009974,0.4469743341129359,39.00666087553404,39.000584804002195,0.029812471315647085,128,0,1.0,1.0,0.9999219891817117,1.0,1.0,0.0
head5m|centre|open|t=10|S=500|ideal,38400,275754878.9999308,,,1.0,0,498.9806878895758,1.0,1.041626676009974,0.44689383743292865,38.999635696575005,38.998109093654605,0.026669799620665787,128,0,,,,,,
head5m|centre|open|t=10|S=50|F=0.05|BareCrystalAllFaces,38400,27575487.89999308,0.9028697571743929,0.8920239216166475,0.5961458333333334,167.58498105779404,49.89806878895757,1.0,1.041626676009974,1.628547411459639,142.23192660690492,142.7297898920061,6.3154136623375425,128,0,0.058984375,0.05325520833333333,0.05138243717336244,0.016744791666666668,0.017604166666666667,0.005729166666666666
head5m|centre|open|t=10|S=50|F=0.05|FrontOnlyThroughMask,38400,27575487.89999308,0.9404396062294911,0.9384151939076308,0.9232552083333333,0.6413687897939254,49.89806878895757,1.0,1.041626676009974,1.0205211222929234,89.15564040118362,88.30871751758028,7.7217767719510375,128,0,0.9999479166666667,0.940390625,0.9383655043528347,0.25591145833333334,0.25609375,0.059557291666666665
head5m|centre|open|t=10|S=50|F=0.1|BareCrystalAllFaces,38400,27575487.89999308,0.7792746113989637,0.7561771161416311,0.3871875,335.1699621155881,49.89806878895757,1.0,1.041626676009974,1.9340213841305693,168.90723725728503,168.53071505850153,5.505274919450143,128,0,0.025130208333333334,0.019583333333333335,0.018434182159529987,0.0036979166666666666,0.004036458333333334,0.005546875
head5m|centre|open|t=10|S=50|F=0.1|FrontOnlyThroughMask,38400,27575487.89999308,0.9418152179628754,0.9398026201854162,0.9201041666666666,1.2827375795878508,49.89806878895757,1.0,1.041626676009974,1.0286546562714798,89.86477750115655,88.9505747179067,8.077380994956705,128,0,0.99046875,0.9328385416666667,0.9307002158432598,0.24880208333333334,0.248828125,0.057630208333333335
head5m|centre|open|t=10|S=50|F=0.2|BareCrystalAllFaces,38400,27575487.89999308,0.5327380952380952,0.4863954809048709,0.19359375,670.3399242311762,49.89806878895757,1.0,1.041626676009974,2.191474822426473,191.3922550834323,191.394565177394,4.849889120374443,128,0,0.00875,0.004661458333333333,0.004104643832340506,0.0007552083333333333,0.0011458333333333333,0.0040885416666666665
head5m|centre|open|t=10|S=50|F=0.2|FrontOnlyThroughMask,38400,27575487.89999308,0.9505077879061619,0.9486008727305711,0.9105989583333334,2.5654751591757017,49.89806878895757,1.0,1.041626676009974,1.0723578772659583,93.6854594256728,93.58439745332598,6.963464445816917,128,0,0.951328125,0.9042447916666667,0.9017391845695001,0.235546875,0.23567708333333334,0.04708333333333333
head5m|centre|open|t=10|S=50|ideal,38400,27575487.89999308,,,0.9253125,0,49.89806878895757,1.0,1.041626676009974,1.0063710841588256,87.91809383131942,87.93176004233443,7.820138515988918,128,0,,,,,,
head5m|centre|open|t=10|default|F=0.05|BareCrystalAllFaces,38400,1000000,0.08256880733944955,0.043750424048200245,0.07276041666666666,167.58498105779404,1.80950810262799,1.0,1.041626676009974,2.421330642576895,211.4846737004476,211.8007072246891,4.164723921364156,128,0,0.0028385416666666667,0.000234375,0.0001222768124639261,0.0,0.0003125,0.0026041666666666665
head5m|centre|open|t=10|default|F=0.05|FrontOnlyThroughMask,38400,1000000,0.20668397144711226,0.19977214240874086,0.009895833333333333,0.6413687897939254,1.80950810262799,1.0,1.041626676009974,4.394808909744684,384.35887899772325,384.1012559828732,3.6149255026169733,128,0,0.24078125,0.049765625,0.04795249240327433,0.0,0.0,0.191015625
head5m|centre|open|t=10|default|F=0.1|BareCrystalAllFaces,38400,1000000,0.10256410256410256,0.06539758081530933,0.05364583333333333,335.1699621155881,1.80950810262799,1.0,1.041626676009974,2.41087972719757,210.56537830682186,210.38754516955532,3.86158049294959,128,0,0.0040625,0.0004166666666666667,0.00026136993531256764,0.0,0.0003385416666666667,0.0036458333333333334
head5m|centre|open|t=10|default|F=0.1|FrontOnlyThroughMask,38400,1000000,0.16345241858994625,0.15271282230873867,0.013880208333333333,1.2827375795878508,1.80950810262799,1.0,1.041626676009974,4.229220280756838,369.83870255733467,369.8898688081713,4.488941308799482,128,0,0.08236979166666666,0.013463541666666667,0.012510464105430705,0.0,0.0,0.06890625
head5m|centre|open|t=10|default|F=0.2|BareCrystalAllFaces,38400,1000000,0.1037037037037037,0.063792361453242,0.03403645833333333,670.3399242311762,1.80950810262799,1.0,1.041626676009974,2.4009463705135934,209.6911868552669,209.4408328922265,4.125957118745352,128,0,0.003515625,0.00036458333333333335,0.00022042805986020682,2.604166666666667e-05,0.000390625,0.0031510416666666666
head5m|centre|open|t=10|default|F=0.2|FrontOnlyThroughMask,38400,1000000,0.17295373665480426,0.15651859708826368,0.026875,2.5654751591757017,1.80950810262799,1.0,1.041626676009974,3.9433316157415845,344.77885828613427,344.7410847693475,4.494764479494745,128,0,0.03658854166666667,0.006328125,0.005677308385077735,0.0,0.0,0.030260416666666668
head5m|centre|open|t=10|default|ideal,38400,1000000,,,0.0053125,0,1.80950810262799,1.0,1.041626676009974,4.561907800817116,399.0156302838503,399.4008206523609,3.4261835255729953,128,0,,,,,,
head5m|centre|open|t=60|S=1000|F=0.05|BareCrystalAllFaces,38400,91918292.99997693,1.0,0.9999219891817117,1.0,1005.5098863467643,997.9613757791516,1.0,1.041626676009974,0.4762925810765031,41.565344438025804,41.5689576454251,0.19174672946613133,128,0,1.0,1.0,0.9999219891817117,1.0,1.0,0.0
head5m|centre|open|t=60|S=1000|F=0.05|FrontOnlyThroughMask,38400,91918292.99997693,1.0,0.9999219891817117,1.0,3.848212738763554,997.9613757791516,1.0,1.041626676009974,0.4465614124696652,38.97062392172829,38.97036762138522,0.006977347841872231,128,0,1.0,1.0,0.9999219891817117,1.0,1.0,0.0
head5m|centre|open|t=60|S=1000|F=0.1|BareCrystalAllFaces,38400,91918292.99997693,1.0,0.9999219891817117,1.0,2011.0197726935287,997.9613757791516,1.0,1.041626676009974,0.5356580258114108,46.746373236655046,46.72940042265304,0.28592330492044776,128,0,1.0,1.0,0.9999219891817117,1.0,1.0,0.0
head5m|centre|open|t=60|S=1000|F=0.1|FrontOnlyThroughMask,38400,91918292.99997693,1.0,0.9999219891817117,1.0,7.696425477527108,997.9613757791516,1.0,1.041626676009974,0.446568109342487,38.97120837379237,38.97105155347079,0.0073427913923904764,128,0,1.0,1.0,0.9999219891817117,1.0,1.0,0.0
head5m|centre|open|t=60|S=1000|F=0.2|BareCrystalAllFaces,38400,91918292.99997693,0.9999739583333334,0.9998764678836031,0.9997916666666666,4022.0395453870574,997.9613757791516,1.0,1.041626676009974,0.5913539433057444,51.607263653496204,51.552040412831204,0.29782466655770395,128,0,1.0,0.9999739583333334,0.9998764678836031,0.9999739583333334,1.0,2.604166666666667e-05
head5m|centre|open|t=60|S=1000|F=0.2|FrontOnlyThroughMask,38400,91918292.99997693,1.0,0.9999219891817117,1.0,15.392850955054216,997.9613757791516,1.0,1.041626676009974,0.4466172001844848,38.97549261420903,38.974749279153436,0.0066121405314493184,128,0,1.0,1.0,0.9999219891817117,1.0,1.0,0.0
head5m|centre|open|t=60|S=1000|ideal,38400,91918292.99997693,,,1.0,0,997.9613757791516,1.0,1.041626676009974,0.4465347035302538,38.96829298513595,38.967382434021445,0.007338571443855893,128,0,,,,,,
head5m|centre|open|t=60|S=100|F=0.05|BareCrystalAllFaces,38400,9191829.299997693,0.8784576697401508,0.8617812868000257,0.333671875,1005.5098863467643,99.79613757791515,1.0,1.041626676009974,1.967051102001351,171.78348765087364,171.36786711963094,4.888348913884912,128,0,0.031067708333333333,0.027291666666666665,0.02593751741418604,0.008151041666666666,0.008802083333333334,0.0037760416666666667
head5m|centre|open|t=60|S=100|F=0.05|FrontOnlyThroughMask,38400,9191829.299997693,0.9987477825315663,0.9984075062735046,0.99734375,3.848212738763554,99.79613757791515,1.0,1.041626676009974,0.5048639859339316,44.065214464691486,42.944629428632936,3.0392193252407633,128,0,0.9982291666666666,0.9969791666666666,0.9964763586150304,0.8580208333333333,0.858046875,0.00125
head5m|centre|open|t=60|S=100|F=0.1|BareCrystalAllFaces,38400,9191829.299997693,0.6768867924528302,0.6375064590102826,0.11192708333333333,2011.0197726935287,99.79613757791515,1.0,1.041626676009974,2.217553220995605,193.65871327375936,193.2497246721987,4.991781203181938,128,0,0.011041666666666667,0.007473958333333333,0.006765715617192144,0.00171875,0.0021875,0.0035677083333333333
head5m|centre|open|t=60|S=100|F=0.1|FrontOnlyThroughMask,38400,9191829.299997693,0.9985550651534258,0.9981915142277176,0.9961458333333333,7.696425477527108,99.79613757791515,1.0,1.041626676009974,0.5111601240580865,44.61576643492283,43.779056800533496,3.4098015868914144,128,0,0.99125,0.9898177083333334,0.988933967397919,0.8321614583333333,0.8321614583333333,0.0014322916666666666
head5m|centre|open|t=60|S=100|F=0.2|BareCrystalAllFaces,38400,9191829.299997693,0.39037433155080214,0.33065029575826627,0.020364583333333332,4022.0395453870574,99.79613757791515,1.0,1.041626676009974,2.2585853321255795,197.23385472239343,197.3279763722644,4.9857860683545505,128,0,0.004869791666666666,0.0019010416666666668,0.0015507048332341648,0.0004166666666666667,0.0010416666666666667,0.00296875
head5m|centre|open|t=60|S=100|F=0.2|FrontOnlyThroughMask,38400,9191829.299997693,0.9988875624050358,0.9985568532671236,0.9940364583333333,15.392850955054216,99.79613757791515,1.0,1.041626676009974,0.5271638735727513,46.0169058185397,45.66061002208968,3.865612320079954,128,0,0.9597916666666667,0.9587239583333333,0.9570153049714423,0.7729166666666667,0.773046875,0.0010677083333333333
head5m|centre|open|t=60|S=100|ideal,38400,9191829.299997693,,,0.9978385416666666,0,99.79613757791515,1.0,1.041626676009974,0.500999843422106,43.726020505353965,42.24693763601604,2.620458764078539,128,0,,,,,,
head5m|centre|open|t=60|S=250|F=0.05|BareCrystalAllFaces,38400,22979573.249994233,0.9912359840185591,0.990314650679808,0.937578125,1005.5098863467643,249.4903439447879,1.0,1.041626676009974,0.79500905847713,69.40141352437138,69.0145217376118,4.603971195675685,128,0,0.8082291666666667,0.8011458333333333,0.7977657185283799,0.6565104166666667,0.6588541666666666,0.007083333333333333
head5m|centre|open|t=60|S=250|F=0.05|FrontOnlyThroughMask,38400,22979573.249994233,1.0,0.9999219891817117,1.0,3.848212738763554,249.4903439447879,1.0,1.041626676009974,0.45231904644962356,39.47311162284526,39.4663397807313,0.12773220604647087,128,0,1.0,1.0,0.9999219891817117,1.0,1.0,0.0
head5m|centre|open|t=60|S=250|F=0.1|BareCrystalAllFaces,38400,22979573.249994233,0.9767774205073241,0.9745726084254702,0.609921875,2011.0197726935287,249.4903439447879,1.0,1.041626676009974,1.4975581886235074,130.7659364371498,130.57038358090995,5.4318727394851605,128,0,0.364453125,0.35598958333333336,0.3519656214950282,0.19770833333333335,0.19963541666666668,0.008463541666666666
head5m|centre|open|t=60|S=250|F=0.1|FrontOnlyThroughMask,38400,22979573.249994233,1.0,0.9999219891817117,1.0,7.696425477527108,249.4903439447879,1.0,1.041626676009974,0.4517780962293354,39.42590094781262,39.419980609880724,0.1205788724840029,128,0,1.0,1.0,0.9999219891817117,0.9999739583333334,0.9999739583333334,0.0
head5m|centre|open|t=60|S=250|F=0.2|BareCrystalAllFaces,38400,22979573.249994233,0.9401555954518253,0.9329661709089491,0.17591145833333333,4022.0395453870574,249.4903439447879,1.0,1.041626676009974,2.065306270757613,180.35030441118886,179.73415863336692,5.407021689750176,128,0,0.08703125,0.08182291666666666,0.07953260480263348,0.03494791666666667,0.036223958333333334,0.005208333333333333
head5m|centre|open|t=60|S=250|F=0.2|FrontOnlyThroughMask,38400,22979573.249994233,1.0,0.9999219891817117,1.0,15.392850955054216,249.4903439447879,1.0,1.041626676009974,0.451282569437658,39.38265441453125,39.37818479283177,0.10569882372439716,128,0,1.0,1.0,0.9999219891817117,1.0,1.0,0.0
head5m|centre|open|t=60|S=250|ideal,38400,22979573.249994233,,,1.0,0,249.4903439447879,1.0,1.041626676009974,0.45276755451459244,39.512254521035985,39.5132148298044,0.12330801917526157,128,0,,,,,,
head5m|centre|open|t=60|S=25|F=0.05|BareCrystalAllFaces,38400,2297957.324999423,0.17272727272727273,0.1161631601455636,0.058333333333333334,1005.5098863467643,24.949034394478787,1.0,1.041626676009974,2.344078546952623,204.72006124864762,204.28237554482104,4.589636478593744,128,0,0.002864583333333333,0.0004947916666666667,0.00032403262454585766,0.0,0.00013020833333333333,0.0023697916666666667
head5m|centre|open|t=60|S=25|F=0.05|FrontOnlyThroughMask,38400,2297957.324999423,0.8109259609922363,0.8064393042381803,0.5838020833333334,3.848212738763554,24.949034394478787,1.0,1.041626676009974,2.1454322953374314,187.48406755848222,187.61810420430538,8.070156223331015,128,0,0.5501041666666666,0.44609375,0.4419113752290528,0.013984375,0.013984375,0.10401041666666666
head5m|centre|open|t=60|S=25|F=0.1|BareCrystalAllFaces,38400,2297957.324999423,0.10810810810810811,0.06357540609260037,0.019114583333333334,2011.0197726935287,24.949034394478787,1.0,1.041626676009974,2.3444642102187667,204.7463930517826,204.8177764122242,4.296842806862081,128,0,0.002890625,0.0003125,0.00018032760484915498,5.208333333333334e-05,0.000390625,0.002578125
head5m|centre|open|t=60|S=25|F=0.1|FrontOnlyThroughMask,38400,2297957.324999423,0.8872406639004149,0.8818030911302275,0.5345833333333333,7.696425477527108,24.949034394478787,1.0,1.041626676009974,2.2701905968093112,198.3882834080349,197.0462829829626,7.458438849361815,128,0,0.25104166666666666,0.222734375,0.21924439184455688,0.010442708333333333,0.01046875,0.028307291666666668
head5m|centre|open|t=60|S=25|F=0.2|BareCrystalAllFaces,38400,2297957.324999423,0.12149532710280374,0.07338353996760273,0.003671875,4022.0395453870574,24.949034394478787,1.0,1.041626676009974,2.2782579531680858,198.95259463774505,198.98384761780704,5.039094973578399,128,0,0.0027864583333333335,0.0003385416666666667,0.0002002606751686466,0.00013020833333333333,0.0005729166666666667,0.002447916666666667
head5m|centre|open|t=60|S=25|F=0.2|FrontOnlyThroughMask,38400,2297957.324999423,0.9063806074115353,0.8979960164924534,0.46041666666666664,15.392850955054216,24.949034394478787,1.0,1.041626676009974,2.4061146362551873,210.26175545488397,210.2267001116799,8.115483692278556,128,0,0.09346354166666666,0.08471354166666667,0.08238646926213536,0.007135416666666667,0.007291666666666667,0.00875
head5m|centre|open|t=60|S=25|ideal,38400,2297957.324999423,,,0.6459895833333333,0,24.949034394478787,1.0,1.041626676009974,2.0022765151142345,174.9736200551339,175.10356066808248,7.645901185795565,128,0,,,,,,
head5m|centre|open|t=60|S=500|F=0.05|BareCrystalAllFaces,38400,45959146.49998847,0.9999739583333334,0.9998764678836031,1.0,1005.5098863467643,498.9806878895758,1.0,1.041626676009974,0.53220010157992,46.44458941060712,46.46062753854004,0.2627555528322167,128,0,1.0,0.9999739583333334,0.9998764678836031,0.9999739583333334,1.0,2.604166666666667e-05
head5m|centre|open|t=60|S=500|F=0.05|FrontOnlyThroughMask,38400,45959146.49998847,1.0,0.9999219891817117,1.0,3.848212738763554,498.9806878895758,1.0,1.041626676009974,0.44698115804552196,39.00725638821429,39.00750400361433,0.028688029945529686,128,0,1.0,1.0,0.9999219891817117,1.0,1.0,0.0
head5m|centre|open|t=60|S=500|F=0.1|BareCrystalAllFaces,38400,45959146.49998847,0.9991127811700851,0.9988189823454213,0.99234375,2011.0197726935287,498.9806878895758,1.0,1.041626676009974,0.6138701041693129,53.574643714243244,53.3787707376528,1.5744681051072205,128,0,0.99796875,0.9970833333333333,0.9965884808824201,0.9920052083333334,0.9925520833333333,0.0008854166666666666
head5m|centre|open|t=60|S=500|F=0.1|FrontOnlyThroughMask,38400,45959146.49998847,1.0,0.9999219891817117,1.0,7.696425477527108,498.9806878895758,1.0,1.041626676009974,0.44695722984186276,39.005168044766904,39.00101207716449,0.026907979710493374,128,0,1.0,1.0,0.9999219891817117,1.0,1.0,0.0
head5m|centre|open|t=60|S=500|F=0.2|BareCrystalAllFaces,38400,45959146.49998847,0.9923821039903264,0.9915477122396226,0.77328125,4022.0395453870574,498.9806878895758,1.0,1.041626676009974,1.172740987698976,102.3898817963387,102.2848597023262,6.535597233327044,128,0,0.8614583333333333,0.8548958333333333,0.8519066177510716,0.7475260416666667,0.750078125,0.0065625
head5m|centre|open|t=60|S=500|F=0.2|FrontOnlyThroughMask,38400,45959146.49998847,1.0,0.9999219891817117,1.0,15.392850955054216,498.9806878895758,1.0,1.041626676009974,0.4470563878524842,39.013821755507344,39.008596668340616,0.02729749457607601,128,0,1.0,1.0,0.9999219891817117,1.0,1.0,0.0
head5m|centre|open|t=60|S=500|ideal,38400,45959146.49998847,,,1.0,0,498.9806878895758,1.0,1.041626676009974,0.44692911719185074,39.00271468586997,39.00132240174665,0.026488727395207738,128,0,,,,,,
head5m|centre|open|t=60|S=50|F=0.05|BareCrystalAllFaces,38400,4595914.649998846,0.445,0.38560637086847493,0.11661458333333333,1005.5098863467643,49.89806878895757,1.0,1.041626676009974,2.2660394926026006,197.90151946919852,197.4991626049233,4.874138719324769,128,0,0.005208333333333333,0.0023177083333333335,0.0019292936218018519,0.000390625,0.00078125,0.002890625
head5m|centre|open|t=60|S=50|F=0.05|FrontOnlyThroughMask,38400,4595914.649998846,0.9584681146025879,0.9566613183965803,0.9069010416666666,3.848212738763554,49.89806878895757,1.0,1.041626676009974,1.090675796878062,95.28676543858055,95.19786529198481,7.819707194161151,128,0,0.9016666666666666,0.86421875,0.8613100024147673,0.22302083333333333,0.223046875,0.037447916666666664
head5m|centre|open|t=60|S=50|F=0.1|BareCrystalAllFaces,38400,4595914.649998846,0.2556818181818182,0.2021616693331116,0.035390625,2011.0197726935287,49.89806878895757,1.0,1.041626676009974,2.322667410793691,202.84189399595903,202.6768369714943,4.624277009005132,128,0,0.004583333333333333,0.001171875,0.0009001891634856202,0.00018229166666666667,0.00046875,0.003411458333333333
head5m|centre|open|t=60|S=50|F=0.1|FrontOnlyThroughMask,38400,4595914.649998846,0.9785915086859367,0.9771065047267022,0.887890625,7.696425477527108,49.89806878895757,1.0,1.041626676009974,1.164447399266599,101.73431187446798,102.16686856698604,8.087159849588488,128,0,0.7225520833333333,0.7070833333333333,0.7032387712390172,0.18731770833333333,0.18736979166666667,0.01546875
head5m|centre|open|t=60|S=50|F=0.2|BareCrystalAllFaces,38400,4595914.649998846,0.16666666666666666,0.10906806965474652,0.006276041666666667,4022.0395453870574,49.89806878895757,1.0,1.041626676009974,2.2765778601625124,198.8060019032898,199.29985256710967,4.624496382284728,128,0,0.00265625,0.0004427083333333333,0.00028210597311729144,0.00013020833333333333,0.0005208333333333333,0.0022135416666666666
head5m|centre|open|t=60|S=50|F=0.2|FrontOnlyThroughMask,38400,4595914.649998846,0.9867812652994614,0.9853098831113063,0.8423697916666667,15.392850955054216,49.89806878895757,1.0,1.041626676009974,1.3500523246510592,117.95962832803382,117.26119688624522,8.877941098369563,128,0,0.4787239583333333,0.47239583333333335,0.4681939280182918,0.13424479166666667,0.134375,0.006328125
head5m|centre|open|t=60|S=50|ideal,38400,4595914.649998846,,,0.9260677083333333,0,49.89806878895757,1.0,1.041626676009974,0.9978254572828472,87.16930160697714,88.01542007133617,8.208335129427914,128,0,,,,,,
head5m|centre|open|t=60|default|F=0.05|BareCrystalAllFaces,38400,1000000,0.15053763440860216,0.09336536489199719,0.03434895833333333,1005.5098863467643,10.85704861576794,1.0,1.041626676009974,2.374509220433468,207.37791818967415,206.97518087171045,4.442542330214029,128,0,0.002421875,0.00036458333333333335,0.00022042805986020682,2.604166666666667e-05,0.00026041666666666666,0.0020572916666666665
head5m|centre|open|t=60|default|F=0.05|FrontOnlyThroughMask,38400,1000000,0.48641891123991365,0.47760198521013647,0.23455729166666667,3.848212738763554,10.85704861576794,1.0,1.041626676009974,2.9640720996423093,259.0480281063082,259.10702031999483,6.582316627478859,128,0,0.229140625,0.11145833333333334,0.1088255415872061,0.00013020833333333333,0.00013020833333333333,0.11768229166666666
head5m|centre|open|t=60|default|F=0.1|BareCrystalAllFaces,38400,1000000,0.08333333333333333,0.048787827039311026,0.013880208333333333,2011.0197726935287,10.85704861576794,1.0,1.041626676009974,2.3512785123566466,205.34146514351113,205.32321723378314,4.212796359701347,128,0,0.00375,0.0003125,0.00018032760484915498,0.0,0.0004166666666666667,0.0034375
head5m|centre|open|t=60|default|F=0.1|FrontOnlyThroughMask,38400,1000000,0.5500679655641142,0.5323812718405081,0.200703125,7.696425477527108,10.85704861576794,1.0,1.041626676009974,2.99902680847465,262.0990356070069,262.1677108365566,6.218638346187158,128,0,0.05747395833333333,0.031614583333333335,0.0301591251745791,0.00015625,0.00015625,0.025859375
head5m|centre|open|t=60|default|F=0.2|BareCrystalAllFaces,38400,1000000,0.050505050505050504,0.02010875556758876,0.003046875,4022.0395453870574,10.85704861576794,1.0,1.041626676009974,2.2781721943629383,198.9450713567913,198.90201827737735,4.73474658889237,128,0,0.002578125,0.00013020833333333333,5.1307334440358466e-05,0.0,0.00028645833333333333,0.002447916666666667
head5m|centre|open|t=60|default|F=0.2|FrontOnlyThroughMask,38400,1000000,0.5499058380414312,0.5133104043195679,0.17252604166666666,15.392850955054216,10.85704861576794,1.0,1.041626676009974,3.0062766926407467,262.7230371190308,262.8446740403152,5.385849381466055,128,0,0.013828125,0.007604166666666667,0.0068896918794879546,7.8125e-05,0.00010416666666666667,0.006223958333333333
head5m|centre|open|t=60|default|ideal,38400,1000000,,,0.27565104166666665,0,10.85704861576794,1.0,1.041626676009974,2.945617272260753,257.44730467439757,257.60084170844254,6.355868337875612,128,0,,,,,,
head5m|edge3deg|cs662|t=10|S=1000|F=0.05|BareCrystalAllFaces,38400,1606857586.2527037,0.9998177083333334,0.9996576286129569,0.9996354166666667,2.1384899894893574,999.4372901963418,1.0,1.041626676009974,0.3181392460379952,27.81040551854939,26.01659086750808,5.134326356172997,128,0,1.0,0.9998177083333334,0.9996576286129569,0.9998177083333334,1.0,0.00018229166666666667
head5m|edge3deg|cs662|t=10|S=1000|F=0.05|FrontOnlyThroughMask,38400,1606857586.2527037,0.9897395833333333,0.9888526567973321,0.9997135416666667,0.05209914322409908,999.4372901963418,1.0,1.041626676009974,0.313299036774391,27.387708711451424,26.01659086750808,4.828692153215746,128,0,1.0,0.9897395833333333,0.9888526567973321,0.9897395833333333,1.0,0.010260416666666666
head5m|edge3deg|cs662|t=10|S=1000|F=0.1|BareCrystalAllFaces,38400,1606857586.2527037,0.9997916666666666,0.999624129158168,0.9997135416666667,4.276979978978715,999.4372901963418,1.0,1.041626676009974,0.31372916348999613,27.425255439218116,26.01659086750808,4.610923579917176,128,0,1.0,0.9997916666666666,0.999624129158168,0.9997916666666666,1.0,0.00020833333333333335
head5m|edge3deg|cs662|t=10|S=1000|F=0.1|FrontOnlyThroughMask,38400,1606857586.2527037,0.9896354166666667,0.9887442620521584,0.9997395833333333,0.10419828644819816,999.4372901963418,1.0,1.041626676009974,0.31183719500833135,27.260040174264475,26.01659086750808,4.640917417059485,128,0,1.0,0.9896354166666667,0.9887442620521584,0.9896354166666667,1.0,0.010364583333333333
head5m|edge3deg|cs662|t=10|S=1000|F=0.2|BareCrystalAllFaces,38400,1606857586.2527037,0.999921875,0.999798094358986,0.9997135416666667,8.55395995795743,999.4372901963418,1.0,1.041626676009974,0.31373741644103365,27.425976130282052,26.01659086750808,4.61070524315578,128,0,1.0,0.999921875,0.999798094358986,0.999921875,1.0,7.8125e-05
head5m|edge3deg|cs662|t=10|S=1000|F=0.2|FrontOnlyThroughMask,38400,1606857586.2527037,0.9898958333333333,0.9890152906205071,0.9997395833333333,0.20839657289639632,999.4372901963418,1.0,1.041626676009974,0.3122697819894716,27.297801828539452,26.01659086750808,4.415733833026393,128,0,1.0,0.9898958333333333,0.9890152906205071,0.9898958333333333,1.0,0.010104166666666666
head5m|edge3deg|cs662|t=10|S=1000|ideal,38400,1606857586.2527037,,,0.999765625,0,999.4372901963418,1.0,1.041626676009974,0.310809433981152,27.170263650639875,26.01659086750808,4.205947197661583,128,0,,,,,,
head5m|edge3deg|cs662|t=10|S=100|F=0.05|BareCrystalAllFaces,38400,160685758.62527037,0.7374783620420556,0.7335943620064734,0.732265625,2.1384899894893574,99.94372901963418,1.0,1.041626676009974,2.9223769853690778,255.34232000699134,255.57443324242317,15.367420976821503,128,0,0.9176822916666667,0.6767708333333333,0.6728221352648924,0.08768229166666666,0.090859375,0.24091145833333333
head5m|edge3deg|cs662|t=10|S=100|F=0.05|FrontOnlyThroughMask,38400,160685758.62527037,0.7347135416666667,0.7309817089608733,0.7402083333333334,0.05209914322409908,99.94372901963418,1.0,1.041626676009974,2.877246845175254,251.39971154460503,252.13272103172892,13.746156623755523,128,0,1.0,0.7347135416666667,0.7309817089608733,0.17203125,0.18286458333333333,0.2652864583333333
head5m|edge3deg|cs662|t=10|S=100|F=0.1|BareCrystalAllFaces,38400,160685758.62527037,0.7920996466183828,0.7881120192913831,0.72875,4.276979978978715,99.94372901963418,1.0,1.041626676009974,2.9328693494026226,256.259734966718,256.5101099640425,13.699987408256828,128,0,0.744296875,0.5895572916666667,0.5854103081060853,0.08466145833333333,0.08768229166666666,0.15473958333333335
head5m|edge3deg|cs662|t=10|S=100|F=0.1|FrontOnlyThroughMask,38400,160685758.62527037,0.73328125,0.7295431311018313,0.7396354166666667,0.10419828644819816,99.94372901963418,1.0,1.041626676009974,2.8744657200826427,251.1563286664014,250.96929240724808,15.357994175615827,128,0,1.0,0.73328125,0.7295431311018313,0.174609375,0.18591145833333333,0.26671875
head5m|edge3deg|cs662|t=10|S=100|F=0.2|BareCrystalAllFaces,38400,160685758.62527037,0.8582291943632013,0.8539777161190208,0.7113541666666666,8.55395995795743,99.94372901963418,1.0,1.041626676009974,3.0013533456137855,262.2428971126481,261.4462955759037,14.847569645193754,128,0,0.48971354166666664,0.42028645833333333,0.41613474111192406,0.07497395833333333,0.07778645833333334,0.06942708333333333
head5m|edge3deg|cs662|t=10|S=100|F=0.2|FrontOnlyThroughMask,38400,160685758.62527037,0.7316666666666667,0.7279215211723307,0.7424739583333333,0.20839657289639632,99.94372901963418,1.0,1.041626676009974,2.873419336393368,251.06470022394944,251.51472198766697,12.99782917984969,128,0,1.0,0.7316666666666667,0.7279215211723307,0.17609375,0.18671875,0.2683333333333333
head5m|edge3deg|cs662|t=10|S=100|ideal,38400,160685758.62527037,,,0.741171875,0,99.94372901963418,1.0,1.041626676009974,2.8766576449858845,251.34699148214926,250.11433184125195,16.41978359339971,128,0,,,,,,
head5m|edge3deg|cs662|t=10|S=250|F=0.05|BareCrystalAllFaces,38400,401714396.5631759,0.9612348573661587,0.9595751839462151,0.9509895833333334,2.1384899894893574,249.85932254908545,1.0,1.041626676009974,1.4454052673911495,126.28578318233099,128.05024269979404,17.874234104583294,128,0,0.999609375,0.960859375,0.9591925464599053,0.7565885416666667,0.770234375,0.03875
head5m|edge3deg|cs662|t=10|S=250|F=0.05|FrontOnlyThroughMask,38400,401714396.5631759,0.9337760416666666,0.9316513279929709,0.951953125,0.05209914322409908,249.85932254908545,1.0,1.041626676009974,1.437583055370341,125.6024362843176,127.79299839963421,16.947045969616223,128,0,1.0,0.9337760416666666,0.9316513279929709,0.8284635416666667,0.8677604166666667,0.06622395833333333
head5m|edge3deg|cs662|t=10|S=250|F=0.1|BareCrystalAllFaces,38400,401714396.5631759,0.9606812117407001,0.959006957918527,0.9498177083333333,4.276979978978715,249.85932254908545,1.0,1.041626676009974,1.4571936556625364,127.31573491069787,128.40312632874122,18.565131388703183,128,0,0.99546875,0.956328125,0.9545739890889802,0.7476822916666667,0.76109375,0.039140625
head5m|edge3deg|cs662|t=10|S=250|F=0.1|FrontOnlyThroughMask,38400,401714396.5631759,0.9333072916666667,0.9311757570788495,0.9519791666666667,0.10419828644819816,249.85932254908545,1.0,1.041626676009974,1.4418083172087652,125.97157947887148,123.8594825275654,15.951084343908242,128,0,1.0,0.9333072916666667,0.9311757570788495,0.8275260416666667,0.8669270833333333,0.06669270833333334
head5m|edge3deg|cs662|t=10|S=250|F=0.2|BareCrystalAllFaces,38400,401714396.5631759,0.9642409869700764,0.9626242212005436,0.9481770833333333,8.55395995795743,249.85932254908545,1.0,1.041626676009974,1.484440650220363,129.6957770020574,129.36077994718624,17.178194709393672,128,0,0.9773177083333333,0.9423697916666667,0.9403757690701635,0.7369791666666666,0.7510677083333334,0.03494791666666667
head5m|edge3deg|cs662|t=10|S=250|F=0.2|FrontOnlyThroughMask,38400,401714396.5631759,0.9356770833333333,0.9335803426521535,0.9534114583333333,0.20839657289639632,249.85932254908545,1.0,1.041626676009974,1.4162867337619462,123.74155562865849,124.23262339498172,17.41313302221905,128,0,1.0,0.9356770833333333,0.9335803426521535,0.8289322916666667,0.8678385416666666,0.06432291666666666
head5m|edge3deg|cs662|t=10|S=250|ideal,38400,401714396.5631759,,,0.9525520833333333,0,249.85932254908545,1.0,1.041626676009974,1.4322809295770227,125.13900002086925,124.30199872595372,18.60899837316849,128,0,,,,,,
head5m|edge3deg|cs662|t=10|S=25|F=0.05|BareCrystalAllFaces,38400,40171439.65631759,0.271714501510574,0.2666870027791346,0.23059895833333333,2.1384899894893574,24.985932254908544,1.0,1.041626676009974,4.401991795255252,384.6586858647021,385.3108917820481,11.147031506941579,128,0,0.5516666666666666,0.14989583333333334,0.14690608699754826,0.00026041666666666666,0.00026041666666666666,0.40177083333333335
head5m|edge3deg|cs662|t=10|S=25|F=0.05|FrontOnlyThroughMask,38400,40171439.65631759,0.27067708333333335,0.2669474861621829,0.2396875,0.05209914322409908,24.985932254908544,1.0,1.041626676009974,4.37224935064374,382.0634960895374,381.71395572088755,9.998174432457066,128,0,1.0,0.27067708333333335,0.2669474861621829,0.0009375,0.00109375,0.7293229166666667
head5m|edge3deg|cs662|t=10|S=25|F=0.1|BareCrystalAllFaces,38400,40171439.65631759,0.32320018852362437,0.3148364677730113,0.2203125,4.276979978978715,24.985932254908544,1.0,1.041626676009974,4.447583929909608,388.64191279709985,388.1717658648854,10.090729606597764,128,0,0.221015625,0.07143229166666666,0.06928147260737286,0.00015625,0.00020833333333333335,0.14958333333333335
head5m|edge3deg|cs662|t=10|S=25|F=0.1|FrontOnlyThroughMask,38400,40171439.65631759,0.2658541031851447,0.26214580458135944,0.236015625,0.10419828644819816,24.985932254908544,1.0,1.041626676009974,4.3961733764631665,384.1532864558712,384.35401942897465,10.432444631149556,128,0,0.999921875,0.2658333333333333,0.2621252731388471,0.001015625,0.0011197916666666667,0.7340885416666667
head5m|edge3deg|cs662|t=10|S=25|F=0.2|BareCrystalAllFaces,38400,40171439.65631759,0.39375,0.3766567599187168,0.20807291666666666,8.55395995795743,24.985932254908544,1.0,1.041626676009974,4.447150565498135,388.59850032326483,388.234805947431,10.172515337243553,128,0,0.058333333333333334,0.02296875,0.021725048485937013,0.00020833333333333335,0.000234375,0.03536458333333333
head5m|edge3deg|cs662|t=10|S=25|F=0.2|FrontOnlyThroughMask,38400,40171439.65631759,0.2693509740597979,0.26562702306379493,0.237734375,0.20839657289639632,24.985932254908544,1.0,1.041626676009974,4.3899381660922145,383.6074984493406,383.370142608141,10.308535345741289,128,0,0.9998958333333333,0.2693229166666667,0.2655992836467657,0.0008072916666666667,0.0009635416666666667,0.7305729166666667
head5m|edge3deg|cs662|t=10|S=25|ideal,38400,40171439.65631759,,,0.240703125,0,24.985932254908544,1.0,1.041626676009974,4.384642436442998,383.14672249420664,383.1819070090815,11.499161106507549,128,0,,,,,,
head5m|edge3deg|cs662|t=10|S=500|F=0.05|BareCrystalAllFaces,38400,803428793.1263518,0.9958333333333333,0.9952507705238774,0.993203125,2.1384899894893574,499.7186450981709,1.0,1.041626676009974,0.5952103799977329,52.010886669290464,54.031189314297656,15.94531784059492,128,0,1.0,0.9958333333333333,0.9952507705238774,0.994296875,0.9983333333333333,0.004166666666666667
head5m|edge3deg|cs662|t=10|S=500|F=0.05|FrontOnlyThroughMask,38400,803428793.1263518,0.9765104166666667,0.9751991252724784,0.9928385416666666,0.05209914322409908,499.7186450981709,1.0,1.041626676009974,0.6163060076568551,53.8534032137374,54.052926733556184,13.768500570553064,128,0,1.0,0.9765104166666667,0.9751991252724784,0.975546875,0.99875,0.023489583333333335
head5m|edge3deg|cs662|t=10|S=500|F=0.1|BareCrystalAllFaces,38400,803428793.1263518,0.995625,0.9950291856873069,0.9921614583333334,4.276979978978715,499.7186450981709,1.0,1.041626676009974,0.6369761360485079,55.65903132553076,54.053280526258135,14.821276671599437,128,0,1.0,0.995625,0.9950291856873069,0.9942708333333333,0.9985416666666667,0.004375
head5m|edge3deg|cs662|t=10|S=500|F=0.1|FrontOnlyThroughMask,38400,803428793.1263518,0.9762239583333333,0.9749051459531515,0.992578125,0.10419828644819816,499.7186450981709,1.0,1.041626676009974,0.6181923873115773,54.01837562671487,54.05287161274331,15.878530326978234,128,0,1.0,0.9762239583333333,0.9749051459531515,0.975078125,0.9984114583333333,0.023776041666666668
head5m|edge3deg|cs662|t=10|S=500|F=0.2|BareCrystalAllFaces,38400,803428793.1263518,0.9952864583333333,0.9946697725232927,0.9917447916666666,8.55395995795743,499.7186450981709,1.0,1.041626676009974,0.6434160069166746,56.221800088605114,54.05358176887573,17.030607332026985,128,0,1.0,0.9952864583333333,0.9946697725232927,0.9936458333333333,0.9982291666666666,0.004713541666666667
head5m|edge3deg|cs662|t=10|S=500|F=0.2|FrontOnlyThroughMask,38400,803428793.1263518,0.9766666666666667,0.9753594984384965,0.9924479166666667,0.20839657289639632,499.7186450981709,1.0,1.041626676009974,0.6217569556782193,54.329914234474664,54.05306978794364,16.465500142692363,128,0,1.0,0.9766666666666667,0.9753594984384965,0.976015625,0.9988802083333334,0.023333333333333334
head5m|edge3deg|cs662|t=10|S=500|ideal,38400,803428793.1263518,,,0.9927864583333333,0,499.7186450981709,1.0,1.041626676009974,0.6062279826486371,52.97348492364966,54.05302754456724,17.142411213208707,128,0,,,,,,
head5m|edge3deg|cs662|t=10|S=50|F=0.05|BareCrystalAllFaces,38400,80342879.31263518,0.48535413732076427,0.48039685763872886,0.4471614583333333,2.1384899894893574,49.97186450981709,1.0,1.041626676009974,3.8653262414207186,337.75061058212134,337.636624195525,12.822618497264695,128,0,0.721015625,0.3499479166666667,0.3459398946907142,0.007005208333333333,0.00734375,0.37106770833333336
head5m|edge3deg|cs662|t=10|S=50|F=0.05|FrontOnlyThroughMask,38400,80342879.31263518,0.47518229166666665,0.4709790029413752,0.459453125,0.05209914322409908,49.97186450981709,1.0,1.041626676009974,3.8176951785838558,333.5883215140514,333.7192277952648,12.288730015908392,128,0,1.0,0.47518229166666665,0.4709790029413752,0.019036458333333332,0.020729166666666667,0.5248177083333333
head5m|edge3deg|cs662|t=10|S=50|F=0.1|BareCrystalAllFaces,38400,80342879.31263518,0.5672918514763655,0.5607643363248593,0.4378125,4.276979978978715,49.97186450981709,1.0,1.041626676009974,3.888591374284493,339.7837100077321,339.53777743050637,11.870567358718088,128,0,0.41098958333333335,0.23315104166666667,0.22960376806752467,0.00578125,0.006328125,0.17783854166666666
head5m|edge3deg|cs662|t=10|S=50|F=0.1|FrontOnlyThroughMask,38400,80342879.31263518,0.477109375,0.47290520605437814,0.4599739583333333,0.10419828644819816,49.97186450981709,1.0,1.041626676009974,3.828280784056152,334.51357991941467,333.3074099561019,12.155898955873424,128,0,1.0,0.477109375,0.47290520605437814,0.017760416666666667,0.019088541666666667,0.522890625
head5m|edge3deg|cs662|t=10|S=50|F=0.2|BareCrystalAllFaces,38400,80342879.31263518,0.6790562378797673,0.669152766972612,0.418046875,8.55395995795743,49.97186450981709,1.0,1.041626676009974,3.9276343059344336,343.1915841695291,342.28714852788556,12.257107175399458,128,0,0.16114583333333332,0.10942708333333333,0.10681559565846951,0.004895833333333334,0.005364583333333333,0.05171875
head5m|edge3deg|cs662|t=10|S=50|F=0.2|FrontOnlyThroughMask,38400,80342879.31263518,0.47322916666666665,0.4690268339028805,0.4596354166666667,0.20839657289639632,49.97186450981709,1.0,1.041626676009974,3.8316976302783856,334.8131546392696,334.3880018087429,12.316245403167596,128,0,1.0,0.47322916666666665,0.4690268339028805,0.018046875,0.019661458333333333,0.5267708333333333
head5m|edge3deg|cs662|t=10|S=50|ideal,38400,80342879.31263518,,,0.4591145833333333,0,49.97186450981709,1.0,1.041626676009974,3.815418159615428,333.3892351294007,334.1156604632396,12.437357026288968,128,0,,,,,,
head5m|edge3deg|cs662|t=10|default|F=0.05|BareCrystalAllFaces,38400,1000000,0.02654867256637168,0.013918446563711847,0.0033854166666666668,2.1384899894893574,0.6219824947443504,1.0,1.041626676009974,6.190114011661336,541.1950289915977,541.660587003013,6.803090040402067,128,0,0.008828125,0.000234375,0.0001222768124639261,0.0,0.0,0.00859375
head5m|edge3deg|cs662|t=10|default|F=0.05|FrontOnlyThroughMask,38400,1000000,0.18454866688082236,0.17649194577494456,7.8125e-05,0.05209914322409908,0.6219824947443504,1.0,1.041626676009974,7.196258468978524,629.3061931763526,629.8076339442849,4.006821056661526,128,0,0.16213541666666667,0.029921875,0.028505125015289002,0.0,0.0,0.13221354166666666
head5m|edge3deg|cs662|t=10|default|F=0.1|BareCrystalAllFaces,38400,1000000,0.019230769230769232,0.006594835452061077,0.013984375,4.276979978978715,0.6219824947443504,1.0,1.041626676009974,5.543760639232792,484.581526662299,484.55638265551215,8.102879981718745,128,0,0.005416666666666667,0.00010416666666666667,3.558196516000094e-05,0.0,0.0,0.0053125
head5m|edge3deg|cs662|t=10|default|F=0.1|FrontOnlyThroughMask,38400,1000000,0.16324062877871826,0.15465785212512506,2.604166666666667e-05,0.10419828644819816,0.6219824947443504,1.0,1.041626676009974,7.171573813114977,627.1442537109539,627.46582638329,3.936327224188073,128,0,0.12921875,0.02109375,0.019901419467938167,0.0,0.0,0.108125
head5m|edge3deg|cs662|t=10|default|F=0.2|BareCrystalAllFaces,38400,1000000,0.0072992700729927005,0.00037433352838353714,0.027864583333333335,8.55395995795743,0.6219824947443504,1.0,1.041626676009974,5.034368655538121,439.9557175206637,438.9385139084296,9.256866369437315,128,0,0.0035677083333333333,2.604166666666667e-05,1.3357619825449646e-06,0.0,0.0,0.0035416666666666665
head5m|edge3deg|cs662|t=10|default|F=0.2|FrontOnlyThroughMask,38400,1000000,0.17408759124087592,0.1622513520115166,0.00010416666666666667,0.20839657289639632,0.6219824947443504,1.0,1.041626676009974,7.1048317573006585,621.2991856889805,621.4765522096811,4.276645426287352,128,0,0.07135416666666666,0.012421875,0.011506549267338637,0.0,0.0,0.058932291666666664
head5m|edge3deg|cs662|t=10|default|ideal,38400,1000000,,,0.00010416666666666667,0,0.6219824947443504,1.0,1.041626676009974,7.224906778305428,631.8156562641562,631.9965148005277,3.5534821726647516,128,0,,,,,,
head5m|edge3deg|cs662|t=60|S=1000|F=0.05|BareCrystalAllFaces,38400,267809597.70878392,0.9998177083333334,0.9996576286129569,0.999609375,12.830939936936145,999.4372901963417,1.0,1.041626676009974,0.31960119044215896,27.938083018812453,26.01659086750808,5.29129393234071,128,0,1.0,0.9998177083333334,0.9996576286129569,0.9998177083333334,1.0,0.00018229166666666667
head5m|edge3deg|cs662|t=60|S=1000|F=0.05|FrontOnlyThroughMask,38400,267809597.70878392,0.989609375,0.9887171667937399,0.99984375,0.3125948593445945,999.4372901963417,1.0,1.041626676009974,0.306403459327217,26.785472294176756,26.01659086750808,3.4773233451927363,128,0,1.0,0.989609375,0.9887171667937399,0.989609375,1.0,0.010390625
head5m|edge3deg|cs662|t=60|S=1000|F=0.1|BareCrystalAllFaces,38400,267809597.70878392,0.9998177083333334,0.9996576286129569,0.999609375,25.66187987387229,999.4372901963417,1.0,1.041626676009974,0.3191790795864024,27.901236278335308,26.01659086750808,5.485404417302842,128,0,1.0,0.9998177083333334,0.9996576286129569,0.9998177083333334,1.0,0.00018229166666666667
head5m|edge3deg|cs662|t=60|S=1000|F=0.1|FrontOnlyThroughMask,38400,267809597.70878392,0.990390625,0.9895306404015266,0.9995572916666666,0.625189718689189,999.4372901963417,1.0,1.041626676009974,0.32209884512164727,28.156231212300007,26.01659086750808,5.769273872716341,128,0,1.0,0.990390625,0.9895306404015266,0.990390625,1.0,0.009609375
head5m|edge3deg|cs662|t=60|S=1000|F=0.2|BareCrystalAllFaces,38400,267809597.70878392,0.9996875,0.9994937321570765,0.9996614583333333,51.32375974774458,999.4372901963417,1.0,1.041626676009974,0.31623915758081395,27.64448117488791,26.01659086750808,5.173912217509931,128,0,1.0,0.9996875,0.9994937321570765,0.9996875,1.0,0.0003125
head5m|edge3deg|cs662|t=60|S=1000|F=0.2|FrontOnlyThroughMask,38400,267809597.70878392,0.98953125,0.9886358891641532,0.999609375,1.250379437378378,999.4372901963417,1.0,1.041626676009974,0.3185537357066466,27.846641840110987,26.01659086750808,5.75340637846537,128,0,1.0,0.98953125,0.9886358891641532,0.98953125,1.0,0.01046875
head5m|edge3deg|cs662|t=60|S=1000|ideal,38400,267809597.70878392,,,0.9997135416666667,0,999.4372901963417,1.0,1.041626676009974,0.3137381973479052,27.426044491521594,26.01659086750808,4.6122480703651565,128,0,,,,,,
head5m|edge3deg|cs662|t=60|S=100|F=0.05|BareCrystalAllFaces,38400,26780959.770878393,0.8709957867986358,0.8663999999874632,0.7011979166666666,12.830939936936145,99.94372901963418,1.0,1.041626676009974,3.0492868114957203,266.4308973094422,268.33168104284516,14.726000368467036,128,0,0.38940104166666667,0.33916666666666667,0.33518884872764804,0.066171875,0.06861979166666667,0.050234375
head5m|edge3deg|cs662|t=60|S=100|F=0.05|FrontOnlyThroughMask,38400,26780959.770878393,0.7308694066781268,0.7271205198439307,0.739375,0.3125948593445945,99.94372901963418,1.0,1.041626676009974,2.87668539379025,251.35009709875348,251.80840074769046,13.818124809227232,128,0,0.99984375,0.7307552083333333,0.7270061240017559,0.1703125,0.18127604166666667,0.2690885416666667
head5m|edge3deg|cs662|t=60|S=100|F=0.1|BareCrystalAllFaces,38400,26780959.770878393,0.9032759107596724,0.8973044198528606,0.6696354166666667,25.66187987387229,99.94372901963418,1.0,1.041626676009974,3.1747576025948985,277.3940277831614,279.30508641212293,15.951842857055379,128,0,0.18442708333333332,0.16658854166666667,0.16346659529862786,0.04841145833333333,0.05067708333333333,0.017838541666666666
head5m|edge3deg|cs662|t=60|S=100|F=0.1|FrontOnlyThroughMask,38400,26780959.770878393,0.7273769509367102,0.7236124047654757,0.7352864583333333,0.625189718689189,99.94372901963418,1.0,1.041626676009974,2.8945467068418025,252.91102014953876,253.41441497979068,15.209467340148603,128,0,0.999453125,0.7269791666666666,0.7232139763642849,0.170859375,0.18080729166666668,0.2724739583333333
head5m|edge3deg|cs662|t=60|S=100|F=0.2|BareCrystalAllFaces,38400,26780959.770878393,0.8822350845948352,0.8740285755189059,0.6039583333333334,51.32375974774458,99.94372901963418,1.0,1.041626676009974,3.4014542368018903,297.19874026623563,296.4354776419426,15.870255722646785,128,0,0.11697916666666666,0.103203125,0.10065871834306135,0.028984375,0.030703125,0.013776041666666667
head5m|edge3deg|cs662|t=60|S=100|F=0.2|FrontOnlyThroughMask,38400,26780959.770878393,0.7338040086731186,0.730039341033606,0.73578125,1.250379437378378,99.94372901963418,1.0,1.041626676009974,2.9012578937306253,253.49940452208747,254.3866021795797,14.029007344915469,128,0,0.98484375,0.7226822916666666,0.7188991852136146,0.16908854166666668,0.179375,0.2621614583333333
head5m|edge3deg|cs662|t=60|S=100|ideal,38400,26780959.770878393,,,0.7419270833333333,0,99.94372901963418,1.0,1.041626676009974,2.8657945547255705,250.39794235549286,249.90499792774347,16.025545324177028,128,0,,,,,,
head5m|edge3deg|cs662|t=60|S=250|F=0.05|BareCrystalAllFaces,38400,66952399.42719598,0.9646456436931079,0.9630237438355941,0.9445572916666667,12.830939936936145,249.85932254908542,1.0,1.041626676009974,1.533150175041263,133.95156098606893,134.6481511619839,16.515299464653932,128,0,0.96125,0.927265625,0.9250487352291299,0.7190885416666667,0.732421875,0.033984375
head5m|edge3deg|cs662|t=60|S=250|F=0.05|FrontOnlyThroughMask,38400,66952399.42719598,0.934921875,0.9328139614539407,0.9522135416666667,0.3125948593445945,249.85932254908542,1.0,1.041626676009974,1.4347329920596348,125.35323007631077,124.66111557206136,17.347781219158527,128,0,1.0,0.934921875,0.9328139614539407,0.8308333333333333,0.8684895833333334,0.065078125
head5m|edge3deg|cs662|t=60|S=250|F=0.1|BareCrystalAllFaces,38400,66952399.42719598,0.9680763582966226,0.9664647844697071,0.9398697916666666,25.66187987387229,249.85932254908542,1.0,1.041626676009974,1.5868728164683288,138.64507903959813,140.92629844797415,17.893755219430258,128,0,0.88671875,0.8584114583333333,0.8554520777997061,0.67953125,0.6931770833333334,0.028307291666666668
head5m|edge3deg|cs662|t=60|S=250|F=0.1|FrontOnlyThroughMask,38400,66952399.42719598,0.93375,0.9316249066030683,0.9515885416666666,0.625189718689189,249.85932254908542,1.0,1.041626676009974,1.440032988895385,125.8166854639853,124.83077046165764,16.53970332460159,128,0,1.0,0.93375,0.9316249066030683,0.8244791666666667,0.8639583333333334,0.06625
head5m|edge3deg|cs662|t=60|S=250|F=0.2|BareCrystalAllFaces,38400,66952399.42719598,0.9657640049178777,0.9640370521513358,0.928515625,51.32375974774458,249.85932254908542,1.0,1.041626676009974,1.713296516701379,149.69101247686743,150.6242512679658,19.109660108126647,128,0,0.8260677083333333,0.7977864583333333,0.7943854429869687,0.6001041666666667,0.6134375,0.02828125
head5m|edge3deg|cs662|t=60|S=250|F=0.2|FrontOnlyThroughMask,38400,66952399.42719598,0.9319270833333333,0.9297756362095976,0.9515625,1.250379437378378,249.85932254908542,1.0,1.041626676009974,1.4470663211323311,126.43091626459942,127.24098880713932,16.032452998358785,128,0,1.0,0.9319270833333333,0.9297756362095976,0.8240625,0.8648697916666667,0.06807291666666666
head5m|edge3deg|cs662|t=60|S=250|ideal,38400,66952399.42719598,,,0.9517447916666667,0,249.85932254908542,1.0,1.041626676009974,1.4370529309342122,125.55628142759308,128.60749260071432,18.42385351830639,128,0,,,,,,
head5m|edge3deg|cs662|t=60|S=25|F=0.05|BareCrystalAllFaces,38400,6695239.942719598,0.3717277486910995,0.349838707406978,0.19489583333333332,12.830939936936145,24.985932254908544,1.0,1.041626676009974,4.486317257010357,392.01719882933946,392.0450570084455,9.879890068649498,128,0,0.034817708333333336,0.012942708333333334,0.01200830934253988,0.000234375,0.00036458333333333335,0.021875
head5m|edge3deg|cs662|t=60|S=25|F=0.05|FrontOnlyThroughMask,38400,6695239.942719598,0.2668904741921947,0.26316444619565976,0.23744791666666668,0.3125948593445945,24.985932254908544,1.0,1.041626676009974,4.382937645793519,382.9982718907641,382.9284406170591,10.355261714082102,128,0,0.9929166666666667,0.265,0.26129570238915184,0.0009895833333333334,0.0011458333333333333,0.7279166666666667
head5m|edge3deg|cs662|t=60|S=25|F=0.1|BareCrystalAllFaces,38400,6695239.942719598,0.33881578947368424,0.2938392788055413,0.17145833333333332,25.66187987387229,24.985932254908544,1.0,1.041626676009974,4.529487771004515,395.7790410383371,396.9958598812848,11.064112592301141,128,0,0.007916666666666667,0.0026822916666666666,0.002263312489454974,0.00026041666666666666,0.0004427083333333333,0.005234375
head5m|edge3deg|cs662|t=60|S=25|F=0.1|FrontOnlyThroughMask,38400,6695239.942719598,0.2702478231748158,0.2664668123338436,0.23520833333333332,0.625189718689189,24.985932254908544,1.0,1.041626676009974,4.407067241745133,385.1054179487708,385.2522705473368,11.507339717947273,128,0,0.9720052083333334,0.2626822916666667,0.25898854804343974,0.0008333333333333334,0.0009895833333333334,0.7093229166666667
head5m|edge3deg|cs662|t=60|S=25|F=0.2|BareCrystalAllFaces,38400,6695239.942719598,0.2719298245614035,0.2237019225982772,0.15036458333333333,51.32375974774458,24.985932254908544,1.0,1.041626676009974,4.574249906405741,399.67924829688826,399.8778771432686,10.345979698399278,128,0,0.0059375,0.0016145833333333333,0.0012929338943848568,0.00015625,0.000390625,0.004322916666666667
head5m|edge3deg|cs662|t=60|S=25|F=0.2|FrontOnlyThroughMask,38400,6695239.942719598,0.2946494838404966,0.29029220627545543,0.235,1.250379437378378,24.985932254908544,1.0,1.041626676009974,4.376318014921999,382.4168601644345,382.4793383360077,10.945081562546035,128,0,0.7719270833333334,0.22744791666666667,0.22393162720120482,0.0009375,0.00109375,0.5444791666666666
head5m|edge3deg|cs662|t=60|S=25|ideal,38400,6695239.942719598,,,0.23997395833333332,0,24.985932254908544,1.0,1.041626676009974,4.3873057102916935,383.3793804711493,383.956534641428,9.68186297058353,128,0,,,,,,
head5m|edge3deg|cs662|t=60|S=500|F=0.05|BareCrystalAllFaces,38400,133904798.85439196,0.9952864583333333,0.9946697725232927,0.992421875,12.830939936936145,499.71864509817084,1.0,1.041626676009974,0.6281668926882166,54.889501324940795,54.053216593610344,14.19226969898735,128,0,1.0,0.9952864583333333,0.9946697725232927,0.9932552083333334,0.99765625,0.004713541666666667
head5m|edge3deg|cs662|t=60|S=500|F=0.05|FrontOnlyThroughMask,38400,133904798.85439196,0.975,0.9736495901658628,0.9924479166666667,0.3125948593445945,499.71864509817084,1.0,1.041626676009974,0.6249250849684502,54.606452140425986,54.053203072408806,15.220737219739027,128,0,1.0,0.975,0.9736495901658628,0.9740364583333333,0.998671875,0.025
head5m|edge3deg|cs662|t=60|S=500|F=0.1|BareCrystalAllFaces,38400,133904798.85439196,0.9943474863245637,0.9936764981530923,0.9908333333333333,25.66187987387229,499.71864509817084,1.0,1.041626676009974,0.6771782541817439,59.17097790760038,63.56589201680848,16.25711258203664,128,0,0.9997395833333333,0.9940885416666667,0.9934035169149986,0.991484375,0.9970052083333333,0.005651041666666667
head5m|edge3deg|cs662|t=60|S=500|F=0.1|FrontOnlyThroughMask,38400,133904798.85439196,0.9753645833333333,0.9740234964662167,0.992734375,0.625189718689189,499.71864509817084,1.0,1.041626676009974,0.6117069917934103,53.45197986437594,54.04203046352048,16.37797984123451,128,0,1.0,0.9753645833333333,0.9740234964662167,0.9742447916666667,0.9984895833333334,0.024635416666666667
head5m|edge3deg|cs662|t=60|S=500|F=0.2|BareCrystalAllFaces,38400,133904798.85439196,0.9941102887522152,0.9934261733965613,0.989609375,51.32375974774458,499.71864509817084,1.0,1.041626676009974,0.7121271715045644,62.223988107976986,63.5658920168085,17.44709517275052,128,0,0.9992708333333333,0.9933854166666667,0.9926635395984285,0.989140625,0.9946354166666667,0.005885416666666666
head5m|edge3deg|cs662|t=60|S=500|F=0.2|FrontOnlyThroughMask,38400,133904798.85439196,0.9764322916666667,0.975118944221758,0.992265625,1.250379437378378,499.71864509817084,1.0,1.041626676009974,0.6295664727337975,55.01196233197393,54.05337811320173,16.035887435091894,128,0,1.0,0.9764322916666667,0.975118944221758,0.9752604166666666,0.9983333333333333,0.023567708333333333
head5m|edge3deg|cs662|t=60|S=500|ideal,38400,133904798.85439196,,,0.992265625,0,499.71864509817084,1.0,1.041626676009974,0.6344613705748816,55.43935139005852,54.053257238121454,14.45157531992354,128,0,,,,,,
head5m|edge3deg|cs662|t=60|S=50|F=0.05|BareCrystalAllFaces,38400,13390479.885439197,0.6872645064054258,0.6749537400997154,0.399921875,12.830939936936145,49.97186450981709,1.0,1.041626676009974,3.9833689426043373,348.0610879632447,346.7953861385763,13.361388574025856,128,0,0.103671875,0.07125,0.06910173940058913,0.003880208333333333,0.004348958333333333,0.032421875
head5m|edge3deg|cs662|t=60|S=50|F=0.05|FrontOnlyThroughMask,38400,13390479.885439197,0.47895341550031334,0.4747427412089778,0.46143229166666666,0.3125948593445945,49.97186450981709,1.0,1.041626676009974,3.81997692394,333.7875441680633,333.44682132435787,12.219647952845584,128,0,0.9972916666666667,0.47765625,0.47345184265528867,0.018671875,0.019973958333333333,0.5196354166666667
head5m|edge3deg|cs662|t=60|S=50|F=0.1|BareCrystalAllFaces,38400,13390479.885439197,0.7183634633682208,0.6946295568726168,0.35833333333333334,25.66187987387229,49.97186450981709,1.0,1.041626676009974,4.109203463056078,359.0528482751237,358.2031837445877,12.642966416181808,128,0,0.027369791666666667,0.019661458333333333,0.01851003126943527,0.0026822916666666666,0.0032552083333333335,0.0077083333333333335
head5m|edge3deg|cs662|t=60|S=50|F=0.1|FrontOnlyThroughMask,38400,13390479.885439197,0.47731874720593265,0.4730938605366977,0.4563802083333333,0.625189718689189,49.97186450981709,1.0,1.041626676009974,3.834355854212886,335.04535757407024,335.31368717150326,12.181456999889924,128,0,0.9902864583333333,0.47268229166666664,0.4684802380953548,0.018072916666666668,0.019296875,0.5176041666666666
head5m|edge3deg|cs662|t=60|S=50|F=0.2|BareCrystalAllFaces,38400,13390479.885439197,0.6353846153846154,0.603148799570679,0.30421875,51.32375974774458,49.97186450981709,1.0,1.041626676009974,4.229796816362462,369.58060349912114,370.12635555814495,12.277255579001423,128,0,0.016927083333333332,0.010755208333333334,0.009903876191157943,0.00140625,0.0017708333333333332,0.006171875
head5m|edge3deg|cs662|t=60|S=50|F=0.2|FrontOnlyThroughMask,38400,13390479.885439197,0.4940093766278868,0.48957137964860037,0.45190104166666667,1.250379437378378,49.97186450981709,1.0,1.041626676009974,3.842693358864335,335.77282793655723,335.354839119297,13.211835982010184,128,0,0.89984375,0.44453125,0.44035040561279487,0.017473958333333334,0.018984375,0.4553125
head5m|edge3deg|cs662|t=60|S=50|ideal,38400,13390479.885439197,,,0.4612760416666667,0,49.97186450981709,1.0,1.041626676009974,3.8236381915516473,334.10822406989365,334.29432256077894,12.148967617080318,128,0,,,,,,
head5m|edge3deg|cs662|t=60|default|F=0.05|BareCrystalAllFaces,38400,1000000,0.0621301775147929,0.04200671283633619,0.0475,12.830939936936145,3.731894968466102,1.0,1.041626676009974,4.858107126141197,424.5179587961644,424.4633225982346,8.090246489083905,128,0,0.008802083333333334,0.000546875,0.00036648726931002364,0.0,2.604166666666667e-05,0.008255208333333333
head5m|edge3deg|cs662|t=60|default|F=0.05|FrontOnlyThroughMask,38400,1000000,0.11585232968661466,0.11239113093031937,0.018671875,0.3125948593445945,3.731894968466102,1.0,1.041626676009974,5.669699068340688,495.633373118235,495.9762801996431,7.180133563700065,128,0,0.5974739583333334,0.06921875,0.06709927849741859,0.0,0.0,0.5282552083333333
head5m|edge3deg|cs662|t=60|default|F=0.1|BareCrystalAllFaces,38400,1000000,0.04081632653061224,0.01406016943904116,0.053072916666666664,25.66187987387229,3.731894968466102,1.0,1.041626676009974,4.807964450545313,420.11544024834916,420.7107924855886,10.141483056642038,128,0,0.0025520833333333333,0.00010416666666666667,3.558196516000094e-05,0.0,7.8125e-05,0.002447916666666667
head5m|edge3deg|cs662|t=60|default|F=0.1|FrontOnlyThroughMask,38400,1000000,0.10430157261794634,0.1008986914387308,0.021119791666666665,0.625189718689189,3.731894968466102,1.0,1.041626676009974,5.604740478529792,489.9413682674064,490.31545110102877,8.215473332080798,128,0,0.5630208333333333,0.05872395833333333,0.0567621954190754,0.0,0.0,0.504296875
head5m|edge3deg|cs662|t=60|default|F=0.2|BareCrystalAllFaces,38400,1000000,0.045454545454545456,0.02152471485122211,0.05815104166666667,51.32375974774458,3.731894968466102,1.0,1.041626676009974,4.751507278154747,415.1614987011535,415.5623514120102,9.93248239991673,128,0,0.0040104166666666665,0.00018229166666666667,8.555812051616448e-05,0.0,0.00018229166666666667,0.003828125
head5m|edge3deg|cs662|t=60|default|F=0.2|FrontOnlyThroughMask,38400,1000000,0.0977137488255559,0.09276227731887328,0.023072916666666665,1.250379437378378,3.731894968466102,1.0,1.041626676009974,5.452870465941529,476.6396378949148,476.51276140978405,8.442396220422467,128,0,0.249453125,0.024375,0.023094227709779928,0.0,0.0,0.225078125
head5m|edge3deg|cs662|t=60|default|ideal,38400,1000000,,,0.0184375,0,3.731894968466102,1.0,1.041626676009974,5.776744465031661,505.0057540364078,504.7662547660893,7.618065915125413,128,0,,,,,,
head5m|edge3deg|open|t=10|S=1000|F=0.05|BareCrystalAllFaces,38400,634980639.5586178,0.9995833333333334,0.9993672250795074,0.9998697916666667,167.58498105779404,998.9689326547109,1.0,1.041626676009974,0.30535765488277616,26.69413476456672,26.061897335427375,3.1858410288329986,128,0,1.0,0.9995833333333334,0.9993672250795074,0.9995833333333334,1.0,0.0004166666666666667
head5m|edge3deg|open|t=10|S=1000|F=0.05|FrontOnlyThroughMask,38400,634980639.5586178,0.9999739583333334,0.9998764678836031,0.9998958333333333,0.6413687897939254,998.9689326547109,1.0,1.041626676009974,0.30346338242373755,26.52870366465377,26.01659086750808,2.862527053075087,128,0,1.0,0.9999739583333334,0.9998764678836031,0.9999739583333334,1.0,2.604166666666667e-05
head5m|edge3deg|open|t=10|S=1000|F=0.1|BareCrystalAllFaces,38400,634980639.5586178,0.9990625,0.9987621461320878,0.9996354166666667,335.1699621155881,998.9689326547109,1.0,1.041626676009974,0.3225546432794645,28.1960245061933,26.51592173673191,5.468819147662737,128,0,1.0,0.9990625,0.9987621461320878,0.9990625,1.0,0.0009375
head5m|edge3deg|open|t=10|S=1000|F=0.1|FrontOnlyThroughMask,38400,634980639.5586178,1.0,0.9999219891817117,0.9999739583333334,1.2827375795878508,998.9689326547109,1.0,1.041626676009974,0.29906957230549863,26.144974579008554,26.01659086750808,1.4484476400024116,128,0,1.0,1.0,0.9999219891817117,1.0,1.0,0.0
head5m|edge3deg|open|t=10|S=1000|F=0.2|BareCrystalAllFaces,38400,634980639.5586178,0.9953385416666667,0.994725016357795,0.9984375,670.3399242311762,998.9689326547109,1.0,1.041626676009974,0.4242789888931264,37.08051283477163,30.949914378793434,9.182558409757855,128,0,1.0,0.9953385416666667,0.994725016357795,0.9953385416666667,1.0,0.004661458333333333
head5m|edge3deg|open|t=10|S=1000|F=0.2|FrontOnlyThroughMask,38400,634980639.5586178,0.9999739583333334,0.9998764678836031,1.0,2.5654751591757017,998.9689326547109,1.0,1.041626676009974,0.29760360508773354,26.016945785698972,26.01659086750808,0.00401544095275269,128,0,1.0,0.9999739583333334,0.9998764678836031,0.9999739583333334,1.0,2.604166666666667e-05
head5m|edge3deg|open|t=10|S=1000|ideal,38400,634980639.5586178,,,0.9999739583333334,0,998.9689326547109,1.0,1.041626676009974,0.2990736034181295,26.1453265967854,26.01659086750808,1.448421667967432,128,0,,,,,,
head5m|edge3deg|open|t=10|S=100|F=0.05|BareCrystalAllFaces,38400,63498063.955861785,0.6074285714285714,0.5878189110554897,0.6739322916666667,167.58498105779404,99.89689326547109,1.0,1.041626676009974,3.0914376060885167,270.075293387888,269.5161138161284,15.724426194201207,128,0,0.045572916666666664,0.027682291666666668,0.026318643763470748,0.007734375,0.010807291666666666,0.017890625
head5m|edge3deg|open|t=10|S=100|F=0.05|FrontOnlyThroughMask,38400,63498063.955861785,0.8501966299450477,0.8471683393349576,0.824375,0.6413687897939254,99.89689326547109,1.0,1.041626676009974,2.4433908491667644,213.4867817691862,213.72416586809598,17.577976813143806,128,0,0.999921875,0.8501302083333333,0.8471014940723534,0.24018229166666666,0.24708333333333332,0.14979166666666666
head5m|edge3deg|open|t=10|S=100|F=0.1|BareCrystalAllFaces,38400,63498063.955861785,0.4608967674661105,0.43401501430021866,0.5915885416666666,335.1699621155881,99.89689326547109,1.0,1.041626676009974,3.2310046819724074,282.2581021692482,282.1436022332749,13.769608918032535,128,0,0.024973958333333334,0.011510416666666667,0.010629494918283444,0.001979166666666667,0.003515625,0.013463541666666667
head5m|edge3deg|open|t=10|S=100|F=0.1|FrontOnlyThroughMask,38400,63498063.955861785,0.8497115888830624,0.8466690268179635,0.8205989583333333,1.2827375795878508,99.89689326547109,1.0,1.041626676009974,2.464336378052633,215.3173321568723,216.02600304794407,16.13638701678229,128,0,0.9932291666666667,0.8439583333333334,0.8408800166983302,0.23684895833333333,0.243359375,0.14927083333333332
head5m|edge3deg|open|t=10|S=100|F=0.2|BareCrystalAllFaces,38400,63498063.955861785,0.34974093264248707,0.3094808393572916,0.4813541666666667,670.3399242311762,99.89689326547109,1.0,1.041626676009974,3.3523360052134783,292.84678956753635,292.83870405945345,13.553182896409865,128,0,0.010052083333333333,0.003515625,0.0030338620044907155,0.0008072916666666667,0.0016145833333333333,0.006536458333333333
head5m|edge3deg|open|t=10|S=100|F=0.2|FrontOnlyThroughMask,38400,63498063.955861785,0.8551718507633276,0.8521177655806641,0.8123958333333333,2.5654751591757017,99.89689326547109,1.0,1.041626676009974,2.515614512071331,219.79682586531317,219.52988723837794,14.844155644714142,128,0,0.956953125,0.818359375,0.8150923601326392,0.22825520833333332,0.23580729166666667,0.13859375
head5m|edge3deg|open|t=10|S=100|ideal,38400,63498063.955861785,,,0.828046875,0,99.89689326547109,1.0,1.041626676009974,2.4289032053949207,212.22022692564022,212.23871109811301,14.495410986227911,128,0,,,,,,
head5m|edge3deg|open|t=10|S=250|F=0.05|BareCrystalAllFaces,38400,158745159.88965446,0.8346872609376708,0.8309551339674803,0.9307291666666667,167.58498105779404,249.74223316367772,1.0,1.041626676009974,1.7182676349188948,150.1221548731245,148.81022180785595,16.419107594018705,128,0,0.7148697916666666,0.5966927083333333,0.5925566796270714,0.41825520833333335,0.46421875,0.11817708333333334
head5m|edge3deg|open|t=10|S=250|F=0.05|FrontOnlyThroughMask,38400,158745159.88965446,0.98171875,0.980553863035037,0.9748958333333333,0.6413687897939254,249.74223316367772,1.0,1.041626676009974,1.067025052243321,93.22774417694269,92.44328744135969,16.918428156980543,128,0,1.0,0.98171875,0.980553863035037,0.94390625,0.9578125,0.01828125
head5m|edge3deg|open|t=10|S=250|F=0.1|BareCrystalAllFaces,38400,158745159.88965446,0.7901577427238391,0.7851038035830407,0.9085677083333333,335.1699621155881,249.74223316367772,1.0,1.041626676009974,1.8935902123191557,165.43807047106694,167.06989778433615,16.564698727220236,128,0,0.4688541666666667,0.37046875,0.3664094129949484,0.187109375,0.21151041666666667,0.09838541666666667
head5m|edge3deg|open|t=10|S=250|F=0.1|FrontOnlyThroughMask,38400,158745159.88965446,0.9838541666666667,0.9827556843403301,0.976796875,1.2827375795878508,249.74223316367772,1.0,1.041626676009974,1.029442043547939,89.94446448678346,92.42488700915526,14.547452087368775,128,0,1.0,0.9838541666666667,0.9827556843403301,0.947421875,0.9598177083333334,0.016145833333333335
head5m|edge3deg|open|t=10|S=250|F=0.2|BareCrystalAllFaces,38400,158745159.88965446,0.7380637578962832,0.7291499533661092,0.8671614583333334,670.3399242311762,249.74223316367772,1.0,1.041626676009974,2.0219597044364344,176.64726697104004,175.99268244627945,15.414287732081984,128,0,0.177265625,0.13083333333333333,0.1280104389261129,0.049401041666666666,0.059270833333333335,0.04643229166666667
head5m|edge3deg|open|t=10|S=250|F=0.2|FrontOnlyThroughMask,38400,158745159.88965446,0.9830455504336276,0.981921362075716,0.9751822916666667,2.5654751591757017,249.74223316367772,1.0,1.041626676009974,1.0647663783579016,93.0305485915805,92.51411067552621,14.369053983075283,128,0,0.999921875,0.98296875,0.9818422038108083,0.9432552083333333,0.95609375,0.016953125
head5m|edge3deg|open|t=10|S=250|ideal,38400,158745159.88965446,,,0.9755729166666667,0,249.74223316367772,1.0,1.041626676009974,1.0446391306022271,91.27247555491002,92.63738626646972,18.745843151713213,128,0,,,,,,
head5m|edge3deg|open|t=10|S=25|F=0.05|BareCrystalAllFaces,38400,15874515.988965446,0.07262569832402235,0.04349048887469904,0.26453125,167.58498105779404,24.974223316367773,1.0,1.041626676009974,4.11332573577302,359.3144703179808,361.4008990224323,12.085431042903112,128,0,0.004661458333333333,0.0003385416666666667,0.0002002606751686466,2.604166666666667e-05,0.0004166666666666667,0.004322916666666667
head5m|edge3deg|open|t=10|S=25|F=0.05|FrontOnlyThroughMask,38400,15874515.988965446,0.3333246018440905,0.32935249516673276,0.290625,0.6413687897939254,24.974223316367773,1.0,1.041626676009974,4.267864529745015,372.93618556326834,373.4768978925744,10.238866734969871,128,0,0.9941666666666666,0.3313802083333333,0.32742563113249373,0.0007291666666666667,0.00078125,0.6627864583333334
head5m|edge3deg|open|t=10|S=25|F=0.1|BareCrystalAllFaces,38400,15874515.988965446,0.07042253521126761,0.04390757019563364,0.22489583333333332,335.1699621155881,24.974223316367773,1.0,1.041626676009974,4.065599304364072,355.13651704563716,354.5167276844172,10.441227508188854,128,0,0.005546875,0.000390625,0.00024080476280701838,2.604166666666667e-05,0.0004947916666666667,0.00515625
head5m|edge3deg|open|t=10|S=25|F=0.1|FrontOnlyThroughMask,38400,15874515.988965446,0.35820563362370444,0.353752679745375,0.2861458333333333,1.2827375795878508,24.974223316367773,1.0,1.041626676009974,4.278991542572308,373.90868127469673,373.953976683786,11.023792192770411,128,0,0.8191145833333333,0.2934114583333333,0.2895881293772473,0.0009114583333333333,0.0010416666666666667,0.525703125
head5m|edge3deg|open|t=10|S=25|F=0.2|BareCrystalAllFaces,38400,15874515.988965446,0.051094890510948905,0.024222934075492746,0.1915625,670.3399242311762,24.974223316367773,1.0,1.041626676009974,4.013828428179477,350.61042298755285,351.33462937599813,11.061496611832588,128,0,0.0035677083333333333,0.00018229166666666667,8.555812051616448e-05,2.604166666666667e-05,0.00036458333333333335,0.0033854166666666668
head5m|edge3deg|open|t=10|S=25|F=0.2|FrontOnlyThroughMask,38400,15874515.988965446,0.40395017616991713,0.398250161079885,0.2772135416666667,2.5654751591757017,24.974223316367773,1.0,1.041626676009974,4.282546160966519,374.2185673821329,372.78219949915626,10.359356070514973,128,0,0.524765625,0.21197916666666666,0.2085516561700219,0.0008072916666666667,0.0009114583333333333,0.31278645833333335
head5m|edge3deg|open|t=10|S=25|ideal,38400,15874515.988965446,,,0.29684895833333336,0,24.974223316367773,1.0,1.041626676009974,4.255189371942011,371.82868575472594,370.88633382551683,11.025178041069188,128,0,,,,,,
head5m|edge3deg|open|t=10|S=500|F=0.05|BareCrystalAllFaces,38400,317490319.7793089,0.9677301731996354,0.9662073001164899,0.9912760416666667,167.58498105779404,499.48446632735545,1.0,1.041626676009974,0.6711415650587449,58.643722619726816,59.38597791863691,15.503801637191128,128,0,0.9998697916666667,0.9676041666666667,0.9660786069177887,0.965625,0.9966666666666667,0.032265625
head5m|edge3deg|open|t=10|S=500|F=0.05|FrontOnlyThroughMask,38400,317490319.7793089,0.9988541666666667,0.9985269955135825,0.9979427083333333,0.6413687897939254,499.48446632735545,1.0,1.041626676009974,0.40474561994907604,35.374433915064465,26.11001713569882,10.960333877923365,128,0,1.0,0.9988541666666667,0.9985269955135825,0.9988541666666667,1.0,0.0011458333333333333
head5m|edge3deg|open|t=10|S=500|F=0.1|BareCrystalAllFaces,38400,317490319.7793089,0.935672514619883,0.9335730328626751,0.9827083333333333,335.1699621155881,499.48446632735545,1.0,1.041626676009974,0.9241723190245045,80.74797878537292,80.95432190386268,15.46306696420235,128,0,0.9975,0.9333333333333333,0.9312021769039042,0.918046875,0.9728645833333334,0.06416666666666666
head5m|edge3deg|open|t=10|S=500|F=0.1|FrontOnlyThroughMask,38400,317490319.7793089,0.9989322916666666,0.9986148705719174,0.998046875,1.2827375795878508,499.48446632735545,1.0,1.041626676009974,0.4006321939372847,35.015134882801654,26.10865241395873,10.493915689647972,128,0,1.0,0.9989322916666666,0.9986148705719174,0.99890625,0.9999739583333334,0.0010677083333333333
head5m|edge3deg|open|t=10|S=500|F=0.2|BareCrystalAllFaces,38400,317490319.7793089,0.8778982485404504,0.8750222890521097,0.9778385416666666,670.3399242311762,499.48446632735545,1.0,1.041626676009974,1.0500738895824067,91.74696541361224,89.85222183471635,14.2994588870715,128,0,0.93671875,0.82234375,0.8191044189502306,0.725390625,0.79625,0.114375
head5m|edge3deg|open|t=10|S=500|F=0.2|FrontOnlyThroughMask,38400,317490319.7793089,0.998828125,0.9984977771770923,0.99796875,2.5654751591757017,499.48446632735545,1.0,1.041626676009974,0.4022784467140648,35.15900456523011,26.10879030176346,11.26397615818505,128,0,1.0,0.998828125,0.9984977771770923,0.998828125,1.0,0.001171875
head5m|edge3deg|open|t=10|S=500|ideal,38400,317490319.7793089,,,0.9978385416666666,0,499.48446632735545,1.0,1.041626676009974,0.40833854933654673,35.68827587311762,26.10783944603572,11.51637324327153,128,0,,,,,,
head5m|edge3deg|open|t=10|S=50|F=0.05|BareCrystalAllFaces,38400,31749031.977930892,0.26851851851851855,0.22817847472012298,0.42130208333333335,167.58498105779404,49.948446632735546,1.0,1.041626676009974,3.771672670395503,329.48241602497785,329.49296225962144,12.04641609206747,128,0,0.0084375,0.002265625,0.0018817695941074656,0.00036458333333333335,0.0009635416666666667,0.006171875
head5m|edge3deg|open|t=10|S=50|F=0.05|FrontOnlyThroughMask,38400,31749031.977930892,0.5832833641838517,0.5791251515693413,0.5520833333333334,0.6413687897939254,49.948446632735546,1.0,1.041626676009974,3.533995700073291,308.7950136070933,309.5208101248541,13.92399329450794,128,0,0.9988802083333334,0.5826302083333333,0.5784734484790801,0.024375,0.025338541666666665,0.41625
head5m|edge3deg|open|t=10|S=50|F=0.1|BareCrystalAllFaces,38400,31749031.977930892,0.14869888475836432,0.1141881541642808,0.3553125,335.1699621155881,49.948446632735546,1.0,1.041626676009974,3.813937087122968,333.16400088518657,333.0081326026411,11.336724341436918,128,0,0.007005208333333333,0.0010416666666666667,0.0007864375523100987,5.208333333333334e-05,0.000703125,0.0059635416666666665
head5m|edge3deg|open|t=10|S=50|F=0.1|FrontOnlyThroughMask,38400,31749031.977930892,0.6045665677989814,0.6002921775022836,0.54703125,1.2827375795878508,49.948446632735546,1.0,1.041626676009974,3.5472967341711525,309.9557589192843,308.9247586709769,11.80748635862071,128,0,0.9306770833333333,0.56265625,0.5584759826042269,0.02216145833333333,0.023072916666666665,0.36802083333333335
head5m|edge3deg|open|t=10|S=50|F=0.2|BareCrystalAllFaces,38400,31749031.977930892,0.11801242236024845,0.07867398332646675,0.2816927083333333,670.3399242311762,49.948446632735546,1.0,1.041626676009974,3.840110284909811,335.44299268966114,335.93802144293886,12.083922543617694,128,0,0.004192708333333333,0.0004947916666666667,0.00032403262454585766,7.8125e-05,0.0003125,0.0036979166666666666
head5m|edge3deg|open|t=10|S=50|F=0.2|FrontOnlyThroughMask,38400,31749031.977930892,0.6482578157278612,0.643621009725924,0.53671875,2.5654751591757017,49.948446632735546,1.0,1.041626676009974,3.5705082355125075,311.9844908949275,312.4827231545316,13.268120603000671,128,0,0.7563541666666667,0.4903125,0.48610398088630913,0.021197916666666667,0.022057291666666666,0.2660416666666667
head5m|edge3deg|open|t=10|S=50|ideal,38400,31749031.977930892,,,0.5570833333333334,0,49.948446632735546,1.0,1.041626676009974,3.523616954359801,307.88830451647226,307.8221282606958,12.706478442222663,128,0,,,,,,
head5m|edge3deg|open|t=10|default|F=0.05|BareCrystalAllFaces,38400,1000000,0.0297029702970297,0.008143900073943817,0.13255208333333332,167.58498105779404,1.573227387450908,1.0,1.041626676009974,4.32397045268362,377.6978301758548,378.4808954148814,9.522952311082198,128,0,0.0026302083333333334,7.8125e-05,2.1294375927528334e-05,0.0,0.00018229166666666667,0.0025520833333333333
head5m|edge3deg|open|t=10|default|F=0.05|FrontOnlyThroughMask,38400,1000000,0.1584,0.15149759681885266,0.0027083333333333334,0.6413687897939254,1.573227387450908,1.0,1.041626676009974,6.394764150260109,559.1190945224679,558.8518141083279,6.989610086418117,128,0,0.1953125,0.0309375,0.029497385310493885,0.0,0.0,0.164375
head5m|edge3deg|open|t=10|default|F=0.1|BareCrystalAllFaces,38400,1000000,0.047058823529411764,0.02362848237366512,0.12921875,335.1699621155881,1.573227387450908,1.0,1.041626676009974,4.206481226606941,367.4326953756731,369.1173770679409,11.261960497684377,128,0,0.004427083333333333,0.00020833333333333335,0.00010367133577899776,0.0,0.0003125,0.00421875
head5m|edge3deg|open|t=10|default|F=0.1|FrontOnlyThroughMask,38400,1000000,0.12668350168350168,0.11559399838152819,0.005182291666666667,1.2827375795878508,1.573227387450908,1.0,1.041626676009974,6.114146488564474,534.548371718041,534.3324523059379,7.82947400154864,128,0,0.061875,0.007838541666666667,0.0071129851729202455,0.0,0.0,0.054036458333333336
head5m|edge3deg|open|t=10|default|F=0.2|BareCrystalAllFaces,38400,1000000,0.031007751937984496,0.010659527607119974,0.12432291666666667,670.3399242311762,1.573227387450908,1.0,1.041626676009974,4.115289858552595,359.466712106544,358.69251385069856,10.18211580736582,128,0,0.003359375,0.00010416666666666667,3.558196516000094e-05,2.604166666666667e-05,0.0003125,0.0032552083333333335
head5m|edge3deg|open|t=10|default|F=0.2|FrontOnlyThroughMask,38400,1000000,0.07424381301558204,0.06159529859434882,0.0109375,2.5654751591757017,1.573227387450908,1.0,1.041626676009974,5.705402045986252,498.7473353221614,500.00690408290393,9.33491183156516,128,0,0.028411458333333334,0.002109375,0.0017395242584261376,0.0,0.0,0.026302083333333334
head5m|edge3deg|open|t=10|default|ideal,38400,1000000,,,0.0018229166666666667,0,1.573227387450908,1.0,1.041626676009974,6.703688192121001,586.1725420959785,586.1917874781346,6.419340347421298,128,0,,,,,,
head5m|edge3deg|open|t=60|S=1000|F=0.05|BareCrystalAllFaces,38400,105830106.59310298,0.9890104166666667,0.9880943416018328,0.9972916666666667,1005.5098863467643,998.968932654711,1.0,1.041626676009974,0.5184894746544494,45.30956731857106,48.417032733133965,9.84446991508027,128,0,1.0,0.9890104166666667,0.9880943416018328,0.9890104166666667,1.0,0.010989583333333334
head5m|edge3deg|open|t=60|S=1000|F=0.05|FrontOnlyThroughMask,38400,105830106.59310298,0.9999739583333334,0.9998764678836031,0.9999739583333334,3.848212738763554,998.968932654711,1.0,1.041626676009974,0.2990695606277863,26.1449735592294,26.01659086750808,1.448447698858149,128,0,1.0,0.9999739583333334,0.9998764678836031,0.9999739583333334,1.0,2.604166666666667e-05
head5m|edge3deg|open|t=60|S=1000|F=0.1|BareCrystalAllFaces,38400,105830106.59310298,0.9497719275381207,0.9478993735620361,0.99890625,2011.0197726935287,998.968932654711,1.0,1.041626676009974,0.4841928210318448,42.31407762385851,38.57003490272791,6.6705609756168425,128,0,0.9990885416666667,0.94890625,0.947019730792893,0.943359375,0.990234375,0.05018229166666666
head5m|edge3deg|open|t=60|S=1000|F=0.1|FrontOnlyThroughMask,38400,105830106.59310298,0.9999739583333334,0.9998764678836031,0.9999739583333334,7.696425477527108,998.968932654711,1.0,1.041626676009974,0.29906550117730596,26.1446190667945,26.01659086750808,1.4484737263765128,128,0,1.0,0.9999739583333334,0.9998764678836031,0.9999739583333334,1.0,2.604166666666667e-05
head5m|edge3deg|open|t=60|S=1000|F=0.2|BareCrystalAllFaces,38400,105830106.59310298,0.8668386408112435,0.8637574501508779,0.9954166666666666,4022.0395453870574,998.968932654711,1.0,1.041626676009974,0.5329995479875431,46.57686198111785,40.80931412881659,8.254811153183372,128,0,0.87828125,0.761328125,0.7577224981894561,0.6647916666666667,0.7366666666666667,0.116953125
head5m|edge3deg|open|t=60|S=1000|F=0.2|FrontOnlyThroughMask,38400,105830106.59310298,1.0,0.9999219891817117,1.0,15.392850955054216,998.968932654711,1.0,1.041626676009974,0.29759954076182876,26.01659086750808,26.01659086750808,0.0,128,0,1.0,1.0,0.9999219891817117,1.0,1.0,0.0
head5m|edge3deg|open|t=60|S=1000|ideal,38400,105830106.59310298,,,1.0,0,998.968932654711,1.0,1.041626676009974,0.29759954076182876,26.01659086750808,26.01659086750808,0.0,128,0,,,,,,
head5m|edge3deg|open|t=60|S=100|F=0.05|BareCrystalAllFaces,38400,10583010.659310296,0.22522522522522523,0.17981635455640715,0.40911458333333334,1005.5098863467643,99.89689326547109,1.0,1.041626676009974,3.4279937031983763,299.44985442158895,299.84423361905533,13.436765987831555,128,0,0.00578125,0.0013020833333333333,0.00101483922358138,0.00020833333333333335,0.000625,0.004479166666666667
head5m|edge3deg|open|t=60|S=100|F=0.05|FrontOnlyThroughMask,38400,10583010.659310296,0.8701572470373746,0.8671694433185688,0.8108072916666667,3.848212738763554,99.89689326547109,1.0,1.041626676009974,2.5163127530198603,219.8582198249477,221.5596406800923,16.063914442982195,128,0,0.9141666666666667,0.79546875,0.792053528353962,0.22661458333333334,0.2328125,0.11869791666666667
head5m|edge3deg|open|t=60|S=100|F=0.1|BareCrystalAllFaces,38400,10583010.659310296,0.12222222222222222,0.08421191770908434,0.29268229166666665,2011.0197726935287,99.89689326547109,1.0,1.041626676009974,3.4882819910540808,304.70989222538714,305.6466722842044,13.581322157990341,128,0,0.0046875,0.0005729166666666667,0.00038788861883688844,0.00010416666666666667,0.000703125,0.004114583333333333
head5m|edge3deg|open|t=60|S=100|F=0.1|FrontOnlyThroughMask,38400,10583010.659310296,0.8989831929836821,0.8960056744515602,0.7983854166666666,7.696425477527108,99.89689326547109,1.0,1.041626676009974,2.5830222994020007,225.68714466777183,225.99085842062502,14.26098188764909,128,0,0.7452864583333333,0.67,0.6660306690510629,0.20122395833333334,0.20794270833333334,0.07528645833333333
head5m|edge3deg|open|t=60|S=100|F=0.2|BareCrystalAllFaces,38400,10583010.659310296,0.08333333333333333,0.045907753191488626,0.195859375,4022.0395453870574,99.89689326547109,1.0,1.041626676009974,3.3580391605645907,293.3295026591552,293.4139810139087,18.273899408612188,128,0,0.003125,0.00026041666666666666,0.00014129318342801184,0.0,0.00036458333333333335,0.002864583333333333
head5m|edge3deg|open|t=60|S=100|F=0.2|FrontOnlyThroughMask,38400,10583010.659310296,0.922749653425116,0.9196457543140261,0.7783854166666667,15.392850955054216,99.89689326547109,1.0,1.041626676009974,2.6629744169274696,232.67183128340633,232.4580532785794,16.691493836560596,128,0,0.544765625,0.5026822916666667,0.4984723540810877,0.17322916666666666,0.17838541666666666,0.042083333333333334
head5m|edge3deg|open|t=60|S=100|ideal,38400,10583010.659310296,,,0.8258854166666667,0,99.89689326547109,1.0,1.041626676009974,2.4294482177439485,212.26891775986778,211.9096216780932,15.439954978575658,128,0,,,,,,
head5m|edge3deg|open|t=60|S=250|F=0.05|BareCrystalAllFaces,38400,26457526.648275744,0.687152664269369,0.6730715419297455,0.8159375,1005.5098863467643,249.74223316367775,1.0,1.041626676009974,2.138798052895842,186.84840473181035,187.62852869818255,15.901833304115842,128,0,0.07966145833333334,0.054739583333333335,0.05284214072484069,0.019765625,0.025286458333333334,0.024921875
head5m|edge3deg|open|t=60|S=250|F=0.05|FrontOnlyThroughMask,38400,26457526.648275744,0.9824205016016876,0.9812769160526655,0.9753645833333333,3.848212738763554,249.74223316367775,1.0,1.041626676009974,1.056925264135969,92.3456209685366,92.47116420798906,16.576203135716085,128,0,0.999921875,0.98234375,0.981197854227611,0.9414322916666666,0.9547135416666667,0.017578125
head5m|edge3deg|open|t=60|S=250|F=0.1|BareCrystalAllFaces,38400,26457526.648275744,0.5116772823779193,0.48435810093240594,0.645859375,2011.0197726935287,249.74223316367775,1.0,1.041626676009974,2.5651195927774886,224.08105597978684,223.40268225319275,15.352898573887597,128,0,0.02453125,0.012552083333333333,0.011631950972742467,0.002890625,0.004713541666666667,0.011979166666666667
head5m|edge3deg|open|t=60|S=250|F=0.1|FrontOnlyThroughMask,38400,26457526.648275744,0.982200099033124,0.9810493571544672,0.973828125,7.696425477527108,249.74223316367775,1.0,1.041626676009974,1.0838541858134678,94.69803005498991,97.8397446728145,16.34064203219399,128,0,0.9992447916666667,0.9814583333333333,0.9802856348416543,0.938046875,0.951171875,0.017786458333333335
head5m|edge3deg|open|t=60|S=250|F=0.2|BareCrystalAllFaces,38400,26457526.648275744,0.32228915662650603,0.2799023891877068,0.429140625,4022.0395453870574,249.74223316367775,1.0,1.041626676009974,2.8495164038649263,248.91683139831264,249.39014889443692,17.923053028746807,128,0,0.008645833333333333,0.0027864583333333335,0.0023591378564047946,0.000703125,0.001796875,0.005859375
head5m|edge3deg|open|t=60|S=250|F=0.2|FrontOnlyThroughMask,38400,26457526.648275744,0.9803213481969959,0.9791121760482949,0.9722135416666666,15.392850955054216,249.74223316367775,1.0,1.041626676009974,1.120543426984499,97.90345750262385,98.32167417878682,14.637849616181287,128,0,0.99515625,0.9755729166666667,0.9742371906894137,0.925859375,0.9408333333333333,0.019583333333333335
head5m|edge3deg|open|t=60|S=250|ideal,38400,26457526.648275744,,,0.9754427083333334,0,249.74223316367775,1.0,1.041626676009974,1.0514502126215337,91.86750884297379,92.52080520456981,17.194625768309347,128,0,,,,,,
head5m|edge3deg|open|t=60|S=25|F=0.05|BareCrystalAllFaces,38400,2645752.664827574,0.06422018348623854,0.030525716750000337,0.17231770833333335,1005.5098863467643,24.974223316367773,1.0,1.041626676009974,3.93913471647289,344.08393941308407,345.3027769505057,12.172148948029083,128,0,0.0028385416666666667,0.00018229166666666667,8.555812051616448e-05,2.604166666666667e-05,0.00036458333333333335,0.00265625
head5m|edge3deg|open|t=60|S=25|F=0.05|FrontOnlyThroughMask,38400,2645752.664827574,0.45746426060464024,0.45019021892135763,0.2691927083333333,3.848212738763554,24.974223316367773,1.0,1.041626676009974,4.291506788135817,374.99924709914,375.19784297616604,11.088938516611327,128,0,0.333359375,0.1525,0.14948882526491983,0.000703125,0.0008333333333333334,0.180859375
head5m|edge3deg|open|t=60|S=25|F=0.1|BareCrystalAllFaces,38400,2645752.664827574,0.08620689655172414,0.04751648351668728,0.14299479166666668,2011.0197726935287,24.974223316367773,1.0,1.041626676009974,3.7881418565875156,330.894170504319,330.92184822364925,14.373661401485188,128,0,0.0030208333333333333,0.00026041666666666666,0.00014129318342801184,7.8125e-05,0.00036458333333333335,0.0027604166666666667
head5m|edge3deg|open|t=60|S=25|F=0.1|FrontOnlyThroughMask,38400,2645752.664827574,0.5306748466257669,0.5174088613169132,0.24408854166666666,7.696425477527108,24.974223316367773,1.0,1.041626676009974,4.366117560028312,381.5177252916497,381.35282757210035,9.548945192137628,128,0,0.101875,0.0540625,0.05217626137777023,0.0010677083333333333,0.0012239583333333334,0.0478125
head5m|edge3deg|open|t=60|S=25|F=0.2|BareCrystalAllFaces,38400,2645752.664827574,0.03409090909090909,0.009355215957528173,0.10893229166666667,4022.0395453870574,24.974223316367773,1.0,1.041626676009974,3.527798967164656,308.153620719957,309.8469096135294,18.4788000151833,128,0,0.0022916666666666667,7.8125e-05,2.1294375927528334e-05,0.0,0.00036458333333333335,0.0022135416666666666
head5m|edge3deg|open|t=60|S=25|F=0.2|FrontOnlyThroughMask,38400,2645752.664827574,0.5511197663096398,0.5250192062183935,0.20919270833333334,15.392850955054216,24.974223316367773,1.0,1.041626676009974,4.435447471277162,387.5726032528645,387.55945136150615,9.766569263456416,128,0,0.026744791666666667,0.014739583333333334,0.013742275478894558,0.000390625,0.0004427083333333333,0.012005208333333333
head5m|edge3deg|open|t=60|S=25|ideal,38400,2645752.664827574,,,0.29625,0,24.974223316367773,1.0,1.041626676009974,4.244809505688665,370.9221171936819,371.91357243048606,11.0577816500051,128,0,,,,,,
head5m|edge3deg|open|t=60|S=500|F=0.05|BareCrystalAllFaces,38400,52915053.29655149,0.8474992432141536,0.8440278666450481,0.9790625,1005.5098863467643,499.4844663273555,1.0,1.041626676009974,0.9765615632422018,85.32430818090853,84.08475755317824,16.26208067397177,128,0,0.7742447916666667,0.656171875,0.6521632650009591,0.50828125,0.566484375,0.11807291666666667
head5m|edge3deg|open|t=60|S=500|F=0.05|FrontOnlyThroughMask,38400,52915053.29655149,0.9987760416666667,0.9984394434144522,0.998125,3.848212738763554,499.4844663273555,1.0,1.041626676009974,0.39509424738447846,34.53153700606447,26.062577268916847,10.832378504623135,128,0,1.0,0.9987760416666667,0.9984394434144522,0.9987760416666667,1.0,0.0012239583333333334
head5m|edge3deg|open|t=60|S=500|F=0.1|BareCrystalAllFaces,38400,52915053.29655149,0.7928520877565464,0.787164525576471,0.947421875,2011.0197726935287,499.4844663273555,1.0,1.041626676009974,1.149757891016104,100.45005756489124,101.00263059744582,16.382630613090257,128,0,0.36796875,0.29174479166666667,0.2879279339089301,0.15440104166666666,0.17627604166666666,0.07622395833333333
head5m|edge3deg|open|t=60|S=500|F=0.1|FrontOnlyThroughMask,38400,52915053.29655149,0.9984895833333334,0.9981207419416639,0.99765625,7.696425477527108,499.4844663273555,1.0,1.041626676009974,0.41862203134284437,36.58640833645444,42.40420037617014,11.364747941576423,128,0,1.0,0.9984895833333334,0.9981207419416639,0.9984635416666666,0.9999739583333334,0.0015104166666666666
head5m|edge3deg|open|t=60|S=500|F=0.2|BareCrystalAllFaces,38400,52915053.29655149,0.7245692051139522,0.712047584787834,0.8000520833333333,4022.0395453870574,499.4844663273555,1.0,1.041626676009974,1.7781640267711871,155.33921312483437,154.82666841159147,18.614395482373286,128,0,0.09369791666666667,0.067890625,0.06579026213253257,0.027786458333333333,0.034765625,0.025807291666666666
head5m|edge3deg|open|t=60|S=500|F=0.2|FrontOnlyThroughMask,38400,52915053.29655149,0.9982291666666666,0.9978335633280682,0.9971875,15.392850955054216,499.4844663273555,1.0,1.041626676009974,0.4401042000330007,38.46272814713614,42.40420037617016,12.090970997302001,128,0,1.0,0.9982291666666666,0.9978335633280682,0.9982291666666666,1.0,0.0017708333333333332
head5m|edge3deg|open|t=60|S=500|ideal,38400,52915053.29655149,,,0.998046875,0,499.4844663273555,1.0,1.041626676009974,0.39660671220975097,34.663683381236694,26.106851402760164,11.61504095625874,128,0,,,,,,
head5m|edge3deg|open|t=60|S=50|F=0.05|BareCrystalAllFaces,38400,5291505.329655148,0.06557377049180328,0.03304421011908973,0.24627604166666667,1005.5098863467643,49.948446632735546,1.0,1.041626676009974,3.7991517895151774,331.8614868454783,331.59195364030154,13.201014002275409,128,0,0.0031770833333333334,0.00020833333333333335,0.00010367133577899776,2.604166666666667e-05,0.0004166666666666667,0.00296875
head5m|edge3deg|open|t=60|S=50|F=0.05|FrontOnlyThroughMask,38400,5291505.329655148,0.6918644948882343,0.6868265049025729,0.5290364583333333,3.848212738763554,49.948446632735546,1.0,1.041626676009974,3.588161246584632,313.52593269134763,312.07185633823156,12.900735348657156,128,0,0.6011458333333334,0.4159114583333333,0.4117660830083265,0.019427083333333334,0.0203125,0.185234375
head5m|edge3deg|open|t=60|S=50|F=0.1|BareCrystalAllFaces,38400,5291505.329655148,0.06766917293233082,0.03575303802808217,0.18765625,2011.0197726935287,49.948446632735546,1.0,1.041626676009974,3.7082812797600324,323.9203207733833,323.3836306825932,15.382023326411634,128,0,0.003463541666666667,0.000234375,0.0001222768124639261,0.0,0.0004947916666666667,0.0032291666666666666
head5m|edge3deg|open|t=60|S=50|F=0.1|FrontOnlyThroughMask,38400,5291505.329655148,0.7744418783679754,0.7679908452764636,0.4979427083333333,7.696425477527108,49.948446632735546,1.0,1.041626676009974,3.694806672437788,322.8457859213961,321.7850860295623,13.531895179979255,128,0,0.304453125,0.23578125,0.23221999253885953,0.015520833333333333,0.016328125,0.068671875
head5m|edge3deg|open|t=60|S=50|F=0.2|BareCrystalAllFaces,38400,5291505.329655148,0.06060606060606061,0.02672022427843294,0.13216145833333334,4022.0395453870574,49.948446632735546,1.0,1.041626676009974,3.4949915410438055,305.28978050638733,305.42579070276497,17.309076597369593,128,0,0.002578125,0.00015625,6.804937404071531e-05,0.0,0.0004427083333333333,0.002421875
head5m|edge3deg|open|t=60|S=50|F=0.2|FrontOnlyThroughMask,38400,5291505.329655148,0.8258937588365987,0.8167867081456449,0.4605208333333333,15.392850955054216,49.948446632735546,1.0,1.041626676009974,3.7958079366547683,331.6710856120428,331.14063448854995,11.501755280616049,128,0,0.12893229166666667,0.106484375,0.10390425767097992,0.011484375,0.01234375,0.022447916666666668
head5m|edge3deg|open|t=60|S=50|ideal,38400,5291505.329655148,,,0.558515625,0,49.948446632735546,1.0,1.041626676009974,3.4921595303965294,305.13753955938057,305.1939703200302,12.88719958783769,128,0,,,,,,
head5m|edge3deg|open|t=60|default|F=0.05|BareCrystalAllFaces,38400,1000000,0.05319148936170213,0.02119029386656684,0.13638020833333334,1005.5098863467643,9.439364324705448,1.0,1.041626676009974,4.0027854697694165,349.64192799342567,349.1296972245487,11.560803436591366,128,0,0.002447916666666667,0.00013020833333333333,5.1307334440358466e-05,0.0,0.000234375,0.0023177083333333335
head5m|edge3deg|open|t=60|default|F=0.05|FrontOnlyThroughMask,38400,1000000,0.19466197858398593,0.18645515198014748,0.094296875,3.848212738763554,9.439364324705448,1.0,1.041626676009974,4.76376167794776,416.2925126617493,416.370452913045,10.390985900668234,128,0,0.16294270833333332,0.03171875,0.030260947393170694,0.0,0.0,0.13122395833333333
head5m|edge3deg|open|t=60|default|F=0.1|BareCrystalAllFaces,38400,1000000,0.01680672268907563,0.0029943690785007105,0.11408854166666667,2011.0197726935287,9.439364324705448,1.0,1.041626676009974,3.85346433597442,336.5981647994355,336.76476333031155,13.292634158394542,128,0,0.0030989583333333333,5.208333333333334e-05,9.254283686550704e-06,2.604166666666667e-05,0.0003125,0.003046875
head5m|edge3deg|open|t=60|default|F=0.1|FrontOnlyThroughMask,38400,1000000,0.18365817091454273,0.1663737962825269,0.08223958333333334,7.696425477527108,9.439364324705448,1.0,1.041626676009974,4.758661592986912,415.83459945637213,414.89255848906475,9.360933480011301,128,0,0.03473958333333333,0.006380208333333333,0.005726671566124663,0.0,0.0,0.028359375
head5m|edge3deg|open|t=60|default|F=0.2|BareCrystalAllFaces,38400,1000000,0.023529411764705882,0.004196713094444613,0.09473958333333334,4022.0395453870574,9.439364324705448,1.0,1.041626676009974,3.5657375747246354,311.46625007224657,311.966861515341,17.378396204093296,128,0,0.0022135416666666666,5.208333333333334e-05,9.254283686550704e-06,0.0,0.00026041666666666666,0.0021614583333333334
head5m|edge3deg|open|t=60|default|F=0.2|FrontOnlyThroughMask,38400,1000000,0.1894150417827298,0.15600839230435895,0.07604166666666666,15.392850955054216,9.439364324705448,1.0,1.041626676009974,4.754883794335668,415.49245220669656,415.2206648487569,8.8654949896732,128,0,0.009348958333333334,0.0017708333333333332,0.0014332448407203013,2.604166666666667e-05,7.8125e-05,0.007578125
head5m|edge3deg|open|t=60|default|ideal,38400,1000000,,,0.10401041666666666,0,9.439364324705448,1.0,1.041626676009974,4.822290712490643,421.4335783573553,421.2093993022596,9.632346123182925,128,0,,,,,,
head|centre|cs662|t=10|S=1000|F=0.05|BareCrystalAllFaces,38400,1329778.3923679935,1.0,0.9999219891817117,1.0,2.1384899894893574,998.1699965300754,0.0,1.041626676009974,0.0823967815889835,0.22290496128528423,0.22287751742332534,0.005669080659015748,128,128,1.0,1.0,0.9999219891817117,1.0,1.0,0.0
head|centre|cs662|t=10|S=1000|F=0.05|FrontOnlyThroughMask,38400,1329778.3923679935,1.0,0.9999219891817117,1.0,0.05209914322409908,998.1699965300754,0.0,1.041626676009974,0.08202354666635336,0.22189524161745827,0.2221741901456334,0.005678442373745091,128,128,1.0,1.0,0.9999219891817117,1.0,1.0,0.0
head|centre|cs662|t=10|S=1000|F=0.1|BareCrystalAllFaces,38400,1329778.3923679935,1.0,0.9999219891817117,1.0,4.276979978978715,998.1699965300754,0.0,1.041626676009974,0.08225105737932414,0.22251073104897234,0.22215030377572587,0.0054300469687209,128,128,1.0,1.0,0.9999219891817117,1.0,1.0,0.0
head|centre|cs662|t=10|S=1000|F=0.1|FrontOnlyThroughMask,38400,1329778.3923679935,1.0,0.9999219891817117,1.0,0.10419828644819816,998.1699965300754,0.0,1.041626676009974,0.08224188123324597,0.2224859025230426,0.22253201162068154,0.005690064262856433,128,128,1.0,1.0,0.9999219891817117,1.0,1.0,0.0
head|centre|cs662|t=10|S=1000|F=0.2|BareCrystalAllFaces,38400,1329778.3923679935,1.0,0.9999219891817117,1.0,8.55395995795743,998.1699965300754,0.0,1.041626676009974,0.0824563250924813,0.2230660226366217,0.22278942177341682,0.005212794975460634,128,128,1.0,1.0,0.9999219891817117,1.0,1.0,0.0
head|centre|cs662|t=10|S=1000|F=0.2|FrontOnlyThroughMask,38400,1329778.3923679935,1.0,0.9999219891817117,0.9999739583333334,0.20839657289639632,998.1699965300754,2.604166666666667e-05,1.041626676009974,0.08322598335729373,0.22515290794839282,0.22163499810605458,0.032642754686653376,128,128,1.0,1.0,0.9999219891817117,1.0,1.0,0.0
head|centre|cs662|t=10|S=1000|ideal,38400,1329778.3923679935,,,1.0,0,998.1699965300754,0.0,1.041626676009974,0.08228102118154786,0.22259179080218996,0.22194001671005376,0.0053494592283430025,128,128,,,,,,
head|centre|cs662|t=10|S=100|F=0.05|BareCrystalAllFaces,38400,132977.83923679937,0.9131378361211094,0.9107178815463763,0.7788541666666666,2.1384899894893574,99.81699965300756,0.22059895833333334,1.041626676009974,1.5454712853124744,4.18607913267451,4.164878543510611,0.2921605642911689,128,0,0.9839583333333334,0.8984895833333333,0.8959192704758122,0.31666666666666665,0.3190104166666667,0.08546875
head|centre|cs662|t=10|S=100|F=0.05|FrontOnlyThroughMask,38400,132977.83923679937,0.8809895833333333,0.8782373091624155,0.793125,0.05209914322409908,99.81699965300756,0.20622395833333335,1.041626676009974,1.5009749001045154,4.065595911165466,4.091901470936735,0.2585728451650757,128,0,1.0,0.8809895833333333,0.8782373091624155,0.38158854166666667,0.388125,0.11901041666666666
head|centre|cs662|t=10|S=100|F=0.1|BareCrystalAllFaces,38400,132977.83923679937,0.9301519440753365,0.9278573377640416,0.77,4.276979978978715,99.81699965300756,0.229609375,1.041626676009974,1.5864761086740546,4.297222101238749,4.298764797598219,0.2666792245526723,128,0,0.9015104166666666,0.8385416666666666,0.8354211982240962,0.3029427083333333,0.30515625,0.06296875
head|centre|cs662|t=10|S=100|F=0.1|FrontOnlyThroughMask,38400,132977.83923679937,0.8813541666666667,0.8786054765293619,0.7929427083333334,0.10419828644819816,99.81699965300756,0.20653645833333334,1.041626676009974,1.5022113489243252,4.068916572796259,4.062252259615269,0.2691256976252403,128,0,1.0,0.8813541666666667,0.8786054765293619,0.38528645833333336,0.39135416666666667,0.11864583333333334
head|centre|cs662|t=10|S=100|F=0.2|BareCrystalAllFaces,38400,132977.83923679937,0.9544217440214827,0.9523012366624504,0.7419270833333333,8.55395995795743,99.81699965300756,0.25763020833333333,1.041626676009974,1.6771918749862078,4.542923830843087,4.538643707833953,0.2541048206321204,128,0,0.7176302083333334,0.684921875,0.6809992644916708,0.2816927083333333,0.2841666666666667,0.03270833333333333
head|centre|cs662|t=10|S=100|F=0.2|FrontOnlyThroughMask,38400,132977.83923679937,0.881015625,0.8782636065586938,0.796015625,0.20839657289639632,99.81699965300756,0.203515625,1.041626676009974,1.49169674120255,4.04047770241112,4.050894032208896,0.24353723027974394,128,0,1.0,0.881015625,0.8782636065586938,0.38427083333333334,0.39,0.118984375
head|centre|cs662|t=10|S=100|ideal,38400,132977.83923679937,,,0.7990625,0,99.81699965300756,0.20041666666666666,1.041626676009974,1.4789985430642472,4.0060356219837665,3.9925613152943944,0.2646213340321134,128,0,,,,,,
head|centre|cs662|t=10|S=250|F=0.05|BareCrystalAllFaces,38400,332444.59809199837,0.9990624755853017,0.9987621139003169,0.9795833333333334,2.1384899894893574,249.54249913251886,0.020416666666666666,1.041626676009974,0.48947676693075703,1.3256498909440384,1.3400610602455012,0.3342052747204218,128,18,0.9999739583333334,0.9990364583333333,0.9987326019690198,0.972578125,0.9730208333333333,0.0009375
head|centre|cs662|t=10|S=250|F=0.05|FrontOnlyThroughMask,38400,332444.59809199837,0.9947395833333333,0.9940907236188333,0.9815625,0.05209914322409908,249.54249913251886,0.0184375,1.041626676009974,0.4741157640018754,1.2840578166982015,1.3103783761006338,0.2600683834095889,128,20,1.0,0.9947395833333333,0.9940907236188333,0.968984375,0.9713541666666666,0.005260416666666667
head|centre|cs662|t=10|S=250|F=0.1|BareCrystalAllFaces,38400,332444.59809199837,0.9992186482614924,0.9989403609258001,0.9771614583333333,4.276979978978715,249.54249913251886,0.022838541666666667,1.041626676009974,0.5212250688917889,1.4116555129988209,1.4259265518931095,0.2845874922828797,128,10,0.9998697916666667,0.9990885416666667,0.9987917384431636,0.9701822916666667,0.9705208333333334,0.00078125
head|centre|cs662|t=10|S=250|F=0.1|FrontOnlyThroughMask,38400,332444.59809199837,0.9944791666666667,0.9938155827172621,0.9798177083333334,0.10419828644819816,249.54249913251886,0.020182291666666668,1.041626676009974,0.48792589671766967,1.3214388755813449,1.3049760834731732,0.2967350134066997,128,17,1.0,0.9944791666666667,0.9938155827172621,0.9674739583333334,0.9700520833333334,0.005520833333333333
head|centre|cs662|t=10|S=250|F=0.2|BareCrystalAllFaces,38400,332444.59809199837,0.9990349252719163,0.9987305857582885,0.9729427083333333,8.55395995795743,249.54249913251886,0.027057291666666667,1.041626676009974,0.5638823277806567,1.527192126620784,1.5526234003633794,0.2698135431548558,128,6,0.9984114583333333,0.9974479166666667,0.9969820955111092,0.9642447916666667,0.9645833333333333,0.0009635416666666667
head|centre|cs662|t=10|S=250|F=0.2|FrontOnlyThroughMask,38400,332444.59809199837,0.9944010416666667,0.9937331094457049,0.9801822916666667,0.20839657289639632,249.54249913251886,0.019817708333333333,1.041626676009974,0.4869289387907267,1.3187505755076467,1.355559705902059,0.27534294664363357,128,12,1.0,0.9944010416666667,0.9937331094457049,0.9686197916666667,0.9713802083333334,0.005598958333333333
head|centre|cs662|t=10|S=250|ideal,38400,332444.59809199837,,,0.9806510416666666,0,249.54249913251886,0.019348958333333333,1.041626676009974,0.4845306882766812,1.3122605859773966,1.353852407589771,0.2709493764443269,128,19,,,,,,
head|centre|cs662|t=10|S=25|F=0.05|BareCrystalAllFaces,38400,33244.45980919984,0.43696071649615903,0.43202480621530304,0.30466145833333336,2.1384899894893574,24.95424991325189,0.6915104166666667,1.041626676009974,2.67322758616912,7.241180487219024,7.214487016649536,0.19578152754322817,128,0,0.7152864583333334,0.31255208333333334,0.3086587897202811,0.0024739583333333332,0.002994791666666667,0.402734375
head|centre|cs662|t=10|S=25|F=0.05|FrontOnlyThroughMask,38400,33244.45980919984,0.406875,0.4027437874655659,0.33393229166666666,0.05209914322409908,24.95424991325189,0.66125,1.041626676009974,2.615690625580873,7.085322536939667,7.098364869160571,0.17908756364176032,128,0,1.0,0.406875,0.4027437874655659,0.00453125,0.005260416666666667,0.593125
head|centre|cs662|t=10|S=25|F=0.1|BareCrystalAllFaces,38400,33244.45980919984,0.513591072140295,0.5062093426018914,0.285078125,4.276979978978715,24.95424991325189,0.7109635416666666,1.041626676009974,2.7207376908475807,7.369911481868735,7.3778910022502275,0.19467385244397808,128,0,0.32669270833333336,0.16778645833333333,0.16465547686281287,0.002916666666666667,0.003515625,0.15890625
head|centre|cs662|t=10|S=25|F=0.1|FrontOnlyThroughMask,38400,33244.45980919984,0.40447916666666667,0.400351950907414,0.3296354166666667,0.10419828644819816,24.95424991325189,0.6658333333333334,1.041626676009974,2.6328895399917935,7.1319566847789995,7.132959784942459,0.18492930868685278,128,0,1.0,0.40447916666666667,0.400351950907414,0.004973958333333334,0.005651041666666667,0.5955208333333334
head|centre|cs662|t=10|S=25|F=0.2|BareCrystalAllFaces,38400,33244.45980919984,0.5730214849061736,0.5594285362624662,0.248203125,8.55395995795743,24.95424991325189,0.7473177083333333,1.041626676009974,2.7864355393509617,7.547831055951969,7.537365129686857,0.18097427338163757,128,0,0.09575520833333333,0.05486979166666667,0.0529702038615562,0.002395833333333333,0.0031770833333333334,0.04088541666666667
head|centre|cs662|t=10|S=25|F=0.2|FrontOnlyThroughMask,38400,33244.45980919984,0.40544270833333335,0.4013138729434797,0.3260677083333333,0.20839657289639632,24.95424991325189,0.66984375,1.041626676009974,2.630899428593316,7.126543838316235,7.125316050011223,0.19947797848598336,128,0,1.0,0.40544270833333335,0.4013138729434797,0.004713541666666667,0.00578125,0.5945572916666667
head|centre|cs662|t=10|S=25|ideal,38400,33244.45980919984,,,0.3290885416666667,0,24.95424991325189,0.66640625,1.041626676009974,2.632102392632984,7.1298365871606615,7.1286936992022625,0.17615329276465305,128,0,,,,,,
head|centre|cs662|t=10|S=500|F=0.05|BareCrystalAllFaces,38400,664889.1961839967,1.0,0.9999219891817117,0.9994010416666667,2.1384899894893574,499.0849982650377,0.0005989583333333333,1.041626676009974,0.1163629231108797,0.3149019635796182,0.256042789284817,0.1370137437656986,128,128,1.0,1.0,0.9999219891817117,0.9999739583333334,0.9999739583333334,0.0
head|centre|cs662|t=10|S=500|F=0.05|FrontOnlyThroughMask,38400,664889.1961839967,0.9999739583333334,0.9998764678836031,0.9992708333333333,0.05209914322409908,499.0849982650377,0.0007291666666666667,1.041626676009974,0.11960089993574462,0.3236754135189833,0.25669220259361814,0.16364846869330565,128,127,1.0,0.9999739583333334,0.9998764678836031,0.9999739583333334,1.0,2.604166666666667e-05
head|centre|cs662|t=10|S=500|F=0.1|BareCrystalAllFaces,38400,664889.1961839967,1.0,0.9999219891817117,0.9991666666666666,4.276979978978715,499.0849982650377,0.0008333333333333334,1.041626676009974,0.12312426444665618,0.3332145639935266,0.2584861064646338,0.17316743211892158,128,128,1.0,1.0,0.9999219891817117,1.0,1.0,0.0
head|centre|cs662|t=10|S=500|F=0.1|FrontOnlyThroughMask,38400,664889.1961839967,0.9998958333333333,0.9997616431038913,0.9991666666666666,0.10419828644819816,499.0849982650377,0.0008333333333333334,1.041626676009974,0.12450372816826197,0.33695888730959955,0.2588542155690462,0.157957055384604,128,128,1.0,0.9998958333333333,0.9997616431038913,0.9998697916666667,0.9999739583333334,0.00010416666666666667
head|centre|cs662|t=10|S=500|F=0.2|BareCrystalAllFaces,38400,664889.1961839967,1.0,0.9999219891817117,0.9991927083333333,8.55395995795743,499.0849982650377,0.0008072916666666667,1.041626676009974,0.1243205559981808,0.3364574852417793,0.26404327958497287,0.15387932823132092,128,128,1.0,1.0,0.9999219891817117,1.0,1.0,0.0
head|centre|cs662|t=10|S=500|F=0.2|FrontOnlyThroughMask,38400,664889.1961839967,0.99984375,0.9996916277400515,0.9990104166666667,0.20839657289639632,499.0849982650377,0.0009895833333333334,1.041626676009974,0.13129051168737604,0.3553514682092052,0.26262294401204556,0.1691194587420407,128,128,1.0,0.99984375,0.9996916277400515,0.99984375,1.0,0.00015625
head|centre|cs662|t=10|S=500|ideal,38400,664889.1961839967,,,0.9991666666666666,0,499.0849982650377,0.0008333333333333334,1.041626676009974,0.12298737737694049,0.3328460679064163,0.25806469793921083,0.1672189926203156,128,127,,,,,,
head|centre|cs662|t=10|S=50|F=0.05|BareCrystalAllFaces,38400,66488.91961839968,0.6884498480243161,0.6842645690227804,0.5202604166666667,2.1384899894893574,49.90849982650378,0.4775260416666667,1.041626676009974,2.2417100276625774,6.072146382166004,6.04496911204243,0.22268241321330806,128,0,0.87390625,0.601640625,0.5975127236228344,0.03989583333333333,0.041302083333333336,0.272265625
head|centre|cs662|t=10|S=50|F=0.05|FrontOnlyThroughMask,38400,66488.91961839968,0.6435677083333333,0.6395265614235142,0.5452864583333333,0.05209914322409908,49.90849982650378,0.45263020833333334,1.041626676009974,2.1760124931591327,5.894157398308677,5.90847555941499,0.21457718568448939,128,0,1.0,0.6435677083333333,0.6395265614235142,0.06005208333333333,0.06252604166666667,0.3564322916666667
head|centre|cs662|t=10|S=50|F=0.1|BareCrystalAllFaces,38400,66488.91961839968,0.756319290465632,0.7515704655499968,0.5002864583333333,4.276979978978715,49.90849982650378,0.49723958333333335,1.041626676009974,2.2903795317423463,6.204012696940876,6.211208891668446,0.1928169824445249,128,0,0.5872395833333334,0.444140625,0.43996016973081653,0.03638020833333333,0.0384375,0.14309895833333333
head|centre|cs662|t=10|S=50|F=0.1|FrontOnlyThroughMask,38400,66488.91961839968,0.643515625,0.639474349986017,0.5455729166666666,0.10419828644819816,49.90849982650378,0.45244791666666667,1.041626676009974,2.1849751581547516,5.918471773014633,5.924054510615857,0.2416731865570318,128,0,1.0,0.643515625,0.639474349986017,0.060182291666666665,0.06236979166666667,0.356484375
head|centre|cs662|t=10|S=50|F=0.2|BareCrystalAllFaces,38400,66488.91961839968,0.8292436356952486,0.8231990344783158,0.44895833333333335,8.55395995795743,49.90849982650378,0.5488541666666666,1.041626676009974,2.403433175150169,6.510207339673777,6.532508142682719,0.20997005187020645,128,0,0.283359375,0.23497395833333334,0.23141697265897387,0.033359375,0.03515625,0.04838541666666667
head|centre|cs662|t=10|S=50|F=0.2|FrontOnlyThroughMask,38400,66488.91961839968,0.6433854166666667,0.6393438216189071,0.54296875,0.20839657289639632,49.90849982650378,0.45481770833333335,1.041626676009974,2.1786439886592457,5.90128854849422,5.8927408736032305,0.21755853394862384,128,0,1.0,0.6433854166666667,0.6393438216189071,0.06307291666666667,0.06591145833333334,0.35661458333333335
head|centre|cs662|t=10|S=50|ideal,38400,66488.91961839968,,,0.5483072916666667,0,49.90849982650378,0.44971354166666666,1.041626676009974,2.1733682563187897,5.88703913774487,5.8817350999171945,0.23367789998817481,128,0,,,,,,
head|centre|cs662|t=10|default|F=0.05|BareCrystalAllFaces,38400,1000000,1.0,0.9999219891817117,0.9999479166666667,2.1384899894893574,750.6288282761094,5.208333333333334e-05,1.041626676009974,0.08578029889079773,0.23206791456319278,0.22611080055807511,0.04527925731933666,128,128,1.0,1.0,0.9999219891817117,1.0,1.0,0.0
head|centre|cs662|t=10|default|F=0.05|FrontOnlyThroughMask,38400,1000000,1.0,0.9999219891817117,0.999921875,0.05209914322409908,750.6288282761094,7.8125e-05,1.041626676009974,0.08693695119784203,0.23520156876027679,0.2264569243192513,0.05554401785151674,128,128,1.0,1.0,0.9999219891817117,1.0,1.0,0.0
head|centre|cs662|t=10|default|F=0.1|BareCrystalAllFaces,38400,1000000,1.0,0.9999219891817117,0.9998958333333333,4.276979978978715,750.6288282761094,0.00010416666666666667,1.041626676009974,0.08828240860404953,0.23884619802845927,0.22727693521192827,0.06343149624428754,128,128,1.0,1.0,0.9999219891817117,1.0,1.0,0.0
head|centre|cs662|t=10|default|F=0.1|FrontOnlyThroughMask,38400,1000000,1.0,0.9999219891817117,1.0,0.10419828644819816,750.6288282761094,0.0,1.041626676009974,0.08391137485192414,0.22700247331620343,0.2258384691073868,0.00860431541314761,128,128,1.0,1.0,0.9999219891817117,1.0,1.0,0.0
head|centre|cs662|t=10|default|F=0.2|BareCrystalAllFaces,38400,1000000,1.0,0.9999219891817117,0.9999479166666667,8.55395995795743,750.6288282761094,5.208333333333334e-05,1.041626676009974,0.08610498643347886,0.23294601087565503,0.2256530142411432,0.04567533026721405,128,128,1.0,1.0,0.9999219891817117,1.0,1.0,0.0
head|centre|cs662|t=10|default|F=0.2|FrontOnlyThroughMask,38400,1000000,0.9999739583333334,0.9998764678836031,0.9999479166666667,0.20839657289639632,750.6288282761094,5.208333333333334e-05,1.041626676009974,0.08606000915384127,0.23282457881254406,0.22564009601691476,0.045663285151891914,128,128,1.0,0.9999739583333334,0.9998764678836031,0.9999739583333334,1.0,2.604166666666667e-05
head|centre|cs662|t=10|default|ideal,38400,1000000,,,1.0,0,750.6288282761094,0.0,1.041626676009974,0.08368567526033122,0.22639186298024355,0.225142982633106,0.007322439842528671,128,128,,,,,,
head|centre|cs662|t=60|S=1000|F=0.05|BareCrystalAllFaces,38400,221629.7320613323,1.0,0.9999219891817117,0.9999739583333334,12.830939936936145,998.1699965300758,2.604166666666667e-05,1.041626676009974,0.08377703686599809,0.22664360717249132,0.22368739299953339,0.032171661686764566,128,128,1.0,1.0,0.9999219891817117,1.0,1.0,0.0
head|centre|cs662|t=60|S=1000|F=0.05|FrontOnlyThroughMask,38400,221629.7320613323,0.9999739583333334,0.9998764678836031,1.0,0.3125948593445945,998.1699965300758,0.0,1.041626676009974,0.08208434713876378,0.22205972975352398,0.22152689158944455,0.005585280792617387,128,128,1.0,0.9999739583333334,0.9998764678836031,0.9999739583333334,1.0,2.604166666666667e-05
head|centre|cs662|t=60|S=1000|F=0.1|BareCrystalAllFaces,38400,221629.7320613323,1.0,0.9999219891817117,1.0,25.66187987387229,998.1699965300758,0.0,1.041626676009974,0.08312141145224325,0.22486526433857923,0.22478596835521764,0.005764718561848716,128,128,1.0,1.0,0.9999219891817117,1.0,1.0,0.0
head|centre|cs662|t=60|S=1000|F=0.1|FrontOnlyThroughMask,38400,221629.7320613323,1.0,0.9999219891817117,1.0,0.625189718689189,998.1699965300758,0.0,1.041626676009974,0.08235000706832252,0.22277841300780601,0.22259019447276657,0.005769487456310576,128,128,1.0,1.0,0.9999219891817117,1.0,1.0,0.0
head|centre|cs662|t=60|S=1000|F=0.2|BareCrystalAllFaces,38400,221629.7320613323,1.0,0.9999219891817117,0.9999479166666667,51.32375974774458,998.1699965300758,5.208333333333334e-05,1.041626676009974,0.08603209123009842,0.23274905470084722,0.22639049951695103,0.045047072379952764,128,128,1.0,1.0,0.9999219891817117,1.0,1.0,0.0
head|centre|cs662|t=60|S=1000|F=0.2|FrontOnlyThroughMask,38400,221629.7320613323,1.0,0.9999219891817117,1.0,1.250379437378378,998.1699965300758,0.0,1.041626676009974,0.08210356054701788,0.22211169835648276,0.2215955119996429,0.0056087729094171914,128,128,1.0,1.0,0.9999219891817117,1.0,1.0,0.0
head|centre|cs662|t=60|S=1000|ideal,38400,221629.7320613323,,,1.0,0,998.1699965300758,0.0,1.041626676009974,0.08213512359396723,0.22219708998887652,0.22249832959141946,0.005186767962721699,128,128,,,,,,
head|centre|cs662|t=60|S=100|F=0.05|BareCrystalAllFaces,38400,22162.97320613323,0.9637585041290488,0.9616831095863553,0.71015625,12.830939936936145,99.81699965300756,0.289375,1.041626676009974,1.7809762859054277,4.824075585718999,4.838111951992829,0.26790112355375895,128,0,0.6086197916666667,0.5865625,0.5824111864202093,0.258828125,0.26080729166666666,0.022057291666666666
head|centre|cs662|t=60|S=100|F=0.05|FrontOnlyThroughMask,38400,22162.97320613323,0.888046875,0.8853654777244113,0.7969791666666667,0.3125948593445945,99.81699965300756,0.20247395833333334,1.041626676009974,1.4972360936668514,4.055491287113563,4.046808498059056,0.2344836148067675,128,0,1.0,0.888046875,0.8853654777244113,0.3832291666666667,0.3884635416666667,0.111953125
head|centre|cs662|t=60|S=100|F=0.1|BareCrystalAllFaces,38400,22162.97320613323,0.9729349736379613,0.9705888928337888,0.623984375,25.66187987387229,99.81699965300756,0.37536458333333333,1.041626676009974,2.021394625963108,5.475260838189958,5.502199871809877,0.24735392872918865,128,0,0.3704427083333333,0.36041666666666666,0.3563814681981563,0.20625,0.20861979166666667,0.010026041666666667
head|centre|cs662|t=60|S=100|F=0.1|FrontOnlyThroughMask,38400,22162.97320613323,0.8789583333333333,0.876186240440547,0.793046875,0.625189718689189,99.81699965300756,0.20645833333333333,1.041626676009974,1.497900828917915,4.05724431032088,4.0566749839964915,0.28375173823344474,128,0,1.0,0.8789583333333333,0.876186240440547,0.38276041666666666,0.388046875,0.12104166666666667
head|centre|cs662|t=60|S=100|F=0.2|BareCrystalAllFaces,38400,22162.97320613323,0.9791464597478177,0.9759037711094318,0.46828125,51.32375974774458,99.81699965300756,0.5309114583333333,1.041626676009974,2.402392015949386,6.507259165104755,6.505575307420564,0.21145031084403348,128,0,0.16109375,0.157734375,0.1546810493742261,0.133671875,0.13619791666666667,0.003359375
head|centre|cs662|t=60|S=100|F=0.2|FrontOnlyThroughMask,38400,22162.97320613323,0.8801866138448707,0.8774253098842774,0.788515625,1.250379437378378,99.81699965300756,0.21106770833333333,1.041626676009974,1.5174188185606958,4.110109335673255,4.1050325218512,0.21801573885126774,128,0,0.9991666666666666,0.879453125,0.8766858365554014,0.377734375,0.3832552083333333,0.11971354166666667
head|centre|cs662|t=60|S=100|ideal,38400,22162.97320613323,,,0.7981770833333334,0,99.81699965300756,0.20130208333333333,1.041626676009974,1.4838408359453994,4.019158977651255,4.006110847162414,0.2619984915650354,128,0,,,,,,
head|centre|cs662|t=60|S=250|F=0.05|BareCrystalAllFaces,38400,55407.433015333074,0.9988497934856485,0.99852137457729,0.9701302083333333,12.830939936936145,249.54249913251894,0.029869791666666666,1.041626676009974,0.5899088746436987,1.5976833425735117,1.6112972567659591,0.28668794019570437,128,2,0.9961979166666667,0.9950520833333333,0.9944213890912775,0.962109375,0.96265625,0.0011458333333333333
head|centre|cs662|t=60|S=250|F=0.05|FrontOnlyThroughMask,38400,55407.433015333074,0.9942447916666667,0.9935682542884919,0.9790364583333333,0.3125948593445945,249.54249913251894,0.020963541666666665,1.041626676009974,0.5006130186015856,1.355817798883161,1.3581664644128901,0.28722388748550387,128,14,1.0,0.9942447916666667,0.9935682542884919,0.966640625,0.9692708333333333,0.0057552083333333335
head|centre|cs662|t=60|S=250|F=0.1|BareCrystalAllFaces,38400,55407.433015333074,0.9988325815866278,0.998499251850408,0.955546875,25.66187987387229,249.54249913251894,0.044453125,1.041626676009974,0.7202379598520952,1.9507351303541083,1.927490973837413,0.28163096463615217,128,0,0.9815104166666667,0.9803645833333333,0.9791596950669149,0.94828125,0.9489583333333333,0.0011458333333333333
head|centre|cs662|t=60|S=250|F=0.1|FrontOnlyThroughMask,38400,55407.433015333074,0.994453125,0.9937880881794279,0.9795572916666667,0.625189718689189,249.54249913251894,0.020442708333333334,1.041626676009974,0.4927449427072,1.334491558879676,1.346936530042218,0.25936114220466394,128,15,1.0,0.994453125,0.9937880881794279,0.9676822916666666,0.9702083333333333,0.005546875
head|centre|cs662|t=60|S=250|F=0.2|BareCrystalAllFaces,38400,55407.433015333074,0.9988769092542678,0.9985382820847677,0.9133072916666667,51.32375974774458,249.54249913251894,0.08669270833333333,1.041626676009974,0.9953484952978158,2.6959121677046896,2.6567765644522274,0.2886970209671067,128,0,0.9275,0.9264583333333334,0.9242303810106469,0.9120572916666667,0.9129427083333334,0.0010416666666666667
head|centre|cs662|t=60|S=250|F=0.2|FrontOnlyThroughMask,38400,55407.433015333074,0.9945572916666666,0.9938980873065723,0.9801822916666667,1.250379437378378,249.54249913251894,0.019817708333333333,1.041626676009974,0.4886674469683795,1.3234603043936999,1.3607711349859422,0.27189177353891497,128,19,1.0,0.9945572916666666,0.9938980873065723,0.9677864583333333,0.9705989583333333,0.005442708333333333
head|centre|cs662|t=60|S=250|ideal,38400,55407.433015333074,,,0.9803125,0,249.54249913251894,0.0196875,1.041626676009974,0.4840706018013178,1.3109963828290507,1.2996965016753699,0.29772760961173916,128,18,,,,,,
head|centre|cs662|t=60|S=25|F=0.05|BareCrystalAllFaces,38400,5540.743301533307,0.5502415458937198,0.5319706147469101,0.21966145833333334,12.830939936936145,24.95424991325189,0.7764322916666667,1.041626676009974,2.8406233484106718,7.694572856152448,7.700061124005794,0.17366599350120318,128,0,0.05390625,0.029661458333333335,0.028250768977744214,0.00203125,0.0027864583333333335,0.024244791666666668
head|centre|cs662|t=60|S=25|F=0.05|FrontOnlyThroughMask,38400,5540.743301533307,0.40486979166666665,0.4007419173153031,0.32971354166666667,0.3125948593445945,24.95424991325189,0.6663802083333333,1.041626676009974,2.6296513217966586,7.123189831820952,7.144770624090961,0.18732703188955524,128,0,1.0,0.40486979166666665,0.4007419173153031,0.004479166666666667,0.0050260416666666665,0.5951302083333333
head|centre|cs662|t=60|S=25|F=0.1|BareCrystalAllFaces,38400,5540.743301533307,0.5434782608695652,0.5075885196795564,0.159296875,25.66187987387229,24.95424991325189,0.83734375,1.041626676009974,2.9579221454176623,8.012272414969878,8.02367231589297,0.16931119178151097,128,0,0.014375,0.0078125,0.007088166358116928,0.0016927083333333334,0.0027604166666666667,0.0065625
head|centre|cs662|t=60|S=25|F=0.1|FrontOnlyThroughMask,38400,5540.743301533307,0.3981084752847737,0.39398571025381923,0.323359375,0.625189718689189,24.95424991325189,0.6722916666666666,1.041626676009974,2.640756753789556,7.153270876678741,7.135588930267765,0.19728684768471533,128,0,0.9967708333333334,0.3968229166666667,0.3927091577018793,0.004505208333333333,0.005390625,0.5999479166666667
head|centre|cs662|t=60|S=25|F=0.2|BareCrystalAllFaces,38400,5540.743301533307,0.391304347826087,0.326846748150312,0.0946875,51.32375974774458,24.95424991325189,0.9025,1.041626676009974,3.0719899591356254,8.321101850339794,8.315741887360486,0.147442123831717,128,0,0.004192708333333333,0.001640625,0.0013162667279930614,0.0011197916666666667,0.0028385416666666667,0.0025520833333333333
head|centre|cs662|t=60|S=25|F=0.2|FrontOnlyThroughMask,38400,5540.743301533307,0.404909660058213,0.40067067152272867,0.31919270833333335,1.250379437378378,24.95424991325189,0.6765364583333333,1.041626676009974,2.652142746245577,7.184131493897056,7.1693749453618825,0.20582507561457009,128,0,0.9483854166666666,0.3840104166666667,0.37992153257096906,0.004270833333333333,0.0050260416666666665,0.564375
head|centre|cs662|t=60|S=25|ideal,38400,5540.743301533307,,,0.334609375,0,24.95424991325189,0.6615885416666667,1.041626676009974,2.6148292653410325,7.083012308730115,7.095196209091979,0.18326842696075285,128,0,,,,,,
head|centre|cs662|t=60|S=500|F=0.05|BareCrystalAllFaces,38400,110814.86603066615,1.0,0.9999219891817117,0.9984635416666666,12.830939936936145,499.0849982650379,0.0015364583333333333,1.041626676009974,0.14811476063538367,0.40093320716873154,0.27302316970191987,0.20506552236482478,128,128,1.0,1.0,0.9999219891817117,0.9999739583333334,0.9999739583333334,0.0
head|centre|cs662|t=60|S=500|F=0.05|FrontOnlyThroughMask,38400,110814.86603066615,0.99984375,0.9996916277400515,0.9991666666666666,0.3125948593445945,499.0849982650379,0.0008333333333333334,1.041626676009974,0.12363791088043334,0.3346134303985264,0.25800273501631554,0.15386053853645296,128,128,1.0,0.99984375,0.9996916277400515,0.99984375,1.0,0.00015625
head|centre|cs662|t=60|S=500|F=0.1|BareCrystalAllFaces,38400,110814.86603066615,1.0,0.9999219891817117,0.998125,25.66187987387229,499.0849982650379,0.001875,1.041626676009974,0.16381999968351593,0.44349355566144555,0.300353031954563,0.19672344939614708,128,128,1.0,1.0,0.9999219891817117,1.0,1.0,0.0
head|centre|cs662|t=60|S=500|F=0.1|FrontOnlyThroughMask,38400,110814.86603066615,0.9999479166666667,0.999836056211534,0.999375,0.625189718689189,499.0849982650379,0.000625,1.041626676009974,0.11576475110258483,0.31327669477047587,0.2561579632541323,0.14108813113001625,128,128,1.0,0.9999479166666667,0.999836056211534,0.9999479166666667,1.0,5.208333333333334e-05
head|centre|cs662|t=60|S=500|F=0.2|BareCrystalAllFaces,38400,110814.86603066615,0.9999739583333334,0.9998764678836031,0.9960677083333334,51.32375974774458,499.0849982650379,0.003932291666666666,1.041626676009974,0.21861907686110926,0.5919597037933403,0.6050704512838225,0.25391890163697556,128,122,1.0,0.9999739583333334,0.9998764678836031,0.9999479166666667,0.9999739583333334,2.604166666666667e-05
head|centre|cs662|t=60|S=500|F=0.2|FrontOnlyThroughMask,38400,110814.86603066615,0.999921875,0.999798094358986,0.999140625,1.250379437378378,499.0849982650379,0.000859375,1.041626676009974,0.1256062468795685,0.33994529021788317,0.26156072627862725,0.1572050703352707,128,128,1.0,0.999921875,0.999798094358986,0.9998958333333333,0.9999739583333334,7.8125e-05
head|centre|cs662|t=60|S=500|ideal,38400,110814.86603066615,,,0.999140625,0,499.0849982650379,0.000859375,1.041626676009974,0.12444808799828833,0.3368130461297527,0.25517950659310035,0.1597275753437666,128,128,,,,,,
head|centre|cs662|t=60|S=50|F=0.05|BareCrystalAllFaces,38400,11081.486603066614,0.8346260387811635,0.8272652641081142,0.41294270833333335,12.830939936936145,49.90849982650378,0.5848177083333334,1.041626676009974,2.4840647589393012,6.728622255422875,6.728385245585814,0.1904091443868945,128,0,0.18802083333333333,0.15692708333333333,0.15388017992029732,0.028307291666666668,0.030052083333333333,0.03109375
head|centre|cs662|t=60|S=50|F=0.05|FrontOnlyThroughMask,38400,11081.486603066614,0.6464322916666667,0.6423982704136255,0.5458854166666667,0.3125948593445945,49.90849982650378,0.45208333333333334,1.041626676009974,2.180914572747428,5.907451478066393,5.924456858430598,0.2384054625631198,128,0,1.0,0.6464322916666667,0.6423982704136255,0.061953125,0.06450520833333333,0.35356770833333334
head|centre|cs662|t=60|S=50|F=0.1|BareCrystalAllFaces,38400,11081.486603066614,0.8406211687780957,0.8279447611405668,0.31330729166666665,25.66187987387229,49.90849982650378,0.6842708333333334,1.041626676009974,2.6897863428973974,7.285835885871534,7.2789506083840365,0.2048550195037399,128,0,0.06372395833333333,0.05356770833333333,0.051689709770860674,0.018880208333333332,0.020416666666666666,0.01015625
head|centre|cs662|t=60|S=50|F=0.1|FrontOnlyThroughMask,38400,11081.486603066614,0.6356625501537179,0.6316015929624725,0.5408854166666667,0.625189718689189,49.90849982650378,0.4571354166666667,1.041626676009974,2.19093318625247,5.934601939644966,5.962209800497495,0.23270740714340382,128,0,0.99953125,0.6353645833333333,0.6313038953038923,0.06046875,0.06307291666666667,0.3641666666666667
head|centre|cs662|t=60|S=50|F=0.2|BareCrystalAllFaces,38400,11081.486603066614,0.8279266572637518,0.8029006495656024,0.19684895833333332,51.32375974774458,49.90849982650378,0.8012760416666667,1.041626676009974,2.9170311033321976,7.901325944528049,7.905220270577554,0.18599996816944742,128,0,0.018463541666666666,0.015286458333333334,0.014270808347876909,0.011796875,0.013984375,0.0031770833333333334
head|centre|cs662|t=60|S=50|F=0.2|FrontOnlyThroughMask,38400,11081.486603066614,0.6372243084571851,0.6331364694773107,0.5326302083333333,1.250379437378378,49.90849982650378,0.4652604166666667,1.041626676009974,2.214705692489664,5.999023494279008,6.012645806182543,0.21138477334290032,128,0,0.9847395833333333,0.6275,0.6234217665597399,0.06135416666666667,0.06364583333333333,0.35723958333333333
head|centre|cs662|t=60|S=50|ideal,38400,11081.486603066614,,,0.5429947916666666,0,49.90849982650378,0.455078125,1.041626676009974,2.1874530075215497,5.925194018420868,5.926515261811752,0.22765409497664835,128,0,,,,,,
head|centre|cs662|t=60|default|F=0.05|BareCrystalAllFaces,38400,1000000,1.0,0.9999219891817117,1.0,12.830939936936145,4503.772969656657,0.0,1.041626676009974,0.08239676050012394,0.22290484977036892,0.22320613849857507,0.00495779003024809,128,128,1.0,1.0,0.9999219891817117,1.0,1.0,0.0
head|centre|cs662|t=60|default|F=0.05|FrontOnlyThroughMask,38400,1000000,1.0,0.9999219891817117,1.0,0.3125948593445945,4503.772969656657,0.0,1.041626676009974,0.08221087675485268,0.22240198479633047,0.2225915966302051,0.005030563435293808,128,128,1.0,1.0,0.9999219891817117,1.0,1.0,0.0
head|centre|cs662|t=60|default|F=0.1|BareCrystalAllFaces,38400,1000000,1.0,0.9999219891817117,1.0,25.66187987387229,4503.772969656657,0.0,1.041626676009974,0.0824694368429884,0.22310145847409213,0.22310677286614838,0.005210010595380636,128,128,1.0,1.0,0.9999219891817117,1.0,1.0,0.0
head|centre|cs662|t=60|default|F=0.1|FrontOnlyThroughMask,38400,1000000,1.0,0.9999219891817117,1.0,0.625189718689189,4503.772969656657,0.0,1.041626676009974,0.08218489135491167,0.22233168741853493,0.22274716634731767,0.005281982471795607,128,128,1.0,1.0,0.9999219891817117,1.0,1.0,0.0
head|centre|cs662|t=60|default|F=0.2|BareCrystalAllFaces,38400,1000000,1.0,0.9999219891817117,1.0,51.32375974774458,4503.772969656657,0.0,1.041626676009974,0.08270063807738179,0.22372691931064567,0.2235468161072978,0.005083455255419864,128,128,1.0,1.0,0.9999219891817117,1.0,1.0,0.0
head|centre|cs662|t=60|default|F=0.2|FrontOnlyThroughMask,38400,1000000,1.0,0.9999219891817117,1.0,1.250379437378378,4503.772969656657,0.0,1.041626676009974,0.08228927107852078,0.22261406223521843,0.22333173837329062,0.005141011757801245,128,128,1.0,1.0,0.9999219891817117,1.0,1.0,0.0
head|centre|cs662|t=60|default|ideal,38400,1000000,,,1.0,0,4503.772969656657,0.0,1.041626676009974,0.08223111304000086,0.22245672927523027,0.22241486228170246,0.005121424523464463,128,128,,,,,,
head|centre|open|t=10|S=1000|F=0.05|BareCrystalAllFaces,38400,511744.1515148526,1.0,0.9999219891817117,0.9995052083333333,167.58498105779404,999.0236735937989,0.0004947916666666667,1.041626676009974,0.09563116893350328,0.25879114944494686,0.207832160930295,0.14011432551766775,128,128,1.0,1.0,0.9999219891817117,1.0,1.0,0.0
head|centre|open|t=10|S=1000|F=0.05|FrontOnlyThroughMask,38400,511744.1515148526,1.0,0.9999219891817117,1.0,0.6413687897939254,999.0236735937989,0.0,1.041626676009974,0.07333267889693634,0.1983841178427239,0.19834119069417055,0.003668773761949603,128,128,1.0,1.0,0.9999219891817117,1.0,1.0,0.0
head|centre|open|t=10|S=1000|F=0.1|BareCrystalAllFaces,38400,511744.1515148526,1.0,0.9999219891817117,0.985625,335.1699621155881,999.0236735937989,0.014375,1.041626676009974,0.41066475273067804,1.1122583507377912,1.106360114071031,0.2750933482149223,128,53,1.0,1.0,0.9999219891817117,1.0,1.0,0.0
head|centre|open|t=10|S=1000|F=0.1|FrontOnlyThroughMask,38400,511744.1515148526,1.0,0.9999219891817117,1.0,1.2827375795878508,999.0236735937989,0.0,1.041626676009974,0.07327308919166456,0.19822291535371608,0.19829418614357663,0.003572064409348243,128,128,1.0,1.0,0.9999219891817117,1.0,1.0,0.0
head|centre|open|t=10|S=1000|F=0.2|BareCrystalAllFaces,38400,511744.1515148526,0.999921875,0.999798094358986,0.6328645833333333,670.3399242311762,999.0236735937989,0.36713541666666666,1.041626676009974,2.0929382337061737,5.668832740633654,5.680050497467529,0.2666694012780906,128,0,1.0,0.999921875,0.999798094358986,0.999921875,1.0,7.8125e-05
head|centre|open|t=10|S=1000|F=0.2|FrontOnlyThroughMask,38400,511744.1515148526,1.0,0.9999219891817117,1.0,2.5654751591757017,999.0236735937989,0.0,1.041626676009974,0.07339708591872181,0.19855835587158246,0.1988250739264158,0.003703858304973317,128,128,1.0,1.0,0.9999219891817117,1.0,1.0,0.0
head|centre|open|t=10|S=1000|ideal,38400,511744.1515148526,,,1.0,0,999.0236735937989,0.0,1.041626676009974,0.07340279552777489,0.19857380250249262,0.1983596673815594,0.0036560906810397826,128,128,,,,,,
head|centre|open|t=10|S=100|F=0.05|BareCrystalAllFaces,38400,51174.41515148526,0.8384424192212097,0.825610769161724,0.07229166666666667,167.58498105779404,99.90236735937987,0.9276822916666667,1.041626676009974,2.9926228571389655,8.104790924968508,8.098274230203035,0.11825730414442512,128,0,0.06286458333333333,0.052708333333333336,0.050844753781161295,0.035442708333333336,0.04140625,0.01015625
head|centre|open|t=10|S=100|F=0.05|FrontOnlyThroughMask,38400,51174.41515148526,0.949609375,0.9477348949088519,0.84375,0.6413687897939254,99.90236735937987,0.15606770833333333,1.041626676009974,1.3066595732265813,3.539176880495936,3.5134866977876174,0.25792868038594663,128,0,1.0,0.949609375,0.9477348949088519,0.49375,0.49528645833333335,0.050390625
head|centre|open|t=10|S=100|F=0.1|BareCrystalAllFaces,38400,51174.41515148526,0.7108559498956158,0.6857799488681267,0.0028125,335.1699621155881,99.90236735937987,0.9971875,1.041626676009974,3.108120606674206,8.417537766431819,8.416567085468373,0.08476355632214085,128,0,0.024947916666666667,0.017734375,0.01664055865346035,0.011770833333333333,0.015963541666666668,0.007213541666666667
head|centre|open|t=10|S=100|F=0.1|FrontOnlyThroughMask,38400,51174.41515148526,0.9502997133176961,0.9484364066623744,0.8398697916666666,1.2827375795878508,99.90236735937987,0.15994791666666666,1.041626676009974,1.3183157737384996,3.570742590714198,3.573990607044701,0.2935386185034294,128,0,0.99921875,0.9495572916666667,0.9476819164161501,0.4921875,0.49359375,0.04966145833333333
head|centre|open|t=10|S=100|F=0.2|BareCrystalAllFaces,38400,51174.41515148526,0.5555555555555556,0.5069458426932285,0.0,670.3399242311762,99.90236735937987,1.0,1.041626676009974,3.1626779209273983,8.56547211029668,8.562778668940004,0.08487539969183368,128,0,0.00796875,0.004427083333333333,0.0038847846547579077,0.0035416666666666665,0.006119791666666667,0.0035416666666666665
head|centre|open|t=10|S=100|F=0.2|FrontOnlyThroughMask,38400,51174.41515148526,0.9534785701114301,0.9516615268576889,0.8291145833333333,2.5654751591757017,99.90236735937987,0.17065104166666667,1.041626676009974,1.3591154289060625,3.681229492333732,3.679792067829338,0.2763797002716614,128,0,0.9885677083333333,0.942578125,0.9405874131108186,0.478046875,0.479453125,0.045989583333333334
head|centre|open|t=10|S=100|ideal,38400,51174.41515148526,,,0.8441666666666666,0,99.90236735937987,0.15575520833333334,1.041626676009974,1.2969025711230218,3.5126962710355714,3.5052767581786415,0.2425066258798114,128,0,,,,,,
head|centre|open|t=10|S=250|F=0.05|BareCrystalAllFaces,38400,127936.03787871315,0.974606010336247,0.9730955221983314,0.5340104166666667,167.58498105779404,249.75591839844972,0.46598958333333335,1.041626676009974,2.241944347284057,6.072064582854394,6.075560490890711,0.21502112190854641,128,0,0.8163020833333333,0.7955729166666666,0.792158329803713,0.7403385416666667,0.7563020833333334,0.020729166666666667
head|centre|open|t=10|S=250|F=0.05|FrontOnlyThroughMask,38400,127936.03787871315,0.9998697916666667,0.9997262427017626,0.9875,0.6413687897939254,249.75591839844972,0.0125,1.041626676009974,0.37771287138052045,1.0229072412019673,1.0033337373719575,0.2789913803997446,128,63,1.0,0.9998697916666667,0.9997262427017626,0.9956510416666666,0.9956770833333334,0.00013020833333333333
head|centre|open|t=10|S=250|F=0.1|BareCrystalAllFaces,38400,127936.03787871315,0.955071477195371,0.9526231707420102,0.08627604166666666,335.1699621155881,249.75591839844972,0.9137239583333333,1.041626676009974,3.113415368288827,8.43227567452572,8.447737412375796,0.10925592371548909,128,0,0.5355729166666666,0.5115104166666666,0.5073010376671547,0.445703125,0.4627864583333333,0.0240625
head|centre|open|t=10|S=250|F=0.1|FrontOnlyThroughMask,38400,127936.03787871315,0.9998177083333334,0.9996576286129569,0.988125,1.2827375795878508,249.75591839844972,0.011875,1.041626676009974,0.37303378617396143,1.010250537963677,1.0145097742821099,0.27895062022606937,128,61,1.0,0.9998177083333334,0.9996576286129569,0.9953125,0.9954166666666666,0.00018229166666666667
head|centre|open|t=10|S=250|F=0.2|BareCrystalAllFaces,38400,127936.03787871315,0.9360082569990968,0.9312485391570474,0.0003125,670.3399242311762,249.75591839844972,0.9996875,1.041626676009974,3.2752389122243764,8.870649995504307,8.867323781683245,0.07089231802149976,128,0,0.20184895833333333,0.18893229166666667,0.18565090388129568,0.16994791666666667,0.180390625,0.012916666666666667
head|centre|open|t=10|S=250|F=0.2|FrontOnlyThroughMask,38400,127936.03787871315,0.9997916666666666,0.999624129158168,0.987421875,2.5654751591757017,249.75591839844972,0.012578125,1.041626676009974,0.3835104354845825,1.0386191182367497,1.0469508306214517,0.23976776394176488,128,54,1.0,0.9997916666666666,0.999624129158168,0.9955989583333333,0.9956770833333334,0.00020833333333333335
head|centre|open|t=10|S=250|ideal,38400,127936.03787871315,,,0.988828125,0,249.75591839844972,0.011171875,1.041626676009974,0.3626001303278684,0.9819912081113601,0.9794803057774051,0.25247376876563093,128,68,,,,,,
head|centre|open|t=10|S=25|F=0.05|BareCrystalAllFaces,38400,12793.603787871314,0.13978494623655913,0.09982926216218709,0.005416666666666667,167.58498105779404,24.975591839844967,0.9945572916666666,1.041626676009974,2.975677715249526,8.058621968344914,8.056878918075293,0.09593432674331194,128,0,0.00484375,0.0006770833333333334,0.00047448322138911065,0.00036458333333333335,0.0021875,0.004166666666666667
head|centre|open|t=10|S=25|F=0.05|FrontOnlyThroughMask,38400,12793.603787871314,0.4658158614402917,0.46161746877935445,0.363046875,0.6413687897939254,24.975591839844967,0.6343229166666666,1.041626676009974,2.562868147726793,6.942213527699258,6.943275318587164,0.1833887422463905,128,0,0.9998697916666667,0.46575520833333334,0.4615571280307064,0.005130208333333333,0.005416666666666667,0.5341145833333333
head|centre|open|t=10|S=25|F=0.1|BareCrystalAllFaces,38400,12793.603787871314,0.13333333333333333,0.09202084474340788,0.0004166666666666667,335.1699621155881,24.975591839844967,0.9995833333333334,1.041626676009974,3.004007579357695,8.135263759083449,8.140809186747553,0.1052432499743818,128,0,0.004296875,0.0005729166666666667,0.00038788861883688844,0.00046875,0.002578125,0.0037239583333333335
head|centre|open|t=10|S=25|F=0.1|FrontOnlyThroughMask,38400,12793.603787871314,0.46526442967763193,0.46095364640129616,0.3545052083333333,1.2827375795878508,24.975591839844967,0.6424479166666667,1.041626676009974,2.580497503280165,6.989955442818838,7.004403165952432,0.21576201964296202,128,0,0.9483854166666666,0.44125,0.4370725053759616,0.004348958333333333,0.0046875,0.5071354166666666
head|centre|open|t=10|S=25|F=0.2|BareCrystalAllFaces,38400,12793.603787871314,0.1592920353982301,0.10555791066968845,0.0,670.3399242311762,24.975591839844967,1.0,1.041626676009974,3.0838269162860477,8.351689530012637,8.347709435240333,0.09328557576673342,128,0,0.002942708333333333,0.00046875,0.0003029978512703995,0.0004427083333333333,0.002395833333333333,0.0024739583333333332
head|centre|open|t=10|S=25|F=0.2|FrontOnlyThroughMask,38400,12793.603787871314,0.5075567252861187,0.5023434342534517,0.33513020833333335,2.5654751591757017,24.975591839844967,0.661484375,1.041626676009974,2.6181604049603107,7.091944788725821,7.096647382071119,0.1992159107460112,128,0,0.653046875,0.33145833333333335,0.3275035169251004,0.004453125,0.0049479166666666664,0.32158854166666667
head|centre|open|t=10|S=25|ideal,38400,12793.603787871314,,,0.36666666666666664,0,24.975591839844967,0.6301041666666667,1.041626676009974,2.5499828634986645,6.907270834747298,6.907037608169665,0.1864372359816446,128,0,,,,,,
head|centre|open|t=10|S=500|F=0.05|BareCrystalAllFaces,38400,255872.0757574263,0.9991145833333334,0.9988213809355074,0.939921875,167.58498105779404,499.51183679689944,0.060078125,1.041626676009974,0.8376965468711394,2.268885812442796,2.2872243110814123,0.252147493230713,128,0,1.0,0.9991145833333334,0.9988213809355074,0.9990885416666667,0.9999739583333334,0.0008854166666666666
head|centre|open|t=10|S=500|F=0.05|FrontOnlyThroughMask,38400,255872.0757574263,1.0,0.9999219891817117,0.9992708333333333,0.6413687897939254,499.51183679689944,0.0007291666666666667,1.041626676009974,0.10630461532502877,0.28770763783562153,0.21262783157460968,0.1609378832644868,128,128,1.0,1.0,0.9999219891817117,1.0,1.0,0.0
head|centre|open|t=10|S=500|F=0.1|BareCrystalAllFaces,38400,255872.0757574263,0.9965596330275229,0.9960258590115143,0.5874739583333334,335.1699621155881,499.51183679689944,0.4125260416666667,1.041626676009974,2.1829221842397373,5.912429415716063,5.908479812716607,0.21855507235507698,128,0,0.9991666666666666,0.9957291666666667,0.9951399373265611,0.994765625,0.9981770833333333,0.0034375
head|centre|open|t=10|S=500|F=0.1|FrontOnlyThroughMask,38400,255872.0757574263,1.0,0.9999219891817117,0.9993489583333334,1.2827375795878508,499.51183679689944,0.0006510416666666666,1.041626676009974,0.10114668640832178,0.2737305087494402,0.2103141567488876,0.16454294567764755,128,128,1.0,1.0,0.9999219891817117,1.0,1.0,0.0
head|centre|open|t=10|S=500|F=0.2|BareCrystalAllFaces,38400,255872.0757574263,0.9868773505776671,0.9858612858260662,0.03658854166666667,670.3399242311762,499.51183679689944,0.9634114583333333,1.041626676009974,3.317009199190016,8.98406853513233,8.987972547967198,0.07526184639901164,128,0,0.9624739583333334,0.94984375,0.9479733048633981,0.944140625,0.9559635416666666,0.012630208333333334
head|centre|open|t=10|S=500|F=0.2|FrontOnlyThroughMask,38400,255872.0757574263,1.0,0.9999219891817117,0.9994010416666667,2.5654751591757017,499.51183679689944,0.0005989583333333333,1.041626676009974,0.10067667277389479,0.2724550466704792,0.20973596722210425,0.1501859407591727,128,128,1.0,1.0,0.9999219891817117,1.0,1.0,0.0
head|centre|open|t=10|S=500|ideal,38400,255872.0757574263,,,0.999453125,0,499.51183679689944,0.000546875,1.041626676009974,0.09804411330343943,0.2653271539737611,0.20878985074216655,0.14593686493930036,128,128,,,,,,
head|centre|open|t=10|S=50|F=0.05|BareCrystalAllFaces,38400,25587.20757574263,0.47435897435897434,0.43173757713264455,0.014140625,167.58498105779404,49.95118367968993,0.9858072916666667,1.041626676009974,3.007787453678971,8.145697134753958,8.134760813853323,0.09464246254934724,128,0,0.01015625,0.0048177083333333336,0.004251421457753609,0.0028125,0.005494791666666667,0.005338541666666667
head|centre|open|t=10|S=50|F=0.05|FrontOnlyThroughMask,38400,25587.20757574263,0.7371998541590707,0.7334789549989236,0.5981770833333333,0.6413687897939254,49.95118367968993,0.4005208333333333,1.041626676009974,2.0500524120406256,5.552900787263769,5.546419052996866,0.23062575940751942,128,0,0.9999479166666667,0.7371614583333334,0.7334404852496625,0.07638020833333334,0.07731770833333333,0.2627864583333333
head|centre|open|t=10|S=50|F=0.1|BareCrystalAllFaces,38400,25587.20757574263,0.3133047210300429,0.2631720046464974,0.0008072916666666667,335.1699621155881,49.95118367968993,0.9991927083333333,1.041626676009974,3.045406269211739,8.247501747684149,8.243531078659649,0.10482660917334514,128,0,0.006067708333333333,0.0019010416666666668,0.0015507048332341648,0.0011458333333333333,0.0038541666666666668,0.004166666666666667
head|centre|open|t=10|S=50|F=0.1|FrontOnlyThroughMask,38400,25587.20757574263,0.7348768524866832,0.7311221336213958,0.5865364583333333,1.2827375795878508,49.95118367968993,0.41234375,1.041626676009974,2.079540882362062,5.632766531919815,5.641065888365285,0.23611414217429552,128,0,0.9875520833333333,0.7257291666666666,0.7219587194895057,0.0725,0.074140625,0.2618229166666667
head|centre|open|t=10|S=50|F=0.2|BareCrystalAllFaces,38400,25587.20757574263,0.20134228187919462,0.1488081867241997,2.604166666666667e-05,670.3399242311762,49.95118367968993,0.9999739583333334,1.041626676009974,3.1101781057658155,8.423130026022816,8.412698669233558,0.09329593307305638,128,0,0.003880208333333333,0.00078125,0.0005623974518849258,0.0005989583333333333,0.002942708333333333,0.0030989583333333333
head|centre|open|t=10|S=50|F=0.2|FrontOnlyThroughMask,38400,25587.20757574263,0.7671543744401313,0.7633236069734028,0.5759114583333333,2.5654751591757017,49.95118367968993,0.422734375,1.041626676009974,2.1079235518727875,5.709673478445799,5.685699137168218,0.22871995302961584,128,0,0.8721354166666667,0.6690625,0.6650903854493475,0.07109375,0.07231770833333333,0.20307291666666666
head|centre|open|t=10|S=50|ideal,38400,25587.20757574263,,,0.60640625,0,49.95118367968993,0.392109375,1.041626676009974,2.0299560609811267,5.49849400149565,5.531124340486979,0.24184278860199682,128,0,,,,,,
head|centre|open|t=10|default|F=0.05|BareCrystalAllFaces,38400,1000000,1.0,0.9999219891817117,1.0,167.58498105779404,1952.19363159601,0.0,1.041626676009974,0.07482858788913886,0.20243093898695141,0.20275104212989364,0.0032324962788151867,128,128,1.0,1.0,0.9999219891817117,1.0,1.0,0.0
head|centre|open|t=10|default|F=0.05|FrontOnlyThroughMask,38400,1000000,1.0,0.9999219891817117,1.0,0.6413687897939254,1952.19363159601,0.0,1.041626676009974,0.07308576642451907,0.19771614575864216,0.19728497922285693,0.0034050144192334544,128,128,1.0,1.0,0.9999219891817117,1.0,1.0,0.0
head|centre|open|t=10|default|F=0.1|BareCrystalAllFaces,38400,1000000,1.0,0.9999219891817117,1.0,335.1699621155881,1952.19363159601,0.0,1.041626676009974,0.07657102834033822,0.20714470126207205,0.20746203462872453,0.0028892616472107617,128,128,1.0,1.0,0.9999219891817117,1.0,1.0,0.0
head|centre|open|t=10|default|F=0.1|FrontOnlyThroughMask,38400,1000000,1.0,0.9999219891817117,1.0,1.2827375795878508,1952.19363159601,0.0,1.041626676009974,0.07291379078816325,0.1972509063221127,0.19760064014889878,0.0034745517006670237,128,128,1.0,1.0,0.9999219891817117,1.0,1.0,0.0
head|centre|open|t=10|default|F=0.2|BareCrystalAllFaces,38400,1000000,1.0,0.9999219891817117,0.99796875,670.3399242311762,1952.19363159601,0.00203125,1.041626676009974,0.15334198157520532,0.41515471176861624,0.21880104268646172,0.23125599589364554,128,127,1.0,1.0,0.9999219891817117,1.0,1.0,0.0
head|centre|open|t=10|default|F=0.2|FrontOnlyThroughMask,38400,1000000,1.0,0.9999219891817117,1.0,2.5654751591757017,1952.19363159601,0.0,1.041626676009974,0.07294020194044393,0.197322355421806,0.1973219206054463,0.002909206270509786,128,128,1.0,1.0,0.9999219891817117,1.0,1.0,0.0
head|centre|open|t=10|default|ideal,38400,1000000,,,1.0,0,1952.19363159601,0.0,1.041626676009974,0.07293304884404278,0.19730300419418045,0.19711412128611563,0.0030195615300012343,128,128,,,,,,
head|centre|open|t=60|S=1000|F=0.05|BareCrystalAllFaces,38400,85290.6919191421,0.9997916666666666,0.999624129158168,0.12127604166666667,1005.5098863467643,999.0236735937989,0.8787239583333334,1.041626676009974,3.2325744667657905,8.755591514070218,8.76628255518002,0.10568941567802816,128,0,1.0,0.9997916666666666,0.999624129158168,0.9997916666666666,1.0,0.00020833333333333335
head|centre|open|t=60|S=1000|F=0.05|FrontOnlyThroughMask,38400,85290.6919191421,1.0,0.9999219891817117,1.0,3.848212738763554,999.0236735937989,0.0,1.041626676009974,0.07329230537156363,0.19827489670698895,0.19833819692214805,0.003458371489307773,128,128,1.0,1.0,0.9999219891817117,1.0,1.0,0.0
head|centre|open|t=60|S=1000|F=0.1|BareCrystalAllFaces,38400,85290.6919191421,0.998150800885532,0.9977475045835515,0.0,2011.0197726935287,999.0236735937989,1.0,1.041626676009974,3.454217311603729,9.355975548642673,9.357740451945341,0.025928251470097634,128,0,0.9998697916666667,0.9980208333333334,0.9976052041425991,0.9977083333333333,0.99953125,0.0018489583333333333
head|centre|open|t=60|S=1000|F=0.1|FrontOnlyThroughMask,38400,85290.6919191421,1.0,0.9999219891817117,1.0,7.696425477527108,999.0236735937989,0.0,1.041626676009974,0.0736920840100704,0.1993564046659987,0.19933891028032102,0.0035438269683819466,128,128,1.0,1.0,0.9999219891817117,1.0,1.0,0.0
head|centre|open|t=60|S=1000|F=0.2|BareCrystalAllFaces,38400,85290.6919191421,0.9838598045458321,0.9827260669015233,0.0,4022.0395453870574,999.0236735937989,1.0,1.041626676009974,3.4624239896736313,9.378261625953817,9.379448719580736,0.027431743838447754,128,0,0.9406510416666667,0.92546875,0.9232273418791266,0.9165885416666667,0.9308072916666666,0.015182291666666667
head|centre|open|t=60|S=1000|F=0.2|FrontOnlyThroughMask,38400,85290.6919191421,1.0,0.9999219891817117,1.0,15.392850955054216,999.0236735937989,0.0,1.041626676009974,0.07418783728837614,0.20069754757206557,0.20077234452719794,0.003364506416400392,128,128,1.0,1.0,0.9999219891817117,1.0,1.0,0.0
head|centre|open|t=60|S=1000|ideal,38400,85290.6919191421,,,1.0,0,999.0236735937989,0.0,1.041626676009974,0.07344931855214806,0.19869965938103606,0.19836379153784875,0.0032239896430239353,128,128,,,,,,
head|centre|open|t=60|S=100|F=0.05|BareCrystalAllFaces,38400,8529.06919191421,0.4056603773584906,0.34908860331949454,0.0,1005.5098863467643,99.90236735937988,1.0,1.041626676009974,3.2009112332920195,8.669167336538308,8.6660173783673,0.09425728543455816,128,0,0.005520833333333333,0.0022395833333333334,0.0018580274070858379,0.0020833333333333333,0.005208333333333333,0.00328125
head|centre|open|t=60|S=100|F=0.05|FrontOnlyThroughMask,38400,8529.06919191421,0.9545174840142333,0.9527050832753396,0.8223958333333333,3.848212738763554,99.90236735937988,0.17752604166666666,1.041626676009974,1.3872786848122969,3.757524972409073,3.749490221579988,0.26557407465622834,128,0,0.973359375,0.9290885416666667,0.9268969208389841,0.46640625,0.4679947916666667,0.044270833333333336
head|centre|open|t=60|S=100|F=0.1|BareCrystalAllFaces,38400,8529.06919191421,0.224,0.18124954009078226,0.0,2011.0197726935287,99.90236735937988,1.0,1.041626676009974,3.2747561483645353,8.869435754088652,8.87335394653432,0.09138048621075551,128,0,0.006510416666666667,0.0014583333333333334,0.0011534211603530333,0.000859375,0.0035677083333333333,0.005052083333333333
head|centre|open|t=60|S=100|F=0.1|FrontOnlyThroughMask,38400,8529.06919191421,0.965579335793358,0.9639054876056868,0.8018229166666667,7.696425477527108,99.90236735937988,0.19799479166666667,1.041626676009974,1.464777406935407,3.9674326327105187,3.9817684103903317,0.2553330555998029,128,0,0.8821614583333334,0.851796875,0.8487818531943526,0.43591145833333333,0.43731770833333333,0.030364583333333334
head|centre|open|t=60|S=100|F=0.2|BareCrystalAllFaces,38400,8529.06919191421,0.18085106382978725,0.1360521392529198,0.0,4022.0395453870574,99.90236735937988,1.0,1.041626676009974,3.3517286004061946,9.0781614005728,9.089562658806312,0.09426764271248948,128,0,0.004895833333333334,0.0008854166666666666,0.0006513728994684757,0.0006510416666666666,0.0036979166666666666,0.0040104166666666665
head|centre|open|t=60|S=100|F=0.2|FrontOnlyThroughMask,38400,8529.06919191421,0.9813775106753123,0.9799178204461618,0.7488541666666667,15.392850955054216,99.90236735937988,0.2509375,1.041626676009974,1.6615178180596026,4.500407866804018,4.499476743003024,0.2508672698218219,128,0,0.6586458333333334,0.6463802083333333,0.6423460561190195,0.3857291666666667,0.3882291666666667,0.012265625
head|centre|open|t=60|S=100|ideal,38400,8529.06919191421,,,0.8494270833333334,0,99.90236735937988,0.15046875,1.041626676009974,1.275337450573855,3.4542941955078432,3.4579731754412872,0.279550369892109,128,0,,,,,,
head|centre|open|t=60|S=250|F=0.05|BareCrystalAllFaces,38400,21322.672979785526,0.9014281713805656,0.892837952559218,0.0,1005.5098863467643,249.75591839844972,1.0,1.041626676009974,3.2942582168670342,8.922251082134697,8.920144800218942,0.07451314075362597,128,0,0.09299479166666667,0.083828125,0.08151222450868147,0.07950520833333333,0.08807291666666667,0.009166666666666667
head|centre|open|t=60|S=250|F=0.05|FrontOnlyThroughMask,38400,21322.672979785526,0.9996875,0.9994937321570765,0.9858072916666667,3.848212738763554,249.75591839844972,0.014192708333333333,1.041626676009974,0.4085855803950792,1.1065684538449176,1.1164027803506356,0.2653371455181352,128,43,1.0,0.9996875,0.9994937321570765,0.995234375,0.995390625,0.0003125
head|centre|open|t=60|S=250|F=0.1|BareCrystalAllFaces,38400,21322.672979785526,0.7621052631578947,0.7428090442502768,0.0,2011.0197726935287,249.75591839844972,1.0,1.041626676009974,3.3333604761118396,9.02832165538457,9.029505417055145,0.07232275092176228,128,0,0.037109375,0.02828125,0.02690317787348221,0.018958333333333334,0.023854166666666666,0.008828125
head|centre|open|t=60|S=250|F=0.1|FrontOnlyThroughMask,38400,21322.672979785526,0.999843737792015,0.9996916036484194,0.9847916666666666,7.696425477527108,249.75591839844972,0.015208333333333334,1.041626676009974,0.4227495196084379,1.1449275315428615,1.122013767424734,0.2660541745437399,128,44,0.999921875,0.999765625,0.999591045696711,0.9940364583333333,0.9941145833333334,0.00015625
head|centre|open|t=60|S=250|F=0.2|BareCrystalAllFaces,38400,21322.672979785526,0.5502283105022832,0.5098227833427543,0.0,4022.0395453870574,249.75591839844972,1.0,1.041626676009974,3.3843736635945048,9.166666029735376,9.173697342702908,0.07383204544317713,128,0,0.01140625,0.006276041666666667,0.0056279566363639484,0.005104166666666667,0.009270833333333334,0.005130208333333333
head|centre|open|t=60|S=250|F=0.2|FrontOnlyThroughMask,38400,21322.672979785526,0.9996610964832243,0.9994612345716237,0.9772395833333334,15.392850955054216,249.75591839844972,0.02276041666666667,1.041626676009974,0.5156695843729204,1.3966320302723252,1.3803128457751765,0.29122005640845866,128,13,0.9989322916666666,0.99859375,0.9982362508554706,0.99140625,0.9915885416666667,0.0003385416666666667
head|centre|open|t=60|S=250|ideal,38400,21322.672979785526,,,0.9880208333333333,0,249.75591839844972,0.011979166666666667,1.041626676009974,0.37709895608882166,1.021263515158809,1.0357588094237475,0.24177140890353796,128,58,,,,,,
head|centre|open|t=60|S=25|F=0.05|BareCrystalAllFaces,38400,2132.2672979785525,0.07547169811320754,0.03810626863067482,0.0,1005.5098863467643,24.97559183984497,1.0,1.041626676009974,3.1332197925324117,8.485638642440511,8.487053583528997,0.09698525275800186,128,0,0.0027604166666666667,0.00020833333333333335,0.00010367133577899776,0.00020833333333333335,0.002447916666666667,0.0025520833333333333
head|centre|open|t=60|S=25|F=0.05|FrontOnlyThroughMask,38400,2132.2672979785525,0.5372917786136486,0.5312489922702133,0.32317708333333334,3.848212738763554,24.97559183984497,0.6733854166666666,1.041626676009974,2.6390789639983607,7.148619082953142,7.151647334130306,0.20434760092890128,128,0,0.48463541666666665,0.260390625,0.256707446804313,0.004713541666666667,0.00515625,0.22424479166666667
head|centre|open|t=60|S=25|F=0.1|BareCrystalAllFaces,38400,2132.2672979785525,0.07567567567567568,0.04632844198324046,0.0,2011.0197726935287,24.97559183984497,1.0,1.041626676009974,3.230741390410466,8.750102518672724,8.743667256011157,0.10299095176093014,128,0,0.0048177083333333336,0.00036458333333333335,0.00022042805986020682,0.00026041666666666666,0.002578125,0.004453125
head|centre|open|t=60|S=25|F=0.1|FrontOnlyThroughMask,38400,2132.2672979785525,0.5957690108633504,0.5860186506977405,0.28515625,7.696425477527108,24.97559183984497,0.7116666666666667,1.041626676009974,2.727031520844157,7.386920926048134,7.3871271659740785,0.17877231399336974,128,0,0.1821875,0.10854166666666666,0.10593955404917733,0.0040625,0.00484375,0.07364583333333333
head|centre|open|t=60|S=25|F=0.2|BareCrystalAllFaces,38400,2132.2672979785525,0.072992700729927,0.04013327630390319,0.0,4022.0395453870574,24.97559183984497,1.0,1.041626676009974,3.3333818287594625,9.0284207296066,9.031381321405433,0.0980338711011551,128,0,0.0035677083333333333,0.00026041666666666666,0.00014129318342801184,0.00020833333333333335,0.0030208333333333333,0.0033072916666666667
head|centre|open|t=60|S=25|F=0.2|FrontOnlyThroughMask,38400,2132.2672979785525,0.6504005826656956,0.628644076040537,0.22971354166666666,15.392850955054216,24.97559183984497,0.766953125,1.041626676009974,2.846890492249833,7.711617477193787,7.707933476975859,0.17229933640179387,128,0,0.03575520833333334,0.023255208333333333,0.022003858681692967,0.003125,0.003828125,0.0125
head|centre|open|t=60|S=25|ideal,38400,2132.2672979785525,,,0.36940104166666665,0,24.97559183984497,0.6269270833333334,1.041626676009974,2.541670767097219,6.8847428105202,6.869326971752802,0.1923736021080988,128,0,,,,,,
head|centre|open|t=60|S=500|F=0.05|BareCrystalAllFaces,38400,42645.34595957105,0.9789190193164933,0.9775565183062126,0.0004427083333333333,1005.5098863467643,499.51183679689944,0.9995572916666666,1.041626676009974,3.380250199064838,9.155392464713533,9.161408328573664,0.05087824079272104,128,0,0.84125,0.823515625,0.8202845490739157,0.8159114583333333,0.8330989583333334,0.017734375
head|centre|open|t=60|S=500|F=0.05|FrontOnlyThroughMask,38400,42645.34595957105,1.0,0.9999219891817117,0.999453125,3.848212738763554,499.51183679689944,0.000546875,1.041626676009974,0.0990979871322417,0.2681817288201314,0.20821921115954986,0.13918997470583913,128,128,1.0,1.0,0.9999219891817117,1.0,1.0,0.0
head|centre|open|t=60|S=500|F=0.1|BareCrystalAllFaces,38400,42645.34595957105,0.9506538233869666,0.9479608284438995,0.0,2011.0197726935287,499.51183679689944,1.0,1.041626676009974,3.4012675830754326,9.21242634349098,9.218642014920642,0.04958689187938663,128,0,0.4839322916666667,0.4600520833333333,0.45585788305349845,0.39622395833333335,0.41294270833333335,0.023880208333333333
head|centre|open|t=60|S=500|F=0.1|FrontOnlyThroughMask,38400,42645.34595957105,1.0,0.9999219891817117,0.9993229166666666,7.696425477527108,499.51183679689944,0.0006770833333333334,1.041626676009974,0.10528702609139079,0.2849490501281755,0.21428420223956818,0.15347319514969973,128,128,1.0,1.0,0.9999219891817117,1.0,1.0,0.0
head|centre|open|t=60|S=500|F=0.2|BareCrystalAllFaces,38400,42645.34595957105,0.9049579045837232,0.898101338901696,0.0,4022.0395453870574,499.51183679689944,1.0,1.041626676009974,3.4267260219915308,9.281486230453115,9.288540207781963,0.05404845288169457,128,0,0.13919270833333333,0.12596354166666668,0.12318632713735875,0.11265625,0.12333333333333334,0.013229166666666667
head|centre|open|t=60|S=500|F=0.2|FrontOnlyThroughMask,38400,42645.34595957105,1.0,0.9999219891817117,0.9990104166666667,15.392850955054216,499.51183679689944,0.0009895833333333334,1.041626676009974,0.11785167201076666,0.3189905998351728,0.2197449163638306,0.17797968732168906,128,128,1.0,1.0,0.9999219891817117,1.0,1.0,0.0
head|centre|open|t=60|S=500|ideal,38400,42645.34595957105,,,0.9994010416666667,0,499.51183679689944,0.0005989583333333333,1.041626676009974,0.10019033344657693,0.2711422338181,0.2084379747203194,0.149700179796024,128,128,,,,,,
head|centre|open|t=60|S=50|F=0.05|BareCrystalAllFaces,38400,4264.534595957105,0.23684210526315788,0.17274813833718267,0.0,1005.5098863467643,49.95118367968994,1.0,1.041626676009974,3.1558456522719927,8.546983217284817,8.545484993789856,0.1027207412865143,128,0,0.00296875,0.000703125,0.0004963497943262035,0.000703125,0.0027864583333333335,0.002265625
head|centre|open|t=60|S=50|F=0.05|FrontOnlyThroughMask,38400,4264.534595957105,0.7888224235173474,0.7848591998145843,0.5576822916666667,3.848212738763554,49.95118367968994,0.4409895833333333,1.041626676009974,2.151713522097048,5.8282732297460935,5.85720522314199,0.22022945231235483,128,0,0.7618489583333333,0.6009635416666667,0.5968345023324427,0.066328125,0.067421875,0.16088541666666667
head|centre|open|t=60|S=50|F=0.1|BareCrystalAllFaces,38400,4264.534595957105,0.10582010582010581,0.0712394451268006,0.0,2011.0197726935287,49.95118367968994,1.0,1.041626676009974,3.247588014547474,8.795776982450228,8.801437485415239,0.09756562560795577,128,0,0.004921875,0.0005208333333333333,0.00034519904570147985,0.00018229166666666667,0.0025,0.004401041666666667
head|centre|open|t=60|S=50|F=0.1|FrontOnlyThroughMask,38400,4264.534595957105,0.8450806406607512,0.8405653451389288,0.5134895833333334,7.696425477527108,49.95118367968994,0.485234375,1.041626676009974,2.2649495794076135,6.135023626916469,6.134632014471663,0.213732938611718,128,0,0.466640625,0.39434895833333333,0.3902397717092766,0.056692708333333335,0.058307291666666664,0.07229166666666667
head|centre|open|t=60|S=50|F=0.2|BareCrystalAllFaces,38400,4264.534595957105,0.11811023622047244,0.07423208744072331,0.0,4022.0395453870574,49.95118367968994,1.0,1.041626676009974,3.337843897010936,9.040518033816024,9.04574646097431,0.08871169370717563,128,0,0.0033072916666666667,0.000390625,0.00024080476280701838,0.00028645833333333333,0.0026822916666666666,0.002916666666666667
head|centre|open|t=60|S=50|F=0.2|FrontOnlyThroughMask,38400,4264.534595957105,0.9011574779165398,0.8948904480349426,0.4423958333333333,15.392850955054216,49.95118367968994,0.556015625,1.041626676009974,2.4376688158441984,6.602966115786478,6.602987729271193,0.21445748330000447,128,0,0.17098958333333333,0.15408854166666666,0.15106444643059788,0.04234375,0.04372395833333333,0.01690104166666667
head|centre|open|t=60|S=50|ideal,38400,4264.534595957105,,,0.6068229166666667,0,49.95118367968994,0.39174479166666665,1.041626676009974,2.0223364517562206,5.477799399577972,5.473866752514104,0.2326312936292951,128,0,,,,,,
head|centre|open|t=60|default|F=0.05|BareCrystalAllFaces,38400,1000000,1.0,0.9999219891817117,1.0,1005.5098863467643,11713.161789576061,0.0,1.041626676009974,0.0745598142605548,0.20170382516021704,0.20196471741571315,0.0029084414754931083,128,128,1.0,1.0,0.9999219891817117,1.0,1.0,0.0
head|centre|open|t=60|default|F=0.05|FrontOnlyThroughMask,38400,1000000,1.0,0.9999219891817117,1.0,3.848212738763554,11713.161789576061,0.0,1.041626676009974,0.07224488872106012,0.19544133856141563,0.1955019071548298,0.0032939130912315075,128,128,1.0,1.0,0.9999219891817117,1.0,1.0,0.0
head|centre|open|t=60|default|F=0.1|BareCrystalAllFaces,38400,1000000,1.0,0.9999219891817117,1.0,2011.0197726935287,11713.161789576061,0.0,1.041626676009974,0.07662940288273137,0.20730261095400768,0.20756256716959812,0.002741611913163198,128,128,1.0,1.0,0.9999219891817117,1.0,1.0,0.0
head|centre|open|t=60|default|F=0.1|FrontOnlyThroughMask,38400,1000000,1.0,0.9999219891817117,1.0,7.696425477527108,11713.161789576061,0.0,1.041626676009974,0.07228006578110864,0.19553650182766355,0.19567704197798064,0.003011618622998458,128,128,1.0,1.0,0.9999219891817117,1.0,1.0,0.0
head|centre|open|t=60|default|F=0.2|BareCrystalAllFaces,38400,1000000,1.0,0.9999219891817117,1.0,4022.0395453870574,11713.161789576061,0.0,1.041626676009974,0.08032062404573295,0.2172883436829626,0.21736042336378364,0.0025291015747178802,128,128,1.0,1.0,0.9999219891817117,1.0,1.0,0.0
head|centre|open|t=60|default|F=0.2|FrontOnlyThroughMask,38400,1000000,1.0,0.9999219891817117,1.0,15.392850955054216,11713.161789576061,0.0,1.041626676009974,0.07231763067604502,0.19563812483982784,0.19587217220811284,0.0030579211122628252,128,128,1.0,1.0,0.9999219891817117,1.0,1.0,0.0
head|centre|open|t=60|default|ideal,38400,1000000,,,1.0,0,11713.161789576061,0.0,1.041626676009974,0.07219638326841482,0.19531011845621357,0.19562688012500729,0.0030003130865504856,128,128,,,,,,
head|edge|cs662|t=10|S=1000|F=0.05|BareCrystalAllFaces,38400,1469229.9430754741,1.0,0.9999219891817117,0.998828125,2.1384899894893574,1001.8753373524994,0.001171875,1.041626676009974,0.3406937010460541,0.9236669830086861,0.8602240816692386,0.1433796539125756,128,93,1.0,1.0,0.9999219891817117,1.0,1.0,0.0
head|edge|cs662|t=10|S=1000|F=0.05|FrontOnlyThroughMask,38400,1469229.9430754741,1.0,0.9999219891817117,0.9987239583333334,0.05209914322409908,1001.8753373524994,0.0012760416666666666,1.041626676009974,0.3407218631447282,0.9237162583555593,0.8595834338873847,0.15233294383240642,128,94,1.0,1.0,0.9999219891817117,1.0,1.0,0.0
head|edge|cs662|t=10|S=1000|F=0.1|BareCrystalAllFaces,38400,1469229.9430754741,1.0,0.9999219891817117,0.9988541666666667,4.276979978978715,1001.8753373524994,0.0011458333333333333,1.041626676009974,0.3404799908268379,0.9230884864999119,0.862953659281924,0.14327049805602857,128,92,1.0,1.0,0.9999219891817117,1.0,1.0,0.0
head|edge|cs662|t=10|S=1000|F=0.1|FrontOnlyThroughMask,38400,1469229.9430754741,0.9999739583333334,0.9998764678836031,0.999140625,0.10419828644819816,1001.8753373524994,0.000859375,1.041626676009974,0.3296227782582078,0.8936907543349599,0.849132778109126,0.11836784710569524,128,102,1.0,0.9999739583333334,0.9998764678836031,0.9999739583333334,1.0,2.604166666666667e-05
head|edge|cs662|t=10|S=1000|F=0.2|BareCrystalAllFaces,38400,1469229.9430754741,1.0,0.9999219891817117,0.9989583333333333,8.55395995795743,1001.8753373524994,0.0010416666666666667,1.041626676009974,0.3378207849841765,0.9158793221069236,0.8571104935590615,0.13584727761788104,128,95,1.0,1.0,0.9999219891817117,1.0,1.0,0.0
head|edge|cs662|t=10|S=1000|F=0.2|FrontOnlyThroughMask,38400,1469229.9430754741,1.0,0.9999219891817117,0.999375,0.20839657289639632,1001.8753373524994,0.000625,1.041626676009974,0.3250078348204046,0.8812113130618996,0.8485864815584075,0.09827711989499831,128,108,1.0,1.0,0.9999219891817117,1.0,1.0,0.0
head|edge|cs662|t=10|S=1000|ideal,38400,1469229.9430754741,,,0.9988541666666667,0,1001.8753373524994,0.0011458333333333333,1.041626676009974,0.3393191651635786,0.9199396444304697,0.8555786761811424,0.13042720287449053,128,94,,,,,,
head|edge|cs662|t=10|S=100|F=0.05|BareCrystalAllFaces,38400,146922.99430754743,0.9546167110832419,0.9528279551230114,0.5723958333333333,2.1384899894893574,100.18753373524994,0.42723958333333334,1.041626676009974,2.7926425568706326,7.564956585317572,7.597464270846326,0.33971246359633117,128,0,0.99671875,0.951484375,0.9496424889625857,0.625859375,0.6322916666666667,0.045234375
head|edge|cs662|t=10|S=100|F=0.05|FrontOnlyThroughMask,38400,146922.99430754743,0.89421875,0.891602062570873,0.5934114583333333,0.05209914322409908,100.18753373524994,0.4061458333333333,1.041626676009974,2.7151679120767795,7.355099034772863,7.337430821147928,0.3187264989057319,128,0,1.0,0.89421875,0.891602062570873,0.489296875,0.49940104166666666,0.10578125
head|edge|cs662|t=10|S=100|F=0.1|BareCrystalAllFaces,38400,146922.99430754743,0.9617468748323408,0.9600725785232977,0.5428645833333333,4.276979978978715,100.18753373524994,0.4569270833333333,1.041626676009974,2.869847929960867,7.774054006911317,7.753789335933602,0.2969959114431012,128,0,0.97078125,0.9336458333333333,0.9315192219674795,0.605625,0.612265625,0.037135416666666664
head|edge|cs662|t=10|S=100|F=0.1|FrontOnlyThroughMask,38400,146922.99430754743,0.8919270833333334,0.8892860588847398,0.5884895833333333,0.10419828644819816,100.18753373524994,0.411171875,1.041626676009974,2.7383545310873774,7.417912580835775,7.415679833424592,0.32685914715661535,128,0,1.0,0.8919270833333334,0.8892860588847398,0.48919270833333334,0.5,0.10807291666666667
head|edge|cs662|t=10|S=100|F=0.2|BareCrystalAllFaces,38400,146922.99430754743,0.9664820751967357,0.9648397156412227,0.5048958333333333,8.55395995795743,100.18753373524994,0.49481770833333333,1.041626676009974,2.9819855730018556,8.077848465248195,8.135328644910206,0.3208826171716959,128,0,0.8934895833333333,0.8635416666666667,0.8606269268168114,0.5742447916666666,0.5811458333333334,0.029947916666666668
head|edge|cs662|t=10|S=100|F=0.2|FrontOnlyThroughMask,38400,146922.99430754743,0.89375,0.8911283040845805,0.5894791666666667,0.20839657289639632,100.18753373524994,0.41013020833333336,1.041626676009974,2.7338057875206623,7.405564590273942,7.382430340692895,0.3432229077273895,128,0,1.0,0.89375,0.8911283040845805,0.4906510416666667,0.5007552083333333,0.10625
head|edge|cs662|t=10|S=100|ideal,38400,146922.99430754743,,,0.5900260416666666,0,100.18753373524994,0.40953125,1.041626676009974,2.730626359735371,7.3969801564773245,7.382019035057277,0.33478059788138015,128,0,,,,,,
head|edge|cs662|t=10|S=250|F=0.05|BareCrystalAllFaces,38400,367307.48576886853,0.9995833333333334,0.9993672250795074,0.8716666666666667,2.1384899894893574,250.46883433812485,0.12833333333333333,1.041626676009974,1.555148115687626,4.2128261557055,4.216525847025653,0.38178632027015796,128,0,1.0,0.9995833333333334,0.9993672250795074,0.9985677083333333,0.9989583333333333,0.0004166666666666667
head|edge|cs662|t=10|S=250|F=0.05|FrontOnlyThroughMask,38400,367307.48576886853,0.9947916666666666,0.9941457958099345,0.884453125,0.05209914322409908,250.46883433812485,0.11552083333333334,1.041626676009974,1.478958085765678,4.006434527748226,4.017275621368928,0.35823121961944043,128,0,1.0,0.9947916666666666,0.9941457958099345,0.9845052083333333,0.988359375,0.005208333333333333
head|edge|cs662|t=10|S=250|F=0.1|BareCrystalAllFaces,38400,367307.48576886853,0.9995052083333333,0.9992740620766148,0.8644010416666666,4.276979978978715,250.46883433812485,0.13557291666666665,1.041626676009974,1.6092523726959245,4.3593788339103625,4.370080400722402,0.34185415646606876,128,0,1.0,0.9995052083333333,0.9992740620766148,0.9981770833333333,0.9986458333333333,0.0004947916666666667
head|edge|cs662|t=10|S=250|F=0.1|FrontOnlyThroughMask,38400,367307.48576886853,0.9939583333333334,0.993266322417675,0.8818489583333333,0.10419828644819816,250.46883433812485,0.11815104166666666,1.041626676009974,1.5039570291301385,4.074156964228497,4.069323372915773,0.35912483123337063,128,0,1.0,0.9939583333333334,0.993266322417675,0.9835416666666666,0.9877864583333333,0.0060416666666666665
head|edge|cs662|t=10|S=250|F=0.2|BareCrystalAllFaces,38400,367307.48576886853,0.9995572801375036,0.9993360137502302,0.849140625,8.55395995795743,250.46883433812485,0.150859375,1.041626676009974,1.6843038181385181,4.5626514090776435,4.524543537633016,0.35927228500593283,128,0,0.9999739583333334,0.99953125,0.999304980484489,0.9972135416666666,0.9976302083333334,0.0004427083333333333
head|edge|cs662|t=10|S=250|F=0.2|FrontOnlyThroughMask,38400,367307.48576886853,0.995234375,0.9946145462947831,0.8808072916666667,0.20839657289639632,250.46883433812485,0.11919270833333333,1.041626676009974,1.5049178288620189,4.076762842060132,4.081018164283681,0.35521309823738084,128,0,1.0,0.995234375,0.9946145462947831,0.9841927083333334,0.987890625,0.004765625
head|edge|cs662|t=10|S=250|ideal,38400,367307.48576886853,,,0.880625,0,250.46883433812485,0.119375,1.041626676009974,1.5129799031656814,4.098588694208405,4.0734432963737,0.4133952810982906,128,0,,,,,,
head|edge|cs662|t=10|S=25|F=0.05|BareCrystalAllFaces,38400,36730.74857688686,0.5310369809332499,0.5263080642520496,0.18653645833333332,2.1384899894893574,25.046883433812486,0.8109375,1.041626676009974,3.87435170012196,10.494903923747021,10.476005630842574,0.2403287688065845,128,0,0.7908072916666666,0.41994791666666664,0.41579667824712235,0.016145833333333335,0.017682291666666666,0.370859375
head|edge|cs662|t=10|S=25|F=0.05|FrontOnlyThroughMask,38400,36730.74857688686,0.41346354166666666,0.40932186104167756,0.20979166666666665,0.05209914322409908,25.046883433812486,0.7880989583333333,1.041626676009974,3.82678835002345,10.366041019839566,10.349837143904454,0.264043862562325,128,0,1.0,0.41346354166666666,0.40932186104167756,0.011458333333333333,0.012760416666666666,0.5865364583333333
head|edge|cs662|t=10|S=25|F=0.1|BareCrystalAllFaces,38400,36730.74857688686,0.6056295029918183,0.5993041141687595,0.16190104166666666,4.276979978978715,25.046883433812486,0.8357291666666666,1.041626676009974,3.9145398488810654,10.60374102005513,10.607650101043603,0.25980828558673486,128,0,0.42651041666666667,0.25830729166666666,0.25463383152904073,0.013489583333333333,0.014973958333333334,0.168203125
head|edge|cs662|t=10|S=25|F=0.1|FrontOnlyThroughMask,38400,36730.74857688686,0.41583333333333333,0.4116880743005375,0.21130208333333333,0.10419828644819816,25.046883433812486,0.7860677083333333,1.041626676009974,3.820435718580482,10.34884073590993,10.356436328799983,0.27681989811531404,128,0,1.0,0.41583333333333333,0.4116880743005375,0.010364583333333333,0.01140625,0.5841666666666666
head|edge|cs662|t=10|S=25|F=0.2|BareCrystalAllFaces,38400,36730.74857688686,0.6821353237059874,0.6722354003451538,0.12953125,8.55395995795743,25.046883433812486,0.8685416666666667,1.041626676009974,3.9587857272189195,10.723553409298269,10.716286517142343,0.2328676569287264,128,0,0.16049479166666666,0.10947916666666667,0.10686712920759303,0.011067708333333334,0.012682291666666666,0.051015625
head|edge|cs662|t=10|S=25|F=0.2|FrontOnlyThroughMask,38400,36730.74857688686,0.4086197916666667,0.4044857323909313,0.20833333333333334,0.20839657289639632,25.046883433812486,0.7892447916666666,1.041626676009974,3.8392329309250828,10.399759514919435,10.423858330442153,0.30140880654931285,128,0,1.0,0.4086197916666667,0.4044857323909313,0.011536458333333333,0.0128125,0.5913802083333334
head|edge|cs662|t=10|S=25|ideal,38400,36730.74857688686,,,0.21216145833333333,0,25.046883433812486,0.7854166666666667,1.041626676009974,3.8183545894161166,10.343233406758388,10.326384717544371,0.2767000631089139,128,0,,,,,,
head|edge|cs662|t=10|S=500|F=0.05|BareCrystalAllFaces,38400,734614.9715377371,1.0,0.9999219891817117,0.9805989583333333,2.1384899894893574,500.9376686762497,0.019401041666666667,1.041626676009974,0.6717781033172264,1.820112142765047,1.8264362604499866,0.3297087669481423,128,0,1.0,1.0,0.9999219891817117,1.0,1.0,0.0
head|edge|cs662|t=10|S=500|F=0.05|FrontOnlyThroughMask,38400,734614.9715377371,0.999765625,0.999591045696711,0.98125,0.05209914322409908,500.9376686762497,0.01875,1.041626676009974,0.6565677231887784,1.7789595689092879,1.8119991082436857,0.37542951859839163,128,1,1.0,0.999765625,0.999591045696711,0.999765625,1.0,0.000234375
head|edge|cs662|t=10|S=500|F=0.1|BareCrystalAllFaces,38400,734614.9715377371,1.0,0.9999219891817117,0.9788020833333333,4.276979978978715,500.9376686762497,0.021197916666666667,1.041626676009974,0.7018012619602446,1.901444265120638,1.9216135160002137,0.32114580330482084,128,1,1.0,1.0,0.9999219891817117,1.0,1.0,0.0
head|edge|cs662|t=10|S=500|F=0.1|FrontOnlyThroughMask,38400,734614.9715377371,0.999765625,0.999591045696711,0.9810416666666667,0.10419828644819816,500.9376686762497,0.018958333333333334,1.041626676009974,0.6629613766939333,1.7962755320926103,1.8009135073659484,0.3165388824666056,128,0,1.0,0.999765625,0.999591045696711,0.999765625,1.0,0.000234375
head|edge|cs662|t=10|S=500|F=0.2|BareCrystalAllFaces,38400,734614.9715377371,1.0,0.9999219891817117,0.9736197916666667,8.55395995795743,500.9376686762497,0.026380208333333332,1.041626676009974,0.7644250643530277,2.070997953975197,2.0624501153548462,0.32058044161156823,128,0,1.0,1.0,0.9999219891817117,1.0,1.0,0.0
head|edge|cs662|t=10|S=500|F=0.2|FrontOnlyThroughMask,38400,734614.9715377371,0.9998958333333333,0.9997616431038913,0.9808072916666667,0.20839657289639632,500.9376686762497,0.019192708333333332,1.041626676009974,0.6695017104372405,1.813962658493247,1.8115244430813005,0.3307032110279256,128,0,1.0,0.9998958333333333,0.9997616431038913,0.9998958333333333,1.0,0.00010416666666666667
head|edge|cs662|t=10|S=500|ideal,38400,734614.9715377371,,,0.9821875,0,500.9376686762497,0.0178125,1.041626676009974,0.6573030269073895,1.7809697133825728,1.7536398166661256,0.31632510331102115,128,0,,,,,,
head|edge|cs662|t=10|S=50|F=0.05|BareCrystalAllFaces,38400,73461.49715377371,0.7730875114707599,0.769424460629781,0.3380989583333333,2.1384899894893574,50.09376686762497,0.6607552083333333,1.041626676009974,3.4587691383965122,9.369237309049009,9.41271476775591,0.29228320583178763,128,0,0.936484375,0.723984375,0.7202066517987564,0.14203125,0.14627604166666666,0.2125
head|edge|cs662|t=10|S=50|F=0.05|FrontOnlyThroughMask,38400,73461.49715377371,0.6597916666666667,0.6557929724518783,0.364375,0.05209914322409908,50.09376686762497,0.6347135416666667,1.041626676009974,3.408965824925863,9.234366382827462,9.254276291756462,0.28313340298905276,128,0,1.0,0.6597916666666667,0.6557929724518783,0.09921875,0.104140625,0.34020833333333333
head|edge|cs662|t=10|S=50|F=0.1|BareCrystalAllFaces,38400,73461.49715377371,0.8205272804173128,0.8167380652149241,0.305859375,4.276979978978715,50.09376686762497,0.6927864583333333,1.041626676009974,3.54333910885789,9.598311625361813,9.618326332709236,0.2938845836102925,128,0,0.7388541666666667,0.60625,0.6021300637391231,0.12752604166666667,0.13197916666666668,0.13260416666666666
head|edge|cs662|t=10|S=50|F=0.1|FrontOnlyThroughMask,38400,73461.49715377371,0.6621614583333333,0.6581693956528134,0.36541666666666667,0.10419828644819816,50.09376686762497,0.633203125,1.041626676009974,3.4001272195646868,9.210421092193066,9.2398062421967,0.3045836438414439,128,0,1.0,0.6621614583333333,0.6581693956528134,0.09986979166666667,0.10442708333333334,0.33783854166666666
head|edge|cs662|t=10|S=50|F=0.2|BareCrystalAllFaces,38400,73461.49715377371,0.8699779623665028,0.865746191494344,0.26125,8.55395995795743,50.09376686762497,0.7375,1.041626676009974,3.6440018544332555,9.871015407718502,9.862941341264605,0.2851544595595116,128,0,0.460859375,0.4009375,0.39681637923226953,0.10463541666666666,0.10895833333333334,0.059921875
head|edge|cs662|t=10|S=50|F=0.2|FrontOnlyThroughMask,38400,73461.49715377371,0.6556770833333333,0.6516671379145765,0.3620833333333333,0.20839657289639632,50.09376686762497,0.636484375,1.041626676009974,3.396269870227777,9.199911621975561,9.191714794131407,0.27459854119169586,128,0,1.0,0.6556770833333333,0.6516671379145765,0.10010416666666666,0.10536458333333333,0.34432291666666665
head|edge|cs662|t=10|S=50|ideal,38400,73461.49715377371,,,0.368828125,0,50.09376686762497,0.6301822916666666,1.041626676009974,3.3842100635487062,9.16729674722193,9.152211891125582,0.3387073123582047,128,0,,,,,,
head|edge|cs662|t=10|default|F=0.05|BareCrystalAllFaces,38400,1000000,1.0,0.9999219891817117,0.99375,2.1384899894893574,681.9050633118176,0.00625,1.041626676009974,0.4587452272327719,1.2432924724293313,1.2392503859901458,0.2696237532680226,128,24,1.0,1.0,0.9999219891817117,1.0,1.0,0.0
head|edge|cs662|t=10|default|F=0.05|FrontOnlyThroughMask,38400,1000000,0.9999479166666667,0.999836056211534,0.9943229166666666,0.05209914322409908,681.9050633118176,0.0056770833333333335,1.041626676009974,0.4467666890061644,1.2108687695425386,1.1667404832126882,0.27055313403801534,128,32,1.0,0.9999479166666667,0.999836056211534,0.9999479166666667,1.0,5.208333333333334e-05
head|edge|cs662|t=10|default|F=0.1|BareCrystalAllFaces,38400,1000000,1.0,0.9999219891817117,0.9937760416666667,4.276979978978715,681.9050633118176,0.006223958333333333,1.041626676009974,0.462256278893273,1.25279213690674,1.2660464289318032,0.2524556581935045,128,23,1.0,1.0,0.9999219891817117,1.0,1.0,0.0
head|edge|cs662|t=10|default|F=0.1|FrontOnlyThroughMask,38400,1000000,0.9999479166666667,0.999836056211534,0.9942708333333333,0.10419828644819816,681.9050633118176,0.005729166666666666,1.041626676009974,0.4505077191279716,1.220983726615903,1.229466785624572,0.251789874273732,128,27,1.0,0.9999479166666667,0.999836056211534,0.9999479166666667,1.0,5.208333333333334e-05
head|edge|cs662|t=10|default|F=0.2|BareCrystalAllFaces,38400,1000000,1.0,0.9999219891817117,0.9927604166666667,8.55395995795743,681.9050633118176,0.007239583333333333,1.041626676009974,0.4817451083902251,1.3055642668436644,1.2905073817296615,0.264143311966416,128,15,1.0,1.0,0.9999219891817117,1.0,1.0,0.0
head|edge|cs662|t=10|default|F=0.2|FrontOnlyThroughMask,38400,1000000,0.9999479166666667,0.999836056211534,0.9939322916666666,0.20839657289639632,681.9050633118176,0.006067708333333333,1.041626676009974,0.45407913963587054,1.2306602697688698,1.20578768342775,0.26332472402473683,128,26,1.0,0.9999479166666667,0.999836056211534,0.9999479166666667,1.0,5.208333333333334e-05
head|edge|cs662|t=10|default|ideal,38400,1000000,,,0.9942708333333333,0,681.9050633118176,0.005729166666666666,1.041626676009974,0.4510664927851578,1.2225042666773682,1.2053169974543538,0.24360735447034673,128,23,,,,,,
head|edge|cs662|t=60|S=1000|F=0.05|BareCrystalAllFaces,38400,244871.6571792457,1.0,0.9999219891817117,0.99890625,12.830939936936145,1001.8753373524994,0.00109375,1.041626676009974,0.33900662699731454,0.9190858651771112,0.859451075764279,0.14083180708158474,128,96,1.0,1.0,0.9999219891817117,1.0,1.0,0.0
head|edge|cs662|t=60|S=1000|F=0.05|FrontOnlyThroughMask,38400,244871.6571792457,1.0,0.9999219891817117,0.9990104166666667,0.3125948593445945,1001.8753373524994,0.0009895833333333334,1.041626676009974,0.33629173071614865,0.911761563970893,0.8549155531311923,0.14767740439746868,128,101,1.0,1.0,0.9999219891817117,1.0,1.0,0.0
head|edge|cs662|t=60|S=1000|F=0.1|BareCrystalAllFaces,38400,244871.6571792457,1.0,0.9999219891817117,0.998046875,25.66187987387229,1001.8753373524994,0.001953125,1.041626676009974,0.36364861573641305,0.9857882763984337,0.8854075422766369,0.18483927193008712,128,77,1.0,1.0,0.9999219891817117,1.0,1.0,0.0
head|edge|cs662|t=60|S=1000|F=0.1|FrontOnlyThroughMask,38400,244871.6571792457,0.9999739583333334,0.9998764678836031,0.9988020833333333,0.625189718689189,1001.8753373524994,0.0011979166666666666,1.041626676009974,0.3418057509480453,0.926659672789559,0.8639890724540391,0.13274251684929123,128,89,1.0,0.9999739583333334,0.9998764678836031,0.9999739583333334,1.0,2.604166666666667e-05
head|edge|cs662|t=60|S=1000|F=0.2|BareCrystalAllFaces,38400,244871.6571792457,1.0,0.9999219891817117,0.9965104166666666,51.32375974774458,1001.8753373524994,0.0034895833333333333,1.041626676009974,0.40114592123328235,1.0872813544937194,1.0933331958448673,0.22200781535881722,128,49,1.0,1.0,0.9999219891817117,1.0,1.0,0.0
head|edge|cs662|t=60|S=1000|F=0.2|FrontOnlyThroughMask,38400,244871.6571792457,1.0,0.9999219891817117,0.99921875,1.250379437378378,1001.8753373524994,0.00078125,1.041626676009974,0.33150998484330046,0.8988146152986336,0.8527447804877002,0.13339973395529534,128,104,1.0,1.0,0.9999219891817117,1.0,1.0,0.0
head|edge|cs662|t=60|S=1000|ideal,38400,244871.6571792457,,,0.999296875,0,1001.8753373524994,0.000703125,1.041626676009974,0.3275308772584887,0.8880354303214187,0.8453235664887045,0.12024444743842178,128,106,,,,,,
head|edge|cs662|t=60|S=100|F=0.05|BareCrystalAllFaces,38400,24487.16571792457,0.9703100945678469,0.9686973988904595,0.4552083333333333,12.830939936936145,100.18753373524993,0.544375,1.041626676009974,3.130373503703007,8.479754452215294,8.441324982038928,0.3121163741426934,128,0,0.8288802083333333,0.8042708333333334,0.80091049508075,0.5376822916666667,0.54390625,0.024609375
head|edge|cs662|t=60|S=100|F=0.05|FrontOnlyThroughMask,38400,24487.16571792457,0.8923177083333333,0.8896808059250324,0.5908854166666667,0.3125948593445945,100.18753373524993,0.40875,1.041626676009974,2.724611076939212,7.380647706944115,7.424418124566441,0.3649582947257515,128,0,1.0,0.8923177083333333,0.8896808059250324,0.48796875,0.4983854166666667,0.10768229166666667
head|edge|cs662|t=60|S=100|F=0.1|BareCrystalAllFaces,38400,24487.16571792457,0.9746339451433286,0.9729095960402286,0.3433333333333333,25.66187987387229,100.18753373524993,0.6563020833333333,1.041626676009974,3.426700352007945,9.282431810719626,9.308090440596608,0.27225798260071493,128,0,0.6313802083333333,0.6153645833333333,0.6112615248992789,0.4529947916666667,0.459140625,0.016015625
head|edge|cs662|t=60|S=100|F=0.1|FrontOnlyThroughMask,38400,24487.16571792457,0.89125,0.8886018559905796,0.581328125,0.625189718689189,100.18753373524993,0.418125,1.041626676009974,2.7609108881916895,7.479019384185255,7.501536138251785,0.3203376673742541,128,0,1.0,0.89125,0.8886018559905796,0.48223958333333333,0.49270833333333336,0.10875
head|edge|cs662|t=60|S=100|F=0.2|BareCrystalAllFaces,38400,24487.16571792457,0.9748468006270486,0.972562573450232,0.188046875,51.32375974774458,100.18753373524993,0.8116666666666666,1.041626676009974,3.778317902474434,10.234813632663329,10.235223937601662,0.2560804800061602,128,0,0.36546875,0.35627604166666665,0.35225134144868486,0.32153645833333333,0.328984375,0.009192708333333334
head|edge|cs662|t=60|S=100|F=0.2|FrontOnlyThroughMask,38400,24487.16571792457,0.8907390035438816,0.8880846669441651,0.5784114583333333,1.250379437378378,100.18753373524993,0.4209895833333333,1.041626676009974,2.765706325445003,7.491992106774414,7.483525303424451,0.31277405901307936,128,0,0.999375,0.8901822916666666,0.8875229853165649,0.481484375,0.4919791666666667,0.10919270833333333
head|edge|cs662|t=60|S=100|ideal,38400,24487.16571792457,,,0.5869791666666667,0,100.18753373524993,0.41260416666666666,1.041626676009974,2.756714339061118,7.467683240842353,7.460661291354224,0.3717019504881544,128,0,,,,,,
head|edge|cs662|t=60|S=250|F=0.05|BareCrystalAllFaces,38400,61217.914294811424,0.99937495116806,0.999121074129505,0.8305989583333333,12.830939936936145,250.46883433812485,0.16940104166666667,1.041626676009974,1.777222309671344,4.814356741216356,4.801979153409311,0.3850025318486791,128,0,0.999921875,0.999296875,0.9990304895838463,0.99671875,0.9972916666666667,0.000625
head|edge|cs662|t=60|S=250|F=0.05|FrontOnlyThroughMask,38400,61217.914294811424,0.9948958333333333,0.9942559859541891,0.8786458333333333,0.3125948593445945,250.46883433812485,0.12135416666666667,1.041626676009974,1.5205028643877543,4.118976511873396,4.189988461789085,0.36734235982452823,128,0,1.0,0.9948958333333333,0.9942559859541891,0.9842447916666667,0.9881510416666667,0.005104166666666667
head|edge|cs662|t=60|S=250|F=0.1|BareCrystalAllFaces,38400,61217.914294811424,0.99895705681433,0.9986425788058918,0.771875,25.66187987387229,250.46883433812485,0.228125,1.041626676009974,2.050015632886547,5.5532473117673025,5.568902191481296,0.3323962224716513,128,0,0.9987760416666667,0.997734375,0.9972928550989243,0.9955729166666667,0.9965364583333334,0.0010416666666666667
head|edge|cs662|t=60|S=250|F=0.1|FrontOnlyThroughMask,38400,61217.914294811424,0.99484375,0.9942008831788957,0.8811197916666667,0.625189718689189,250.46883433812485,0.11888020833333333,1.041626676009974,1.4958420622714819,4.052187720636139,4.084244382735398,0.39775119413059135,128,0,1.0,0.99484375,0.9942008831788957,0.9840364583333333,0.9874479166666666,0.00515625
head|edge|cs662|t=60|S=250|F=0.2|BareCrystalAllFaces,38400,61217.914294811424,0.999003801284572,0.9986944356246635,0.6373697916666666,51.32375974774458,250.46883433812485,0.3626302083333333,1.041626676009974,2.547936133250573,6.901888722874318,6.933934064647994,0.3603973389012088,128,0,0.993359375,0.9923697916666666,0.9915980452893665,0.9902604166666666,0.9912239583333333,0.0009895833333333334
head|edge|cs662|t=60|S=250|F=0.2|FrontOnlyThroughMask,38400,61217.914294811424,0.9942447916666667,0.9935682542884919,0.8781770833333333,1.250379437378378,250.46883433812485,0.121796875,1.041626676009974,1.52406452427148,4.128651520325541,4.171185750552138,0.35429157951790585,128,0,1.0,0.9942447916666667,0.9935682542884919,0.9827864583333333,0.9871354166666667,0.0057552083333333335
head|edge|cs662|t=60|S=250|ideal,38400,61217.914294811424,,,0.8817447916666666,0,250.46883433812485,0.11825520833333333,1.041626676009974,1.4978114526281727,4.057511829688361,4.068218551301452,0.3796166030028916,128,0,,,,,,
head|edge|cs662|t=60|S=25|F=0.05|BareCrystalAllFaces,38400,6121.791429481143,0.6926286509040334,0.6797186898361709,0.10307291666666667,12.830939936936145,25.046883433812482,0.8951041666666667,1.041626676009974,4.007917558070548,10.856642481006668,10.856558246411428,0.2495559645693732,128,0,0.09361979166666666,0.06484375,0.0627881139755678,0.008697916666666666,0.01015625,0.028776041666666665
head|edge|cs662|t=60|S=25|F=0.05|FrontOnlyThroughMask,38400,6121.791429481143,0.41098958333333335,0.40685174368974425,0.211171875,0.3125948593445945,25.046883433812482,0.78671875,1.041626676009974,3.820472372193726,10.348971528749223,10.34521394027918,0.27126009188497613,128,0,1.0,0.41098958333333335,0.40685174368974425,0.010911458333333334,0.012109375,0.5890104166666666
head|edge|cs662|t=60|S=25|F=0.1|BareCrystalAllFaces,38400,6121.791429481143,0.7010607521697203,0.6767901927157658,0.057604166666666665,25.66187987387229,25.046883433812482,0.9409375,1.041626676009974,4.08068235583877,11.053691044740548,11.06260861596914,0.24462144438134578,128,0,0.027005208333333332,0.018932291666666667,0.01780229629146172,0.006328125,0.008203125,0.008072916666666667
head|edge|cs662|t=60|S=25|F=0.1|FrontOnlyThroughMask,38400,6121.791429481143,0.4061871818300483,0.4020519786188161,0.20708333333333334,0.625189718689189,25.046883433812482,0.7904427083333333,1.041626676009974,3.8369241510993435,10.393548156773479,10.385302551467184,0.27704354517580193,128,0,0.9975260416666667,0.4051822916666667,0.40105389239082984,0.011458333333333333,0.012526041666666666,0.59234375
head|edge|cs662|t=60|S=25|F=0.2|BareCrystalAllFaces,38400,6121.791429481143,0.5763358778625954,0.5237544149163069,0.021380208333333334,51.32375974774458,25.046883433812482,0.9777604166666667,1.041626676009974,4.113374795578408,11.142254807887104,11.153389920163756,0.1796136603449628,128,0,0.006822916666666666,0.003932291666666666,0.0034219758586934994,0.002942708333333333,0.0049479166666666664,0.002890625
head|edge|cs662|t=60|S=25|F=0.2|FrontOnlyThroughMask,38400,6121.791429481143,0.41122740247383444,0.40699914913274765,0.19828125,1.250379437378378,25.046883433812482,0.7994270833333333,1.041626676009974,3.8460427729233455,10.418220865302652,10.447961468061283,0.2702108037504405,128,0,0.9579427083333333,0.39393229166666666,0.3898238859376089,0.010442708333333333,0.011640625,0.5640104166666666
head|edge|cs662|t=60|S=25|ideal,38400,6121.791429481143,,,0.21278645833333334,0,25.046883433812482,0.7847916666666667,1.041626676009974,3.8177892736203534,10.341668241240894,10.36324069237341,0.2823180812893088,128,0,,,,,,
head|edge|cs662|t=60|S=500|F=0.05|BareCrystalAllFaces,38400,122435.82858962285,1.0,0.9999219891817117,0.9725260416666667,12.830939936936145,500.9376686762497,0.027473958333333333,1.041626676009974,0.7769733412834539,2.1050135613200056,2.1028546530121943,0.3338202825127256,128,0,1.0,1.0,0.9999219891817117,1.0,1.0,0.0
head|edge|cs662|t=60|S=500|F=0.05|FrontOnlyThroughMask,38400,122435.82858962285,0.999765625,0.999591045696711,0.9811197916666666,0.3125948593445945,500.9376686762497,0.018880208333333332,1.041626676009974,0.6658977062474977,1.8041962027845606,1.7849195332897376,0.32113770339493986,128,0,1.0,0.999765625,0.999591045696711,0.999765625,1.0,0.000234375
head|edge|cs662|t=60|S=500|F=0.1|BareCrystalAllFaces,38400,122435.82858962285,1.0,0.9999219891817117,0.9620833333333333,25.66187987387229,500.9376686762497,0.03791666666666667,1.041626676009974,0.8845605962380203,2.3963419760974918,2.389969222092556,0.3455073357576258,128,0,1.0,1.0,0.9999219891817117,1.0,1.0,0.0
head|edge|cs662|t=60|S=500|F=0.1|FrontOnlyThroughMask,38400,122435.82858962285,0.9998177083333334,0.9996576286129569,0.9797916666666666,0.625189718689189,500.9376686762497,0.02020833333333333,1.041626676009974,0.6877950212201167,1.8635156623988858,1.8936200091925963,0.3185528015371452,128,0,1.0,0.9998177083333334,0.9996576286129569,0.9998177083333334,1.0,0.00018229166666666667
head|edge|cs662|t=60|S=500|F=0.2|BareCrystalAllFaces,38400,122435.82858962285,1.0,0.9999219891817117,0.9292708333333334,51.32375974774458,500.9376686762497,0.07072916666666666,1.041626676009974,1.1709090992183617,3.1718523211880125,3.1671401310019274,0.3919840269015236,128,0,1.0,1.0,0.9999219891817117,1.0,1.0,0.0
head|edge|cs662|t=60|S=500|F=0.2|FrontOnlyThroughMask,38400,122435.82858962285,0.99984375,0.9996916277400515,0.9811458333333334,1.250379437378378,500.9376686762497,0.01885416666666667,1.041626676009974,0.6673235118651087,1.8080797602686087,1.8046257077100316,0.30261687239529655,128,0,1.0,0.99984375,0.9996916277400515,0.99984375,1.0,0.00015625
head|edge|cs662|t=60|S=500|ideal,38400,122435.82858962285,,,0.97984375,0,500.9376686762497,0.02015625,1.041626676009974,0.6820739882677339,1.8480190226981665,1.8722582169940767,0.3359774360386349,128,1,,,,,,
head|edge|cs662|t=60|S=50|F=0.05|BareCrystalAllFaces,38400,12243.582858962285,0.8852107279693486,0.8805189132583005,0.22510416666666666,12.830939936936145,50.093766867624964,0.7740364583333333,1.041626676009974,3.7249870220070105,10.090356735861597,10.11910395901424,0.2700627194300312,128,0,0.33984375,0.30083333333333334,0.2969819328344713,0.09296875,0.097265625,0.039010416666666665
head|edge|cs662|t=60|S=50|F=0.05|FrontOnlyThroughMask,38400,12243.582858962285,0.6569270833333334,0.6529205208503286,0.365625,0.3125948593445945,50.093766867624964,0.6329427083333333,1.041626676009974,3.3962077026541437,9.1997915455833,9.211303423304415,0.28800394909742566,128,0,1.0,0.6569270833333334,0.6529205208503286,0.100859375,0.10578125,0.34307291666666667
head|edge|cs662|t=60|S=50|F=0.1|BareCrystalAllFaces,38400,12243.582858962285,0.9030931521544788,0.8963405688185967,0.13802083333333334,25.66187987387229,50.093766867624964,0.861015625,1.041626676009974,3.884196000651739,10.521611491506075,10.517742201702845,0.21690070969578762,128,0,0.14565104166666668,0.13153645833333333,0.12870707713881907,0.06013020833333333,0.06408854166666667,0.014114583333333333
head|edge|cs662|t=60|S=50|F=0.1|FrontOnlyThroughMask,38400,12243.582858962285,0.6534653465346535,0.6494484384247186,0.3575520833333333,0.625189718689189,50.093766867624964,0.6409895833333333,1.041626676009974,3.4127225607533247,9.244527963015509,9.258234487254317,0.28695425244719447,128,0,0.9994791666666667,0.653125,0.6491082425701411,0.09791666666666667,0.10315104166666667,0.3463541666666667
head|edge|cs662|t=60|S=50|F=0.2|BareCrystalAllFaces,38400,12243.582858962285,0.8902728351126927,0.8769480515391297,0.056276041666666665,51.32375974774458,50.093766867624964,0.9431770833333334,1.041626676009974,4.032266905012214,10.922644388114943,10.918879791213325,0.22054296635354206,128,0,0.04390625,0.039088541666666664,0.03747456757394037,0.031796875,0.035130208333333336,0.0048177083333333336
head|edge|cs662|t=60|S=50|F=0.2|FrontOnlyThroughMask,38400,12243.582858962285,0.6554009626259173,0.6513702262910939,0.3496875,1.250379437378378,50.093766867624964,0.6485416666666667,1.041626676009974,3.4432124539190045,9.327167435594575,9.342005001632767,0.3252980746657231,128,0,0.9901302083333333,0.6489322916666667,0.6449046179114566,0.09721354166666667,0.10234375,0.34119791666666666
head|edge|cs662|t=60|S=50|ideal,38400,12243.582858962285,,,0.36505208333333333,0,50.093766867624964,0.63359375,1.041626676009974,3.39297686606561,9.191050393541156,9.209944426099938,0.27785984581703205,128,0,,,,,,
head|edge|cs662|t=60|default|F=0.05|BareCrystalAllFaces,38400,1000000,1.0,0.9999219891817117,1.0,12.830939936936145,4091.4303798709057,0.0,1.041626676009974,0.26309174148824954,0.7130339682101783,0.7122851262597529,0.026938396399542222,128,128,1.0,1.0,0.9999219891817117,1.0,1.0,0.0
head|edge|cs662|t=60|default|F=0.05|FrontOnlyThroughMask,38400,1000000,1.0,0.9999219891817117,1.0,0.3125948593445945,4091.4303798709057,0.0,1.041626676009974,0.2626515245950936,0.7118401869718637,0.7081953460965387,0.028557365491276764,128,128,1.0,1.0,0.9999219891817117,1.0,1.0,0.0
head|edge|cs662|t=60|default|F=0.1|BareCrystalAllFaces,38400,1000000,1.0,0.9999219891817117,1.0,25.66187987387229,4091.4303798709057,0.0,1.041626676009974,0.2635075219649073,0.7141601516748312,0.7159465546992181,0.02975602866553493,128,128,1.0,1.0,0.9999219891817117,1.0,1.0,0.0
head|edge|cs662|t=60|default|F=0.1|FrontOnlyThroughMask,38400,1000000,1.0,0.9999219891817117,1.0,0.625189718689189,4091.4303798709057,0.0,1.041626676009974,0.26287761561344014,0.7124560397742681,0.707469134371854,0.028599158268555407,128,128,1.0,1.0,0.9999219891817117,1.0,1.0,0.0
head|edge|cs662|t=60|default|F=0.2|BareCrystalAllFaces,38400,1000000,1.0,0.9999219891817117,1.0,51.32375974774458,4091.4303798709057,0.0,1.041626676009974,0.26330835270025765,0.7136093940816843,0.7100668071483309,0.02817042561891454,128,128,1.0,1.0,0.9999219891817117,1.0,1.0,0.0
head|edge|cs662|t=60|default|F=0.2|FrontOnlyThroughMask,38400,1000000,1.0,0.9999219891817117,1.0,1.250379437378378,4091.4303798709057,0.0,1.041626676009974,0.26221403310373176,0.7106507940310566,0.7085637963271928,0.02732670203025364,128,128,1.0,1.0,0.9999219891817117,1.0,1.0,0.0
head|edge|cs662|t=60|default|ideal,38400,1000000,,,1.0,0,4091.4303798709057,0.0,1.041626676009974,0.2627818085765958,0.7121947824874009,0.7082249438187469,0.02733085449725164,128,128,,,,,,
head|edge|open|t=10|S=1000|F=0.05|BareCrystalAllFaces,38400,577226.5523007348,1.0,0.9999219891817117,0.8847916666666666,167.58498105779404,1001.1601184994859,0.11520833333333333,1.041626676009974,1.4430691731999057,3.9088372170770396,3.8648058541948025,0.4096998094095678,128,0,1.0,1.0,0.9999219891817117,1.0,1.0,0.0
head|edge|open|t=10|S=1000|F=0.05|FrontOnlyThroughMask,38400,577226.5523007348,1.0,0.9999219891817117,0.9983333333333333,0.6413687897939254,1001.1601184994859,0.0016666666666666668,1.041626676009974,0.36826886008630977,0.9984381137456936,0.9059990490385204,0.15343552168045732,128,76,1.0,1.0,0.9999219891817117,1.0,1.0,0.0
head|edge|open|t=10|S=1000|F=0.1|BareCrystalAllFaces,38400,577226.5523007348,1.0,0.9999219891817117,0.326015625,335.1699621155881,1001.1601184994859,0.673984375,1.041626676009974,3.2127482452746525,8.702036990345714,8.732862345975981,0.20629670884316234,128,0,1.0,1.0,0.9999219891817117,1.0,1.0,0.0
head|edge|open|t=10|S=1000|F=0.1|FrontOnlyThroughMask,38400,577226.5523007348,1.0,0.9999219891817117,0.9983854166666667,1.2827375795878508,1001.1601184994859,0.0016145833333333333,1.041626676009974,0.3668197595555089,0.9945360156450951,0.904517509021455,0.1591086470331087,128,80,1.0,1.0,0.9999219891817117,1.0,1.0,0.0
head|edge|open|t=10|S=1000|F=0.2|BareCrystalAllFaces,38400,577226.5523007348,1.0,0.9999219891817117,0.0004166666666666667,670.3399242311762,1001.1601184994859,0.9995833333333334,1.041626676009974,3.6722014303239767,9.94680426219647,9.94152098322775,0.08478474682914161,128,0,1.0,1.0,0.9999219891817117,1.0,1.0,0.0
head|edge|open|t=10|S=1000|F=0.2|FrontOnlyThroughMask,38400,577226.5523007348,1.0,0.9999219891817117,0.99796875,2.5654751591757017,1001.1601184994859,0.00203125,1.041626676009974,0.3765660850554732,1.0208959500048727,0.9237973853811,0.1698348576966083,128,71,1.0,1.0,0.9999219891817117,1.0,1.0,0.0
head|edge|open|t=10|S=1000|ideal,38400,577226.5523007348,,,0.9982552083333334,0,1001.1601184994859,0.0017447916666666666,1.041626676009974,0.36776894301786056,0.9970894961525218,0.9137418339428984,0.15272214912142412,128,74,,,,,,
head|edge|open|t=10|S=100|F=0.05|BareCrystalAllFaces,38400,57722.655230073484,0.9726435715705107,0.9703581005492419,0.00010416666666666667,167.58498105779404,100.11601184994859,0.9998958333333333,1.041626676009974,3.8482741765816924,10.423089860570698,10.431363961804351,0.14171255131601718,128,0,0.39315104166666665,0.3823958333333333,0.3783102951830759,0.32200520833333335,0.3285677083333333,0.010755208333333334
head|edge|open|t=10|S=100|F=0.05|FrontOnlyThroughMask,38400,57722.655230073484,0.9345833333333333,0.9324704372149016,0.5821875,0.6413687897939254,100.11601184994859,0.41768229166666665,1.041626676009974,2.751707986117441,7.454083838518283,7.5145426948221665,0.31675957643051594,128,0,1.0,0.9345833333333333,0.9324704372149016,0.49049479166666665,0.49419270833333334,0.06541666666666666
head|edge|open|t=10|S=100|F=0.1|BareCrystalAllFaces,38400,57722.655230073484,0.9376549769748495,0.9321038790627502,0.0,335.1699621155881,100.11601184994859,1.0,1.041626676009974,3.7221887254369066,10.081412540541521,10.092244558521429,0.08974734019963025,128,0,0.14703125,0.13786458333333335,0.13497800894289091,0.10697916666666667,0.11231770833333334,0.009166666666666667
head|edge|open|t=10|S=100|F=0.1|FrontOnlyThroughMask,38400,57722.655230073484,0.9345163643944132,0.9324018118576309,0.578046875,1.2827375795878508,100.11601184994859,0.42171875,1.041626676009974,2.7531809717020344,7.458017692838057,7.484506778785871,0.3347322697365422,128,0,0.999375,0.9339322916666667,0.9318098582767338,0.49268229166666666,0.4965625,0.06544270833333334
head|edge|open|t=10|S=100|F=0.2|BareCrystalAllFaces,38400,57722.655230073484,0.8817354793561931,0.8667487608187703,0.0,670.3399242311762,100.11601184994859,1.0,1.041626676009974,3.642971016914441,9.867076182704835,9.873278953187057,0.060075821566138096,128,0,0.03721354166666667,0.0328125,0.031330332389272436,0.028697916666666667,0.032135416666666666,0.004401041666666667
head|edge|open|t=10|S=100|F=0.2|FrontOnlyThroughMask,38400,57722.655230073484,0.9385432072681175,0.9364748646405749,0.5653385416666666,2.5654751591757017,100.11601184994859,0.43450520833333334,1.041626676009974,2.810108921637544,7.612290575174964,7.60347780650992,0.28166400291580007,128,0,0.9860416666666667,0.9254427083333333,0.9232009476529475,0.48171875,0.4856770833333333,0.060598958333333335
head|edge|open|t=10|S=100|ideal,38400,57722.655230073484,,,0.5867447916666667,0,100.11601184994859,0.41294270833333335,1.041626676009974,2.7415390578285606,7.4265130109885815,7.418134679332667,0.31049890769592486,128,0,,,,,,
head|edge|open|t=10|S=250|F=0.05|BareCrystalAllFaces,38400,144306.6380751837,0.9998176370978247,0.999657494832587,0.023307291666666667,167.58498105779404,250.29002962487147,0.9766927083333333,1.041626676009974,3.8860262690119582,10.525641706172868,10.527542943946065,0.1408468677618594,128,0,0.999609375,0.9994270833333333,0.9991820062784408,0.9990885416666667,0.9992708333333333,0.00018229166666666667
head|edge|open|t=10|S=250|F=0.05|FrontOnlyThroughMask,38400,144306.6380751837,0.999140625,0.9988510757897724,0.8659375,0.6413687897939254,250.29002962487147,0.13403645833333333,1.041626676009974,1.598088637045477,4.329051732155263,4.338228311455592,0.37089435058097714,128,0,1.0,0.999140625,0.9988510757897724,0.9930208333333334,0.99375,0.000859375
head|edge|open|t=10|S=250|F=0.1|BareCrystalAllFaces,38400,144306.6380751837,0.9981242239306756,0.99771513803115,2.604166666666667e-05,335.1699621155881,250.29002962487147,0.9999739583333334,1.041626676009974,3.7422627999712437,10.136037256026595,10.126521203919944,0.09516571924967179,128,0,0.985703125,0.9838541666666667,0.9827556843403301,0.9762760416666667,0.9780208333333333,0.0018489583333333333
head|edge|open|t=10|S=250|F=0.1|FrontOnlyThroughMask,38400,144306.6380751837,0.9991666666666666,0.9988808253494135,0.8644791666666667,1.2827375795878508,250.29002962487147,0.13552083333333334,1.041626676009974,1.611194043271587,4.3645788819311475,4.355109344820383,0.32516150431361224,128,0,1.0,0.9991666666666666,0.9988808253494135,0.9929427083333333,0.9935416666666667,0.0008333333333333334
head|edge|open|t=10|S=250|F=0.2|BareCrystalAllFaces,38400,144306.6380751837,0.9920350843249169,0.9911535454459163,0.0,670.3399242311762,250.29002962487147,1.0,1.041626676009974,3.6443044732242615,9.870852075605702,9.87198657260599,0.059775270899012065,128,0,0.807578125,0.8011458333333333,0.7977657185283799,0.7839583333333333,0.7896614583333333,0.006432291666666667
head|edge|open|t=10|S=250|F=0.2|FrontOnlyThroughMask,38400,144306.6380751837,0.999375,0.999121142786867,0.8598177083333334,2.5654751591757017,250.29002962487147,0.14018229166666665,1.041626676009974,1.633982841567586,4.426269298017381,4.45411419842309,0.3482210587849932,128,0,1.0,0.999375,0.999121142786867,0.9928385416666666,0.9931770833333333,0.000625
head|edge|open|t=10|S=250|ideal,38400,144306.6380751837,,,0.8672135416666666,0,250.29002962487147,0.13278645833333333,1.041626676009974,1.5826342681143475,4.287167072803833,4.305762090741475,0.31657370046488376,128,0,,,,,,
head|edge|open|t=10|S=25|F=0.05|BareCrystalAllFaces,38400,14430.663807518371,0.4468864468864469,0.39617516904662536,0.0,167.58498105779404,25.029002962487148,1.0,1.041626676009974,3.8181563648776216,10.341188003294247,10.350211121419697,0.13590876948324673,128,0,0.007109375,0.0031770833333333334,0.0027198067850636967,0.0014322916666666666,0.003411458333333333,0.003932291666666666
head|edge|open|t=10|S=25|F=0.05|FrontOnlyThroughMask,38400,14430.663807518371,0.4323000781453504,0.4281321159179539,0.208125,0.6413687897939254,25.029002962487148,0.789921875,1.041626676009974,3.8181223843014886,10.342651175669266,10.348363693396799,0.24417558551866342,128,0,0.9997395833333333,0.4321875,0.42802021721677286,0.008697916666666666,0.009401041666666667,0.5675520833333333
head|edge|open|t=10|S=25|F=0.1|BareCrystalAllFaces,38400,14430.663807518371,0.3140096618357488,0.2607921302263433,0.0,335.1699621155881,25.029002962487148,1.0,1.041626676009974,3.71267214165083,10.055452902134368,10.04669528061874,0.08455811803750467,128,0,0.005390625,0.0016927083333333334,0.0013629966415789725,0.0008854166666666666,0.002916666666666667,0.0036979166666666666
head|edge|open|t=10|S=25|F=0.1|FrontOnlyThroughMask,38400,14430.663807518371,0.441499835904168,0.4372182325563115,0.20479166666666668,1.2827375795878508,25.029002962487148,0.7934114583333334,1.041626676009974,3.82065890024859,10.34959316085251,10.344216147546353,0.25227186788151523,128,0,0.9521875,0.420390625,0.4162387608572819,0.009609375,0.010442708333333333,0.531796875
head|edge|open|t=10|S=25|F=0.2|BareCrystalAllFaces,38400,14430.663807518371,0.20168067226890757,0.14313802757784835,0.0,670.3399242311762,25.029002962487148,1.0,1.041626676009974,3.6459382394251274,9.87502584290682,9.877965247455027,0.06816893354592649,128,0,0.0030989583333333333,0.000625,0.00043100075755612825,0.0004947916666666667,0.0025520833333333333,0.0024739583333333332
head|edge|open|t=10|S=25|F=0.2|FrontOnlyThroughMask,38400,14430.663807518371,0.492208910813562,0.48704480283698953,0.189609375,2.5654751591757017,25.029002962487148,0.808125,1.041626676009974,3.8562816197327954,10.446055727266163,10.437326502819811,0.27340317235489686,128,0,0.66515625,0.32739583333333333,0.32345361903605985,0.00875,0.009427083333333334,0.3377604166666667
head|edge|open|t=10|S=25|ideal,38400,14430.663807518371,,,0.21424479166666666,0,25.029002962487148,0.7840625,1.041626676009974,3.8096322493755843,10.319735190608846,10.323008043067333,0.2894830162807742,128,0,,,,,,
head|edge|open|t=10|S=500|F=0.05|BareCrystalAllFaces,38400,288613.2761503674,1.0,0.9999219891817117,0.301484375,167.58498105779404,500.58005924974293,0.698515625,1.041626676009974,3.3543232027967473,9.08556160760822,9.089671655524981,0.20492189701181118,128,0,1.0,1.0,0.9999219891817117,1.0,1.0,0.0
head|edge|open|t=10|S=500|F=0.05|FrontOnlyThroughMask,38400,288613.2761503674,1.0,0.9999219891817117,0.9734895833333334,0.6413687897939254,500.58005924974293,0.026510416666666668,1.041626676009974,0.7688476615607088,2.0830004109622546,2.0926974188854186,0.32838585921809227,128,0,1.0,1.0,0.9999219891817117,1.0,1.0,0.0
head|edge|open|t=10|S=500|F=0.1|BareCrystalAllFaces,38400,288613.2761503674,1.0,0.9999219891817117,0.006666666666666667,335.1699621155881,500.58005924974293,0.9933333333333333,1.041626676009974,3.788516716590544,10.261523708015403,10.259206415231485,0.11403232478764029,128,0,1.0,1.0,0.9999219891817117,1.0,1.0,0.0
head|edge|open|t=10|S=500|F=0.1|FrontOnlyThroughMask,38400,288613.2761503674,1.0,0.9999219891817117,0.9728125,1.2827375795878508,500.58005924974293,0.0271875,1.041626676009974,0.7776115138064497,2.1067157659367757,2.094261021237564,0.31461951328017257,128,0,1.0,1.0,0.9999219891817117,1.0,1.0,0.0
head|edge|open|t=10|S=500|F=0.2|BareCrystalAllFaces,38400,288613.2761503674,1.0,0.9999219891817117,0.0,670.3399242311762,500.58005924974293,1.0,1.041626676009974,3.6450175060809986,9.872943652041817,9.865796784202942,0.07157113175816297,128,0,1.0,1.0,0.9999219891817117,1.0,1.0,0.0
head|edge|open|t=10|S=500|F=0.2|FrontOnlyThroughMask,38400,288613.2761503674,1.0,0.9999219891817117,0.9704947916666666,2.5654751591757017,500.58005924974293,0.029505208333333335,1.041626676009974,0.8070114891673182,2.1863191416776218,2.175713348916613,0.30318002235556335,128,0,1.0,1.0,0.9999219891817117,1.0,1.0,0.0
head|edge|open|t=10|S=500|ideal,38400,288613.2761503674,,,0.9726041666666667,0,500.58005924974293,0.027395833333333335,1.041626676009974,0.773852468872829,2.096545447296212,2.1237045172171296,0.312557308829621,128,0,,,,,,
head|edge|open|t=10|S=50|F=0.05|BareCrystalAllFaces,38400,28861.327615036742,0.8343642611683849,0.8174920936226778,2.604166666666667e-05,167.58498105779404,50.058005924974296,0.9999739583333334,1.041626676009974,3.8349051681986084,10.386722017837604,10.384711127042275,0.13933105309711874,128,0,0.037890625,0.031614583333333335,0.0301591251745791,0.022447916666666668,0.026041666666666668,0.006276041666666667
head|edge|open|t=10|S=50|F=0.05|FrontOnlyThroughMask,38400,28861.327615036742,0.7050964868876793,0.7012444410877756,0.363046875,0.6413687897939254,50.058005924974296,0.6362239583333333,1.041626676009974,3.397007540292227,9.2020637150953,9.181632887692661,0.2759611291914764,128,0,0.9999739583333334,0.705078125,0.7012260613868552,0.09328125,0.0953125,0.29489583333333336
head|edge|open|t=10|S=50|F=0.1|BareCrystalAllFaces,38400,28861.327615036742,0.672566371681416,0.6385864932596141,0.0,335.1699621155881,50.058005924974296,1.0,1.041626676009974,3.7150144054984606,10.061873272270166,10.065459022827143,0.0995951797140111,128,0,0.014713541666666666,0.009895833333333333,0.009079508506477228,0.00640625,0.00921875,0.0048177083333333336
head|edge|open|t=10|S=50|F=0.1|FrontOnlyThroughMask,38400,28861.327615036742,0.7023630363036304,0.6984741140529371,0.3539583333333333,1.2827375795878508,50.058005924974296,0.6452083333333334,1.041626676009974,3.4161686196253926,9.253956824577388,9.244095723726621,0.31646343039569036,128,0,0.986328125,0.6927604166666667,0.6888642050219053,0.090625,0.093046875,0.29356770833333334
head|edge|open|t=10|S=50|F=0.2|BareCrystalAllFaces,38400,28861.327615036742,0.47540983606557374,0.4212156158328181,0.0,670.3399242311762,50.058005924974296,1.0,1.041626676009974,3.6482837182913403,9.881405547187,9.884032324690692,0.06294928969496262,128,0,0.006354166666666667,0.0030208333333333333,0.002575302691708015,0.002395833333333333,0.004895833333333334,0.0033333333333333335
head|edge|open|t=10|S=50|F=0.2|FrontOnlyThroughMask,38400,28861.327615036742,0.7358428413140479,0.7318443253072944,0.3405989583333333,2.5654751591757017,50.058005924974296,0.6584635416666667,1.041626676009974,3.4433879207325027,9.327674210143105,9.310907787408052,0.2698967437563148,128,0,0.869609375,0.6398958333333333,0.6358457817132326,0.08341145833333333,0.085859375,0.22971354166666666
head|edge|open|t=10|S=50|ideal,38400,28861.327615036742,,,0.364765625,0,50.058005924974296,0.634296875,1.041626676009974,3.38548831829374,9.170826785134464,9.162424146475566,0.2732151085111951,128,0,,,,,,
head|edge|open|t=10|default|F=0.05|BareCrystalAllFaces,38400,1000000,1.0,0.9999219891817117,0.9945572916666666,167.58498105779404,1734.4318526391728,0.005442708333333333,1.041626676009974,0.4739011976998413,1.284526293324932,1.2223204993808487,0.22877668416377178,128,20,1.0,1.0,0.9999219891817117,1.0,1.0,0.0
head|edge|open|t=10|default|F=0.05|FrontOnlyThroughMask,38400,1000000,1.0,0.9999219891817117,0.9999479166666667,0.6413687897939254,1734.4318526391728,5.208333333333334e-05,1.041626676009974,0.3130747708526838,0.8489483249473871,0.8452459198136546,0.04292766615898271,128,126,1.0,1.0,0.9999219891817117,1.0,1.0,0.0
head|edge|open|t=10|default|F=0.1|BareCrystalAllFaces,38400,1000000,1.0,0.9999219891817117,0.9147395833333334,335.1699621155881,1734.4318526391728,0.08526041666666667,1.041626676009974,1.2430620259210148,3.36714060732186,3.4054302914594254,0.3634699064867396,128,0,1.0,1.0,0.9999219891817117,1.0,1.0,0.0
head|edge|open|t=10|default|F=0.1|FrontOnlyThroughMask,38400,1000000,1.0,0.9999219891817117,0.999921875,1.2827375795878508,1734.4318526391728,7.8125e-05,1.041626676009974,0.314227004123439,0.8520683421923357,0.8469531484047841,0.05249116722098127,128,125,1.0,1.0,0.9999219891817117,1.0,1.0,0.0
head|edge|open|t=10|default|F=0.2|BareCrystalAllFaces,38400,1000000,1.0,0.9999219891817117,0.142734375,670.3399242311762,1734.4318526391728,0.857265625,1.041626676009974,3.4949782288813984,9.466652331810632,9.461012365396432,0.16665391060480836,128,0,1.0,1.0,0.9999219891817117,1.0,1.0,0.0
head|edge|open|t=10|default|F=0.2|FrontOnlyThroughMask,38400,1000000,1.0,0.9999219891817117,0.999921875,2.5654751591757017,1734.4318526391728,7.8125e-05,1.041626676009974,0.31438823646604186,0.8525095846772844,0.8472272200859141,0.05254492541946908,128,126,1.0,1.0,0.9999219891817117,1.0,1.0,0.0
head|edge|open|t=10|default|ideal,38400,1000000,,,0.9999739583333334,0,1734.4318526391728,2.604166666666667e-05,1.041626676009974,0.31324039239874757,0.8494055822421281,0.848578938836914,0.03604650045457862,128,127,,,,,,
head|edge|open|t=60|S=1000|F=0.05|BareCrystalAllFaces,38400,96204.42538345579,1.0,0.9999219891817117,0.0,1005.5098863467643,1001.1601184994857,1.0,1.041626676009974,3.591738463023239,9.72907184972917,9.729403611461585,0.06432119969540824,128,0,1.0,1.0,0.9999219891817117,1.0,1.0,0.0
head|edge|open|t=60|S=1000|F=0.05|FrontOnlyThroughMask,38400,96204.42538345579,1.0,0.9999219891817117,0.9979166666666667,3.848212738763554,1001.1601184994857,0.0020833333333333333,1.041626676009974,0.37707933645247155,1.0222730411742258,0.9186459412278036,0.1761780392145181,128,70,1.0,1.0,0.9999219891817117,1.0,1.0,0.0
head|edge|open|t=60|S=1000|F=0.1|BareCrystalAllFaces,38400,96204.42538345579,1.0,0.9999219891817117,0.0,2011.0197726935287,1001.1601184994857,1.0,1.041626676009974,3.5241629377093475,9.546434792338559,9.54497314509344,0.06234271227363092,128,0,1.0,1.0,0.9999219891817117,1.0,1.0,0.0
head|edge|open|t=60|S=1000|F=0.1|FrontOnlyThroughMask,38400,96204.42538345579,1.0,0.9999219891817117,0.9980989583333333,7.696425477527108,1001.1601184994857,0.0019010416666666668,1.041626676009974,0.37223394579171176,1.0091844847804106,0.9171031694646489,0.16321632611948456,128,74,1.0,1.0,0.9999219891817117,1.0,1.0,0.0
head|edge|open|t=60|S=1000|F=0.2|BareCrystalAllFaces,38400,96204.42538345579,0.9999739583333334,0.9998764678836031,0.0,4022.0395453870574,1001.1601184994857,1.0,1.041626676009974,3.467187365833963,9.39257711237403,9.38506467874345,0.06475826839385547,128,0,1.0,0.9999739583333334,0.9998764678836031,0.9999739583333334,1.0,2.604166666666667e-05
head|edge|open|t=60|S=1000|F=0.2|FrontOnlyThroughMask,38400,96204.42538345579,1.0,0.9999219891817117,0.9970833333333333,15.392850955054216,1001.1601184994857,0.002916666666666667,1.041626676009974,0.39608566469170725,1.0737129193504003,1.0959978011568108,0.18484350551231604,128,50,1.0,1.0,0.9999219891817117,1.0,1.0,0.0
head|edge|open|t=60|S=1000|ideal,38400,96204.42538345579,,,0.99828125,0,1001.1601184994857,0.00171875,1.041626676009974,0.3675148120409429,0.9963973874506584,0.9080064763909256,0.159908177994868,128,77,,,,,,
head|edge|open|t=60|S=100|F=0.05|BareCrystalAllFaces,38400,9620.44253834558,0.7747163695299838,0.7452911741629923,0.0,1005.5098863467643,100.11601184994859,1.0,1.041626676009974,3.6135742288765016,9.787702171423307,9.783749973569435,0.058820962556049294,128,0,0.016067708333333333,0.012447916666666666,0.011531627525154972,0.011614583333333333,0.014973958333333334,0.0036197916666666666
head|edge|open|t=60|S=100|F=0.05|FrontOnlyThroughMask,38400,9620.44253834558,0.9392788862859143,0.9372014814262446,0.5520052083333333,3.848212738763554,100.11601184994859,0.4478125,1.041626676009974,2.835167223728198,7.680159997721494,7.678028314679894,0.2942310295709457,128,0,0.967109375,0.9083854166666666,0.9059280380590458,0.46653645833333335,0.4705729166666667,0.05872395833333333
head|edge|open|t=60|S=100|F=0.1|BareCrystalAllFaces,38400,9620.44253834558,0.5460674157303371,0.5059799337298148,0.0,2011.0197726935287,100.11601184994859,1.0,1.041626676009974,3.554581984861637,9.628481159526514,9.61899931502407,0.07034265535759725,128,0,0.011588541666666667,0.006328125,0.005677308385077735,0.00375,0.006822916666666666,0.005260416666666667
head|edge|open|t=60|S=100|F=0.1|FrontOnlyThroughMask,38400,9620.44253834558,0.9512976419991102,0.9493256659312062,0.5161458333333333,7.696425477527108,100.11601184994859,0.483671875,1.041626676009974,2.950862270831917,7.993534726088444,7.998630172752044,0.29810878055126594,128,0,0.8779947916666667,0.835234375,0.832088780549823,0.43854166666666666,0.4432291666666667,0.04276041666666667
head|edge|open|t=60|S=100|F=0.2|BareCrystalAllFaces,38400,9620.44253834558,0.3315508021390374,0.27456728242174205,0.0,4022.0395453870574,100.11601184994859,1.0,1.041626676009974,3.486804973899311,9.445509652389653,9.444036457590467,0.06599486498867832,128,0,0.004869791666666666,0.0016145833333333333,0.0012929338943848568,0.0012760416666666666,0.0038020833333333335,0.0032552083333333335
head|edge|open|t=60|S=100|F=0.2|FrontOnlyThroughMask,38400,9620.44253834558,0.9704626334519573,0.9686511605681091,0.4540104166666667,15.392850955054216,100.11601184994859,0.5457291666666667,1.041626676009974,3.1480712635248365,8.52778614319821,8.515133982212866,0.3048254223607358,128,0,0.65859375,0.639140625,0.6350887736827975,0.38895833333333335,0.3934635416666667,0.019453125
head|edge|open|t=60|S=100|ideal,38400,9620.44253834558,,,0.591875,0,100.11601184994859,0.408046875,1.041626676009974,2.7093564230296345,7.339340101945932,7.323305751338502,0.36361294584905024,128,0,,,,,,
head|edge|open|t=60|S=250|F=0.05|BareCrystalAllFaces,38400,24051.106345863947,0.9839451694676556,0.9824552218715642,0.0,1005.5098863467643,250.29002962487144,1.0,1.041626676009974,3.6066512392864585,9.769090664376638,9.772042435023865,0.06659070803823634,128,0,0.5547395833333333,0.5458333333333333,0.54163859375126,0.5352604166666667,0.5438020833333334,0.00890625
head|edge|open|t=60|S=250|F=0.05|FrontOnlyThroughMask,38400,24051.106345863947,0.9994270833333333,0.9991820062784408,0.8512239583333333,3.848212738763554,250.29002962487144,0.14877604166666666,1.041626676009974,1.6735217825615716,4.533366069692582,4.510304718243337,0.369739842129143,128,0,1.0,0.9994270833333333,0.9991820062784408,0.9924739583333333,0.9928125,0.0005729166666666667
head|edge|open|t=60|S=250|F=0.1|BareCrystalAllFaces,38400,24051.106345863947,0.9549816372467718,0.9510921028695276,0.0,2011.0197726935287,250.29002962487144,1.0,1.041626676009974,3.547723178523903,9.609980468930992,9.611102082008376,0.06423850846986882,128,0,0.21981770833333333,0.209921875,0.20650671369495752,0.16817708333333334,0.17393229166666666,0.009895833333333333
head|edge|open|t=60|S=250|F=0.1|FrontOnlyThroughMask,38400,24051.106345863947,0.999296875,0.9990304895838463,0.84203125,7.696425477527108,250.29002962487144,0.15796875,1.041626676009974,1.7213382997826066,4.662877210801964,4.66995306344284,0.3365582281202037,128,0,1.0,0.999296875,0.9990304895838463,0.990859375,0.9913802083333333,0.000703125
head|edge|open|t=60|S=250|F=0.2|BareCrystalAllFaces,38400,24051.106345863947,0.8633766233766234,0.8498302473593519,0.0,4022.0395453870574,250.29002962487144,1.0,1.041626676009974,3.4819333924763036,9.4323651687196,9.430503451287974,0.07014890212540384,128,0,0.050130208333333336,0.04328125,0.04158575303851125,0.038177083333333334,0.04346354166666667,0.006848958333333334
head|edge|open|t=60|S=250|F=0.2|FrontOnlyThroughMask,38400,24051.106345863947,0.999034749034749,0.9987303539794649,0.807734375,15.392850955054216,250.29002962487144,0.192265625,1.041626676009974,1.8938603366303228,5.130172227520066,5.154434496365024,0.3577394647740636,128,0,0.9982291666666666,0.997265625,0.99678504562579,0.9876302083333334,0.9883333333333333,0.0009635416666666667
head|edge|open|t=60|S=250|ideal,38400,24051.106345863947,,,0.8653645833333333,0,250.29002962487144,0.13463541666666667,1.041626676009974,1.5940935728060297,4.3182132305294285,4.35703574192293,0.37580083986870316,128,0,,,,,,
head|edge|open|t=60|S=25|F=0.05|BareCrystalAllFaces,38400,2405.110634586395,0.15053763440860216,0.09336536489199719,0.0,1005.5098863467643,25.029002962487148,1.0,1.041626676009974,3.615785843333799,9.79364080062523,9.789918834496333,0.057061761365258666,128,0,0.002421875,0.00036458333333333335,0.00022042805986020682,0.0003385416666666667,0.0020572916666666665,0.0020572916666666665
head|edge|open|t=60|S=25|F=0.05|FrontOnlyThroughMask,38400,2405.110634586395,0.5124442600850357,0.5064969636445992,0.17575520833333333,3.848212738763554,25.029002962487148,0.8223697916666667,1.041626676009974,3.876409745914459,10.500544760320876,10.506180273840581,0.24169459324760956,128,0,0.5022395833333333,0.2573697916666667,0.25370074003850096,0.007994791666666667,0.008723958333333334,0.24486979166666667
head|edge|open|t=60|S=25|F=0.1|BareCrystalAllFaces,38400,2405.110634586395,0.11515151515151516,0.0767322463428719,0.0,2011.0197726935287,25.029002962487148,1.0,1.041626676009974,3.5564809131440978,9.633597822096299,9.621499784942873,0.0742792038471154,128,0,0.004296875,0.0004947916666666667,0.00032403262454585766,0.00026041666666666666,0.0022135416666666666,0.0038020833333333335
head|edge|open|t=60|S=25|F=0.1|FrontOnlyThroughMask,38400,2405.110634586395,0.6074521123064812,0.598157070018274,0.15002604166666667,7.696425477527108,25.029002962487148,0.8481770833333333,1.041626676009974,3.9358673861892806,10.661633833706784,10.673431064407394,0.2589820534601546,128,0,0.19848958333333333,0.12057291666666667,0.11784785972792378,0.006796875,0.0075,0.07791666666666666
head|edge|open|t=60|S=25|F=0.2|BareCrystalAllFaces,38400,2405.110634586395,0.10596026490066225,0.06760101337004419,0.0,4022.0395453870574,25.029002962487148,1.0,1.041626676009974,3.488124766997513,9.449072427347817,9.440160943136776,0.07529432090725821,128,0,0.003932291666666666,0.0004166666666666667,0.00026136993531256764,0.00028645833333333333,0.00296875,0.003515625
head|edge|open|t=60|S=25|F=0.2|FrontOnlyThroughMask,38400,2405.110634586395,0.6822262118491921,0.6629639122223641,0.10830729166666667,15.392850955054216,25.029002962487148,0.8897395833333334,1.041626676009974,4.026432428728502,10.907019648635325,10.918823110972117,0.2537574486485228,128,0,0.043515625,0.0296875,0.028276203275724842,0.005598958333333333,0.0066927083333333335,0.013828125
head|edge|open|t=60|S=25|ideal,38400,2405.110634586395,,,0.216015625,0,25.029002962487148,0.7820572916666667,1.041626676009974,3.8138461011149003,10.331137845723388,10.321222237273208,0.2648215730900894,128,0,,,,,,
head|edge|open|t=60|S=500|F=0.05|BareCrystalAllFaces,38400,48102.212691727895,0.9999739556203772,0.9998764550149611,0.0,1005.5098863467643,500.5800592497429,1.0,1.041626676009974,3.598927217668614,9.748322428130049,9.745495033378003,0.05841407338887591,128,0,0.9998958333333333,0.9998697916666667,0.9997262427017626,0.9998697916666667,0.9998958333333333,2.604166666666667e-05
head|edge|open|t=60|S=500|F=0.05|FrontOnlyThroughMask,38400,48102.212691727895,1.0,0.9999219891817117,0.969765625,3.848212738763554,500.5800592497429,0.030234375,1.041626676009974,0.813521626619859,2.203972878399098,2.242861786946233,0.3312379040841325,128,0,1.0,1.0,0.9999219891817117,1.0,1.0,0.0
head|edge|open|t=60|S=500|F=0.1|BareCrystalAllFaces,38400,48102.212691727895,0.9973358199014254,0.9968549134994987,0.0,2011.0197726935287,500.5800592497429,1.0,1.041626676009974,3.541346311411874,9.592788011782053,9.587063543865378,0.0658991781979439,128,0,0.9774739583333333,0.9748697916666667,0.973516070025241,0.9653645833333333,0.9677604166666667,0.0026041666666666665
head|edge|open|t=60|S=500|F=0.1|FrontOnlyThroughMask,38400,48102.212691727895,1.0,0.9999219891817117,0.9692447916666667,7.696425477527108,500.5800592497429,0.030755208333333332,1.041626676009974,0.821263362474189,2.2249356814461043,2.234409976231902,0.32632045500553347,128,0,1.0,1.0,0.9999219891817117,1.0,1.0,0.0
head|edge|open|t=60|S=500|F=0.2|BareCrystalAllFaces,38400,48102.212691727895,0.9879006664550937,0.986705485081615,0.0,4022.0395453870574,500.5800592497429,1.0,1.041626676009974,3.4767206718903467,9.41830042781889,9.410241935650845,0.07038749833709756,128,0,0.6564583333333334,0.648515625,0.644486884969081,0.6267447916666666,0.63375,0.007942708333333333
head|edge|open|t=60|S=500|F=0.2|FrontOnlyThroughMask,38400,48102.212691727895,1.0,0.9999219891817117,0.961015625,15.392850955054216,500.5800592497429,0.038984375,1.041626676009974,0.9104787049519161,2.4665339056359294,2.494515828259922,0.29632092477784033,128,0,1.0,1.0,0.9999219891817117,1.0,1.0,0.0
head|edge|open|t=60|S=500|ideal,38400,48102.212691727895,,,0.9729427083333333,0,500.5800592497429,0.027057291666666667,1.041626676009974,0.7698126906079716,2.085600970571085,2.107700546985435,0.32039748568795107,128,0,,,,,,
head|edge|open|t=60|S=50|F=0.05|BareCrystalAllFaces,38400,4810.22126917279,0.36419753086419754,0.3011923888000476,0.0,1005.5098863467643,50.058005924974296,1.0,1.041626676009974,3.6187708852964118,9.801711097447633,9.799564649029598,0.06857034957269716,128,0,0.00421875,0.0015364583333333333,0.0012230702586692678,0.0014322916666666666,0.00375,0.0026822916666666666
head|edge|open|t=60|S=50|F=0.05|FrontOnlyThroughMask,38400,4810.22126917279,0.7628539302872329,0.7587340054271761,0.32828125,3.848212738763554,50.058005924974296,0.6708333333333333,1.041626676009974,3.477227698639465,9.41934164908399,9.439218754772003,0.30798352801641554,128,0,0.764296875,0.583046875,0.5788906793989157,0.0803125,0.08296875,0.18125
head|edge|open|t=60|S=50|F=0.1|BareCrystalAllFaces,38400,4810.22126917279,0.16580310880829016,0.12327114165650459,0.0,2011.0197726935287,50.058005924974296,1.0,1.041626676009974,3.5576163289316254,9.636666143913862,9.637014246222186,0.06162717803565477,128,0,0.0050260416666666665,0.0008333333333333334,0.0006067653611035593,0.0004427083333333333,0.00265625,0.004192708333333333
head|edge|open|t=60|S=50|F=0.1|FrontOnlyThroughMask,38400,4810.22126917279,0.826775956284153,0.8221088247739755,0.28875,7.696425477527108,50.058005924974296,0.7102083333333333,1.041626676009974,3.5762306087730855,9.687551584724956,9.68359236934818,0.28386221919933863,128,0,0.4765625,0.39401041666666664,0.38990186428197604,0.07044270833333334,0.07234375,0.08255208333333333
head|edge|open|t=60|S=50|F=0.2|BareCrystalAllFaces,38400,4810.22126917279,0.14189189189189189,0.09709020982720751,0.0,4022.0395453870574,50.058005924974296,1.0,1.041626676009974,3.488257510299207,9.44943131594879,9.437578209312942,0.0683210400136523,128,0,0.0038541666666666668,0.000546875,0.00036648726931002364,0.00036458333333333335,0.0027604166666666667,0.0033072916666666667
head|edge|open|t=60|S=50|F=0.2|FrontOnlyThroughMask,38400,4810.22126917279,0.8884911894273128,0.8822319381577052,0.22778645833333333,15.392850955054216,50.058005924974296,0.771484375,1.041626676009974,3.7241870468506866,10.0883273993822,10.079264636597163,0.22975663420210501,128,0,0.18916666666666668,0.16807291666666666,0.16493978319732616,0.051875,0.054453125,0.02109375
head|edge|open|t=60|S=50|ideal,38400,4810.22126917279,,,0.36734375,0,50.058005924974296,0.631640625,1.041626676009974,3.3819234273296495,9.161175516552046,9.18211118328921,0.24971440551984184,128,0,,,,,,
head|edge|open|t=60|default|F=0.05|BareCrystalAllFaces,38400,1000000,1.0,0.9999219891817117,1.0,1005.5098863467643,10406.591115835037,0.0,1.041626676009974,0.3112957684564013,0.8440116672973156,0.844124353507832,0.042470624340006834,128,128,1.0,1.0,0.9999219891817117,1.0,1.0,0.0
head|edge|open|t=60|default|F=0.05|FrontOnlyThroughMask,38400,1000000,1.0,0.9999219891817117,1.0,3.848212738763554,10406.591115835037,0.0,1.041626676009974,0.258865944003222,0.7015218659841173,0.7008797059145744,0.020528794296298114,128,128,1.0,1.0,0.9999219891817117,1.0,1.0,0.0
head|edge|open|t=60|default|F=0.1|BareCrystalAllFaces,38400,1000000,1.0,0.9999219891817117,0.9995572916666666,2011.0197726935287,10406.591115835037,0.0004427083333333333,1.041626676009974,0.397343456524756,1.077634134165348,1.0605801769345118,0.08660394756017283,128,16,1.0,1.0,0.9999219891817117,1.0,1.0,0.0
head|edge|open|t=60|default|F=0.1|FrontOnlyThroughMask,38400,1000000,1.0,0.9999219891817117,1.0,7.696425477527108,10406.591115835037,0.0,1.041626676009974,0.25911288421327394,0.7021937513347234,0.6993310588931514,0.019741215277510476,128,128,1.0,1.0,0.9999219891817117,1.0,1.0,0.0
head|edge|open|t=60|default|F=0.2|BareCrystalAllFaces,38400,1000000,1.0,0.9999219891817117,0.018932291666666667,4022.0395453870574,10406.591115835037,0.9810677083333333,1.041626676009974,3.442458309721574,9.325927601666859,9.320510496719612,0.10259398598100784,128,0,1.0,1.0,0.9999219891817117,1.0,1.0,0.0
head|edge|open|t=60|default|F=0.2|FrontOnlyThroughMask,38400,1000000,1.0,0.9999219891817117,1.0,15.392850955054216,10406.591115835037,0.0,1.041626676009974,0.2586118334304669,0.7008312992176597,0.7016266039404306,0.01919624116116091,128,128,1.0,1.0,0.9999219891817117,1.0,1.0,0.0
head|edge|open|t=60|default|ideal,38400,1000000,,,1.0,0,10406.591115835037,0.0,1.041626676009974,0.2588318823568613,0.70143070764049,0.7022786082826928,0.020653225084177856,128,128,,,,,,
lab|centre|cs662|t=10|S=1000|F=0.05|BareCrystalAllFaces,38400,3856319.0200766656,1.0,0.9999219891817117,1.0,0.8301520091332191,1001.720312062249,0.0,0.9548412538721887,0.13519076142677294,0.3775245585469306,0.37763455675064683,0.005135556800955753,128,128,1.0,1.0,0.9999219891817117,1.0,1.0,0.0
lab|centre|cs662|t=10|S=1000|F=0.05|FrontOnlyThroughMask,38400,3856319.0200766656,1.0,0.9999219891817117,1.0,0.022339421368663296,1001.720312062249,0.0,0.9548412538721887,0.13514655099673692,0.3774010983913335,0.3771362302709808,0.005384654995836511,128,128,1.0,1.0,0.9999219891817117,1.0,1.0,0.0
lab|centre|cs662|t=10|S=1000|F=0.1|BareCrystalAllFaces,38400,3856319.0200766656,1.0,0.9999219891817117,1.0,1.6603040182664381,1001.720312062249,0.0,0.9548412538721887,0.13514497406224393,0.37739669442229123,0.37706475009798324,0.0050562215556190565,128,128,1.0,1.0,0.9999219891817117,1.0,1.0,0.0
lab|centre|cs662|t=10|S=1000|F=0.1|FrontOnlyThroughMask,38400,3856319.0200766656,1.0,0.9999219891817117,1.0,0.04467884273732659,1001.720312062249,0.0,0.9548412538721887,0.13518804313863744,0.37751696649926414,0.3776771944499091,0.005470929090626642,128,128,1.0,1.0,0.9999219891817117,1.0,1.0,0.0
lab|centre|cs662|t=10|S=1000|F=0.2|BareCrystalAllFaces,38400,3856319.0200766656,1.0,0.9999219891817117,1.0,3.3206080365328763,1001.720312062249,0.0,0.9548412538721887,0.1352054354670718,0.3775655352233933,0.3772185783241508,0.004921198287276728,128,128,1.0,1.0,0.9999219891817117,1.0,1.0,0.0
lab|centre|cs662|t=10|S=1000|F=0.2|FrontOnlyThroughMask,38400,3856319.0200766656,1.0,0.9999219891817117,1.0,0.08935768547465318,1001.720312062249,0.0,0.9548412538721887,0.13510013399646925,0.37727147573960446,0.37705201874344335,0.005324796168196436,128,128,1.0,1.0,0.9999219891817117,1.0,1.0,0.0
lab|centre|cs662|t=10|S=1000|ideal,38400,3856319.0200766656,,,1.0,0,1001.720312062249,0.0,0.9548412538721887,0.13514622553844124,0.37740019202712355,0.37728549857523186,0.005364544689625668,128,128,,,,,,
lab|centre|cs662|t=10|S=100|F=0.05|BareCrystalAllFaces,38400,385631.90200766653,0.9873697916666667,0.9863915928910381,0.9826302083333334,0.8301520091332191,100.17203120622491,0.01690104166666667,0.9548412538721887,0.4607435467186854,1.2878010914848692,1.2881913280187103,0.24137970690783467,128,14,1.0,0.9873697916666667,0.9863915928910381,0.7654166666666666,0.7662239583333333,0.012630208333333334
lab|centre|cs662|t=10|S=100|F=0.05|FrontOnlyThroughMask,38400,385631.90200766653,0.9560677083333333,0.9543087156966729,0.9830989583333334,0.022339421368663296,100.17203120622491,0.016510416666666666,0.9548412538721887,0.44297710875877,1.2380466851868779,1.2210607931331445,0.23642872725927325,128,19,1.0,0.9560677083333333,0.9543087156966729,0.717734375,0.7234635416666667,0.043932291666666665
lab|centre|cs662|t=10|S=100|F=0.1|BareCrystalAllFaces,38400,385631.90200766653,0.9876025524156792,0.9866328355398297,0.9817447916666666,1.6603040182664381,100.17203120622491,0.018098958333333335,0.9548412538721887,0.4749190929995053,1.3274261746517453,1.3240922341379973,0.2532564350357218,128,14,0.9998697916666667,0.9874739583333333,0.9864995746975482,0.7570572916666667,0.7576041666666666,0.012395833333333333
lab|centre|cs662|t=10|S=100|F=0.1|FrontOnlyThroughMask,38400,385631.90200766653,0.9572135416666666,0.9554760441185264,0.9845052083333333,0.04467884273732659,100.17203120622491,0.015130208333333334,0.9548412538721887,0.435074657269648,1.2159363563295558,1.2290688563733276,0.23168004810737317,128,22,1.0,0.9572135416666666,0.9554760441185264,0.7200520833333334,0.7254947916666666,0.04278645833333333
lab|centre|cs662|t=10|S=100|F=0.2|BareCrystalAllFaces,38400,385631.90200766653,0.9867398979992154,0.9857367228586836,0.9798177083333334,3.3206080365328763,100.17203120622491,0.019765625,0.9548412538721887,0.4899207491314945,1.3694079322911672,1.35983170199551,0.24923358870217996,128,5,0.995703125,0.9825,0.9813589072909755,0.7451302083333333,0.746328125,0.013203125
lab|centre|cs662|t=10|S=100|F=0.2|FrontOnlyThroughMask,38400,385631.90200766653,0.955234375,0.9534599511814164,0.983359375,0.08935768547465318,100.17203120622491,0.016197916666666666,0.9548412538721887,0.443601920909139,1.2398060637269885,1.2403915517606152,0.21693859246997302,128,18,1.0,0.955234375,0.9534599511814164,0.720234375,0.726171875,0.044765625
lab|centre|cs662|t=10|S=100|ideal,38400,385631.90200766653,,,0.9826822916666667,0,100.17203120622491,0.017057291666666665,0.9548412538721887,0.4574873198601669,1.2786601563599327,1.282618103000694,0.23967260366568044,128,18,,,,,,
lab|centre|cs662|t=10|S=250|F=0.05|BareCrystalAllFaces,38400,964079.7550191664,1.0,0.9999219891817117,0.9999739583333334,0.8301520091332191,250.43007801556226,2.604166666666667e-05,0.9548412538721887,0.1648858174136698,0.4604597950952338,0.45769529634316664,0.037289661385377454,128,128,1.0,1.0,0.9999219891817117,0.999921875,0.999921875,0.0
lab|centre|cs662|t=10|S=250|F=0.05|FrontOnlyThroughMask,38400,964079.7550191664,0.99859375,0.9982362508554706,1.0,0.022339421368663296,250.43007801556226,0.0,0.9548412538721887,0.16443297949466124,0.45918619660177395,0.4585739973072639,0.015349824027416675,128,128,1.0,0.99859375,0.9982362508554706,0.9975,0.9987239583333334,0.00140625
lab|centre|cs662|t=10|S=250|F=0.1|BareCrystalAllFaces,38400,964079.7550191664,0.9999739583333334,0.9998764678836031,0.9999739583333334,1.6603040182664381,250.43007801556226,2.604166666666667e-05,0.9548412538721887,0.1645270440106715,0.45944923529969683,0.45771615591399945,0.018606516585934985,128,128,1.0,0.9999739583333334,0.9998764678836031,0.9998697916666667,0.9998697916666667,2.604166666666667e-05
lab|centre|cs662|t=10|S=250|F=0.1|FrontOnlyThroughMask,38400,964079.7550191664,0.9986979166666666,0.9983521843033232,1.0,0.04467884273732659,250.43007801556226,0.0,0.9548412538721887,0.16425662147452944,0.4586936705619683,0.4566719438134157,0.01594590094908333,128,128,1.0,0.9986979166666666,0.9983521843033232,0.99765625,0.99875,0.0013020833333333333
lab|centre|cs662|t=10|S=250|F=0.2|BareCrystalAllFaces,38400,964079.7550191664,1.0,0.9999219891817117,1.0,3.3206080365328763,250.43007801556226,0.0,0.9548412538721887,0.16566733700914582,0.4626332446149231,0.46129118520183665,0.014912314750683822,128,128,1.0,1.0,0.9999219891817117,0.9998697916666667,0.9998697916666667,0.0
lab|centre|cs662|t=10|S=250|F=0.2|FrontOnlyThroughMask,38400,964079.7550191664,0.9991666666666666,0.9988808253494135,1.0,0.08935768547465318,250.43007801556226,0.0,0.9548412538721887,0.16435593357867567,0.4589710368305277,0.4598656874401924,0.014275889161741957,128,128,1.0,0.9991666666666666,0.9988808253494135,0.9980729166666666,0.9987760416666667,0.0008333333333333334
lab|centre|cs662|t=10|S=250|ideal,38400,964079.7550191664,,,1.0,0,250.43007801556226,0.0,0.9548412538721887,0.16327537707317283,0.45595344199966065,0.45509109312265766,0.016335386991115045,128,128,,,,,,
lab|centre|cs662|t=10|S=25|F=0.05|BareCrystalAllFaces,38400,96407.97550191663,0.5578545863050919,0.5536629502623733,0.49864583333333334,0.8301520091332191,25.04300780155623,0.49268229166666666,0.9548412538721887,2.1187140389324974,5.923388108120167,5.941361563510204,0.21237919300156574,128,0,0.996796875,0.5560677083333333,0.5518811966601804,0.013984375,0.014244791666666666,0.44072916666666667
lab|centre|cs662|t=10|S=25|F=0.05|FrontOnlyThroughMask,38400,96407.97550191663,0.5092708333333333,0.5050611887297322,0.5134635416666666,0.022339421368663296,25.04300780155623,0.478203125,0.9548412538721887,2.080189435873156,5.815659674824817,5.811678860871627,0.21334054997074337,128,0,1.0,0.5092708333333333,0.5050611887297322,0.015026041666666667,0.016041666666666666,0.49072916666666666
lab|centre|cs662|t=10|S=25|F=0.1|BareCrystalAllFaces,38400,96407.97550191663,0.5686285747034214,0.5642493342296151,0.48466145833333335,1.6603040182664381,25.04300780155623,0.5066666666666667,0.9548412538721887,2.1485657731382304,6.006843277552129,5.992543076530757,0.212113519216462,128,0,0.9088020833333333,0.5167708333333333,0.5125624096573673,0.012578125,0.012916666666666667,0.39203125
lab|centre|cs662|t=10|S=25|F=0.1|FrontOnlyThroughMask,38400,96407.97550191663,0.5090625,0.5048528349720903,0.5126822916666667,0.04467884273732659,25.04300780155623,0.47903645833333336,0.9548412538721887,2.0849663429439493,5.828988778908602,5.81522655274278,0.21912406550718275,128,0,1.0,0.5090625,0.5048528349720903,0.01640625,0.017421875,0.4909375
lab|centre|cs662|t=10|S=25|F=0.2|BareCrystalAllFaces,38400,96407.97550191663,0.627500544780998,0.622217097424625,0.4599479166666667,3.3206080365328763,25.04300780155623,0.5306770833333333,0.9548412538721887,2.1972509494704227,6.142935802037318,6.169011703618436,0.2067301157627854,128,0,0.5975260416666667,0.37494791666666666,0.3708784318982128,0.012473958333333333,0.012942708333333334,0.222578125
lab|centre|cs662|t=10|S=25|F=0.2|FrontOnlyThroughMask,38400,96407.97550191663,0.51078125,0.5065717752745375,0.5150260416666667,0.08935768547465318,25.04300780155623,0.4774479166666667,0.9548412538721887,2.081029786197354,5.817977209379449,5.818878476080691,0.19920675607888974,128,0,1.0,0.51078125,0.5065717752745375,0.015234375,0.016328125,0.48921875
lab|centre|cs662|t=10|S=25|ideal,38400,96407.97550191663,,,0.515,0,25.04300780155623,0.47705729166666666,0.9548412538721887,2.0763296412831167,5.804844272962507,5.807807985512259,0.23380512430443595,128,0,,,,,,
lab|centre|cs662|t=10|S=500|F=0.05|BareCrystalAllFaces,38400,1928159.5100383328,1.0,0.9999219891817117,1.0,0.8301520091332191,500.8601560311245,0.0,0.9548412538721887,0.14007989818895114,0.39117786596049864,0.39091106994863245,0.007998400859100257,128,128,1.0,1.0,0.9999219891817117,1.0,1.0,0.0
lab|centre|cs662|t=10|S=500|F=0.05|FrontOnlyThroughMask,38400,1928159.5100383328,0.9999739583333334,0.9998764678836031,1.0,0.022339421368663296,500.8601560311245,0.0,0.9548412538721887,0.14019962922023163,0.3915122128630372,0.391298175918389,0.007484033032378915,128,128,1.0,0.9999739583333334,0.9998764678836031,0.9999739583333334,1.0,2.604166666666667e-05
lab|centre|cs662|t=10|S=500|F=0.1|BareCrystalAllFaces,38400,1928159.5100383328,1.0,0.9999219891817117,1.0,1.6603040182664381,500.8601560311245,0.0,0.9548412538721887,0.1406019315772908,0.3926356701753598,0.3920855725602165,0.00806155848188099,128,128,1.0,1.0,0.9999219891817117,1.0,1.0,0.0
lab|centre|cs662|t=10|S=500|F=0.1|FrontOnlyThroughMask,38400,1928159.5100383328,0.9999739583333334,0.9998764678836031,1.0,0.04467884273732659,500.8601560311245,0.0,0.9548412538721887,0.14060795893214148,0.39265251281129093,0.3928726291310183,0.008295692729346962,128,128,1.0,0.9999739583333334,0.9998764678836031,0.9999739583333334,1.0,2.604166666666667e-05
lab|centre|cs662|t=10|S=500|F=0.2|BareCrystalAllFaces,38400,1928159.5100383328,1.0,0.9999219891817117,1.0,3.3206080365328763,500.8601560311245,0.0,0.9548412538721887,0.14013672332188007,0.3913365383586393,0.39084832297356964,0.007025379540952122,128,128,1.0,1.0,0.9999219891817117,1.0,1.0,0.0
lab|centre|cs662|t=10|S=500|F=0.2|FrontOnlyThroughMask,38400,1928159.5100383328,1.0,0.9999219891817117,1.0,0.08935768547465318,500.8601560311245,0.0,0.9548412538721887,0.1403062821935147,0.39181004833996497,0.39204877703813634,0.0069592853375597796,128,128,1.0,1.0,0.9999219891817117,1.0,1.0,0.0
lab|centre|cs662|t=10|S=500|ideal,38400,1928159.5100383328,,,1.0,0,500.8601560311245,0.0,0.9548412538721887,0.1399905090203575,0.39092822250629355,0.38991894548178757,0.00840738124700151,128,128,,,,,,
lab|centre|cs662|t=10|S=50|F=0.05|BareCrystalAllFaces,38400,192815.95100383327,0.8471458718703593,0.8440922757158954,0.8151041666666666,0.8301520091332191,50.08601560311246,0.18174479166666666,0.9548412538721887,1.3017601769271088,3.6392287069725433,3.654723103514787,0.2210659286341026,128,0,0.9995572916666666,0.8467708333333334,0.8437149079101007,0.181953125,0.18307291666666667,0.15278645833333335
lab|centre|cs662|t=10|S=50|F=0.05|FrontOnlyThroughMask,38400,192815.95100383327,0.7780729166666667,0.7745564077922568,0.8240885416666667,0.022339421368663296,50.08601560311246,0.17263020833333334,0.9548412538721887,1.2726889005170507,3.5579793653511906,3.546831622178451,0.25318919567329085,128,0,1.0,0.7780729166666667,0.7745564077922568,0.1821875,0.18596354166666668,0.22192708333333333
lab|centre|cs662|t=10|S=50|F=0.1|BareCrystalAllFaces,38400,192815.95100383327,0.8463289397067386,0.8432442862551048,0.8021354166666667,1.6603040182664381,50.08601560311246,0.19395833333333334,0.9548412538721887,1.3484891645987018,3.7699216165490186,3.7702346600895753,0.2441974283582871,128,0,0.98390625,0.8327083333333334,0.8295438515421915,0.173984375,0.17513020833333334,0.15119791666666665
lab|centre|cs662|t=10|S=50|F=0.1|FrontOnlyThroughMask,38400,192815.95100383327,0.7795572916666667,0.7760490691812603,0.8210416666666667,0.04467884273732659,50.08601560311246,0.17549479166666668,0.9548412538721887,1.2880945263527896,3.601071138111618,3.6076620205015058,0.24572842704913114,128,0,1.0,0.7795572916666667,0.7760490691812603,0.18401041666666668,0.18817708333333333,0.22044270833333332
lab|centre|cs662|t=10|S=50|F=0.2|BareCrystalAllFaces,38400,192815.95100383327,0.870335491465568,0.8672997980710211,0.788359375,3.3206080365328763,50.08601560311246,0.20859375,0.9548412538721887,1.3915769468304713,3.890366543437385,3.893760501862074,0.23074412943183753,128,0,0.8848958333333333,0.77015625,0.7665966241901049,0.16208333333333333,0.16309895833333332,0.11473958333333334
lab|centre|cs662|t=10|S=50|F=0.2|FrontOnlyThroughMask,38400,192815.95100383327,0.7770052083333333,0.7734827789405773,0.82515625,0.08935768547465318,50.08601560311246,0.17200520833333333,0.9548412538721887,1.26968462889204,3.5495886904856055,3.5566264358330844,0.2409465976220806,128,0,1.0,0.7770052083333333,0.7734827789405773,0.18661458333333333,0.19049479166666666,0.22299479166666666
lab|centre|cs662|t=10|S=50|ideal,38400,192815.95100383327,,,0.8228645833333333,0,50.08601560311246,0.17380208333333333,0.9548412538721887,1.2827383915677166,3.5861267824241865,3.574003242577417,0.2761448097254876,128,0,,,,,,
lab|centre|cs662|t=10|default|F=0.05|BareCrystalAllFaces,38400,1000000,1.0,0.9999219891817117,1.0,0.8301520091332191,259.7607477096992,0.0,0.9548412538721887,0.1617720060171449,0.4517551599528679,0.45059394572428524,0.01388773662306625,128,128,1.0,1.0,0.9999219891817117,0.9999479166666667,0.9999479166666667,0.0
lab|centre|cs662|t=10|default|F=0.05|FrontOnlyThroughMask,38400,1000000,0.9991666666666666,0.9988808253494135,1.0,0.022339421368663296,259.7607477096992,0.0,0.9548412538721887,0.16108873287874198,0.44984705479371984,0.45178028263521447,0.015591417301632703,128,128,1.0,0.9991666666666666,0.9988808253494135,0.9983333333333333,0.9990364583333333,0.0008333333333333334
lab|centre|cs662|t=10|default|F=0.1|BareCrystalAllFaces,38400,1000000,1.0,0.9999219891817117,1.0,1.6603040182664381,259.7607477096992,0.0,0.9548412538721887,0.1626871067892432,0.45431064667104853,0.4531197648943989,0.016480750295404578,128,128,1.0,1.0,0.9999219891817117,0.999921875,0.999921875,0.0
lab|centre|cs662|t=10|default|F=0.1|FrontOnlyThroughMask,38400,1000000,0.9990625,0.9987621461320878,0.9999739583333334,0.04467884273732659,259.7607477096992,2.604166666666667e-05,0.9548412538721887,0.16189456672356517,0.45210608076341235,0.44790091438069257,0.03799626344465366,128,128,1.0,0.9990625,0.9987621461320878,0.998125,0.9988802083333334,0.0009375
lab|centre|cs662|t=10|default|F=0.2|BareCrystalAllFaces,38400,1000000,1.0,0.9999219891817117,1.0,3.3206080365328763,259.7607477096992,0.0,0.9548412538721887,0.1628604567689497,0.4547947599838141,0.4543373321410375,0.01579980963247723,128,128,1.0,1.0,0.9999219891817117,0.999921875,0.999921875,0.0
lab|centre|cs662|t=10|default|F=0.2|FrontOnlyThroughMask,38400,1000000,0.9991666666666666,0.9988808253494135,1.0,0.08935768547465318,259.7607477096992,0.0,0.9548412538721887,0.1620644943231069,0.4525719706640529,0.4523493921637982,0.016374050858827167,128,128,1.0,0.9991666666666666,0.9988808253494135,0.9984375,0.9991145833333334,0.0008333333333333334
lab|centre|cs662|t=10|default|ideal,38400,1000000,,,0.9999739583333334,0,259.7607477096992,2.604166666666667e-05,0.9548412538721887,0.16193883998477535,0.45222515259131785,0.4482151747202673,0.02880402390994663,128,128,,,,,,
lab|centre|cs662|t=60|S=1000|F=0.05|BareCrystalAllFaces,38400,642719.8366794442,1.0,0.9999219891817117,1.0,4.980912054799311,1001.720312062249,0.0,0.9548412538721887,0.1353528896661718,0.3779773059719884,0.37787956912820597,0.005431447335585627,128,128,1.0,1.0,0.9999219891817117,1.0,1.0,0.0
lab|centre|cs662|t=60|S=1000|F=0.05|FrontOnlyThroughMask,38400,642719.8366794442,1.0,0.9999219891817117,1.0,0.1340365282119796,1001.720312062249,0.0,0.9548412538721887,0.1350198362980155,0.3770472416122255,0.3774588693729822,0.004858525265027263,128,128,1.0,1.0,0.9999219891817117,1.0,1.0,0.0
lab|centre|cs662|t=60|S=1000|F=0.1|BareCrystalAllFaces,38400,642719.8366794442,1.0,0.9999219891817117,1.0,9.961824109598622,1001.720312062249,0.0,0.9548412538721887,0.13551017079493724,0.37841652141782167,0.37843715601754235,0.005441079594717483,128,128,1.0,1.0,0.9999219891817117,1.0,1.0,0.0
lab|centre|cs662|t=60|S=1000|F=0.1|FrontOnlyThroughMask,38400,642719.8366794442,1.0,0.9999219891817117,1.0,0.2680730564239592,1001.720312062249,0.0,0.9548412538721887,0.13523600343978248,0.3776508970035473,0.37756972496910657,0.005051529819391973,128,128,1.0,1.0,0.9999219891817117,1.0,1.0,0.0
lab|centre|cs662|t=60|S=1000|F=0.2|BareCrystalAllFaces,38400,642719.8366794442,1.0,0.9999219891817117,1.0,19.923648219197243,1001.720312062249,0.0,0.9548412538721887,0.13603264118249025,0.37987554332605084,0.38003866832975874,0.005303959820588131,128,128,1.0,1.0,0.9999219891817117,1.0,1.0,0.0
lab|centre|cs662|t=60|S=1000|F=0.2|FrontOnlyThroughMask,38400,642719.8366794442,1.0,0.9999219891817117,1.0,0.5361461128479184,1001.720312062249,0.0,0.9548412538721887,0.13508752786504227,0.37723627164868856,0.3776752238735507,0.004896913957029388,128,128,1.0,1.0,0.9999219891817117,1.0,1.0,0.0
lab|centre|cs662|t=60|S=1000|ideal,38400,642719.8366794442,,,1.0,0,1001.720312062249,0.0,0.9548412538721887,0.1350599036812298,0.377159132666924,0.3772587079429244,0.004745348100011885,128,128,,,,,,
lab|centre|cs662|t=60|S=100|F=0.05|BareCrystalAllFaces,38400,64271.98366794442,0.9874528824103118,0.9864715386889208,0.9773697916666667,4.980912054799311,100.17203120622491,0.0221875,0.9548412538721887,0.5113406795037609,1.4292575252563637,1.4247556984854626,0.2764617715666416,128,9,0.9879427083333333,0.975546875,0.9742104775654685,0.7303385416666667,0.7313541666666666,0.012395833333333333
lab|centre|cs662|t=60|S=100|F=0.05|FrontOnlyThroughMask,38400,64271.98366794442,0.9533333333333334,0.9515243167533494,0.9840625,0.1340365282119796,100.17203120622491,0.015677083333333335,0.9548412538721887,0.4356764812903961,1.2176197227076664,1.2001414477922157,0.2518477751860253,128,27,1.0,0.9533333333333334,0.9515243167533494,0.71890625,0.7257291666666666,0.04666666666666667
lab|centre|cs662|t=60|S=100|F=0.1|BareCrystalAllFaces,38400,64271.98366794442,0.991008851534359,0.9901442093534693,0.97078125,9.961824109598622,100.17203120622491,0.028776041666666665,0.9548412538721887,0.5720885390001582,1.5991516350340478,1.6224064815251489,0.2599221453433464,128,1,0.9326302083333333,0.9242447916666666,0.9219868974879923,0.6860416666666667,0.68734375,0.008385416666666666
lab|centre|cs662|t=60|S=100|F=0.1|FrontOnlyThroughMask,38400,64271.98366794442,0.954140625,0.9523461970294804,0.9841666666666666,0.2680730564239592,100.17203120622491,0.015572916666666667,0.9548412538721887,0.4421970848185772,1.2359009672121823,1.2436833820164066,0.2131750448510536,128,16,1.0,0.954140625,0.9523461970294804,0.7146614583333334,0.7208854166666666,0.045859375
lab|centre|cs662|t=60|S=100|F=0.2|BareCrystalAllFaces,38400,64271.98366794442,0.9939649770801042,0.9931806133236292,0.952265625,19.923648219197243,100.17203120622491,0.04703125,0.9548412538721887,0.713902858287944,1.995681931597641,1.9711305283598928,0.23812477618686725,128,0,0.7896614583333333,0.7848958333333333,0.7814179525976492,0.6111197916666666,0.61234375,0.004765625
lab|centre|cs662|t=60|S=100|F=0.2|FrontOnlyThroughMask,38400,64271.98366794442,0.9533333333333334,0.9515243167533494,0.9813020833333334,0.5361461128479184,100.17203120622491,0.018385416666666668,0.9548412538721887,0.46037733666905756,1.286697215143107,1.2854322513765066,0.24197954412846273,128,13,1.0,0.9533333333333334,0.9515243167533494,0.7135677083333334,0.71984375,0.04666666666666667
lab|centre|cs662|t=60|S=100|ideal,38400,64271.98366794442,,,0.9836458333333333,0,100.17203120622491,0.016015625,0.9548412538721887,0.4456919357439992,1.2456599022251005,1.2575864178511837,0.2380677875133206,128,21,,,,,,
lab|centre|cs662|t=60|S=250|F=0.05|BareCrystalAllFaces,38400,160679.95916986105,1.0,0.9999219891817117,0.999921875,4.980912054799311,250.43007801556226,7.8125e-05,0.9548412538721887,0.16828828645180297,0.4699660448795922,0.4631151663889878,0.04528294050286899,128,128,1.0,1.0,0.9999219891817117,0.9999479166666667,0.9999479166666667,0.0
lab|centre|cs662|t=60|S=250|F=0.05|FrontOnlyThroughMask,38400,160679.95916986105,0.9987239583333334,0.9983812397794226,1.0,0.1340365282119796,250.43007801556226,0.0,0.9548412538721887,0.16371400631464755,0.457178379994415,0.4573204954946322,0.014722978960425329,128,128,1.0,0.9987239583333334,0.9983812397794226,0.9976302083333334,0.9987760416666667,0.0012760416666666666
lab|centre|cs662|t=60|S=250|F=0.1|BareCrystalAllFaces,38400,160679.95916986105,1.0,0.9999219891817117,0.9999479166666667,9.961824109598622,250.43007801556226,5.208333333333334e-05,0.9548412538721887,0.17079438850896597,0.47696289304741907,0.4723608699874099,0.04254553682416916,128,128,1.0,1.0,0.9999219891817117,0.9998697916666667,0.9998697916666667,0.0
lab|centre|cs662|t=60|S=250|F=0.1|FrontOnlyThroughMask,38400,160679.95916986105,0.99875,0.9984103258348922,1.0,0.2680730564239592,250.43007801556226,0.0,0.9548412538721887,0.16370931687476145,0.4571652589634999,0.45819970352158046,0.015029639567795083,128,128,1.0,0.99875,0.9984103258348922,0.9977083333333333,0.9988541666666667,0.00125
lab|centre|cs662|t=60|S=250|F=0.2|BareCrystalAllFaces,38400,160679.95916986105,0.9999739569769259,0.9998764614496172,0.999921875,19.923648219197243,250.43007801556226,7.8125e-05,0.9548412538721887,0.17733820813837414,0.4952400041288842,0.48844031665286214,0.04572285408578118,128,128,0.9999479166666667,0.999921875,0.999798094358986,0.9996354166666667,0.9996354166666667,2.604166666666667e-05
lab|centre|cs662|t=60|S=250|F=0.2|FrontOnlyThroughMask,38400,160679.95916986105,0.9987239583333334,0.9983812397794226,1.0,0.5361461128479184,250.43007801556226,0.0,0.9548412538721887,0.16425791474719853,0.45869730691503197,0.45866884139089314,0.016412002103019605,128,128,1.0,0.9987239583333334,0.9983812397794226,0.9975,0.9986458333333333,0.0012760416666666666
lab|centre|cs662|t=60|S=250|ideal,38400,160679.95916986105,,,1.0,0,250.43007801556226,0.0,0.9548412538721887,0.1635406537711991,0.456694301983501,0.4571329091913059,0.01604773681468747,128,128,,,,,,
lab|centre|cs662|t=60|S=25|F=0.05|BareCrystalAllFaces,38400,16067.995916986105,0.6710297246759945,0.6647685017116667,0.44208333333333333,4.980912054799311,25.04300780155623,0.547890625,0.9548412538721887,2.2373707498715327,6.255117408681943,6.24803795725196,0.20491968877782965,128,0,0.4038802083333333,0.271015625,0.26728454365406035,0.010234375,0.010729166666666666,0.13286458333333334
lab|centre|cs662|t=60|S=25|F=0.05|FrontOnlyThroughMask,38400,16067.995916986105,0.509765625,0.5055560318257496,0.5171875,0.1340365282119796,25.04300780155623,0.47434895833333335,0.9548412538721887,2.0740348562529483,5.798436581617489,5.810125715686094,0.1987929453453017,128,0,1.0,0.509765625,0.5055560318257496,0.016145833333333335,0.017239583333333332,0.490234375
lab|centre|cs662|t=60|S=25|F=0.1|BareCrystalAllFaces,38400,16067.995916986105,0.7482773471145564,0.7375802584370273,0.38458333333333333,9.961824109598622,25.04300780155623,0.6054427083333334,0.9548412538721887,2.3586280226044747,6.5941858256025325,6.596981836634697,0.18539142880295092,128,0,0.1209375,0.09049479166666667,0.08809659927591729,0.008567708333333333,0.009296875,0.030442708333333332
lab|centre|cs662|t=60|S=25|F=0.1|FrontOnlyThroughMask,38400,16067.995916986105,0.5036458333333333,0.4994358930952803,0.5118229166666667,0.2680730564239592,25.04300780155623,0.48044270833333336,0.9548412538721887,2.082068851689068,5.820848060019526,5.815233559839987,0.20300997068545057,128,0,1.0,0.5036458333333333,0.4994358930952803,0.015729166666666666,0.016979166666666667,0.49635416666666665
lab|centre|cs662|t=60|S=25|F=0.2|BareCrystalAllFaces,38400,16067.995916986105,0.7648535564853557,0.7437834632340633,0.31322916666666667,19.923648219197243,25.04300780155623,0.6770833333333334,0.9548412538721887,2.5083434554350252,7.012794036200859,7.011244827917896,0.2123678139105587,128,0,0.031119791666666667,0.023802083333333335,0.022536271672226785,0.0049479166666666664,0.005807291666666666,0.007317708333333333
lab|centre|cs662|t=60|S=25|F=0.2|FrontOnlyThroughMask,38400,16067.995916986105,0.4998306894845146,0.49562035613756183,0.5045052083333333,0.5361461128479184,25.04300780155623,0.4871875,0.9548412538721887,2.102020872839039,5.876667193175485,5.881787519721854,0.2209739531170282,128,0,0.999765625,0.49971354166666665,0.49550371024113415,0.01515625,0.016223958333333333,0.5000520833333333
lab|centre|cs662|t=60|S=25|ideal,38400,16067.995916986105,,,0.51046875,0,25.04300780155623,0.48161458333333335,0.9548412538721887,2.0947179054508456,5.856290056384509,5.850393080191816,0.2071823467889907,128,0,,,,,,
lab|centre|cs662|t=60|S=500|F=0.05|BareCrystalAllFaces,38400,321359.9183397221,1.0,0.9999219891817117,1.0,4.980912054799311,500.8601560311245,0.0,0.9548412538721887,0.14092861606436458,0.3935479567457423,0.39354475176457626,0.007461888157875241,128,128,1.0,1.0,0.9999219891817117,1.0,1.0,0.0
lab|centre|cs662|t=60|S=500|F=0.05|FrontOnlyThroughMask,38400,321359.9183397221,0.9999739583333334,0.9998764678836031,1.0,0.1340365282119796,500.8601560311245,0.0,0.9548412538721887,0.14009889552216825,0.3912309117076132,0.3910511153068963,0.0071803638678077,128,128,1.0,0.9999739583333334,0.9998764678836031,0.9999739583333334,1.0,2.604166666666667e-05
lab|centre|cs662|t=60|S=500|F=0.1|BareCrystalAllFaces,38400,321359.9183397221,1.0,0.9999219891817117,1.0,9.961824109598622,500.8601560311245,0.0,0.9548412538721887,0.1409551131164308,0.39362194279908336,0.3935996467635243,0.007645612666964716,128,128,1.0,1.0,0.9999219891817117,1.0,1.0,0.0
lab|centre|cs662|t=60|S=500|F=0.1|FrontOnlyThroughMask,38400,321359.9183397221,0.999921875,0.999798094358986,1.0,0.2680730564239592,500.8601560311245,0.0,0.9548412538721887,0.14000762711847897,0.3909760402093114,0.3909991781275679,0.007449376023239054,128,128,1.0,0.999921875,0.999798094358986,0.999921875,1.0,7.8125e-05
lab|centre|cs662|t=60|S=500|F=0.2|BareCrystalAllFaces,38400,321359.9183397221,1.0,0.9999219891817117,1.0,19.923648219197243,500.8601560311245,0.0,0.9548412538721887,0.1429340950966064,0.39914838262855284,0.3996409899988552,0.008100439025213499,128,128,1.0,1.0,0.9999219891817117,1.0,1.0,0.0
lab|centre|cs662|t=60|S=500|F=0.2|FrontOnlyThroughMask,38400,321359.9183397221,0.9999739583333334,0.9998764678836031,1.0,0.5361461128479184,500.8601560311245,0.0,0.9548412538721887,0.14012728667949378,0.39131019481357776,0.39110924176888945,0.007417509346831347,128,128,1.0,0.9999739583333334,0.9998764678836031,0.9999739583333334,1.0,2.604166666666667e-05
lab|centre|cs662|t=60|S=500|ideal,38400,321359.9183397221,,,1.0,0,500.8601560311245,0.0,0.9548412538721887,0.13988770146508672,0.39064113365645853,0.39043355374386435,0.007593896817863893,128,128,,,,,,
lab|centre|cs662|t=60|S=50|F=0.05|BareCrystalAllFaces,38400,32135.99183397221,0.8897140735239509,0.8866752649186428,0.7748697916666667,4.980912054799311,50.08601560311246,0.22130208333333334,0.9548412538721887,1.4412182752575045,4.029195344045634,4.0433926100802235,0.22321200045453268,128,0,0.7714322916666667,0.6863541666666667,0.682436283069386,0.15153645833333335,0.1525,0.085078125
lab|centre|cs662|t=60|S=50|F=0.05|FrontOnlyThroughMask,38400,32135.99183397221,0.776015625,0.7724877379145568,0.820703125,0.1340365282119796,50.08601560311246,0.17625,0.9548412538721887,1.2927217548559617,3.6140210393791703,3.6280877313770934,0.2959128282448945,128,0,1.0,0.776015625,0.7724877379145568,0.18205729166666668,0.186171875,0.223984375
lab|centre|cs662|t=60|S=50|F=0.1|BareCrystalAllFaces,38400,32135.99183397221,0.9360893728025406,0.9329777436722001,0.7330208333333333,9.961824109598622,50.08601560311246,0.2621614583333333,0.9548412538721887,1.565708420345822,4.377228395465098,4.359639902814684,0.2532189360187385,128,0,0.45921875,0.42986979166666667,0.4257053477639467,0.12208333333333334,0.12346354166666666,0.029348958333333335
lab|centre|cs662|t=60|S=50|F=0.1|FrontOnlyThroughMask,38400,32135.99183397221,0.7722916666666667,0.76874349444901,0.8228125,0.2680730564239592,50.08601560311246,0.174453125,0.9548412538721887,1.2772014301461896,3.570590537179047,3.579914823182354,0.25387682929368266,128,0,1.0,0.7722916666666667,0.76874349444901,0.18247395833333332,0.18619791666666666,0.22770833333333335
lab|centre|cs662|t=60|S=50|F=0.2|BareCrystalAllFaces,38400,32135.99183397221,0.9566422989664735,0.9526920371723685,0.6510416666666666,19.923648219197243,50.08601560311246,0.3440885416666667,0.9548412538721887,1.800221996332943,5.032936541930554,5.03993665687802,0.28694225662485107,128,0,0.20661458333333332,0.19765625,0.1943174945500296,0.08419270833333334,0.0859375,0.008958333333333334
lab|centre|cs662|t=60|S=50|F=0.2|FrontOnlyThroughMask,38400,32135.99183397221,0.7690564858459856,0.765490964711695,0.81671875,0.5361461128479184,50.08601560311246,0.17932291666666667,0.9548412538721887,1.2802012257231214,3.5789239338186905,3.579086008684423,0.27215431381998456,128,0,0.9999739583333334,0.7690364583333333,0.7654708777987332,0.1753125,0.17953125,0.2309375
lab|centre|cs662|t=60|S=50|ideal,38400,32135.99183397221,,,0.82796875,0,50.08601560311246,0.16875,0.9548412538721887,1.25998496555521,3.5224708506542726,3.5067715371604917,0.2499963822605847,128,0,,,,,,
lab|centre|cs662|t=60|default|F=0.05|BareCrystalAllFaces,38400,1000000,1.0,0.9999219891817117,1.0,4.980912054799311,1558.564486258195,0.0,0.9548412538721887,0.1341079819459021,0.3745008356107996,0.374393609643889,0.0049079412410750105,128,128,1.0,1.0,0.9999219891817117,1.0,1.0,0.0
lab|centre|cs662|t=60|default|F=0.05|FrontOnlyThroughMask,38400,1000000,1.0,0.9999219891817117,1.0,0.1340365282119796,1558.564486258195,0.0,0.9548412538721887,0.13389927711454702,0.3739180179703994,0.37367240135563995,0.004700006731590661,128,128,1.0,1.0,0.9999219891817117,1.0,1.0,0.0
lab|centre|cs662|t=60|default|F=0.1|BareCrystalAllFaces,38400,1000000,1.0,0.9999219891817117,1.0,9.961824109598622,1558.564486258195,0.0,0.9548412538721887,0.13420309855715049,0.37476645255350255,0.3747740180950312,0.004605446801657249,128,128,1.0,1.0,0.9999219891817117,1.0,1.0,0.0
lab|centre|cs662|t=60|default|F=0.1|FrontOnlyThroughMask,38400,1000000,1.0,0.9999219891817117,1.0,0.2680730564239592,1558.564486258195,0.0,0.9548412538721887,0.13399260477140798,0.3741786396667777,0.374210778962908,0.004745451400127898,128,128,1.0,1.0,0.9999219891817117,1.0,1.0,0.0
lab|centre|cs662|t=60|default|F=0.2|BareCrystalAllFaces,38400,1000000,1.0,0.9999219891817117,1.0,19.923648219197243,1558.564486258195,0.0,0.9548412538721887,0.13445204753029955,0.3754616532959104,0.3756030640777899,0.0047382299699914145,128,128,1.0,1.0,0.9999219891817117,1.0,1.0,0.0
lab|centre|cs662|t=60|default|F=0.2|FrontOnlyThroughMask,38400,1000000,1.0,0.9999219891817117,1.0,0.5361461128479184,1558.564486258195,0.0,0.9548412538721887,0.1339516995131495,0.37406441092505904,0.37418212754547864,0.0046957713025678775,128,128,1.0,1.0,0.9999219891817117,1.0,1.0,0.0
lab|centre|cs662|t=60|default|ideal,38400,1000000,,,1.0,0,1558.564486258195,0.0,0.9548412538721887,0.13396573405299,0.37410360223177025,0.3742135706914209,0.004657157008829822,128,128,,,,,,
lab|centre|open|t=10|S=1000|F=0.05|BareCrystalAllFaces,38400,1246451.27058927,1.0,0.9999219891817117,1.0,81.40592229451299,999.572713387719,0.0,0.9548412538721887,0.133128199596898,0.3717647668083346,0.3718257631186465,0.0031875736075997665,128,128,1.0,1.0,0.9999219891817117,1.0,1.0,0.0
lab|centre|open|t=10|S=1000|F=0.05|FrontOnlyThroughMask,38400,1246451.27058927,1.0,0.9999219891817117,1.0,0.2860021091665832,999.572713387719,0.0,0.9548412538721887,0.12879732507596356,0.3596706069781764,0.35987183849373455,0.002340675967967361,128,128,1.0,1.0,0.9999219891817117,1.0,1.0,0.0
lab|centre|open|t=10|S=1000|F=0.1|BareCrystalAllFaces,38400,1246451.27058927,1.0,0.9999219891817117,1.0,162.81184458902598,999.572713387719,0.0,0.9548412538721887,0.13787562969063394,0.3850221865091955,0.38516686905711794,0.003945836565693313,128,128,1.0,1.0,0.9999219891817117,1.0,1.0,0.0
lab|centre|open|t=10|S=1000|F=0.1|FrontOnlyThroughMask,38400,1246451.27058927,1.0,0.9999219891817117,1.0,0.5720042183331664,999.572713387719,0.0,0.9548412538721887,0.12887278682451794,0.3598813380531934,0.359785189789651,0.0025814093787327355,128,128,1.0,1.0,0.9999219891817117,1.0,1.0,0.0
lab|centre|open|t=10|S=1000|F=0.2|BareCrystalAllFaces,38400,1246451.27058927,1.0,0.9999219891817117,1.0,325.62368917805196,999.572713387719,0.0,0.9548412538721887,0.1512939519245804,0.4224936984231956,0.42117952236594813,0.007350236085937087,128,128,1.0,1.0,0.9999219891817117,1.0,1.0,0.0
lab|centre|open|t=10|S=1000|F=0.2|FrontOnlyThroughMask,38400,1246451.27058927,1.0,0.9999219891817117,1.0,1.1440084366663328,999.572713387719,0.0,0.9548412538721887,0.1288447674937052,0.35980309217515144,0.35967542985095685,0.0027728570316691713,128,128,1.0,1.0,0.9999219891817117,1.0,1.0,0.0
lab|centre|open|t=10|S=1000|ideal,38400,1246451.27058927,,,1.0,0,999.572713387719,0.0,0.9548412538721887,0.1287485851200126,0.35953449846353486,0.35954846262280216,0.002700853625728696,128,128,,,,,,
lab|centre|open|t=10|S=100|F=0.05|BareCrystalAllFaces,38400,124645.127058927,0.9457972871942754,0.942997390248314,0.49125,81.40592229451299,99.9572713387719,0.5085416666666667,0.9548412538721887,2.399743839899347,6.709657527512688,6.696127813908968,0.2179225201870625,128,0,0.48765625,0.46122395833333335,0.4570289158363697,0.3868229166666667,0.40325520833333334,0.026432291666666666
lab|centre|open|t=10|S=100|F=0.05|FrontOnlyThroughMask,38400,124645.127058927,0.9926041666666666,0.9918436123416173,0.9885416666666667,0.2860021091665832,99.9572713387719,0.01140625,0.9548412538721887,0.3967898745707986,1.1089607395829113,1.1152612106182587,0.2372916182088658,128,38,1.0,0.9926041666666666,0.9918436123416173,0.8520052083333334,0.85265625,0.007395833333333333
lab|centre|open|t=10|S=100|F=0.1|BareCrystalAllFaces,38400,124645.127058927,0.9176869923627107,0.9125389053685274,0.10791666666666666,162.81184458902598,99.9572713387719,0.8920572916666667,0.9548412538721887,3.1555135120259052,8.822704746147245,8.832230146711808,0.1269875904564103,128,0,0.21481770833333333,0.19713541666666667,0.19380001388340867,0.16044270833333332,0.17244791666666667,0.017682291666666666
lab|centre|open|t=10|S=100|F=0.1|FrontOnlyThroughMask,38400,124645.127058927,0.9923958333333334,0.9916253217631004,0.9880208333333333,0.5720042183331664,99.9572713387719,0.011979166666666667,0.9548412538721887,0.40463995019477655,1.1309275536333194,1.1370692519833558,0.23142769268746524,128,38,1.0,0.9923958333333334,0.9916253217631004,0.850078125,0.85109375,0.007604166666666667
lab|centre|open|t=10|S=100|F=0.2|BareCrystalAllFaces,38400,124645.127058927,0.8548195160650536,0.842775312455077,0.0031770833333333334,325.62368917805196,99.9572713387719,0.9968229166666667,0.9548412538721887,3.315172233845042,9.268978102716753,9.26854813142594,0.08232201516997362,128,0,0.06565104166666667,0.05611979166666667,0.05419976182167134,0.04627604166666666,0.05315104166666667,0.00953125
lab|centre|open|t=10|S=100|F=0.2|FrontOnlyThroughMask,38400,124645.127058927,0.9922393812338863,0.991461472707513,0.9871354166666667,1.1440084366663328,99.9572713387719,0.012760416666666666,0.9548412538721887,0.4102159469668711,1.1464923095737234,1.1802942088054231,0.2455952633095952,128,31,0.9999739583333334,0.9922135416666666,0.991434431252212,0.8435677083333334,0.8445833333333334,0.007760416666666666
lab|centre|open|t=10|S=100|ideal,38400,124645.127058927,,,0.98890625,0,99.9572713387719,0.011015625,0.9548412538721887,0.3944516356545463,1.1024387946016474,1.1092807370296685,0.23833624098535375,128,46,,,,,,
lab|centre|open|t=10|S=250|F=0.05|BareCrystalAllFaces,38400,311612.8176473175,0.9991144218998255,0.9988211660754401,0.9929166666666667,81.40592229451299,249.89317834692974,0.007083333333333333,0.9548412538721887,0.3462642143437221,0.9676352339283731,0.9620352004060841,0.226546465834489,128,73,0.9998177083333334,0.9989322916666666,0.9986148705719174,0.998828125,0.9997135416666667,0.0008854166666666666
lab|centre|open|t=10|S=250|F=0.05|FrontOnlyThroughMask,38400,311612.8176473175,0.9999739583333334,0.9998764678836031,1.0,0.2860021091665832,249.89317834692974,0.0,0.9548412538721887,0.15023963744249333,0.41955015129084094,0.41939325426490004,0.011795542812874139,128,128,1.0,0.9999739583333334,0.9998764678836031,0.9999739583333334,1.0,2.604166666666667e-05
lab|centre|open|t=10|S=250|F=0.1|BareCrystalAllFaces,38400,311612.8176473175,0.9956630786916083,0.9950686320254964,0.8733854166666667,162.81184458902598,249.89317834692974,0.12661458333333334,0.9548412538721887,1.200560829701031,3.3564215400404387,3.372758901382026,0.24987156265973573,128,0,0.9967708333333334,0.9924479166666667,0.9916798812090284,0.9909375,0.9950520833333333,0.004322916666666667
lab|centre|open|t=10|S=250|F=0.1|FrontOnlyThroughMask,38400,311612.8176473175,0.9999739583333334,0.9998764678836031,1.0,0.5720042183331664,249.89317834692974,0.0,0.9548412538721887,0.150493791513826,0.42025989623910304,0.41958294190401746,0.013684394841865065,128,128,1.0,0.9999739583333334,0.9998764678836031,0.9999739583333334,1.0,2.604166666666667e-05
lab|centre|open|t=10|S=250|F=0.2|BareCrystalAllFaces,38400,311612.8176473175,0.9852647906049191,0.9841784730735539,0.25234375,325.62368917805196,249.89317834692974,0.74765625,0.9548412538721887,2.85703802793619,7.987878908489344,7.99801234384212,0.15776650532172132,128,0,0.9402083333333333,0.9263541666666667,0.9241247925419043,0.91359375,0.925859375,0.013854166666666667
lab|centre|open|t=10|S=250|F=0.2|FrontOnlyThroughMask,38400,311612.8176473175,1.0,0.9999219891817117,1.0,1.1440084366663328,249.89317834692974,0.0,0.9548412538721887,0.15007459989862038,0.41908926682442815,0.41771869438661224,0.011666605687380397,128,128,1.0,1.0,0.9999219891817117,1.0,1.0,0.0
lab|centre|open|t=10|S=250|ideal,38400,311612.8176473175,,,1.0,0,249.89317834692974,0.0,0.9548412538721887,0.1500518975650736,0.4190258616153373,0.4179690387687386,0.012106401699419523,128,128,,,,,,
lab|centre|open|t=10|S=25|F=0.05|BareCrystalAllFaces,38400,31161.28176473175,0.3735294117647059,0.32985509852607525,0.027994791666666668,81.40592229451299,24.989317834692976,0.9714583333333333,0.9548412538721887,3.303613178864673,9.23696610922075,9.24054568719318,0.09769080931892843,128,0,0.008854166666666666,0.0033072916666666667,0.0028404481026632717,0.0015885416666666667,0.004244791666666667,0.005546875
lab|centre|open|t=10|S=25|F=0.05|FrontOnlyThroughMask,38400,31161.28176473175,0.6020572916666667,0.597930094645339,0.549765625,0.2860021091665832,24.989317834692976,0.4443229166666667,0.9548412538721887,2.0480972526310963,5.726020289682169,5.711265158461076,0.22860887238594726,128,0,1.0,0.6020572916666667,0.597930094645339,0.018671875,0.018958333333333334,0.39794270833333334
lab|centre|open|t=10|S=25|F=0.1|BareCrystalAllFaces,38400,31161.28176473175,0.28205128205128205,0.22924579417589108,0.0025,162.81184458902598,24.989317834692976,0.9974739583333333,0.9548412538721887,3.3420378129194748,9.344279874158087,9.344208003267193,0.08117990658555396,128,0,0.005078125,0.0014322916666666666,0.0011302554308384428,0.00078125,0.0027864583333333335,0.0036458333333333334
lab|centre|open|t=10|S=25|F=0.1|FrontOnlyThroughMask,38400,31161.28176473175,0.5996510325789735,0.5955197566346144,0.5457291666666667,0.5720042183331664,24.989317834692976,0.4484635416666667,0.9548412538721887,2.060243227356194,5.759989877513221,5.753042747697652,0.23821722278622326,128,0,0.9999739583333334,0.5996354166666666,0.5955041689724083,0.01885416666666667,0.019166666666666665,0.40033854166666666
lab|centre|open|t=10|S=25|F=0.2|BareCrystalAllFaces,38400,31161.28176473175,0.2222222222222222,0.16062548400976523,5.208333333333334e-05,325.62368917805196,24.989317834692976,0.9999479166666667,0.9548412538721887,3.32758603407876,9.30373447662209,9.29951710399168,0.08196623206359958,128,0,0.003046875,0.0006770833333333334,0.00047448322138911065,0.0005208333333333333,0.002109375,0.0023697916666666667
lab|centre|open|t=10|S=25|F=0.2|FrontOnlyThroughMask,38400,31161.28176473175,0.5905432328330456,0.5863561644683444,0.530078125,1.1440084366663328,24.989317834692976,0.46411458333333333,0.9548412538721887,2.0864705712434843,5.83326563718939,5.85059428334684,0.24089178148603557,128,0,0.9803385416666667,0.5789322916666667,0.5747706570426797,0.017760416666666667,0.018072916666666668,0.40140625
lab|centre|open|t=10|S=25|ideal,38400,31161.28176473175,,,0.55046875,0,24.989317834692976,0.4442447916666667,0.9548412538721887,2.046898605587447,5.722655881144944,5.722180798362141,0.23156512684030198,128,0,,,,,,
lab|centre|open|t=10|S=500|F=0.05|BareCrystalAllFaces,38400,623225.635294635,1.0,0.9999219891817117,1.0,81.40592229451299,499.7863566938595,0.0,0.9548412538721887,0.1481141151304365,0.4136141126324628,0.4127664695643244,0.009921757555106898,128,128,1.0,1.0,0.9999219891817117,1.0,1.0,0.0
lab|centre|open|t=10|S=500|F=0.05|FrontOnlyThroughMask,38400,623225.635294635,1.0,0.9999219891817117,1.0,0.2860021091665832,499.7863566938595,0.0,0.9548412538721887,0.1324007899852603,0.36973351361058227,0.36954734295257663,0.004075288382501221,128,128,1.0,1.0,0.9999219891817117,1.0,1.0,0.0
lab|centre|open|t=10|S=500|F=0.1|BareCrystalAllFaces,38400,623225.635294635,1.0,0.9999219891817117,0.999921875,162.81184458902598,499.7863566938595,7.8125e-05,0.9548412538721887,0.17736305171108457,0.49530865937864726,0.48845163836875366,0.043649765831868664,128,128,1.0,1.0,0.9999219891817117,1.0,1.0,0.0
lab|centre|open|t=10|S=500|F=0.1|FrontOnlyThroughMask,38400,623225.635294635,1.0,0.9999219891817117,1.0,0.5720042183331664,499.7863566938595,0.0,0.9548412538721887,0.13248813672936877,0.3699774530406102,0.36990974851147945,0.004421355423688029,128,128,1.0,1.0,0.9999219891817117,1.0,1.0,0.0
lab|centre|open|t=10|S=500|F=0.2|BareCrystalAllFaces,38400,623225.635294635,0.9999739583333334,0.9998764678836031,0.976953125,325.62368917805196,499.7863566938595,0.023046875,0.9548412538721887,0.5504954493660231,1.5386583329278216,1.5318846485287536,0.2532072941703316,128,2,1.0,0.9999739583333334,0.9998764678836031,0.9999739583333334,1.0,2.604166666666667e-05
lab|centre|open|t=10|S=500|F=0.2|FrontOnlyThroughMask,38400,623225.635294635,1.0,0.9999219891817117,1.0,1.1440084366663328,499.7863566938595,0.0,0.9548412538721887,0.13254461161857736,0.37013516229562343,0.36995347567524006,0.005105447484027504,128,128,1.0,1.0,0.9999219891817117,1.0,1.0,0.0
lab|centre|open|t=10|S=500|ideal,38400,623225.635294635,,,1.0,0,499.7863566938595,0.0,0.9548412538721887,0.13235087660863848,0.3695941403165752,0.36995454570181696,0.005305801895149682,128,128,,,,,,
lab|centre|open|t=10|S=50|F=0.05|BareCrystalAllFaces,38400,62322.5635294635,0.7773174520973589,0.7611780312277094,0.11533854166666667,81.40592229451299,49.97863566938595,0.883984375,0.9548412538721887,3.1576638322629482,8.82891021595824,8.844888341365191,0.12231309237997222,128,0,0.05028645833333333,0.039088541666666664,0.03747456757394037,0.023828125,0.029661458333333335,0.011197916666666667
lab|centre|open|t=10|S=50|F=0.05|FrontOnlyThroughMask,38400,62322.5635294635,0.8791666666666667,0.8763965948909276,0.853515625,0.2860021091665832,49.97863566938595,0.14502604166666666,0.9548412538721887,1.2031140128686924,3.3635458661073905,3.343436874435101,0.26425017052936633,128,0,1.0,0.8791666666666667,0.8763965948909276,0.249296875,0.25067708333333333,0.12083333333333333
lab|centre|open|t=10|S=50|F=0.1|BareCrystalAllFaces,38400,62322.5635294635,0.6651785714285714,0.633989933004441,0.010703125,162.81184458902598,49.97863566938595,0.9892708333333333,0.9548412538721887,3.330573966526573,9.312248257912424,9.310578815995608,0.08223039928125948,128,0,0.0175,0.011640625,0.01075470413704006,0.0078125,0.01171875,0.005859375
lab|centre|open|t=10|S=50|F=0.1|FrontOnlyThroughMask,38400,62322.5635294635,0.8768489583333333,0.8740565484231887,0.8495052083333333,0.5720042183331664,49.97863566938595,0.14950520833333333,0.9548412538721887,1.2179091004276628,3.404883196785008,3.404366100934782,0.2674463173768068,128,0,1.0,0.8768489583333333,0.8740565484231887,0.23966145833333333,0.24091145833333333,0.12315104166666667
lab|centre|open|t=10|S=50|F=0.2|BareCrystalAllFaces,38400,62322.5635294635,0.46402877697841727,0.4134971348285236,5.208333333333334e-05,325.62368917805196,49.97863566938595,0.9999479166666667,0.9548412538721887,3.3248574258972985,9.296084196153847,9.28986672444346,0.0786590953622766,128,0,0.007239583333333333,0.003359375,0.0028887580487073653,0.002447916666666667,0.0050260416666666665,0.003880208333333333
lab|centre|open|t=10|S=50|F=0.2|FrontOnlyThroughMask,38400,62322.5635294635,0.8741384711779449,0.8713167679252762,0.845859375,1.1440084366663328,49.97863566938595,0.15234375,0.9548412538721887,1.2382971417670525,3.4619121839599822,3.436355360590539,0.23645577324657174,128,0,0.9975,0.871953125,0.8691145638424501,0.234453125,0.23578125,0.125546875
lab|centre|open|t=10|S=50|ideal,38400,62322.5635294635,,,0.8553385416666667,0,49.97863566938595,0.14294270833333333,0.9548412538721887,1.1974937110752568,3.3478308372929666,3.3447661971394664,0.2483868404964463,128,0,,,,,,
lab|centre|open|t=10|default|F=0.05|BareCrystalAllFaces,38400,1000000,1.0,0.9999219891817117,1.0,81.40592229451299,801.9348505418611,0.0,0.9548412538721887,0.1352631657143961,0.3777267751171848,0.37748255953433685,0.004357852600154424,128,128,1.0,1.0,0.9999219891817117,1.0,1.0,0.0
lab|centre|open|t=10|default|F=0.05|FrontOnlyThroughMask,38400,1000000,1.0,0.9999219891817117,1.0,0.2860021091665832,801.9348505418611,0.0,0.9548412538721887,0.12952373236664033,0.3616991380171053,0.361820805288625,0.0027435775509318376,128,128,1.0,1.0,0.9999219891817117,1.0,1.0,0.0
lab|centre|open|t=10|default|F=0.1|BareCrystalAllFaces,38400,1000000,1.0,0.9999219891817117,1.0,162.81184458902598,801.9348505418611,0.0,0.9548412538721887,0.14297743753061423,0.39926933842965784,0.3989290320189227,0.005824090280045834,128,128,1.0,1.0,0.9999219891817117,1.0,1.0,0.0
lab|centre|open|t=10|default|F=0.1|FrontOnlyThroughMask,38400,1000000,1.0,0.9999219891817117,1.0,0.5720042183331664,801.9348505418611,0.0,0.9548412538721887,0.12945323470430567,0.36150227011445263,0.3615927625025237,0.002881843078509426,128,128,1.0,1.0,0.9999219891817117,1.0,1.0,0.0
lab|centre|open|t=10|default|F=0.2|BareCrystalAllFaces,38400,1000000,1.0,0.9999219891817117,1.0,325.62368917805196,801.9348505418611,0.0,0.9548412538721887,0.17045268827164453,0.4759962570114744,0.47542697075528745,0.013481563354137168,128,128,1.0,1.0,0.9999219891817117,1.0,1.0,0.0
lab|centre|open|t=10|default|F=0.2|FrontOnlyThroughMask,38400,1000000,1.0,0.9999219891817117,1.0,1.1440084366663328,801.9348505418611,0.0,0.9548412538721887,0.12953923907748405,0.3617424414054556,0.3619343342777734,0.0029905548305674792,128,128,1.0,1.0,0.9999219891817117,1.0,1.0,0.0
lab|centre|open|t=10|default|ideal,38400,1000000,,,1.0,0,801.9348505418611,0.0,0.9548412538721887,0.12943422109219763,0.3614491752018692,0.3615359671364131,0.0028259449038602245,128,128,,,,,,
lab|centre|open|t=60|S=1000|F=0.05|BareCrystalAllFaces,38400,207741.87843154502,1.0,0.9999219891817117,1.0,488.43553376707797,999.5727133877191,0.0,0.9548412538721887,0.17864182437037462,0.4988650074630732,0.49895048275472553,0.013410084651239334,128,128,1.0,1.0,0.9999219891817117,1.0,1.0,0.0
lab|centre|open|t=60|S=1000|F=0.05|FrontOnlyThroughMask,38400,207741.87843154502,1.0,0.9999219891817117,1.0,1.716012654999499,999.5727133877191,0.0,0.9548412538721887,0.1288394687954216,0.3597882963601391,0.360033783107238,0.002680989911235175,128,128,1.0,1.0,0.9999219891817117,1.0,1.0,0.0
lab|centre|open|t=60|S=1000|F=0.1|BareCrystalAllFaces,38400,207741.87843154502,1.0,0.9999219891817117,0.8790364583333333,976.8710675341559,999.5727133877191,0.12096354166666666,0.9548412538721887,1.1498293604344483,3.214215870423773,3.2114080763420896,0.27531043641019126,128,0,1.0,1.0,0.9999219891817117,1.0,1.0,0.0
lab|centre|open|t=60|S=1000|F=0.1|FrontOnlyThroughMask,38400,207741.87843154502,1.0,0.9999219891817117,1.0,3.432025309998998,999.5727133877191,0.0,0.9548412538721887,0.12899519393973433,0.3602231651043817,0.35998023552949165,0.0027036527351124986,128,128,1.0,1.0,0.9999219891817117,1.0,1.0,0.0
lab|centre|open|t=60|S=1000|F=0.2|BareCrystalAllFaces,38400,207741.87843154502,0.9999739583333334,0.9998764678836031,0.00328125,1953.7421350683119,999.5727133877191,0.99671875,0.9548412538721887,3.19945753025104,8.944436579875564,8.944256481115527,0.06914759824250445,128,0,1.0,0.9999739583333334,0.9998764678836031,0.9999739583333334,1.0,2.604166666666667e-05
lab|centre|open|t=60|S=1000|F=0.2|FrontOnlyThroughMask,38400,207741.87843154502,1.0,0.9999219891817117,1.0,6.864050619997996,999.5727133877191,0.0,0.9548412538721887,0.1291651106596726,0.3606976644136478,0.36083119011564585,0.0028104624559951662,128,128,1.0,1.0,0.9999219891817117,1.0,1.0,0.0
lab|centre|open|t=60|S=1000|ideal,38400,207741.87843154502,,,1.0,0,999.5727133877191,0.0,0.9548412538721887,0.1287892118195225,0.35964795142543227,0.35980294639065324,0.002714435809645329,128,128,,,,,,
lab|centre|open|t=60|S=100|F=0.05|BareCrystalAllFaces,38400,20774.1878431545,0.8253493013972056,0.8044182645687251,7.8125e-05,488.43553376707797,99.95727133877192,0.999921875,0.9548412538721887,3.3092226962763793,9.252250955018809,9.251133462114154,0.08181113473867621,128,0,0.02609375,0.021536458333333335,0.02033178563562327,0.020572916666666666,0.024791666666666667,0.004557291666666667
lab|centre|open|t=60|S=100|F=0.05|FrontOnlyThroughMask,38400,20774.1878431545,0.9916922756393562,0.9908891075954996,0.9871875,1.716012654999499,99.95727133877192,0.012786458333333334,0.9548412538721887,0.42262977086983766,1.1812832043631116,1.1815575829312008,0.24554520375402247,128,32,0.9999479166666667,0.991640625,0.9908351399310339,0.83953125,0.8404947916666666,0.008307291666666666
lab|centre|open|t=60|S=100|F=0.1|BareCrystalAllFaces,38400,20774.1878431545,0.6042105263157894,0.5658414046455782,0.0,976.8710675341559,99.95727133877192,1.0,0.9548412538721887,3.278053750325205,9.164857823434902,9.171714623802075,0.0809329739931704,128,0,0.012369791666666666,0.007473958333333333,0.006765715617192144,0.0050260416666666665,0.008072916666666667,0.004895833333333334
lab|centre|open|t=60|S=100|F=0.1|FrontOnlyThroughMask,38400,20774.1878431545,0.9911372937465788,0.990308972522498,0.9858854166666666,3.432025309998998,99.95727133877192,0.014010416666666666,0.9548412538721887,0.4367705001221781,1.2208045517367179,1.2415017841395657,0.24789323737903582,128,25,0.9990364583333333,0.9901822916666667,0.989313586130165,0.828984375,0.8299739583333333,0.008854166666666666
lab|centre|open|t=60|S=100|F=0.2|BareCrystalAllFaces,38400,20774.1878431545,0.4170403587443946,0.36156257478741816,0.0,1953.7421350683119,99.95727133877192,1.0,0.9548412538721887,3.2356942927350976,9.046049030035482,9.03620982070477,0.08266900507274387,128,0,0.005807291666666666,0.002421875,0.002024494180542804,0.0019010416666666668,0.004427083333333333,0.0033854166666666668
lab|centre|open|t=60|S=100|F=0.2|FrontOnlyThroughMask,38400,20774.1878431545,0.9903757415952538,0.9895094947122358,0.9825520833333333,6.864050619997996,99.95727133877192,0.017265625,0.9548412538721887,0.4634997543801262,1.2955075815299877,1.3074771140555868,0.2516272058994635,128,20,0.9876302083333334,0.978125,0.9768570521951168,0.8006510416666667,0.801796875,0.009505208333333333
lab|centre|open|t=60|S=100|ideal,38400,20774.1878431545,,,0.9878645833333334,0,99.95727133877192,0.012083333333333333,0.9548412538721887,0.4085916934343583,1.1419890340321326,1.1256918622988723,0.22228353791879976,128,35,,,,,,
lab|centre|open|t=60|S=250|F=0.05|BareCrystalAllFaces,38400,51935.469607886254,0.9767300482961262,0.9752369171007627,0.030286458333333332,488.43553376707797,249.89317834692977,0.9697135416666667,0.9548412538721887,3.2427891550867622,9.066368876800945,9.069206156931644,0.09164016311094604,128,0,0.7710677083333334,0.753125,0.7494785234215691,0.7480208333333334,0.7656770833333333,0.017942708333333335
lab|centre|open|t=60|S=250|F=0.05|FrontOnlyThroughMask,38400,51935.469607886254,0.9999739583333334,0.9998764678836031,1.0,1.716012654999499,249.89317834692977,0.0,0.9548412538721887,0.15161106307730193,0.42337995906660764,0.4221855196763432,0.012999022098101286,128,128,1.0,0.9999739583333334,0.9998764678836031,0.9999739583333334,1.0,2.604166666666667e-05
lab|centre|open|t=60|S=250|F=0.1|BareCrystalAllFaces,38400,51935.469607886254,0.9479942506206717,0.9449458800767684,2.604166666666667e-05,976.8710675341559,249.89317834692977,0.9999739583333334,0.9548412538721887,3.2669964470865183,9.133855766015122,9.14144586245031,0.07662977818466349,128,0,0.39859375,0.37786458333333334,0.3737886903701614,0.33088541666666665,0.34533854166666667,0.020729166666666667
lab|centre|open|t=60|S=250|F=0.1|FrontOnlyThroughMask,38400,51935.469607886254,0.9999739583333334,0.9998764678836031,1.0,3.432025309998998,249.89317834692977,0.0,0.9548412538721887,0.15094157728260077,0.4215103574663544,0.4215526853968993,0.011984109421038822,128,128,1.0,0.9999739583333334,0.9998764678836031,0.9999479166666667,0.9999739583333334,2.604166666666667e-05
lab|centre|open|t=60|S=250|F=0.2|BareCrystalAllFaces,38400,51935.469607886254,0.8997107039537127,0.8917086661871864,0.0,1953.7421350683119,249.89317834692977,1.0,0.9548412538721887,3.235883460236673,9.046594948219191,9.040370314271767,0.07617118329448544,128,0,0.10802083333333333,0.0971875,0.09471067299831075,0.08216145833333334,0.09033854166666666,0.010833333333333334
lab|centre|open|t=60|S=250|F=0.2|FrontOnlyThroughMask,38400,51935.469607886254,1.0,0.9999219891817117,0.9999739583333334,6.864050619997996,249.89317834692977,2.604166666666667e-05,0.9548412538721887,0.15307711093679255,0.4274788639165939,0.4252979386434256,0.027359703183787262,128,128,1.0,1.0,0.9999219891817117,1.0,1.0,0.0
lab|centre|open|t=60|S=250|ideal,38400,51935.469607886254,,,1.0,0,249.89317834692977,0.0,0.9548412538721887,0.15065935973475741,0.4207222778621868,0.4206573323017349,0.013608070026974563,128,128,,,,,,
lab|centre|open|t=60|S=25|F=0.05|BareCrystalAllFaces,38400,5193.546960788625,0.14018691588785046,0.08844181995234159,0.0,488.43553376707797,24.98931783469298,1.0,0.9548412538721887,3.3105754517110846,9.25603593543195,9.26079726905647,0.08438199423910181,128,0,0.0027864583333333335,0.000390625,0.00024080476280701838,0.00036458333333333335,0.0026041666666666665,0.002395833333333333
lab|centre|open|t=60|S=25|F=0.05|FrontOnlyThroughMask,38400,5193.546960788625,0.5939090553162929,0.5896177328501322,0.5185677083333333,1.716012654999499,24.98931783469298,0.4745052083333333,0.9548412538721887,2.1029509448629016,5.879293338244377,5.886284516165564,0.22701949589705464,128,0,0.9311979166666666,0.553046875,0.5488577488615666,0.016796875,0.017265625,0.3781510416666667
lab|centre|open|t=60|S=25|F=0.1|BareCrystalAllFaces,38400,5193.546960788625,0.08955223880597014,0.05248712554878367,0.0,976.8710675341559,24.98931783469298,1.0,0.9548412538721887,3.2745513144096545,9.155024359753675,9.149928725729914,0.0827806536209063,128,0,0.0034895833333333333,0.0003125,0.00018032760484915498,0.00010416666666666667,0.001953125,0.0031770833333333334
lab|centre|open|t=60|S=25|F=0.1|FrontOnlyThroughMask,38400,5193.546960788625,0.6255189389764503,0.6206655046636902,0.49440104166666665,3.432025309998998,24.98931783469298,0.49921875,0.9548412538721887,2.1569811836258057,6.030397992276353,6.036929406799124,0.21279223883031445,128,0,0.708828125,0.44338541666666664,0.43920572109433137,0.015104166666666667,0.015703125,0.26544270833333333
lab|centre|open|t=60|S=25|F=0.2|BareCrystalAllFaces,38400,5193.546960788625,0.12605042016806722,0.0793300456592269,0.0,1953.7421350683119,24.98931783469298,1.0,0.9548412538721887,3.2330263577188183,9.038563156949003,9.036390835345978,0.0756366935087024,128,0,0.0030989583333333333,0.000390625,0.00024080476280701838,0.00018229166666666667,0.0021354166666666665,0.0027083333333333334
lab|centre|open|t=60|S=25|F=0.2|FrontOnlyThroughMask,38400,5193.546960788625,0.7230471839029963,0.7160619377554878,0.4452083333333333,6.864050619997996,24.98931783469298,0.5476822916666667,0.9548412538721887,2.2463195451769598,6.280103772432582,6.267365087376377,0.20044073457583064,128,0,0.29638020833333334,0.214296875,0.21085560789018487,0.012083333333333333,0.0128125,0.08208333333333333
lab|centre|open|t=60|S=25|ideal,38400,5193.546960788625,,,0.5512760416666667,0,24.98931783469298,0.44278645833333335,0.9548412538721887,2.0487373873057004,5.7278258397738195,5.762077348481001,0.22415456952397883,128,0,,,,,,
lab|centre|open|t=60|S=500|F=0.05|BareCrystalAllFaces,38400,103870.93921577251,0.9998958333333333,0.9997616431038913,0.7200260416666666,488.43553376707797,499.78635669385955,0.27997395833333333,0.9548412538721887,1.7344698044995446,4.848960149973262,4.882437772348249,0.26981999816331675,128,0,1.0,0.9998958333333333,0.9997616431038913,0.9998958333333333,1.0,0.00010416666666666667
lab|centre|open|t=60|S=500|F=0.05|FrontOnlyThroughMask,38400,103870.93921577251,1.0,0.9999219891817117,1.0,1.716012654999499,499.78635669385955,0.0,0.9548412538721887,0.13233154870731084,0.3695401589988684,0.36881240739624377,0.005381751431608119,128,128,1.0,1.0,0.9999219891817117,1.0,1.0,0.0
lab|centre|open|t=60|S=500|F=0.1|BareCrystalAllFaces,38400,103870.93921577251,0.9976015433547109,0.9971483027075785,0.014713541666666666,976.8710675341559,499.78635669385955,0.9852864583333333,0.9548412538721887,3.221129328101477,9.005406780362176,8.992409133802587,0.08919139031112368,128,0,0.99890625,0.9965104166666666,0.9959734052065352,0.9959375,0.9982552083333334,0.002395833333333333
lab|centre|open|t=60|S=500|F=0.1|FrontOnlyThroughMask,38400,103870.93921577251,1.0,0.9999219891817117,1.0,3.432025309998998,499.78635669385955,0.0,0.9548412538721887,0.13296481602126353,0.3713085955842806,0.3708551428035858,0.005270272597889188,128,128,1.0,1.0,0.9999219891817117,1.0,1.0,0.0
lab|centre|open|t=60|S=500|F=0.2|BareCrystalAllFaces,38400,103870.93921577251,0.9812686738680763,0.9800288515288471,0.0,1953.7421350683119,499.78635669385955,1.0,0.9548412538721887,3.225304793295643,9.016932661666258,9.013294080414163,0.07398767978832801,128,0,0.9064583333333334,0.8894791666666667,0.8868125523003166,0.8738802083333334,0.889296875,0.016979166666666667
lab|centre|open|t=60|S=500|F=0.2|FrontOnlyThroughMask,38400,103870.93921577251,1.0,0.9999219891817117,1.0,6.864050619997996,499.78635669385955,0.0,0.9548412538721887,0.13299175656095488,0.3713838247543867,0.37128550376831826,0.005096076354000439,128,128,1.0,1.0,0.9999219891817117,1.0,1.0,0.0
lab|centre|open|t=60|S=500|ideal,38400,103870.93921577251,,,1.0,0,499.78635669385955,0.0,0.9548412538721887,0.1324291602119782,0.3698127509842877,0.3694384863966346,0.00470661903586554,128,128,,,,,,
lab|centre|open|t=60|S=50|F=0.05|BareCrystalAllFaces,38400,10387.09392157725,0.367816091954023,0.3068627189805718,0.0,488.43553376707797,49.97863566938596,1.0,0.9548412538721887,3.3115686229732484,9.25881566873055,9.252610799846705,0.08082498669848404,128,0,0.00453125,0.0016666666666666668,0.001339621145325473,0.0015885416666666667,0.00421875,0.002864583333333333
lab|centre|open|t=60|S=50|F=0.05|FrontOnlyThroughMask,38400,10387.09392157725,0.8711516234107387,0.8682931056356772,0.839140625,1.716012654999499,49.97863566938596,0.15911458333333334,0.9548412538721887,1.2600371714456087,3.5226801609699194,3.5337490907049145,0.2315410664604331,128,0,0.9913541666666666,0.8636197916666667,0.8607057420156272,0.23302083333333334,0.23442708333333334,0.127734375
lab|centre|open|t=60|S=50|F=0.1|BareCrystalAllFaces,38400,10387.09392157725,0.24175824175824176,0.19026313614227452,0.0,976.8710675341559,49.97863566938596,1.0,0.9548412538721887,3.278044832778044,9.16481337089153,9.16489553571518,0.0841974196933117,128,0,0.0047395833333333335,0.0011458333333333333,0.0008773620810381554,0.0007552083333333333,0.0027864583333333335,0.00359375
lab|centre|open|t=60|S=50|F=0.1|FrontOnlyThroughMask,38400,10387.09392157725,0.8825403862672837,0.8797160185311231,0.82859375,3.432025309998998,49.97863566938596,0.169921875,0.9548412538721887,1.3000315620740792,3.63452347268463,3.6395237986596634,0.23518414832643764,128,0,0.9398177083333333,0.8294270833333334,0.826238451272423,0.211484375,0.21291666666666667,0.110390625
lab|centre|open|t=60|S=50|F=0.2|BareCrystalAllFaces,38400,10387.09392157725,0.11570247933884298,0.07132147686042808,0.0,1953.7421350683119,49.97863566938596,1.0,0.9548412538721887,3.2333633873717926,9.03952720062276,9.048758163687566,0.08204626542595832,128,0,0.0031510416666666666,0.00036458333333333335,0.00022042805986020682,0.00015625,0.0020833333333333333,0.0027864583333333335
lab|centre|open|t=60|S=50|F=0.2|FrontOnlyThroughMask,38400,10387.09392157725,0.9169881359633161,0.9141995081605975,0.7929166666666667,6.864050619997996,49.97863566938596,0.205078125,0.9548412538721887,1.4017154074131497,3.9187214298321744,3.9274057173864874,0.2570519516430788,128,0,0.7155729166666667,0.656171875,0.6521632650009591,0.17908854166666666,0.18091145833333333,0.05940104166666667
lab|centre|open|t=60|S=50|ideal,38400,10387.09392157725,,,0.8543229166666667,0,49.97863566938596,0.14424479166666668,0.9548412538721887,1.198838865309748,3.35158171071118,3.3696343101121737,0.2641568072695276,128,0,,,,,,
lab|centre|open|t=60|default|F=0.05|BareCrystalAllFaces,38400,1000000,1.0,0.9999219891817117,1.0,488.43553376707797,4811.609103251166,0.0,0.9548412538721887,0.13143559891361425,0.36703808084542494,0.3670943656098329,0.0020573137898518925,128,128,1.0,1.0,0.9999219891817117,1.0,1.0,0.0
lab|centre|open|t=60|default|F=0.05|FrontOnlyThroughMask,38400,1000000,1.0,0.9999219891817117,1.0,1.716012654999499,4811.609103251166,0.0,0.9548412538721887,0.12685799465842248,0.354254931866375,0.35437539125558726,0.0017783154312060274,128,128,1.0,1.0,0.9999219891817117,1.0,1.0,0.0
lab|centre|open|t=60|default|F=0.1|BareCrystalAllFaces,38400,1000000,1.0,0.9999219891817117,1.0,976.8710675341559,4811.609103251166,0.0,0.9548412538721887,0.13676920489752808,0.38193240273262863,0.38195107258945893,0.002533574535441789,128,128,1.0,1.0,0.9999219891817117,1.0,1.0,0.0
lab|centre|open|t=60|default|F=0.1|FrontOnlyThroughMask,38400,1000000,1.0,0.9999219891817117,1.0,3.432025309998998,4811.609103251166,0.0,0.9548412538721887,0.1268870426840168,0.3543360496249878,0.3543656869661974,0.0017402717525303692,128,128,1.0,1.0,0.9999219891817117,1.0,1.0,0.0
lab|centre|open|t=60|default|F=0.2|BareCrystalAllFaces,38400,1000000,1.0,0.9999219891817117,1.0,1953.7421350683119,4811.609103251166,0.0,0.9548412538721887,0.14933309933248534,0.417017642310815,0.41711122237820625,0.0035229598656116336,128,128,1.0,1.0,0.9999219891817117,1.0,1.0,0.0
lab|centre|open|t=60|default|F=0.2|FrontOnlyThroughMask,38400,1000000,1.0,0.9999219891817117,1.0,6.864050619997996,4811.609103251166,0.0,0.9548412538721887,0.12689270354880366,0.3543518578216906,0.35441027823210347,0.0017270512169999205,128,128,1.0,1.0,0.9999219891817117,1.0,1.0,0.0
lab|centre|open|t=60|default|ideal,38400,1000000,,,1.0,0,4811.609103251166,0.0,0.9548412538721887,0.12687767855873247,0.35430989994915385,0.35443994739011286,0.0018223548420237305,128,128,,,,,,
lab|edge|cs662|t=10|S=1000|F=0.05|BareCrystalAllFaces,38400,3959042.1769880415,1.0,0.9999219891817117,1.0,0.8301520091332191,1001.1679468296248,0.0,0.9548412538721887,0.2328022355689836,0.6517906887341314,0.652295708182102,0.007196546001898507,128,128,1.0,1.0,0.9999219891817117,1.0,1.0,0.0
lab|edge|cs662|t=10|S=1000|F=0.05|FrontOnlyThroughMask,38400,3959042.1769880415,0.9984895833333334,0.9981207419416639,1.0,0.022339421368663296,1001.1679468296248,0.0,0.9548412538721887,0.23264510429365942,0.6513505680087539,0.6517392202390719,0.006901085171079703,128,128,1.0,0.9984895833333334,0.9981207419416639,0.9984895833333334,1.0,0.0015104166666666666
lab|edge|cs662|t=10|S=1000|F=0.1|BareCrystalAllFaces,38400,3959042.1769880415,1.0,0.9999219891817117,1.0,1.6603040182664381,1001.1679468296248,0.0,0.9548412538721887,0.23287257418419785,0.6519877168844799,0.6522024364957618,0.00695249872755787,128,128,1.0,1.0,0.9999219891817117,1.0,1.0,0.0
lab|edge|cs662|t=10|S=1000|F=0.1|FrontOnlyThroughMask,38400,3959042.1769880415,0.9981510416666667,0.997747797817976,1.0,0.04467884273732659,1001.1679468296248,0.0,0.9548412538721887,0.23285116378356244,0.6519277025584491,0.6525183766235657,0.007103934779746385,128,128,1.0,0.9981510416666667,0.997747797817976,0.9981510416666667,1.0,0.0018489583333333333
lab|edge|cs662|t=10|S=1000|F=0.2|BareCrystalAllFaces,38400,3959042.1769880415,0.9999739583333334,0.9998764678836031,1.0,3.3206080365328763,1001.1679468296248,0.0,0.9548412538721887,0.232909131725735,0.6520900816948684,0.6529314487485898,0.007131645273267778,128,128,1.0,0.9999739583333334,0.9998764678836031,0.9999739583333334,1.0,2.604166666666667e-05
lab|edge|cs662|t=10|S=1000|F=0.2|FrontOnlyThroughMask,38400,3959042.1769880415,0.9982552083333334,0.9978621889714038,1.0,0.08935768547465318,1001.1679468296248,0.0,0.9548412538721887,0.23270956754599428,0.6515311184370682,0.6518569802774647,0.006381270195543383,128,128,1.0,0.9982552083333334,0.9978621889714038,0.9982552083333334,1.0,0.0017447916666666666
lab|edge|cs662|t=10|S=1000|ideal,38400,3959042.1769880415,,,1.0,0,1001.1679468296248,0.0,0.9548412538721887,0.23257255380310296,0.6511473101405554,0.6510368433590041,0.006625126470659377,128,128,,,,,,
lab|edge|cs662|t=10|S=100|F=0.05|BareCrystalAllFaces,38400,395904.21769880416,0.929060652621162,0.9268686131042693,0.9626041666666667,0.8301520091332191,100.11679468296248,0.03721354166666667,0.9548412538721887,0.9022225733964537,2.522500289877482,2.5098599497103016,0.40581623218241825,128,0,0.9999739583333334,0.9290364583333334,0.9268441098844549,0.678515625,0.708671875,0.0709375
lab|edge|cs662|t=10|S=100|F=0.05|FrontOnlyThroughMask,38400,395904.21769880416,0.8971354166666666,0.8945502528648998,0.9639322916666667,0.022339421368663296,100.11679468296248,0.03591145833333333,0.9548412538721887,0.9022318488966565,2.5224948675201984,2.509504754431676,0.4458625875495815,128,0,1.0,0.8971354166666666,0.8945502528648998,0.6221354166666667,0.6492447916666667,0.10286458333333333
lab|edge|cs662|t=10|S=100|F=0.1|BareCrystalAllFaces,38400,395904.21769880416,0.9261690764621597,0.9239367358322725,0.96078125,1.6603040182664381,100.11679468296248,0.039088541666666664,0.9548412538721887,0.9312740154761877,2.603700990308035,2.5742224806659078,0.41547735785558726,128,0,0.999609375,0.9258072916666666,0.9235704739791788,0.6732291666666667,0.7034895833333333,0.07380208333333334
lab|edge|cs662|t=10|S=100|F=0.1|FrontOnlyThroughMask,38400,395904.21769880416,0.8946354166666667,0.8920231945242423,0.9635416666666666,0.04467884273732659,100.11679468296248,0.03630208333333333,0.9548412538721887,0.8810043185100074,2.46318105563998,2.492996638997488,0.4357268124524576,128,0,1.0,0.8946354166666667,0.8920231945242423,0.6188020833333333,0.647109375,0.10536458333333333
lab|edge|cs662|t=10|S=100|F=0.2|BareCrystalAllFaces,38400,395904.21769880416,0.9264108943302344,0.9241759243458324,0.9563541666666666,3.3206080365328763,100.11679468296248,0.043515625,0.9548412538721887,0.9501656610613318,2.6565508750112516,2.6916020423058935,0.4215513210676643,128,0,0.9944010416666667,0.9212239583333334,0.9189260934162117,0.654375,0.6841145833333333,0.07317708333333334
lab|edge|cs662|t=10|S=100|F=0.2|FrontOnlyThroughMask,38400,395904.21769880416,0.8938802083333334,0.8912599020800753,0.96125,0.08935768547465318,100.11679468296248,0.03859375,0.9548412538721887,0.9212366245671157,2.575627586942057,2.5769437707224845,0.4383175047400895,128,0,1.0,0.8938802083333334,0.8912599020800753,0.620078125,0.6479947916666666,0.10611979166666667
lab|edge|cs662|t=10|S=100|ideal,38400,395904.21769880416,,,0.9622395833333334,0,100.11679468296248,0.03755208333333333,0.9548412538721887,0.9093790306501058,2.542494813763021,2.5535170498122124,0.3862038666857141,128,0,,,,,,
lab|edge|cs662|t=10|S=250|F=0.05|BareCrystalAllFaces,38400,989760.5442470104,0.992890625,0.9921439986999304,0.9998697916666667,0.8301520091332191,250.2919867074062,0.00013020833333333333,0.9548412538721887,0.24062088682467206,0.673625332431092,0.6606516049587339,0.0749520855687339,128,126,1.0,0.992890625,0.9921439986999304,0.9925260416666667,0.9995833333333334,0.007109375
lab|edge|cs662|t=10|S=250|F=0.05|FrontOnlyThroughMask,38400,989760.5442470104,0.9859114583333334,0.9848814759130783,0.99984375,0.022339421368663296,250.2919867074062,0.00015625,0.9548412538721887,0.24194585210135952,0.6773255504266866,0.6594767944700666,0.08838975125505927,128,125,1.0,0.9859114583333334,0.9848814759130783,0.9838802083333333,0.9972916666666667,0.014088541666666666
lab|edge|cs662|t=10|S=250|F=0.1|BareCrystalAllFaces,38400,989760.5442470104,0.9930208333333334,0.9922806325356246,0.99984375,1.6603040182664381,250.2919867074062,0.00015625,0.9548412538721887,0.24327090105966676,0.6810277590938006,0.6602840702799397,0.11908760909304282,128,124,1.0,0.9930208333333334,0.9922806325356246,0.9929166666666667,0.9998958333333333,0.0069791666666666665
lab|edge|cs662|t=10|S=250|F=0.1|FrontOnlyThroughMask,38400,989760.5442470104,0.984921875,0.9838583325799048,0.9998177083333334,0.04467884273732659,250.2919867074062,0.00018229166666666667,0.9548412538721887,0.24564778975382798,0.6876654529707724,0.6603247620419695,0.11642014058825227,128,122,1.0,0.984921875,0.9838583325799048,0.9822916666666667,0.9967447916666666,0.015078125
lab|edge|cs662|t=10|S=250|F=0.2|BareCrystalAllFaces,38400,989760.5442470104,0.9925260416666667,0.9917617367911304,0.99984375,3.3206080365328763,250.2919867074062,0.00015625,0.9548412538721887,0.24537616093768103,0.6869081304643634,0.6621354653900552,0.11431378333193803,128,122,1.0,0.9925260416666667,0.9917617367911304,0.9922916666666667,0.999765625,0.007473958333333333
lab|edge|cs662|t=10|S=250|F=0.2|FrontOnlyThroughMask,38400,989760.5442470104,0.9861197916666666,0.9850970299657968,0.9998177083333334,0.08935768547465318,250.2919867074062,0.00018229166666666667,0.9548412538721887,0.2432319997450784,0.6809174971241327,0.6607111310275608,0.0941426558096614,128,124,1.0,0.9861197916666666,0.9850970299657968,0.9833333333333333,0.996640625,0.013880208333333333
lab|edge|cs662|t=10|S=250|ideal,38400,989760.5442470104,,,0.9997395833333333,0,250.2919867074062,0.00026041666666666666,0.9548412538721887,0.2453468977934986,0.6868208990264533,0.6603730079694199,0.11074845772534668,128,123,,,,,,
lab|edge|cs662|t=10|S=25|F=0.05|BareCrystalAllFaces,38400,98976.05442470104,0.4530658097552055,0.4488703729353306,0.42075520833333335,0.8301520091332191,25.02919867074062,0.5757291666666666,0.9548412538721887,3.2816442518559277,9.174208690896355,9.158769399744049,0.3514929954792257,128,0,0.996796875,0.4516145833333333,0.4474271349690018,0.009192708333333334,0.011510416666666667,0.5451822916666667
lab|edge|cs662|t=10|S=25|F=0.05|FrontOnlyThroughMask,38400,98976.05442470104,0.4215364583333333,0.41738299054603534,0.430859375,0.022339421368663296,25.02919867074062,0.5652083333333333,0.9548412538721887,3.2600897919032095,9.113960811010125,9.112431296757924,0.31367222170728143,128,0,1.0,0.4215364583333333,0.41738299054603534,0.011041666666666667,0.013151041666666667,0.5784635416666667
lab|edge|cs662|t=10|S=25|F=0.1|BareCrystalAllFaces,38400,98976.05442470104,0.46205675783703537,0.4576631707562383,0.40856770833333333,1.6603040182664381,25.02919867074062,0.5884114583333333,0.9548412538721887,3.3006804547112445,9.22744476827904,9.23423829004604,0.36264581092906134,128,0,0.9121354166666666,0.4214583333333333,0.41730497415832324,0.009244791666666667,0.010989583333333334,0.4906770833333333
lab|edge|cs662|t=10|S=25|F=0.1|FrontOnlyThroughMask,38400,98976.05442470104,0.423046875,0.41889132827208686,0.433359375,0.04467884273732659,25.02919867074062,0.5626822916666666,0.9548412538721887,3.2827725222685493,9.1773325453489,9.167820813093744,0.35460965473494904,128,0,1.0,0.423046875,0.41889132827208686,0.010807291666666666,0.012604166666666666,0.576953125
lab|edge|cs662|t=10|S=25|F=0.2|BareCrystalAllFaces,38400,98976.05442470104,0.5174872955545117,0.5120934216783182,0.39125,3.3206080365328763,25.02919867074062,0.6049739583333333,0.9548412538721887,3.336193099148053,9.326771261864515,9.302765903677644,0.3435440281303135,128,0,0.6098177083333334,0.31557291666666665,0.31166929667362275,0.008932291666666667,0.010755208333333334,0.29424479166666667
lab|edge|cs662|t=10|S=25|F=0.2|FrontOnlyThroughMask,38400,98976.05442470104,0.41778645833333333,0.413638324065201,0.4308854166666667,0.08935768547465318,25.02919867074062,0.565078125,0.9548412538721887,3.269154179075047,9.139281330101728,9.162027857669873,0.3169413667212116,128,0,1.0,0.41778645833333333,0.413638324065201,0.010572916666666666,0.012604166666666666,0.5822135416666666
lab|edge|cs662|t=10|S=25|ideal,38400,98976.05442470104,,,0.43127604166666667,0,25.02919867074062,0.5655208333333334,0.9548412538721887,3.2678884316646175,9.135775861462104,9.177497699662883,0.329096611905664,128,0,,,,,,
lab|edge|cs662|t=10|S=500|F=0.05|BareCrystalAllFaces,38400,1979521.0884940207,0.9995572916666666,0.9993360310396249,1.0,0.8301520091332191,500.5839734148124,0.0,0.9548412538721887,0.23322561362314398,0.652975561934503,0.6536473193961891,0.0070425554584621335,128,128,1.0,0.9995572916666666,0.9993360310396249,0.9995572916666666,1.0,0.0004427083333333333
lab|edge|cs662|t=10|S=500|F=0.05|FrontOnlyThroughMask,38400,1979521.0884940207,0.99640625,0.9958619577881278,1.0,0.022339421368663296,500.5839734148124,0.0,0.9548412538721887,0.23304196145514341,0.6524611251345693,0.6524864524506299,0.00738692555382994,128,128,1.0,0.99640625,0.9958619577881278,0.99640625,1.0,0.00359375
lab|edge|cs662|t=10|S=500|F=0.1|BareCrystalAllFaces,38400,1979521.0884940207,0.9995052083333333,0.9992740620766148,1.0,1.6603040182664381,500.5839734148124,0.0,0.9548412538721887,0.23303423597542464,0.6524391945065549,0.6520569375303662,0.007356940741777367,128,128,1.0,0.9995052083333333,0.9992740620766148,0.9995052083333333,1.0,0.0004947916666666667
lab|edge|cs662|t=10|S=500|F=0.1|FrontOnlyThroughMask,38400,1979521.0884940207,0.99640625,0.9958619577881278,1.0,0.04467884273732659,500.5839734148124,0.0,0.9548412538721887,0.23285514918954422,0.6519378046755907,0.6526559958045807,0.0076375579776342675,128,128,1.0,0.99640625,0.9958619577881278,0.99640625,1.0,0.00359375
lab|edge|cs662|t=10|S=500|F=0.2|BareCrystalAllFaces,38400,1979521.0884940207,0.9991666666666666,0.9988808253494135,1.0,3.3206080365328763,500.5839734148124,0.0,0.9548412538721887,0.2335178700553853,0.6537936682111396,0.6533586702740573,0.008100330956744445,128,128,1.0,0.9991666666666666,0.9988808253494135,0.9991666666666666,1.0,0.0008333333333333334
lab|edge|cs662|t=10|S=500|F=0.2|FrontOnlyThroughMask,38400,1979521.0884940207,0.9966145833333333,0.9960849627635088,1.0,0.08935768547465318,500.5839734148124,0.0,0.9548412538721887,0.23305567336958866,0.6524994575675318,0.6518995785873496,0.007311071492099882,128,128,1.0,0.9966145833333333,0.9960849627635088,0.9966145833333333,1.0,0.0033854166666666668
lab|edge|cs662|t=10|S=500|ideal,38400,1979521.0884940207,,,1.0,0,500.5839734148124,0.0,0.9548412538721887,0.2332219090493705,0.6529646490936827,0.6529863912880373,0.007669173475325248,128,128,,,,,,
lab|edge|cs662|t=10|S=50|F=0.05|BareCrystalAllFaces,38400,197952.10884940208,0.7337293523005576,0.7299923126548166,0.7419270833333333,0.8301520091332191,50.05839734148124,0.25622395833333333,0.9548412538721887,2.2224569120607693,6.213143162498215,6.228100295091655,0.4096546447470319,128,0,0.99953125,0.7333854166666667,0.7296477532649857,0.14447916666666666,0.15643229166666667,0.26614583333333336
lab|edge|cs662|t=10|S=50|F=0.05|FrontOnlyThroughMask,38400,197952.10884940208,0.68375,0.6798235539631678,0.7508333333333334,0.022339421368663296,50.05839734148124,0.24776041666666668,0.9548412538721887,2.19263094405521,6.129736430029702,6.185175886667468,0.37737200339119853,128,0,1.0,0.68375,0.6798235539631678,0.14075520833333333,0.151796875,0.31625
lab|edge|cs662|t=10|S=50|F=0.1|BareCrystalAllFaces,38400,197952.10884940208,0.7370232139548426,0.7332709451230179,0.7369270833333333,1.6603040182664381,50.05839734148124,0.26143229166666665,0.9548412538721887,2.2242314339464326,6.218121588510364,6.195738102951456,0.3666631477391879,128,0,0.983828125,0.7251041666666667,0.7213311049064206,0.13856770833333334,0.15002604166666667,0.25872395833333334
lab|edge|cs662|t=10|S=50|F=0.1|FrontOnlyThroughMask,38400,197952.10884940208,0.679921875,0.6759830988325237,0.751328125,0.04467884273732659,50.05839734148124,0.24731770833333333,0.9548412538721887,2.194755506351052,6.135687009640158,6.15407918611284,0.41821523350459316,128,0,1.0,0.679921875,0.6759830988325237,0.1415625,0.1528125,0.320078125
lab|edge|cs662|t=10|S=50|F=0.2|BareCrystalAllFaces,38400,197952.10884940208,0.7568183162752175,0.7529494156716807,0.7210416666666667,3.3206080365328763,50.05839734148124,0.27734375,0.9548412538721887,2.2886145604840737,6.398128881782866,6.371011016787724,0.2915371411119888,128,0,0.8803645833333333,0.6662760416666667,0.6622957579762649,0.12989583333333332,0.14109375,0.21408854166666666
lab|edge|cs662|t=10|S=50|F=0.2|FrontOnlyThroughMask,38400,197952.10884940208,0.6838541666666667,0.6799280604040021,0.7542708333333333,0.08935768547465318,50.05839734148124,0.24411458333333333,0.9548412538721887,2.1926310281013386,6.129712712671644,6.178587182116862,0.373952842367481,128,0,1.0,0.6838541666666667,0.6799280604040021,0.138203125,0.148671875,0.31614583333333335
lab|edge|cs662|t=10|S=50|ideal,38400,197952.10884940208,,,0.75328125,0,50.05839734148124,0.24494791666666665,0.9548412538721887,2.1825463549843027,6.1015503934168125,6.121596813010163,0.39522088815929957,128,0,,,,,,
lab|edge|cs662|t=10|default|F=0.05|BareCrystalAllFaces,38400,1000000,0.9926302083333334,0.991870908683234,0.99984375,0.8301520091332191,252.88135414391894,0.00015625,0.9548412538721887,0.24269266029183065,0.679409858164169,0.6589175475298501,0.09793652348643962,128,124,1.0,0.9926302083333334,0.991870908683234,0.99234375,0.9997135416666667,0.007369791666666667
lab|edge|cs662|t=10|default|F=0.05|FrontOnlyThroughMask,38400,1000000,0.9859375,0.9849084171083117,0.9998177083333334,0.022339421368663296,252.88135414391894,0.00018229166666666667,0.9548412538721887,0.24534778453047898,0.6868266850444575,0.6609006991760245,0.11514449494765952,128,122,1.0,0.9859375,0.9849084171083117,0.983671875,0.9971875,0.0140625
lab|edge|cs662|t=10|default|F=0.1|BareCrystalAllFaces,38400,1000000,0.9925,0.9917344493936586,0.9998697916666667,1.6603040182664381,252.88135414391894,0.00013020833333333333,0.9548412538721887,0.24363674861373813,0.682050230059268,0.6616826523500698,0.10436125575264722,128,123,1.0,0.9925,0.9917344493936586,0.9921614583333334,0.9996614583333333,0.0075
lab|edge|cs662|t=10|default|F=0.1|FrontOnlyThroughMask,38400,1000000,0.985859375,0.9848275961227632,0.999921875,0.04467884273732659,252.88135414391894,7.8125e-05,0.9548412538721887,0.23868849191476166,0.6682299553362145,0.6621293793758141,0.05403963160849671,128,127,1.0,0.985859375,0.9848275961227632,0.9839583333333334,0.997421875,0.014140625
lab|edge|cs662|t=10|default|F=0.2|BareCrystalAllFaces,38400,1000000,0.9928645833333334,0.9921166791544318,0.9997916666666666,3.3206080365328763,252.88135414391894,0.00020833333333333335,0.9548412538721887,0.2468492759635489,0.6910261352303761,0.6620484854856559,0.11622929059366909,128,122,1.0,0.9928645833333334,0.9921166791544318,0.99265625,0.9996875,0.007135416666666667
lab|edge|cs662|t=10|default|F=0.2|FrontOnlyThroughMask,38400,1000000,0.9863802083333333,0.9853665524982801,0.9998958333333333,0.08935768547465318,252.88135414391894,0.00010416666666666667,0.9548412538721887,0.23993925720173073,0.6717195747310882,0.6599690386868827,0.0736325396334584,128,126,1.0,0.9863802083333333,0.9853665524982801,0.9840364583333333,0.996953125,0.013619791666666667
lab|edge|cs662|t=10|default|ideal,38400,1000000,,,0.999921875,0,252.88135414391894,7.8125e-05,0.9548412538721887,0.24023856478707575,0.6725572737184756,0.6590519998464811,0.08268911756330548,128,125,,,,,,
lab|edge|cs662|t=60|S=1000|F=0.05|BareCrystalAllFaces,38400,659840.3628313402,1.0,0.9999219891817117,1.0,4.980912054799311,1001.1679468296248,0.0,0.9548412538721887,0.23297746708993053,0.6522814940823478,0.6529332587201369,0.006948842471745379,128,128,1.0,1.0,0.9999219891817117,1.0,1.0,0.0
lab|edge|cs662|t=60|S=1000|F=0.05|FrontOnlyThroughMask,38400,659840.3628313402,0.99859375,0.9982362508554706,1.0,0.1340365282119796,1001.1679468296248,0.0,0.9548412538721887,0.23258309735274288,0.651176875289531,0.6510613679884886,0.007002289934074157,128,128,1.0,0.99859375,0.9982362508554706,0.99859375,1.0,0.00140625
lab|edge|cs662|t=60|S=1000|F=0.1|BareCrystalAllFaces,38400,659840.3628313402,1.0,0.9999219891817117,1.0,9.961824109598622,1001.1679468296248,0.0,0.9548412538721887,0.23316396348838672,0.652803819270904,0.6531366432377583,0.006704629525804564,128,128,1.0,1.0,0.9999219891817117,1.0,1.0,0.0
lab|edge|cs662|t=60|S=1000|F=0.1|FrontOnlyThroughMask,38400,659840.3628313402,0.9981770833333333,0.9977763681472132,1.0,0.2680730564239592,1001.1679468296248,0.0,0.9548412538721887,0.23272574085348088,0.6515763973787303,0.6517845904592268,0.006952744760927351,128,128,1.0,0.9981770833333333,0.9977763681472132,0.9981770833333333,1.0,0.0018229166666666667
lab|edge|cs662|t=60|S=1000|F=0.2|BareCrystalAllFaces,38400,659840.3628313402,1.0,0.9999219891817117,1.0,19.923648219197243,1001.1679468296248,0.0,0.9548412538721887,0.23385231002628695,0.6547318971553788,0.6551412547955924,0.007105488299077751,128,128,1.0,1.0,0.9999219891817117,1.0,1.0,0.0
lab|edge|cs662|t=60|S=1000|F=0.2|FrontOnlyThroughMask,38400,659840.3628313402,0.9986197916666667,0.9982651925802709,1.0,0.5361461128479184,1001.1679468296248,0.0,0.9548412538721887,0.2328647808797333,0.6519658447525214,0.6527502086647382,0.007461057287071722,128,128,1.0,0.9986197916666667,0.9982651925802709,0.9986197916666667,1.0,0.0013802083333333333
lab|edge|cs662|t=60|S=1000|ideal,38400,659840.3628313402,,,1.0,0,1001.1679468296248,0.0,0.9548412538721887,0.23278328439138934,0.6517375950076296,0.6513927870392295,0.00666257210195728,128,128,,,,,,
lab|edge|cs662|t=60|S=100|F=0.05|BareCrystalAllFaces,38400,65984.03628313402,0.9241614643953021,0.9218844234771277,0.95234375,4.980912054799311,100.11679468296246,0.047552083333333335,0.9548412538721887,1.0021709731140527,2.801923091258007,2.7964965748612975,0.3895739687241545,128,0,0.9844791666666667,0.9098177083333333,0.9073773567842889,0.6424739583333333,0.6715625,0.07466145833333333
lab|edge|cs662|t=60|S=100|F=0.05|FrontOnlyThroughMask,38400,65984.03628313402,0.8993489583333333,0.8967881423998154,0.9657291666666666,0.1340365282119796,100.11679468296246,0.03401041666666667,0.9548412538721887,0.883869067068684,2.4711915470168564,2.447304193488928,0.44604962230660333,128,0,1.0,0.8993489583333333,0.8967881423998154,0.618125,0.6459635416666667,0.10065104166666666
lab|edge|cs662|t=60|S=100|F=0.1|BareCrystalAllFaces,38400,65984.03628313402,0.92823143793644,0.9259243329462701,0.94140625,9.961824109598622,100.11679468296246,0.058333333333333334,0.9548412538721887,1.0744556211611123,3.004024135422085,2.989073908765951,0.4455760818794909,128,0,0.913671875,0.8480989583333334,0.8450537294892251,0.602421875,0.6323177083333333,0.06557291666666666
lab|edge|cs662|t=60|S=100|F=0.1|FrontOnlyThroughMask,38400,65984.03628313402,0.893984375,0.8913651813529259,0.9622916666666667,0.2680730564239592,100.11679468296246,0.0375,0.9548412538721887,0.9092307542905411,2.542076589782409,2.574974694951698,0.4483489786998198,128,0,1.0,0.893984375,0.8913651813529259,0.6171875,0.6440885416666666,0.106015625
lab|edge|cs662|t=60|S=100|F=0.2|BareCrystalAllFaces,38400,65984.03628313402,0.9342947055365356,0.9318483883275963,0.9179427083333334,19.923648219197243,100.11679468296246,0.081640625,0.9548412538721887,1.2377978120569098,3.460694436243302,3.4425112250393215,0.39941245606450426,128,0,0.753046875,0.7035677083333334,0.6997100530051823,0.5252604166666667,0.5540104166666666,0.049479166666666664
lab|edge|cs662|t=60|S=100|F=0.2|FrontOnlyThroughMask,38400,65984.03628313402,0.8957552083333333,0.8931550491924967,0.9629427083333333,0.5361461128479184,100.11679468296246,0.036796875,0.9548412538721887,0.9057583294760957,2.532355258343756,2.5093375887369005,0.402035647176422,128,0,1.0,0.8957552083333333,0.8931550491924967,0.613046875,0.6383854166666667,0.10424479166666667
lab|edge|cs662|t=60|S=100|ideal,38400,65984.03628313402,,,0.9620052083333334,0,100.11679468296246,0.037890625,0.9548412538721887,0.9214383364995309,2.5762039309166203,2.5771588168308446,0.3919792367911447,128,0,,,,,,
lab|edge|cs662|t=60|S=250|F=0.05|BareCrystalAllFaces,38400,164960.09070783504,0.991953125,0.9911619071465553,0.9996875,4.980912054799311,250.2919867074062,0.0003125,0.9548412538721887,0.24953876847936554,0.6985411984747019,0.6644464557174163,0.12649921477609305,128,120,1.0,0.991953125,0.9911619071465553,0.991640625,0.9996614583333333,0.008046875
lab|edge|cs662|t=60|S=250|F=0.05|FrontOnlyThroughMask,38400,164960.09070783504,0.9847916666666666,0.9837237952914678,0.999921875,0.1340365282119796,250.2919867074062,7.8125e-05,0.9548412538721887,0.24004998387081938,0.67203048870614,0.6600424863559515,0.07645136569730078,128,125,1.0,0.9847916666666666,0.9837237952914678,0.983046875,0.9976302083333334,0.015208333333333334
lab|edge|cs662|t=60|S=250|F=0.1|BareCrystalAllFaces,38400,164960.09070783504,0.9915364583333334,0.9907262784137948,0.9997135416666667,9.961824109598622,250.2919867074062,0.00028645833333333333,0.9548412538721887,0.2493830784241664,0.6981116017957165,0.6678584081638708,0.11754341379175126,128,122,1.0,0.9915364583333334,0.9907262784137948,0.991328125,0.9997395833333333,0.008463541666666666
lab|edge|cs662|t=60|S=250|F=0.1|FrontOnlyThroughMask,38400,164960.09070783504,0.9849739583333333,0.9839121529750318,0.9998177083333334,0.2680730564239592,250.2919867074062,0.00018229166666666667,0.9548412538721887,0.2439225649221718,0.6828466115284143,0.6597810274905604,0.10216136523835799,128,123,1.0,0.9849739583333333,0.9839121529750318,0.9827083333333333,0.9969270833333334,0.015026041666666667
lab|edge|cs662|t=60|S=250|F=0.2|BareCrystalAllFaces,38400,164960.09070783504,0.9903375351599125,0.9894752719376262,0.9997135416666667,19.923648219197243,250.2919867074062,0.00028645833333333333,0.9548412538721887,0.25110678527108565,0.7029429696529311,0.6749040122536641,0.10679068292128335,128,122,0.9998958333333333,0.990234375,0.9893678406982832,0.9893489583333334,0.99890625,0.009661458333333333
lab|edge|cs662|t=60|S=250|F=0.2|FrontOnlyThroughMask,38400,164960.09070783504,0.9860416666666667,0.9850161906119158,0.9998697916666667,0.5361461128479184,250.2919867074062,0.00013020833333333333,0.9548412538721887,0.24385647051657658,0.6826674993077948,0.6622635961328889,0.10450105237594265,128,123,1.0,0.9860416666666667,0.9850161906119158,0.983671875,0.9970572916666667,0.013958333333333333
lab|edge|cs662|t=60|S=250|ideal,38400,164960.09070783504,,,0.9996614583333333,0,250.2919867074062,0.0003385416666666667,0.9548412538721887,0.25121095636002794,0.7032014624785288,0.6621051631162054,0.13773072587629667,128,120,,,,,,
lab|edge|cs662|t=60|S=25|F=0.05|BareCrystalAllFaces,38400,16496.009070783504,0.5392471736896197,0.5326389194223206,0.3651302083333333,4.980912054799311,25.029198670740616,0.6303385416666667,0.9548412538721887,3.371813273149939,9.426332062462732,9.396385559327662,0.3315883937844546,128,0,0.40541666666666665,0.21861979166666667,0.21515330065928914,0.008619791666666666,0.010677083333333334,0.186796875
lab|edge|cs662|t=60|S=25|F=0.05|FrontOnlyThroughMask,38400,16496.009070783504,0.4172135416666667,0.4130662438792589,0.42744791666666665,0.1340365282119796,25.029198670740616,0.5691145833333333,0.9548412538721887,3.2744875964624964,9.15421454257151,9.140368649195903,0.2959741273164064,128,0,1.0,0.4172135416666667,0.4130662438792589,0.011640625,0.013515625,0.5827864583333333
lab|edge|cs662|t=60|S=25|F=0.1|BareCrystalAllFaces,38400,16496.009070783504,0.6102574750830565,0.5985471462222722,0.319921875,9.961824109598622,25.029198670740616,0.6754166666666667,0.9548412538721887,3.4455463149152514,9.632520189417358,9.624060906977505,0.3021665898491124,128,0,0.12541666666666668,0.07653645833333333,0.07431560934347828,0.005989583333333334,0.007942708333333333,0.048880208333333335
lab|edge|cs662|t=60|S=25|F=0.1|FrontOnlyThroughMask,38400,16496.009070783504,0.41546434710141156,0.41131953061561843,0.42734375,0.2680730564239592,25.029198670740616,0.5696354166666666,0.9548412538721887,3.284885705286384,9.183240398684559,9.196258281733508,0.31400195128475883,128,0,0.9999479166666667,0.41544270833333335,0.4112980323663856,0.010807291666666666,0.012708333333333334,0.5845052083333333
lab|edge|cs662|t=60|S=25|F=0.2|BareCrystalAllFaces,38400,16496.009070783504,0.620744259699129,0.5976994779122131,0.257109375,19.923648219197243,25.029198670740616,0.7381770833333333,0.9548412538721887,3.5239748346871114,9.851885452752887,9.856775353577618,0.29364246768384694,128,0,0.032890625,0.020416666666666666,0.01924348212553082,0.00484375,0.0069010416666666664,0.012473958333333333
lab|edge|cs662|t=60|S=25|F=0.2|FrontOnlyThroughMask,38400,16496.009070783504,0.41163905387100136,0.40749954737792504,0.4221875,0.5361461128479184,25.029198670740616,0.5740364583333334,0.9548412538721887,3.289888853277828,9.19724941637232,9.205279439626668,0.2934706230934315,128,0,0.9996875,0.41151041666666666,0.4073717594442693,0.010911458333333334,0.013098958333333334,0.5881770833333333
lab|edge|cs662|t=60|S=25|ideal,38400,16496.009070783504,,,0.43276041666666665,0,25.029198670740616,0.5640885416666667,0.9548412538721887,3.2679517369854114,9.135941159202805,9.157196850115614,0.3250529441267424,128,0,,,,,,
lab|edge|cs662|t=60|S=500|F=0.05|BareCrystalAllFaces,38400,329920.1814156701,0.9994010416666667,0.9991515281965725,1.0,4.980912054799311,500.5839734148124,0.0,0.9548412538721887,0.23362754696364077,0.6541010502677032,0.6539720738483878,0.007767926310178323,128,128,1.0,0.9994010416666667,0.9991515281965725,0.9994010416666667,1.0,0.0005989583333333333
lab|edge|cs662|t=60|S=500|F=0.05|FrontOnlyThroughMask,38400,329920.1814156701,0.9955989583333333,0.9950015101807748,1.0,0.1340365282119796,500.5839734148124,0.0,0.9548412538721887,0.2329418064580465,0.6521802565893865,0.652099165962861,0.007255282841746855,128,128,1.0,0.9955989583333333,0.9950015101807748,0.9955989583333333,1.0,0.004401041666666667
lab|edge|cs662|t=60|S=500|F=0.1|BareCrystalAllFaces,38400,329920.1814156701,0.999375,0.999121142786867,1.0,9.961824109598622,500.5839734148124,0.0,0.9548412538721887,0.23393313201268046,0.6549567954406812,0.6551093140854243,0.00813355866345361,128,128,1.0,0.999375,0.999121142786867,0.999375,1.0,0.000625
lab|edge|cs662|t=60|S=500|F=0.1|FrontOnlyThroughMask,38400,329920.1814156701,0.9958072916666667,0.995223054414871,1.0,0.2680730564239592,500.5839734148124,0.0,0.9548412538721887,0.23315117777140829,0.6527664388107226,0.653417728413446,0.006695984602910712,128,128,1.0,0.9958072916666667,0.995223054414871,0.9958072916666667,1.0,0.004192708333333333
lab|edge|cs662|t=60|S=500|F=0.2|BareCrystalAllFaces,38400,329920.1814156701,0.9994010416666667,0.9991515281965725,1.0,19.923648219197243,500.5839734148124,0.0,0.9548412538721887,0.23503621309353454,0.6580462865713865,0.6584239045783968,0.00787779309326983,128,128,1.0,0.9994010416666667,0.9991515281965725,0.9994010416666667,1.0,0.0005989583333333333
lab|edge|cs662|t=60|S=500|F=0.2|FrontOnlyThroughMask,38400,329920.1814156701,0.996015625,0.9954449341534782,1.0,0.5361461128479184,500.5839734148124,0.0,0.9548412538721887,0.2331311765830187,0.6527108524252789,0.6533224191685914,0.007704808025286106,128,128,1.0,0.996015625,0.9954449341534782,0.996015625,1.0,0.003984375
lab|edge|cs662|t=60|S=500|ideal,38400,329920.1814156701,,,1.0,0,500.5839734148124,0.0,0.9548412538721887,0.23312415656459665,0.6526912467780054,0.6530826254597831,0.007407826884128245,128,128,,,,,,
lab|edge|cs662|t=60|S=50|F=0.05|BareCrystalAllFaces,38400,32992.01814156701,0.7705323128668017,0.7664433834491972,0.6993489583333333,4.980912054799311,50.05839734148123,0.2989583333333333,0.9548412538721887,2.3702856423134175,6.626460296278942,6.6370005424355085,0.3967728065184593,128,0,0.7587760416666667,0.5846614583333334,0.580507477931627,0.121640625,0.13341145833333334,0.17411458333333332
lab|edge|cs662|t=60|S=50|F=0.05|FrontOnlyThroughMask,38400,32992.01814156701,0.682109375,0.6781776073483088,0.7541666666666667,0.1340365282119796,50.05839734148123,0.24442708333333332,0.9548412538721887,2.1787242912009006,6.090866498221053,6.118196903553059,0.40087847608090366,128,0,1.0,0.682109375,0.6781776073483088,0.14096354166666666,0.15182291666666667,0.317890625
lab|edge|cs662|t=60|S=50|F=0.1|BareCrystalAllFaces,38400,32992.01814156701,0.824085564025291,0.819200722945121,0.656171875,9.961824109598622,50.05839734148123,0.34177083333333336,0.9548412538721887,2.4745826379153506,6.9180544368360355,6.898827399340253,0.3665522045259078,128,0,0.440703125,0.3631770833333333,0.35913506677609763,0.09572916666666667,0.104453125,0.07752604166666667
lab|edge|cs662|t=60|S=50|F=0.1|FrontOnlyThroughMask,38400,32992.01814156701,0.6813020833333333,0.677367717657154,0.7532552083333334,0.2680730564239592,50.05839734148123,0.24544270833333334,0.9548412538721887,2.183519345131799,6.104302948610776,6.0920709081902515,0.3987269355467731,128,0,1.0,0.6813020833333333,0.677367717657154,0.13825520833333332,0.14895833333333333,0.3186979166666667
lab|edge|cs662|t=60|S=50|F=0.2|BareCrystalAllFaces,38400,32992.01814156701,0.8521411257743065,0.8451962849052491,0.5724739583333334,19.923648219197243,50.05839734148123,0.4253125,0.9548412538721887,2.726516581100397,7.622514776334963,7.592437438754471,0.3299478350288675,128,0,0.19338541666666667,0.16479166666666667,0.16168338225671752,0.06627604166666666,0.07421875,0.02859375
lab|edge|cs662|t=60|S=50|F=0.2|FrontOnlyThroughMask,38400,32992.01814156701,0.678515625,0.6745723956162566,0.7444270833333333,0.5361461128479184,50.05839734148123,0.2541145833333333,0.9548412538721887,2.217854512801982,6.200257768459312,6.209955944703913,0.34876599600844066,128,0,1.0,0.678515625,0.6745723956162566,0.13609375,0.14692708333333335,0.321484375
lab|edge|cs662|t=60|S=50|ideal,38400,32992.01814156701,,,0.7529166666666667,0,50.05839734148123,0.24526041666666668,0.9548412538721887,2.177757630416137,6.088206864767491,6.080032453939753,0.34419317902958246,128,0,,,,,,
lab|edge|cs662|t=60|default|F=0.05|BareCrystalAllFaces,38400,1000000,1.0,0.9999219891817117,1.0,4.980912054799311,1517.2881248635138,0.0,0.9548412538721887,0.23288981668073924,0.6520355338474173,0.6534921227639955,0.007050332681669804,128,128,1.0,1.0,0.9999219891817117,1.0,1.0,0.0
lab|edge|cs662|t=60|default|F=0.05|FrontOnlyThroughMask,38400,1000000,0.99859375,0.9982362508554706,1.0,0.1340365282119796,1517.2881248635138,0.0,0.9548412538721887,0.23279688480858146,0.6517752403242305,0.6517818090733416,0.007273964214062122,128,128,1.0,0.99859375,0.9982362508554706,0.99859375,1.0,0.00140625
lab|edge|cs662|t=60|default|F=0.1|BareCrystalAllFaces,38400,1000000,1.0,0.9999219891817117,1.0,9.961824109598622,1517.2881248635138,0.0,0.9548412538721887,0.23291806826639627,0.6521146600394936,0.6523473856317626,0.0067207668517772065,128,128,1.0,1.0,0.9999219891817117,1.0,1.0,0.0
lab|edge|cs662|t=60|default|F=0.1|FrontOnlyThroughMask,38400,1000000,0.9991145833333334,0.9988213809355074,1.0,0.2680730564239592,1517.2881248635138,0.0,0.9548412538721887,0.23277362904055993,0.651710093678761,0.651408742978145,0.006990140143892422,128,128,1.0,0.9991145833333334,0.9988213809355074,0.9991145833333334,1.0,0.0008854166666666666
lab|edge|cs662|t=60|default|F=0.2|BareCrystalAllFaces,38400,1000000,1.0,0.9999219891817117,1.0,19.923648219197243,1517.2881248635138,0.0,0.9548412538721887,0.23338065392937313,0.6534103510055306,0.6537836430713684,0.0068082091841318105,128,128,1.0,1.0,0.9999219891817117,1.0,1.0,0.0
lab|edge|cs662|t=60|default|F=0.2|FrontOnlyThroughMask,38400,1000000,0.9990104166666667,0.998703104054508,1.0,0.5361461128479184,1517.2881248635138,0.0,0.9548412538721887,0.23259456999814773,0.6512085571902386,0.6514043526585491,0.006766137609057996,128,128,1.0,0.9990104166666667,0.998703104054508,0.9990104166666667,1.0,0.0009895833333333334
lab|edge|cs662|t=60|default|ideal,38400,1000000,,,1.0,0,1517.2881248635138,0.0,0.9548412538721887,0.23265868515086346,0.6513881229521262,0.6518871597083404,0.006339495360734295,128,128,,,,,,
lab|edge|open|t=10|S=1000|F=0.05|BareCrystalAllFaces,38400,1297408.0746115411,0.995546875,0.9949461737469883,1.0,81.40592229451299,1000.691035293448,0.0,0.9548412538721887,0.2361514469891214,0.6611717433252831,0.6611871438386446,0.004499863822063069,128,128,1.0,0.995546875,0.9949461737469883,0.995546875,1.0,0.004453125
lab|edge|open|t=10|S=1000|F=0.05|FrontOnlyThroughMask,38400,1297408.0746115411,1.0,0.9999219891817117,1.0,0.2860021091665832,1000.691035293448,0.0,0.9548412538721887,0.2311544922803743,0.6471753591509994,0.6476013071200841,0.004840633221974849,128,128,1.0,1.0,0.9999219891817117,1.0,1.0,0.0
lab|edge|open|t=10|S=1000|F=0.1|BareCrystalAllFaces,38400,1297408.0746115411,0.9944791666666667,0.9938155827172621,1.0,162.81184458902598,1000.691035293448,0.0,0.9548412538721887,0.2406461012003723,0.6737608866937908,0.6739900010094535,0.004169883159811122,128,128,1.0,0.9944791666666667,0.9938155827172621,0.9944791666666667,1.0,0.005520833333333333
lab|edge|open|t=10|S=1000|F=0.1|FrontOnlyThroughMask,38400,1297408.0746115411,1.0,0.9999219891817117,1.0,0.5720042183331664,1000.691035293448,0.0,0.9548412538721887,0.23129125432657338,0.6475584172686513,0.6476166935339167,0.004757975645004357,128,128,1.0,1.0,0.9999219891817117,1.0,1.0,0.0
lab|edge|open|t=10|S=1000|F=0.2|BareCrystalAllFaces,38400,1297408.0746115411,0.9919010416666667,0.9911074264964997,1.0,325.62368917805196,1000.691035293448,0.0,0.9548412538721887,0.24823322261468087,0.6950105071339815,0.6951408606235481,0.0039037898375964713,128,128,1.0,0.9919010416666667,0.9911074264964997,0.9919010416666667,1.0,0.008098958333333333
lab|edge|open|t=10|S=1000|F=0.2|FrontOnlyThroughMask,38400,1297408.0746115411,1.0,0.9999219891817117,1.0,1.1440084366663328,1000.691035293448,0.0,0.9548412538721887,0.2310909990766113,0.6469975084610722,0.6474330682031464,0.004403573874976672,128,128,1.0,1.0,0.9999219891817117,1.0,1.0,0.0
lab|edge|open|t=10|S=1000|ideal,38400,1297408.0746115411,,,1.0,0,1000.691035293448,0.0,0.9548412538721887,0.23110196040193337,0.6470281876953161,0.6470873506889929,0.004827487029800212,128,128,,,,,,
lab|edge|open|t=10|S=100|F=0.05|BareCrystalAllFaces,38400,129740.80746115411,0.6681327273615795,0.6626763921034022,0.30747395833333335,81.40592229451299,100.0691035293448,0.692421875,0.9548412538721887,3.4617354235484505,9.678818741847717,9.706247577345724,0.2755360067690808,128,0,0.532890625,0.35604166666666665,0.3520175704608623,0.299609375,0.44002604166666665,0.17684895833333333
lab|edge|open|t=10|S=100|F=0.05|FrontOnlyThroughMask,38400,129740.80746115411,0.966953125,0.9654132531175559,0.9684635416666667,0.2860021091665832,100.0691035293448,0.031536458333333336,0.9548412538721887,0.8109058308565615,2.2673717742736557,2.2965746936982443,0.4210258844516896,128,0,1.0,0.966953125,0.9654132531175559,0.716328125,0.725390625,0.033046875
lab|edge|open|t=10|S=100|F=0.1|BareCrystalAllFaces,38400,129740.80746115411,0.6374436706267923,0.6293604430999212,0.0303125,162.81184458902598,100.0691035293448,0.9696614583333333,0.9548412538721887,4.073852524796135,11.390205463093562,11.398010313832565,0.15073011098175404,128,0,0.25427083333333333,0.16208333333333333,0.15899589215529403,0.13263020833333333,0.20395833333333332,0.0921875
lab|edge|open|t=10|S=100|F=0.1|FrontOnlyThroughMask,38400,129740.80746115411,0.9677083333333333,0.966185078265208,0.9704166666666667,0.5720042183331664,100.0691035293448,0.02953125,0.9548412538721887,0.7654632670710466,2.140334558512566,2.169273354133296,0.4289690601528527,128,0,1.0,0.9677083333333333,0.966185078265208,0.7204427083333333,0.72859375,0.03229166666666667
lab|edge|open|t=10|S=100|F=0.2|BareCrystalAllFaces,38400,129740.80746115411,0.5784848484848485,0.5641467119492389,0.00015625,325.62368917805196,100.0691035293448,0.99984375,0.9548412538721887,4.1049860488314565,11.477216428034245,11.46536359997449,0.1614270588631945,128,0,0.0859375,0.049713541666666666,0.047901317430652984,0.04041666666666666,0.06890625,0.036223958333333334
lab|edge|open|t=10|S=100|F=0.2|FrontOnlyThroughMask,38400,129740.80746115411,0.9663012057605667,0.9647471376005281,0.9685416666666666,1.1440084366663328,100.0691035293448,0.03140625,0.9548412538721887,0.8041523314283228,2.2484783906256656,2.229564487544743,0.3728911562985654,128,0,0.9999739583333334,0.9662760416666667,0.9647214501511114,0.7100520833333334,0.718203125,0.03369791666666667
lab|edge|open|t=10|S=100|ideal,38400,129740.80746115411,,,0.9677864583333333,0,100.0691035293448,0.0321875,0.9548412538721887,0.8069149205296304,2.2562152378344473,2.304368610252471,0.4286984567545437,128,1,,,,,,
lab|edge|open|t=10|S=250|F=0.05|BareCrystalAllFaces,38400,324352.0186528853,0.8702763236711202,0.8674221564020141,0.9673697916666667,81.40592229451299,250.172758823362,0.032630208333333334,0.9548412538721887,0.7636468293585998,2.1354247546088607,2.1392064444469088,0.3744877927624231,128,0,0.999921875,0.8702083333333334,0.867353653959886,0.8701302083333333,0.999765625,0.12971354166666665
lab|edge|open|t=10|S=250|F=0.05|FrontOnlyThroughMask,38400,324352.0186528853,0.999375,0.999121142786867,0.999921875,0.2860021091665832,250.172758823362,7.8125e-05,0.9548412538721887,0.2352952538204943,0.6587335238084207,0.6531270096483013,0.043191581691080914,128,127,1.0,0.999375,0.999121142786867,0.9991927083333333,0.9998177083333334,0.000625
lab|edge|open|t=10|S=250|F=0.1|BareCrystalAllFaces,38400,324352.0186528853,0.8308503143997704,0.8276690494109465,0.6737760416666667,162.81184458902598,250.172758823362,0.32622395833333334,0.9548412538721887,2.336696604291172,6.5333205830975265,6.50738783129033,0.33983228463931486,128,0,0.9980989583333333,0.8292708333333333,0.8260810619258638,0.8283333333333334,0.996640625,0.168828125
lab|edge|open|t=10|S=250|F=0.1|FrontOnlyThroughMask,38400,324352.0186528853,0.9990885416666667,0.9987917384431636,0.9998958333333333,0.5720042183331664,250.172758823362,0.00010416666666666667,0.9548412538721887,0.23696541524023285,0.6633977104190588,0.6525685520914861,0.06743397996599808,128,126,1.0,0.9990885416666667,0.9987917384431636,0.9988541666666667,0.999765625,0.0009114583333333333
lab|edge|open|t=10|S=250|F=0.2|BareCrystalAllFaces,38400,324352.0186528853,0.7745927446954141,0.7709667080778715,0.05703125,325.62368917805196,250.172758823362,0.94296875,0.9548412538721887,3.963306876575252,11.081092328373854,11.086719440893418,0.19176728402840865,128,0,0.951171875,0.7367708333333334,0.7330481174797872,0.727421875,0.9370052083333333,0.21440104166666665
lab|edge|open|t=10|S=250|F=0.2|FrontOnlyThroughMask,38400,324352.0186528853,0.9991927083333333,0.9989106321382312,0.9999479166666667,1.1440084366663328,250.172758823362,5.208333333333334e-05,0.9548412538721887,0.23511058009288852,0.6582196128995033,0.6536234340739592,0.04069040819063484,128,127,1.0,0.9991927083333333,0.9989106321382312,0.9991145833333334,0.999921875,0.0008072916666666667
lab|edge|open|t=10|S=250|ideal,38400,324352.0186528853,,,0.9999479166666667,0,250.172758823362,5.208333333333334e-05,0.9548412538721887,0.2350841183981922,0.6581450394546892,0.6534658179736315,0.04552889778852308,128,127,,,,,,
lab|edge|open|t=10|S=25|F=0.05|BareCrystalAllFaces,38400,32435.201865288527,0.21951219512195122,0.18625562845548335,0.009140625,81.40592229451299,25.0172758823362,0.9907552083333333,0.9548412538721887,4.1125933472734415,11.498712317422353,11.509870281045163,0.16589116443115806,128,0,0.010677083333333334,0.00234375,0.0019530750168051821,0.0012239583333333334,0.0048177083333333336,0.008333333333333333
lab|edge|open|t=10|S=25|F=0.05|FrontOnlyThroughMask,38400,32435.201865288527,0.49440104166666665,0.49019176948246324,0.461015625,0.2860021091665832,25.0172758823362,0.5359895833333334,0.9548412538721887,3.1488953606308088,8.803347753038906,8.802644969334956,0.31118398331524977,128,0,1.0,0.49440104166666665,0.49019176948246324,0.010755208333333334,0.011666666666666667,0.5055989583333333
lab|edge|open|t=10|S=25|F=0.1|BareCrystalAllFaces,38400,32435.201865288527,0.19369369369369369,0.15107844970277312,0.00015625,162.81184458902598,25.0172758823362,0.99984375,0.9548412538721887,4.102472680491684,11.470421872329377,11.479622302955152,0.1842268322788268,128,0,0.00578125,0.0011197916666666667,0.0008545720341963415,0.000703125,0.00328125,0.004661458333333333
lab|edge|open|t=10|S=25|F=0.1|FrontOnlyThroughMask,38400,32435.201865288527,0.48692708333333334,0.48271940027281435,0.4507291666666667,0.5720042183331664,25.0172758823362,0.5462760416666667,0.9548412538721887,3.1708374113552935,8.864732649810179,8.907633220553532,0.30699200438447494,128,0,1.0,0.48692708333333334,0.48271940027281435,0.009869791666666667,0.010572916666666666,0.5130729166666667
lab|edge|open|t=10|S=25|F=0.2|BareCrystalAllFaces,38400,32435.201865288527,0.10948905109489052,0.0687129290439145,0.0,325.62368917805196,25.0172758823362,1.0,0.9548412538721887,4.083515663938463,11.417362734129634,11.415957124142246,0.1421554622674645,128,0,0.0035677083333333333,0.000390625,0.00024080476280701838,0.0003125,0.0022916666666666667,0.0031770833333333334
lab|edge|open|t=10|S=25|F=0.2|FrontOnlyThroughMask,38400,32435.201865288527,0.4897298742979406,0.4854648579958697,0.45244791666666667,1.1440084366663328,25.0172758823362,0.5449739583333333,0.9548412538721887,3.1738236768328965,8.873061555038193,8.887911023206236,0.36556207086829373,128,0,0.9736979166666667,0.47684895833333335,0.47264490468117615,0.010390625,0.011276041666666667,0.4968489583333333
lab|edge|open|t=10|S=25|ideal,38400,32435.201865288527,,,0.4654947916666667,0,25.0172758823362,0.5319010416666666,0.9548412538721887,3.146401304631694,8.796431286001022,8.806775480797974,0.3555049667590056,128,0,,,,,,
lab|edge|open|t=10|S=500|F=0.05|BareCrystalAllFaces,38400,648704.0373057706,0.9659114583333334,0.9643490088493961,0.9999739583333334,81.40592229451299,500.345517646724,2.604166666666667e-05,0.9548412538721887,0.241371703900165,0.6757826874981508,0.674176890663938,0.018767392502867634,128,128,1.0,0.9659114583333334,0.9643490088493961,0.9659114583333334,1.0,0.034088541666666666
lab|edge|open|t=10|S=500|F=0.05|FrontOnlyThroughMask,38400,648704.0373057706,1.0,0.9999219891817117,1.0,0.2860021091665832,500.345517646724,0.0,0.9548412538721887,0.23135693138019345,0.6477418608151443,0.6472917729482826,0.005596065192523991,128,128,1.0,1.0,0.9999219891817117,1.0,1.0,0.0
lab|edge|open|t=10|S=500|F=0.1|BareCrystalAllFaces,38400,648704.0373057706,0.95421875,0.9524257416955246,0.9985416666666667,162.81184458902598,500.345517646724,0.0014583333333333334,0.9548412538721887,0.2846186974939361,0.7966434590141017,0.7051018759534813,0.14713334386780957,128,114,1.0,0.95421875,0.9524257416955246,0.95421875,1.0,0.04578125
lab|edge|open|t=10|S=500|F=0.1|FrontOnlyThroughMask,38400,648704.0373057706,1.0,0.9999219891817117,1.0,0.5720042183331664,500.345517646724,0.0,0.9548412538721887,0.23155016952164198,0.6482828175413329,0.6481483052985577,0.0054064726907544205,128,128,1.0,1.0,0.9999219891817117,1.0,1.0,0.0
lab|edge|open|t=10|S=500|F=0.2|BareCrystalAllFaces,38400,648704.0373057706,0.9312760416666667,0.9291152890758972,0.8557291666666667,325.62368917805196,500.345517646724,0.14427083333333332,0.9548412538721887,1.5087553256422812,4.218564840991428,4.221724428403267,0.33906950362585975,128,0,1.0,0.9312760416666667,0.9291152890758972,0.9312760416666667,1.0,0.06872395833333333
lab|edge|open|t=10|S=500|F=0.2|FrontOnlyThroughMask,38400,648704.0373057706,1.0,0.9999219891817117,1.0,1.1440084366663328,500.345517646724,0.0,0.9548412538721887,0.23153431819028383,0.6482384784355688,0.6481812402596204,0.006341685184740331,128,128,1.0,1.0,0.9999219891817117,1.0,1.0,0.0
lab|edge|open|t=10|S=500|ideal,38400,648704.0373057706,,,1.0,0,500.345517646724,0.0,0.9548412538721887,0.23141659986414856,0.6479084661294682,0.648525811402864,0.005376718968429849,128,128,,,,,,
lab|edge|open|t=10|S=50|F=0.05|BareCrystalAllFaces,38400,64870.403730577054,0.4980784012298232,0.48177094180387164,0.051067708333333336,81.40592229451299,50.0345517646724,0.9486458333333333,0.9548412538721887,4.043915409928215,11.306584885689963,11.31642677671538,0.18728674193195513,128,0,0.06776041666666667,0.03375,0.03224730251436697,0.021979166666666668,0.04192708333333333,0.03401041666666667
lab|edge|open|t=10|S=50|F=0.05|FrontOnlyThroughMask,38400,64870.403730577054,0.7879166666666667,0.7844563353439068,0.7729947916666666,0.2860021091665832,50.0345517646724,0.22625,0.9548412538721887,2.0537063172310575,5.741639701132761,5.741745376149251,0.3951612020329442,128,0,1.0,0.7879166666666667,0.7844563353439068,0.157578125,0.16203125,0.21208333333333335
lab|edge|open|t=10|S=50|F=0.1|BareCrystalAllFaces,38400,64870.403730577054,0.4528710725893825,0.4255192704588837,0.0017447916666666666,162.81184458902598,50.0345517646724,0.9982552083333334,0.9548412538721887,4.113044009507,11.499889248495824,11.511375380834156,0.1514459497229971,128,0,0.024036458333333333,0.010885416666666667,0.010028908036888775,0.007161458333333333,0.015859375,0.013151041666666667
lab|edge|open|t=10|S=50|F=0.1|FrontOnlyThroughMask,38400,64870.403730577054,0.785703125,0.782229906994064,0.7745572916666666,0.5720042183331664,50.0345517646724,0.22466145833333334,0.9548412538721887,2.054971073202243,5.745159396471388,5.740924130561007,0.33352040683459977,128,0,1.0,0.785703125,0.782229906994064,0.15661458333333333,0.16138020833333333,0.214296875
lab|edge|open|t=10|S=50|F=0.2|BareCrystalAllFaces,38400,64870.403730577054,0.33604336043360433,0.2953305473520073,0.0,325.62368917805196,50.0345517646724,1.0,0.9548412538721887,4.097752937320725,11.457074976478468,11.472245595288062,0.1423570979427365,128,0,0.009609375,0.0032291666666666666,0.002768039960089193,0.002265625,0.006796875,0.006380208333333333
lab|edge|open|t=10|S=50|F=0.2|FrontOnlyThroughMask,38400,64870.403730577054,0.7835563453899227,0.7800645314421728,0.767421875,1.1440084366663328,50.0345517646724,0.23171875,0.9548412538721887,2.0921337064380285,5.849091340725763,5.85408263478358,0.36700217142487,128,0,0.9964583333333333,0.78078125,0.777279908947423,0.14963541666666666,0.15458333333333332,0.21567708333333332
lab|edge|open|t=10|S=50|ideal,38400,64870.403730577054,,,0.7794791666666666,0,50.0345517646724,0.21963541666666667,0.9548412538721887,2.025144664177039,5.661776654049163,5.6625630980855135,0.36268411462824907,128,0,,,,,,
lab|edge|open|t=10|default|F=0.05|BareCrystalAllFaces,38400,1000000,0.9898177083333334,0.988933967397919,1.0,81.40592229451299,771.3001443998769,0.0,0.9548412538721887,0.23732459153429317,0.664457242499872,0.6645147157479963,0.004621962739885396,128,128,1.0,0.9898177083333334,0.988933967397919,0.9898177083333334,1.0,0.010182291666666666
lab|edge|open|t=10|default|F=0.05|FrontOnlyThroughMask,38400,1000000,1.0,0.9999219891817117,1.0,0.2860021091665832,771.3001443998769,0.0,0.9548412538721887,0.23115239519321318,0.647169671973674,0.647475645640146,0.005148993853062543,128,128,1.0,1.0,0.9999219891817117,1.0,1.0,0.0
lab|edge|open|t=10|default|F=0.1|BareCrystalAllFaces,38400,1000000,0.9859375,0.9849084171083117,1.0,162.81184458902598,771.3001443998769,0.0,0.9548412538721887,0.24304930125956284,0.6804904904432889,0.6802945672735456,0.004730962254897812,128,128,1.0,0.9859375,0.9849084171083117,0.9859375,1.0,0.0140625
lab|edge|open|t=10|default|F=0.1|FrontOnlyThroughMask,38400,1000000,1.0,0.9999219891817117,1.0,0.5720042183331664,771.3001443998769,0.0,0.9548412538721887,0.23112605857803253,0.6470959237983527,0.6474649666365899,0.004718353917895219,128,128,1.0,1.0,0.9999219891817117,1.0,1.0,0.0
lab|edge|open|t=10|default|F=0.2|BareCrystalAllFaces,38400,1000000,0.9775,0.9762150768218139,0.999140625,325.62368917805196,771.3001443998769,0.000859375,0.9548412538721887,0.2742586974822888,0.7677362224221717,0.7117526523686044,0.11757158036624775,128,124,1.0,0.9775,0.9762150768218139,0.9775,1.0,0.0225
lab|edge|open|t=10|default|F=0.2|FrontOnlyThroughMask,38400,1000000,1.0,0.9999219891817117,1.0,1.1440084366663328,771.3001443998769,0.0,0.9548412538721887,0.23124006038428452,0.6474151846169528,0.6471506073620154,0.004911182010925445,128,128,1.0,1.0,0.9999219891817117,1.0,1.0,0.0
lab|edge|open|t=10|default|ideal,38400,1000000,,,1.0,0,771.3001443998769,0.0,0.9548412538721887,0.23124360908274802,0.6474251162418969,0.6474266227446338,0.004922417800619511,128,128,,,,,,
lab|edge|open|t=60|S=1000|F=0.05|BareCrystalAllFaces,38400,216234.6791019235,0.9865364583333334,0.9855283096304945,0.9987239583333334,488.43553376707797,1000.691035293448,0.0012760416666666666,0.9548412538721887,0.2842387234998921,0.7956342106144183,0.7187273761141824,0.1307176310461414,128,117,1.0,0.9865364583333334,0.9855283096304945,0.9865364583333334,1.0,0.013463541666666667
lab|edge|open|t=60|S=1000|F=0.05|FrontOnlyThroughMask,38400,216234.6791019235,1.0,0.9999219891817117,1.0,1.716012654999499,1000.691035293448,0.0,0.9548412538721887,0.2310230358292738,0.6468071287051789,0.6466640801374144,0.0051845081634627555,128,128,1.0,1.0,0.9999219891817117,1.0,1.0,0.0
lab|edge|open|t=60|S=1000|F=0.1|BareCrystalAllFaces,38400,216234.6791019235,0.9714583333333333,0.9700209508198805,0.35278645833333333,976.8710675341559,1000.691035293448,0.6472135416666667,0.9548412538721887,3.050523788784575,8.52927067896798,8.562868516016213,0.2607316507928997,128,0,1.0,0.9714583333333333,0.9700209508198805,0.9714583333333333,1.0,0.028541666666666667
lab|edge|open|t=60|S=1000|F=0.1|FrontOnlyThroughMask,38400,216234.6791019235,1.0,0.9999219891817117,1.0,3.432025309998998,1000.691035293448,0.0,0.9548412538721887,0.23131931638790798,0.6476370135943873,0.647154928523687,0.005118746063040812,128,128,1.0,1.0,0.9999219891817117,1.0,1.0,0.0
lab|edge|open|t=60|S=1000|F=0.2|BareCrystalAllFaces,38400,216234.6791019235,0.9355729166666666,0.9334746301134742,0.0,1953.7421350683119,1000.691035293448,1.0,0.9548412538721887,3.8102407253973154,10.65323042548902,10.65152551884204,0.1296557906363586,128,0,1.0,0.9355729166666666,0.9334746301134742,0.9355729166666666,1.0,0.06442708333333333
lab|edge|open|t=60|S=1000|F=0.2|FrontOnlyThroughMask,38400,216234.6791019235,1.0,0.9999219891817117,1.0,6.864050619997996,1000.691035293448,0.0,0.9548412538721887,0.2314649429843179,0.6480448533394867,0.6483700863176391,0.0050781103782932945,128,128,1.0,1.0,0.9999219891817117,1.0,1.0,0.0
lab|edge|open|t=60|S=1000|ideal,38400,216234.6791019235,,,1.0,0,1000.691035293448,0.0,0.9548412538721887,0.23099616430477143,0.6467318365233358,0.6462872528740764,0.004858919822859272,128,128,,,,,,
lab|edge|open|t=60|S=100|F=0.05|BareCrystalAllFaces,38400,21623.46791019235,0.5262401150251618,0.5038338554839812,0.0,488.43553376707797,100.0691035293448,1.0,0.9548412538721887,4.085975042998705,11.424038074833476,11.427470872876311,0.15530795694926028,128,0,0.036223958333333334,0.0190625,0.017928645899839956,0.018307291666666666,0.0346875,0.017161458333333334
lab|edge|open|t=60|S=100|F=0.05|FrontOnlyThroughMask,38400,21623.46791019235,0.9641861797723543,0.9625870163466949,0.96671875,1.716012654999499,100.0691035293448,0.033229166666666664,0.9548412538721887,0.8265576772480412,2.3111241840325136,2.3100991282135004,0.37896398496991673,128,0,0.9998177083333334,0.9640104166666666,0.9624077333521597,0.7043489583333333,0.7142708333333333,0.035807291666666664
lab|edge|open|t=60|S=100|F=0.1|BareCrystalAllFaces,38400,21623.46791019235,0.3804347826086957,0.3486450847049602,0.0,976.8710675341559,100.0691035293448,1.0,0.9548412538721887,4.048017701813608,11.317863102825868,11.324128065488727,0.1354675098149671,128,0,0.016770833333333332,0.006380208333333333,0.005726671566124663,0.004192708333333333,0.011432291666666667,0.010390625
lab|edge|open|t=60|S=100|F=0.1|FrontOnlyThroughMask,38400,21623.46791019235,0.9635993315228745,0.9619858652987845,0.965,3.432025309998998,100.0691035293448,0.03494791666666667,0.9548412538721887,0.8423748795039842,2.3553478437521793,2.3583884365595873,0.39904677170297936,128,0,0.9972916666666667,0.9609895833333333,0.9593253464868986,0.688828125,0.697890625,0.03630208333333333
lab|edge|open|t=60|S=100|F=0.2|BareCrystalAllFaces,38400,21623.46791019235,0.32764505119453924,0.28229224155066346,0.0,1953.7421350683119,100.0691035293448,1.0,0.9548412538721887,4.003620878492636,11.193656121255005,11.174963815132568,0.14267688000429193,128,0,0.0076302083333333335,0.0025,0.0020960216238620254,0.0018229166666666667,0.005364583333333333,0.005130208333333333
lab|edge|open|t=60|S=100|F=0.2|FrontOnlyThroughMask,38400,21623.46791019235,0.9661236030698802,0.9645387256342963,0.9571354166666667,6.864050619997996,100.0691035293448,0.0428125,0.9548412538721887,0.9156980803853247,2.5603109336899257,2.5305487704196725,0.4232249883029665,128,0,0.9670572916666667,0.934296875,0.932179775284464,0.6584895833333333,0.6685416666666667,0.03276041666666667
lab|edge|open|t=60|S=100|ideal,38400,21623.46791019235,,,0.9688541666666667,0,100.0691035293448,0.03109375,0.9548412538721887,0.7966516822232694,2.227517617439937,2.268039147581029,0.36820430062888243,128,0,,,,,,
lab|edge|open|t=60|S=250|F=0.05|BareCrystalAllFaces,38400,54058.66977548088,0.7441049163382647,0.7399926024815437,0.0011458333333333333,488.43553376707797,250.172758823362,0.9988541666666667,0.9548412538721887,4.061709981110073,11.356165572374998,11.366136924687481,0.15278976079584658,128,0,0.8061979166666666,0.5998958333333333,0.5957650161692207,0.5965364583333334,0.80125,0.20630208333333333
lab|edge|open|t=60|S=250|F=0.05|FrontOnlyThroughMask,38400,54058.66977548088,0.9992708333333333,0.9990004242653445,0.9999479166666667,1.716012654999499,250.172758823362,5.208333333333334e-05,0.9548412538721887,0.2347815125444037,0.6573027064147046,0.6542108221130447,0.025743546501838844,128,128,1.0,0.9992708333333333,0.9990004242653445,0.9990625,0.9997916666666666,0.0007291666666666667
lab|edge|open|t=60|S=250|F=0.1|BareCrystalAllFaces,38400,54058.66977548088,0.6857411432935785,0.6798358632400585,0.0,976.8710675341559,250.172758823362,1.0,0.9548412538721887,4.017280923918511,11.231846287230601,11.24013995362081,0.15622094839010672,128,0,0.4432552083333333,0.30395833333333333,0.3000954732202096,0.266875,0.38299479166666667,0.139296875
lab|edge|open|t=60|S=250|F=0.1|FrontOnlyThroughMask,38400,54058.66977548088,0.999140625,0.9988510757897724,0.999921875,3.432025309998998,250.172758823362,7.8125e-05,0.9548412538721887,0.23665894744800098,0.6625483422972083,0.655320620568665,0.05464847926467118,128,127,1.0,0.999140625,0.9988510757897724,0.9989583333333333,0.9998177083333334,0.000859375
lab|edge|open|t=60|S=250|F=0.2|BareCrystalAllFaces,38400,54058.66977548088,0.6195696305318718,0.6080398782848508,0.0,1953.7421350683119,250.172758823362,1.0,0.9548412538721887,3.9754099149361486,11.114723061310272,11.118332235479876,0.1471067285558127,128,0,0.12828125,0.07947916666666667,0.07721928406600112,0.06747395833333333,0.10739583333333333,0.048802083333333336
lab|edge|open|t=60|S=250|F=0.2|FrontOnlyThroughMask,38400,54058.66977548088,0.9992708333333333,0.9990004242653445,0.9998697916666667,6.864050619997996,250.172758823362,0.00013020833333333333,0.9548412538721887,0.2387217965479654,0.6683119359425984,0.6563338308934162,0.06742878287915613,128,126,1.0,0.9992708333333333,0.9990004242653445,0.9990364583333333,0.999765625,0.0007291666666666667
lab|edge|open|t=60|S=250|ideal,38400,54058.66977548088,,,0.9998697916666667,0,250.172758823362,0.00013020833333333333,0.9548412538721887,0.2360930895719992,0.6609637257897922,0.6533495170288863,0.04366010900677835,128,128,,,,,,
lab|edge|open|t=60|S=25|F=0.05|BareCrystalAllFaces,38400,5405.866977548088,0.12941176470588237,0.0742990207096405,0.0,488.43553376707797,25.0172758823362,1.0,0.9548412538721887,4.07039299023316,11.380626244559318,11.377034273232933,0.15693501248848127,128,0,0.0022135416666666666,0.00028645833333333333,0.00016065924609382504,0.00026041666666666666,0.0020572916666666665,0.0019270833333333334
lab|edge|open|t=60|S=25|F=0.05|FrontOnlyThroughMask,38400,5405.866977548088,0.48811275897203665,0.4837253280829548,0.43591145833333333,1.716012654999499,25.0172758823362,0.561484375,0.9548412538721887,3.195602713643669,8.933922847613585,8.959717583492337,0.3081021283906655,128,0,0.9201041666666666,0.4491145833333333,0.44492936805176536,0.00953125,0.010338541666666666,0.47098958333333335
lab|edge|open|t=60|S=25|F=0.1|BareCrystalAllFaces,38400,5405.866977548088,0.06428571428571428,0.03394342449295036,0.0,976.8710675341559,25.0172758823362,1.0,0.9548412538721887,4.039883141921635,11.29526418315952,11.305682045282587,0.1693451013650486,128,0,0.0036458333333333334,0.000234375,0.0001222768124639261,0.00010416666666666667,0.0019010416666666668,0.003411458333333333
lab|edge|open|t=60|S=25|F=0.1|FrontOnlyThroughMask,38400,5405.866977548088,0.5302883684923553,0.5251593424056098,0.4167708333333333,3.432025309998998,25.0172758823362,0.5805208333333334,0.9548412538721887,3.2325241164507803,9.03715519839886,9.024555443115998,0.29858210338161273,128,0,0.6727864583333333,0.3567708333333333,0.35274486142446976,0.008098958333333333,0.009088541666666667,0.316015625
lab|edge|open|t=60|S=25|F=0.2|BareCrystalAllFaces,38400,5405.866977548088,0.14782608695652175,0.0964334011680433,0.0,1953.7421350683119,25.0172758823362,1.0,0.9548412538721887,4.004674194282377,11.196710140013442,11.213132349112918,0.14933037015343306,128,0,0.002994791666666667,0.0004427083333333333,0.00028210597311729144,0.0004166666666666667,0.0020833333333333333,0.0025520833333333333
lab|edge|open|t=60|S=25|F=0.2|FrontOnlyThroughMask,38400,5405.866977548088,0.6197530864197531,0.6115767738878878,0.37700520833333334,6.864050619997996,25.0172758823362,0.6197135416666667,0.9548412538721887,3.309196289083182,9.251428779781572,9.255726878440147,0.32336988810644013,128,0,0.253125,0.156875,0.15382851189728486,0.0078125,0.00890625,0.09625
lab|edge|open|t=60|S=25|ideal,38400,5405.866977548088,,,0.45953125,0,25.0172758823362,0.537578125,0.9548412538721887,3.1640915273893744,8.845872346178457,8.850385125904175,0.34194949494264054,128,0,,,,,,
lab|edge|open|t=60|S=500|F=0.05|BareCrystalAllFaces,38400,108117.33955096175,0.9054947916666667,0.9030035915071737,0.3036979166666667,488.43553376707797,500.345517646724,0.6963020833333333,0.9548412538721887,3.302096484845146,9.232495901817568,9.251090575986415,0.24938359459638837,128,0,1.0,0.9054947916666667,0.9030035915071737,0.9054947916666667,1.0,0.09450520833333333
lab|edge|open|t=60|S=500|F=0.05|FrontOnlyThroughMask,38400,108117.33955096175,1.0,0.9999219891817117,1.0,1.716012654999499,500.345517646724,0.0,0.9548412538721887,0.23160645297015492,0.6484405025348595,0.6484673350806076,0.005691275615163881,128,128,1.0,1.0,0.9999219891817117,1.0,1.0,0.0
lab|edge|open|t=60|S=500|F=0.1|BareCrystalAllFaces,38400,108117.33955096175,0.845185667752443,0.8421160692359643,5.208333333333334e-05,976.8710675341559,500.345517646724,0.9999479166666667,0.9548412538721887,3.9511471208917337,11.047035421897426,11.038675538247942,0.13908978996036458,128,0,0.9993489583333334,0.8446354166666666,0.8415624584784966,0.8443229166666667,0.99875,0.15471354166666668
lab|edge|open|t=60|S=500|F=0.1|FrontOnlyThroughMask,38400,108117.33955096175,1.0,0.9999219891817117,1.0,3.432025309998998,500.345517646724,0.0,0.9548412538721887,0.23205215613486982,0.6496890700455461,0.6500508703766568,0.0052352186428164145,128,128,1.0,1.0,0.9999219891817117,1.0,1.0,0.0
lab|edge|open|t=60|S=500|F=0.2|BareCrystalAllFaces,38400,108117.33955096175,0.7609159876369767,0.7571674398947098,0.0,1953.7421350683119,500.345517646724,1.0,0.9548412538721887,3.918930979613431,10.956867456420301,10.939278555367341,0.14741886410497396,128,0,0.9268229166666667,0.705234375,0.7013828927175513,0.69515625,0.9101041666666667,0.22158854166666667
lab|edge|open|t=60|S=500|F=0.2|FrontOnlyThroughMask,38400,108117.33955096175,1.0,0.9999219891817117,1.0,6.864050619997996,500.345517646724,0.0,0.9548412538721887,0.23175747114853812,0.6488632828617242,0.6493197164436046,0.005450575837477269,128,128,1.0,1.0,0.9999219891817117,1.0,1.0,0.0
lab|edge|open|t=60|S=500|ideal,38400,108117.33955096175,,,1.0,0,500.345517646724,0.0,0.9548412538721887,0.23124161469051183,0.6474186928726302,0.6473112892332911,0.005872928141953967,128,128,,,,,,
lab|edge|open|t=60|S=50|F=0.05|BareCrystalAllFaces,38400,10811.733955096175,0.32323232323232326,0.2683024137804194,0.0,488.43553376707797,50.0345517646724,1.0,0.9548412538721887,4.077379912889675,11.400074103104723,11.39073272862125,0.16066699547630786,128,0,0.00515625,0.0016666666666666668,0.001339621145325473,0.0015104166666666666,0.004713541666666667,0.0034895833333333333
lab|edge|open|t=60|S=50|F=0.05|FrontOnlyThroughMask,38400,10811.733955096175,0.7812863026718766,0.7777634979032902,0.7613541666666667,1.716012654999499,50.0345517646724,0.23796875,0.9548412538721887,2.102269292043904,5.877438490702105,5.89851555677891,0.3709003037963075,128,0,0.9863541666666666,0.770625,0.7670678773442983,0.148828125,0.15408854166666666,0.21572916666666667
lab|edge|open|t=60|S=50|F=0.1|BareCrystalAllFaces,38400,10811.733955096175,0.15873015873015872,0.11662635313243604,0.0,976.8710675341559,50.0345517646724,1.0,0.9548412538721887,4.049660977773557,11.32251235217039,11.31605802033554,0.15940553131186228,128,0,0.004921875,0.00078125,0.0005623974518849258,0.000546875,0.0028385416666666667,0.004140625
lab|edge|open|t=60|S=50|F=0.1|FrontOnlyThroughMask,38400,10811.733955096175,0.802872100008582,0.7993393351056384,0.7546614583333333,3.432025309998998,50.0345517646724,0.244453125,0.9548412538721887,2.114261234140012,5.910938171604682,5.934626412473204,0.35964547766214694,128,0,0.9103385416666666,0.7308854166666666,0.7271368938017733,0.13708333333333333,0.14197916666666666,0.179453125
lab|edge|open|t=60|S=50|F=0.2|BareCrystalAllFaces,38400,10811.733955096175,0.0949367088607595,0.05943411167454338,0.0,1953.7421350683119,50.0345517646724,1.0,0.9548412538721887,3.9981189620839084,11.178321953576225,11.172552053543921,0.1543484353712325,128,0,0.004114583333333333,0.000390625,0.00024080476280701838,0.00020833333333333335,0.0027604166666666667,0.0037239583333333335
lab|edge|open|t=60|S=50|F=0.2|FrontOnlyThroughMask,38400,10811.733955096175,0.8498017251952087,0.8459932344137189,0.7169270833333333,6.864050619997996,50.0345517646724,0.28203125,0.9548412538721887,2.247857369827208,6.284407241606917,6.319990560571628,0.3268270954069733,128,0,0.6370052083333333,0.541328125,0.5371303285679241,0.11466145833333333,0.11932291666666667,0.09567708333333333
lab|edge|open|t=60|S=50|ideal,38400,10811.733955096175,,,0.7819010416666666,0,50.0345517646724,0.21736979166666667,0.9548412538721887,2.02738396928705,5.668037495295166,5.646669089807368,0.36538437489749603,128,0,,,,,,
lab|edge|open|t=60|default|F=0.05|BareCrystalAllFaces,38400,1000000,1.0,0.9999219891817117,1.0,488.43553376707797,4627.800866399261,0.0,0.9548412538721887,0.2374599304751014,0.6648357778292819,0.6650871289067816,0.00375572997580136,128,128,1.0,1.0,0.9999219891817117,1.0,1.0,0.0
lab|edge|open|t=60|default|F=0.05|FrontOnlyThroughMask,38400,1000000,1.0,0.9999219891817117,1.0,1.716012654999499,4627.800866399261,0.0,0.9548412538721887,0.23104363196743008,0.6468637031982899,0.646706209743459,0.00416672654160292,128,128,1.0,1.0,0.9999219891817117,1.0,1.0,0.0
lab|edge|open|t=60|default|F=0.1|BareCrystalAllFaces,38400,1000000,1.0,0.9999219891817117,1.0,976.8710675341559,4627.800866399261,0.0,0.9548412538721887,0.24305605042516848,0.6805106178064705,0.6802922852016098,0.003642242677709773,128,128,1.0,1.0,0.9999219891817117,1.0,1.0,0.0
lab|edge|open|t=60|default|F=0.1|FrontOnlyThroughMask,38400,1000000,1.0,0.9999219891817117,1.0,3.432025309998998,4627.800866399261,0.0,0.9548412538721887,0.23110709821802325,0.6470414714597704,0.646890468284887,0.004310332521996404,128,128,1.0,1.0,0.9999219891817117,1.0,1.0,0.0
lab|edge|open|t=60|default|F=0.2|BareCrystalAllFaces,38400,1000000,1.0,0.9999219891817117,1.0,1953.7421350683119,4627.800866399261,0.0,0.9548412538721887,0.25189655659223353,0.7052732463793147,0.7050564778950934,0.003123998560304038,128,128,1.0,1.0,0.9999219891817117,1.0,1.0,0.0
lab|edge|open|t=60|default|F=0.2|FrontOnlyThroughMask,38400,1000000,1.0,0.9999219891817117,1.0,6.864050619997996,4627.800866399261,0.0,0.9548412538721887,0.2311331081197247,0.6471143215594088,0.6469385084339839,0.004081001198620675,128,128,1.0,1.0,0.9999219891817117,1.0,1.0,0.0
lab|edge|open|t=60|default|ideal,38400,1000000,,,1.0,0,4627.800866399261,0.0,0.9548412538721887,0.2310465483083528,0.64687187254897,0.6464651343767681,0.004221234311953178,128,128,,,,,,
